Country Name,Country Code,Series Name,Series Code,2000 [YR2000],2001 [YR2001],2002 [YR2002],2003 [YR2003],2004 [YR2004],2005 [YR2005],2006 [YR2006],2007 [YR2007],2008 [YR2008],2009 [YR2009],2010 [YR2010],2011 [YR2011],2012 [YR2012],2013 [YR2013],2014 [YR2014],2015 [YR2015],2016 [YR2016],2017 [YR2017],2018 [YR2018],2019 [YR2019],2020 [YR2020],2021 [YR2021],2022 [YR2022],2023 [YR2023]
Afghanistan,AFG,"GDP per capita, PPP (current international $)",NY.GDP.PCAP.PP.CD,813.550255989624,747.688045492413,926.507941011646,966.962032055781,971.633503046666,1076.08735260871,1121.83447077749,1286.94984312675,1333.74726661897,1570.69814517949,1765.53802830615,1744.06062321558,1988.42930381554,2133.24127098647,2224.49074815215,2284.07584789349,2213.1814410479,2335.79586234454,2432.27670083336,2583.48533239877,2561.98176058622,2144.16657002819,2122.99581512663,2201.72290691677
Afghanistan,AFG,"School enrollment, secondary (% gross)",SE.SEC.ENRR,..,14.0404100418091,..,13.959529876709,19.2143802642822,20.2735099792481,29.523889541626,28.8154907226562,38.930850982666,44.2999496459961,50.4406204223633,52.4474296569824,54.372859954834,54.8833694458008,54.2936515808105,53.1501083374023,53.4350395202637,55.5364303588867,57.3578491210938,..,..,..,..,59.6136016845703
Albania,ALB,"GDP per capita, PPP (current international $)",NY.GDP.PCAP.PP.CD,3977.77186916171,4450.51418504094,4840.33200843758,5169.18875806327,5594.79162347874,6014.31696992585,6752.90148641683,7584.68922249536,8469.24537549543,9030.60955535693,9754.84278665039,10273.4199783271,10608.8448172721,10882.026128835,11787.8549638025,12386.592266883,13055.8417473139,14110.683242211,15055.2807998752,16442.1259393239,16287.6097663649,18212.8702466686,22138.4182857345,24822.3543089995
Albania,ALB,"School enrollment, secondary (% gross)",SE.SEC.ENRR,70.3186492919922,72.4845733642578,74.5389175415039,77.751823425293,78.9801864624023,82.9714279174805,84.3257675170898,86.2188568115234,87.8338394165039,89.3157196044922,93.6818237304688,95.4705276489258,97.6086120605469,102.903209514161,103.321377531566,102.440729325166,99.170755047578,97.5743697537481,98.822387862215,99.01515356567,95.9294474518951,97.665033031442,97.3224714726407,96.1368771236947
Algeria,DZA,"GDP per capita, PPP (current international $)",NY.GDP.PCAP.PP.CD,9186.81590342899,9543.52035384959,10080.182500398,10802.7506703127,11431.6856715426,12246.2692243613,12791.3412605973,13320.964120903,13666.2181960534,13651.4472995041,14201.3659906969,14639.8779436268,14441.3293398806,14370.820661674,14694.143827383,13807.3515841478,13437.8460232169,13493.560749484,13727.1266357859,13892.5333446205,12676.5130564294,14496.8654697299,15836.0944370321,16824.4879034627
Algeria,DZA,"School enrollment, secondary (% gross)",SE.SEC.ENRR,64.5954208374023,68.763298034668,72.5830688476562,75.4358673095703,79.6298599243164,81.8563690185547,83.4811935424805,73.517822265625,80.2311401367188,96.3929595947266,100.739776611328,103.184272766113,..,..,..,..,..,..,..,..,..,..,104.550270080566,101.264892578125
American Samoa,ASM,"GDP per capita, PPP (current international $)",NY.GDP.PCAP.PP.CD,..,..,..,..,..,..,..,..,..,..,..,..,..,..,..,..,..,..,..,..,..,..,..,..
American Samoa,ASM,"School enrollment, secondary (% gross)",SE.SEC.ENRR,..,..,..,..,..,..,..,..,..,..,..,..,..,..,..,..,..,..,..,..,..,..,..,..
Andorra,AND,"GDP per capita, PPP (current international $)",NY.GDP.PCAP.PP.CD,33458.1181625074,36895.4402454079,38787.0522534918,41147.8806955474,42717.2377735456,44577.8193343081,46852.6583902384,47501.4309292019,44838.9949992176,42522.9945639501,43853.1712385354,46436.1158596161,45503.0444832658,45609.2307224247,48505.6017361608,50733.2390011704,53110.1426263211,53084.8639640903,55244.6554088177,57475.0692842215,52095.8414004627,59332.2029100127,68470.0759483848,71730.668682165
Andorra,AND,"School enrollment, secondary (% gross)",SE.SEC.ENRR,..,..,82.2911224365234,82.7032623291016,79.4815368652344,85.7897186279297,85.0033187866211,82.4481887817383,82.1809616088867,82.6435775756836,85.1478881835938,85.8587875366211,86.870361328125,86.4044036865234,88.978157043457,91.2962188720703,94.6524124145508,95.1090393066406,95.9804306030273,96.2081298828125,97.1500396728516,98.0404205322266,98.5098724365234,99.5086517333984
Angola,AGO,"GDP per capita, PPP (current international $)",NY.GDP.PCAP.PP.CD,3689.53780847244,3801.63313374818,4241.2915015658,4322.19773214742,4770.68802563462,5415.61212018099,6017.8181625251,6727.96328856831,7315.60233056666,7227.56364237588,7411.65460883624,7537.59656403345,8246.36081151609,8504.09532072053,9017.69018162269,8067.48584683018,7766.83787525546,8006.83661497696,8278.36886170469,8572.87895610671,7827.42804325818,8862.28133314521,9588.24129511188,9753.60046763783
Angola,AGO,"School enrollment, secondary (% gross)",SE.SEC.ENRR,13.3690700531006,15.0013399124146,16.1495990753174,..,..,..,..,..,22.7990207672119,24.3320198059082,28.2108038778932,29.6869517832747,..,..,..,..,54.4167987304753,..,..,..,..,53.1351542727131,..,51.4839046246776
Antigua and Barbuda,ATG,"GDP per capita, PPP (current international $)",NY.GDP.PCAP.PP.CD,19318.8965779721,18568.679914651,18812.7827770729,20127.345572169,21628.6836541675,23484.8001051691,26949.4085821346,29850.5675734636,29978.2095861092,26156.9151715965,24071.0297956482,23804.0790107696,23011.7386611366,21760.5232864254,21671.4737856616,20985.4388292177,21320.4375067809,21422.0021576627,24524.2137953887,26550.589844733,22370.0918693813,25745.4958067746,29933.8893698902,31601.7527146877
Antigua and Barbuda,ATG,"School enrollment, secondary (% gross)",SE.SEC.ENRR,80.2067489624023,..,..,..,..,..,..,112.227951049805,122.261581420898,118.682388305664,115.466743469238,116.185371398926,117.228363037109,..,115.270439147949,117.55770111084,..,117.209930419922,121.685249328613,..,..,..,107.799908772997,108.880778588808
Argentina,ARG,"GDP per capita, PPP (current international $)",NY.GDP.PCAP.PP.CD,11499.9828002518,11117.754923787,9953.46492880857,10933.3925491594,12117.6797423098,13464.8128470561,14843.5778659642,16455.1129801674,17276.7570886806,16182.0753477677,17847.6110373178,19104.9909405228,19430.4178068112,19928.989490167,19487.4181748868,19899.1499275245,20105.761359796,23385.0740904917,24410.3919063335,23516.8261980886,22393.3479575353,26300.274261175,29808.8073468007,30221.4976888753
Argentina,ARG,"School enrollment, secondary (% gross)",SE.SEC.ENRR,96.2141189575195,97.6240463256836,96.9965667724609,96.0464477539062,95.4575576782227,93.6376724243164,92.4075775146484,92.1874084472656,93.183219909668,96.4056777954102,99.0709991455078,100.884559631348,102.709991455078,104.540863037109,106.038902282715,107.504867553711,109.598327636719,110.377799987793,109.671241760254,110.460151672363,112.376731872559,115.735778808594,114.14811706543,105.574584297051
Armenia,ARM,"GDP per capita, PPP (current international $)",NY.GDP.PCAP.PP.CD,2530.74394657194,2844.36266367009,3282.11706337369,3836.22556768673,4377.22759682551,5172.2189210295,6072.75924479855,7136.75405519953,7827.31666746494,6811.69247959581,7095.21267979009,7624.26772626905,8942.63537897164,9454.87852836557,9736.2349746279,9756.84084836026,10570.2720413936,12066.0043093819,12877.4937543553,14975.7539538157,14706.3173043422,15921.705281964,19161.3700514189,21534.030536117
Armenia,ARM,"School enrollment, secondary (% gross)",SE.SEC.ENRR,86.0512008666992,86.7833099365234,..,..,88.6511611938477,92.0563430786133,95.2676467895508,96.8182601928711,96.5329437255859,102.957763671875,107.732391357422,94.8774032592773,..,86.8721923828125,86.5204010009766,86.442138671875,..,..,83.0249410833595,86.8260633029699,88.5080298201293,91.4853735120921,91.7106609922965,89.4111027634947
Aruba,ABW,"GDP per capita, PPP (current international $)",NY.GDP.PCAP.PP.CD,30245.7069739274,31920.2390732318,31888.5087369598,32507.0843148328,35059.2730975712,35098.7976691425,35937.594655647,37768.5660142352,38904.9992484644,34339.9391559529,33729.5119105028,35324.0720643325,34095.6471714416,35901.6459605583,35657.287197053,35972.8596619304,36117.5352619835,37524.9149203557,39287.0597126122,38543.9072936041,28854.5972997864,35104.7868035374,41758.8957566544,46574.3574197653
Aruba,ABW,"School enrollment, secondary (% gross)",SE.SEC.ENRR,91.5802001953125,97.5565338134766,100.163063049316,101.929069519043,100.940940856934,99.2053527832031,99.8657531738281,106.236473083496,97.0627517700195,97.9976272583008,98.2207412719727,96.633918762207,108.976188659668,..,..,..,..,..,137.829788208008,139.320587158203,135.124725341797,123.625907897949,131.802169799805,..
Australia,AUS,"GDP per capita, PPP (current international $)",NY.GDP.PCAP.PP.CD,26584.8191965725,27687.7587444103,29080.0439286946,30167.241365541,31814.504982852,33089.7023501837,34890.2248136693,36708.1660067256,37616.0112400482,40434.4890899118,39504.361082784,42152.816179831,43007.2697824131,46123.4750962848,47108.5906459966,46464.5867627929,47446.2103030951,48564.8286592372,50371.233830782,52885.8313816377,54184.1614486854,58327.4146842325,66103.1797066957,72272.7092136683
Australia,AUS,"School enrollment, secondary (% gross)",SE.SEC.ENRR,..,..,..,..,..,..,..,..,..,..,..,..,..,..,..,159.110763549805,155.594390869141,153.576126098633,136.105545043945,144.056564331055,137.490737915039,135.526565551758,133.277267456055,134.099243164062
Austria,AUT,"GDP per capita, PPP (current international $)",NY.GDP.PCAP.PP.CD,29220.9853040358,29553.2333509767,30952.1708232398,31958.8592412083,33518.5160023521,34776.6699535218,37388.0795380765,39192.372452379,41046.7900352112,40686.6736355681,41735.4574798744,44171.5618687028,46156.4832073037,47519.8522796571,48355.4977624407,49549.3162311441,52397.8635176674,53869.8321183556,56636.4953030542,60354.9279422121,58523.0337816246,62968.9422311892,72065.4974270106,73544.6567230487
Austria,AUT,"School enrollment, secondary (% gross)",SE.SEC.ENRR,..,98.8608627319336,98.9512710571289,99.3974533081055,99.2856369018555,100.199432373047,100.416679382324,100.102569580078,100.126129150391,100.594093322754,100.263969421387,99.6729583740234,100.108726501465,101.173210144043,101.304809570312,101.411582946777,100.227989196777,100.337898254395,100.692596435547,101.543632507324,101.690559387207,102.307662963867,101.458000183105,100.504371643066
Azerbaijan,AZE,"GDP per capita, PPP (current international $)",NY.GDP.PCAP.PP.CD,3439.14442872326,3834.89815906415,4230.40590214072,4718.42112339403,5247.53834365156,6854.93618778844,9398.01324794263,11973.9596323536,13216.8434974432,14245.503536619,14930.4099928423,14804.5744507911,15994.1466501837,17267.5118919538,17563.6122454385,15075.2726347911,14535.8020210633,14315.9296431061,15282.9995232298,16675.3179361558,15163.5703327282,20111.3756952109,22552.0886560523,23651.5994852756
Azerbaijan,AZE,"School enrollment, secondary (% gross)",SE.SEC.ENRR,..,..,..,..,..,..,..,..,..,..,83.0853181521079,82.9176205382172,82.762274922741,83.1376553563209,83.4386600193183,84.8098586425184,86.5856935803605,89.2625164667822,108.488781124,107.863960509557,91.365513501165,91.4106367606057,90.9530364179442,92.7402972401367
"Bahamas, The",BHS,"GDP per capita, PPP (current international $)",NY.GDP.PCAP.PP.CD,25421.6229400308,26351.0760257803,27171.3084133541,27030.8969356877,27659.5379539899,29142.9002176758,30401.5076891956,31232.1313724409,30678.6265531484,29196.6178474292,29624.975385096,30073.6769305961,31035.5500568874,30294.4768305201,31726.1740873862,32137.5784729905,32285.2760366069,34282.1710357791,35227.7619063243,36116.0002025353,27204.625909518,31064.6822166194,36791.4010460964,39090.1214737976
"Bahamas, The",BHS,"School enrollment, secondary (% gross)",SE.SEC.ENRR,..,..,93.4659576416016,..,85.4551467895508,86.3187637329102,86.5019989013672,89.3580932617188,89.3178863525391,89.0210571289062,91.0886370856719,89.2416368950958,92.1807628524046,84.6595407759303,91.6218404766036,76.0440338812974,85.0686327399149,92.6182585115999,80.8808929269834,78.566734376867,..,72.6381880061026,..,87.1455240465819
Bahrain,BHR,"GDP per capita, PPP (current international $)",NY.GDP.PCAP.PP.CD,45687.5217405647,46161.5758464288,45091.4894218656,45426.9345932944,46317.0284804025,47268.2721612188,48009.4917421504,49347.494619615,50330.3248622522,48625.6569231596,49254.5770084238,52677.4511190668,56712.5692656153,56310.3117458189,54299.0564613228,48034.2468880503,47428.9018907649,50184.5005767301,51993.1307818652,56599.5214364411,53436.0316999712,54954.6757895532,61677.6538492695,64171.0857359052
Bahrain,BHR,"School enrollment, secondary (% gross)",SE.SEC.ENRR,91.4384078979492,92.7467269897461,85.6890182495117,81.412971496582,80.4924011230469,81.2799224853516,83.5526885986328,..,89.0208892822266,90.1288833618164,90.1969414818577,93.2938990893653,98.4732914840696,107.610472634995,104.203846916518,100.303914816394,100.583649344321,100.923412884105,100.701887411111,102.128281941881,..,..,103.393222951005,104.392938701638
Bangladesh,BGD,"GDP per capita, PPP (current international $)",NY.GDP.PCAP.PP.CD,1511.90500588844,1597.58740614435,1658.80230934569,1746.12725782298,1861.51256285455,2019.73839563431,2195.29485460994,2388.10025160357,2554.85788238719,2675.25945926785,2833.69544368864,3051.26983271811,3434.27815090447,3691.10431102117,3972.50647733491,4212.23578089428,4579.13228682862,4882.60692615639,5490.15881865179,6047.12401504125,6640.58437331062,7441.06913961254,8450.54902533941,9147.7775066555
Bangladesh,BGD,"School enrollment, secondary (% gross)",SE.SEC.ENRR,46.7210006713867,48.4609718322754,49.6199493408203,49.5259017944336,46.3084297180176,45.1695098876953,45.7007904052734,46.4658813476562,44.5729598999023,48.1255798339844,49.5031106793162,49.7515496494472,51.6718482971191,55.6214332189314,..,59.4217414855957,64.1664546117285,62.3408639225315,65.2714888764112,65.1185413488915,66.4329548486639,66.8282318620991,67.0384586440383,65.9856598598849
Barbados,BRB,"GDP per capita, PPP (current international $)",NY.GDP.PCAP.PP.CD,15914.0847570681,15865.5863558585,16133.0792881949,16706.5324853774,17298.8922582212,18449.8108853234,20076.4851303968,20949.3649138456,21375.9007659025,20323.6367022712,20032.5818570838,20316.2925356846,19605.0169248071,19032.4654071373,18594.9001828335,19185.5186407924,19175.570190422,18436.8050803186,19777.0593234662,19971.1185698717,16555.3622145235,17682.7314537483,22193.2487125789,23660.4047512929
Barbados,BRB,"School enrollment, secondary (% gross)",SE.SEC.ENRR,107.564750671387,108.259826660156,107.798782348633,107.189636230469,108.061492919922,108.776031494141,107.878128051758,109.740669250488,110.919006347656,110.282241821289,107.682540893555,107.300071716309,..,..,108.186309814453,108.196029663086,108.310737609863,109.804237365723,108.216751098633,106.086326599121,104.318992614746,103.569473266602,104.222328186035,102.513702392578
Belarus,BLR,"GDP per capita, PPP (current international $)",NY.GDP.PCAP.PP.CD,5795.65223573862,6238.09862372757,6697.15436193606,7361.72161071026,8482.92020698503,9636.89112385763,10994.5981291041,12320.0240264282,13886.1314072566,14034.1911204499,15339.0999035972,16563.2014078209,18114.7508606708,19014.0529737698,19037.8847440186,18133.5313085883,17832.4778855815,18413.747563367,20025.9815543598,22301.5932411839,24872.3066744528,27611.1801135157,28429.4948821827,30834.1773668111
Belarus,BLR,"School enrollment, secondary (% gross)",SE.SEC.ENRR,..,..,..,..,..,..,..,..,115.713592529297,113.701538085938,111.028998547015,108.98986744867,107.657786407767,104.523124130077,103.510351178762,102.895731001158,102.969005936733,102.480850468241,101.596010989492,100.438744155791,100.575710351095,100.42063921059,99.0602032881737,97.4265999006565
Belgium,BEL,"GDP per capita, PPP (current international $)",NY.GDP.PCAP.PP.CD,27794.0511630862,28793.5142643594,30282.2886450283,30930.6283334744,32059.6878637798,33177.8909458158,35251.4450697593,36798.1918857259,37883.3319417819,37905.658312629,39839.9772772918,41244.8495035213,42483.5250666788,43864.1204196838,45147.6429534057,46071.914889496,48414.5518065681,50256.0631772784,52466.7330784599,56712.469571978,56120.0958420466,60669.2137746531,69128.1388883843,71946.1447190292
Belgium,BEL,"School enrollment, secondary (% gross)",SE.SEC.ENRR,..,155.946166992188,157.648773193359,158.87922668457,151.638092041016,157.343399047852,158.685104370117,159.439895629883,160.468811035156,159.661544799805,160.66047668457,159.349304199219,160.110534667969,161.845886230469,162.421981811523,164.079818725586,160.689270019531,158.670288085938,156.509765625,156.635375976562,151.727508544922,143.163513183594,142.918075561523,142.960266113281
Belize,BLZ,"GDP per capita, PPP (current international $)",NY.GDP.PCAP.PP.CD,7543.73447178525,7851.62162856677,8153.66392623285,8849.64628939549,9244.91166156485,9466.1427445401,9909.68014440777,10225.986730898,9975.08124355363,9727.98868509362,9747.8256219459,9721.88084559988,9303.37857455225,9525.83089030578,9489.91221371385,9538.38691146009,9399.03567052789,9120.65338346029,9497.23480443418,10499.962073199,9638.89513695889,11716.3267818656,13461.2098451613,13729.892058721
Belize,BLZ,"School enrollment, secondary (% gross)",SE.SEC.ENRR,67.7030181884766,69.2901992797852,..,75.2354507446289,76.6425094604492,75.2656326293945,76.0926818847656,75.4892196655273,75.4095230102539,75.1112899780273,75.6223037349759,76.1272789038614,78.8095397154118,80.6694303700292,80.3583033664053,81.2936199454549,87.7313726328389,86.323893201399,86.2833561409511,87.4526596660355,86.1886596150512,88.8215546932903,87.4381668552162,83.619553808705
Benin,BEN,"GDP per capita, PPP (current international $)",NY.GDP.PCAP.PP.CD,1671.35725172854,1745.98256227696,1799.88269639499,1841.60297283874,1915.34644346381,1945.56414052296,2020.60567734722,2135.53787873721,2215.35163859542,2213.32895620809,2220.32854611489,2264.84186926384,2346.08416204547,2511.65309588333,2670.41561399187,2725.33724817144,2842.0246258376,2885.89383987721,2965.30628143664,3148.97969597838,3244.58772756805,3464.2886286745,3844.15415745816,4129.9661200142
Benin,BEN,"School enrollment, secondary (% gross)",SE.SEC.ENRR,20.0005397796631,21.7104396820068,23.5846691131592,24.9001197814941,26.7041492462158,..,..,..,..,..,..,45.7294692993164,..,52.0378494262695,52.5952682495117,55.1333084106445,55.2945899963379,..,..,..,43.9858703613281,44.2737998962402,43.5606498718262,..
Bermuda,BMU,"GDP per capita, PPP (current international $)",NY.GDP.PCAP.PP.CD,54176.377748356,59092.8759704678,58862.6907986795,61829.3240116897,64790.2739198061,67771.4683756141,73590.1160702265,77894.0646213844,77556.4350038925,73336.9875151545,72188.6928304585,70911.542318725,69149.0500342682,71519.6398526584,71988.5383627822,75943.4642970922,80412.1834895484,85680.9701917217,85978.2177227009,90984.4576708318,85146.4006275696,92319.6714861219,105142.409967183,114372.049927372
Bermuda,BMU,"School enrollment, secondary (% gross)",SE.SEC.ENRR,..,85.5536804199219,84.8986434936523,85.6302795410156,87.598030090332,86.630241394043,82.0112533569336,..,..,..,89.5964279174805,88.0554428100586,86.2392807006836,85.0652008056641,85.4845428466797,86.8070526123047,..,..,..,..,..,..,..,74.3967514038086
Bhutan,BTN,"GDP per capita, PPP (current international $)",NY.GDP.PCAP.PP.CD,3113.045439264,3338.49246893448,3662.80907177599,3942.28144580049,4172.78217119849,4523.35970644529,4860.27017151102,5728.91569471022,6035.21741147854,6466.0974491583,7245.77263522404,7935.46760973088,8577.40731901004,8666.91063590069,9323.39448941386,10213.8139608922,11273.2823807676,11677.4142659974,11969.5615003305,12909.1009840399,12475.048003428,13458.812666743,15063.8105763072,16215.1520073153
Bhutan,BTN,"School enrollment, secondary (% gross)",SE.SEC.ENRR,30.5185794830322,33.8684310913086,..,..,..,43.8849105834961,46.4304084777832,50.2249412536621,53.5040893554688,58.5537414550781,62.9354400634766,66.9861221313477,72.1302185058594,76.680793762207,84.1404190063477,85.2313079833984,85.6766128540039,86.5600433349609,87.5722870683987,90.6185575459377,89.7711428873908,92.5248380307052,89.9829129407455,86.8564415582911
Bolivia,BOL,"GDP per capita, PPP (current international $)",NY.GDP.PCAP.PP.CD,4113.04245150496,4204.93622748505,4303.83514661302,4432.92085269619,4662.97077714293,4937.86997682486,5244.16021230209,5536.56815653658,5889.94339081976,6024.05947397942,6245.33863197671,6597.96217604867,7183.82602452107,8068.72017230776,8628.94266128598,8757.31777115406,9242.02728323599,10420.3923250933,10758.4075594003,11005.3541169156,9580.98962081658,11202.4409836707,12306.7293128695,12892.1249578777
Bolivia,BOL,"School enrollment, secondary (% gross)",SE.SEC.ENRR,72.7576370239258,75.7862701416016,80.6306991577148,83.4697265625,86.3809967041016,87.4255523681641,86.5906295776367,86.0495986938477,85.3683776855469,83.7523803710938,87.7601876397411,85.300407946135,87.0108512162742,88.7650557098116,89.4564819756877,90.6139031958796,90.6152852803158,89.4000212849504,88.7218999579042,88.8235046622532,88.8672369779995,90.4144137410078,90.3729338176816,91.3676827044767
Bosnia and Herzegovina,BIH,"GDP per capita, PPP (current international $)",NY.GDP.PCAP.PP.CD,4147.92009953318,4306.65243238352,4664.66989005718,4917.24213532278,5407.42779562896,5955.82944980971,6869.02619326211,7686.12870574572,8586.76034539604,8698.13506849581,9085.74294205836,9761.47624447272,10121.1905288877,10808.2715682853,11167.8379494776,11845.4522958172,12899.3962262974,13627.0944831749,14858.5590469909,16428.8136580107,16369.9353197836,18286.7373324233,21651.2952374862,23376.2227477141
Bosnia and Herzegovina,BIH,"School enrollment, secondary (% gross)",SE.SEC.ENRR,..,..,..,..,..,..,..,80.9894485473633,85.227912902832,87.0009307861328,85.5183715820312,87.7279968261719,90.7853088378906,92.2983932495117,90.2868576049805,85.716178894043,83.1699523925781,83.668083190918,85.6409912109375,85.5401306152344,85.5591125488281,85.6761474609375,87.0373992919922,87.8663787841797
Botswana,BWA,"GDP per capita, PPP (current international $)",NY.GDP.PCAP.PP.CD,9380.37607253972,9419.79390743785,9957.74055935149,10438.7580333449,10818.1586503167,11458.2270967968,12562.9649932723,13388.7379138475,13810.355526136,11686.1846639657,12753.3066340117,13635.4267666146,12736.5833891004,13621.1494726695,15003.3197518349,14143.6940733728,16228.1231235664,15700.6650479641,15785.819633781,15960.0156143903,15292.2624673252,17960.6254447437,19976.8343794474,21012.10319925
Botswana,BWA,"School enrollment, secondary (% gross)",SE.SEC.ENRR,76.1968231201172,75.3002014160156,75.8795700073242,76.5648727416992,78.3988189697266,79.5636215209961,81.6948394775391,82.4867095947266,77.806510925293,..,..,..,..,..,..,..,..,..,..,..,..,70.6292572021484,..,..
Brazil,BRA,"GDP per capita, PPP (current international $)",NY.GDP.PCAP.PP.CD,9091.76851349271,9303.64529208666,9616.59485486268,9801.9621245505,10525.7113782454,11081.2474735736,11750.5312437668,12672.5051158078,13445.2454698442,13390.6831313285,14451.7158388109,15211.7920390047,15198.086330971,15722.3335243701,15827.3081625749,14821.4383175183,14309.2061488342,14559.0488897884,15463.7426393743,16069.838015161,16101.6183062954,18075.7060048757,19876.8533531396,21175.6186988214
Brazil,BRA,"School enrollment, secondary (% gross)",SE.SEC.ENRR,..,..,..,..,..,..,..,..,..,..,..,..,94.5829467773438,104.086219787598,102.780311584473,101.086227416992,102.692901611328,102.989486694336,104.818481445312,103.667556762695,103.882659912109,106.298461914062,105.702369689941,..
British Virgin Islands,VGB,"GDP per capita, PPP (current international $)",NY.GDP.PCAP.PP.CD,..,..,..,..,..,..,..,..,..,..,..,..,..,..,..,..,..,..,..,..,..,..,..,..
British Virgin Islands,VGB,"School enrollment, secondary (% gross)",SE.SEC.ENRR,96.0634918212891,95.9459533691406,93.7610397338867,94.2840576171875,97.431510925293,106.810440063477,110.118041992188,107.31844329834,..,104.85961151123,105.89769744873,98.2626469085335,97.9949874686717,96.7221135029354,96.8795709410044,99.2168379833578,98.6420950533463,88.7795275590551,65.9177456207159,71.8634001484781,73.9501779359431,75.2016129032258,72.2840270996094,70.4463994786575
Brunei Darussalam,BRN,"GDP per capita, PPP (current international $)",NY.GDP.PCAP.PP.CD,73086.9318257521,74253.881783985,76838.1757652928,79632.1722336263,80403.7579093987,81534.17153993,86114.3370627638,83693.3213747729,80476.7247575811,77957.1442764098,79542.677943168,82735.3914480561,87256.0422369454,83237.1470879654,81225.5485449793,62707.8264437741,56679.5185221407,61657.6802725444,65148.8264035521,69353.6799514849,69787.9632795717,78248.797127611,81801.7459224403,85032.6008741995
Brunei Darussalam,BRN,"School enrollment, secondary (% gross)",SE.SEC.ENRR,82.8583526611328,84.982307434082,86.768928527832,87.8041305541992,90.8928298950195,93.6873092651367,97.5592575073242,98.3408584594727,98.7723617553711,100.720039367676,101.011688232422,102.111122131348,105.229759216309,102.392692565918,96.2848663330078,92.8161697387695,90.0986175537109,88.6814727783203,89.1818084716797,88.2910308837891,86.6857810342997,..,..,91.8381544399811
Bulgaria,BGR,"GDP per capita, PPP (current international $)",NY.GDP.PCAP.PP.CD,6424.14537295881,6960.28610141959,7786.40436399963,8416.40773414609,9200.48242563727,10291.428291498,11405.5885694601,12821.840411182,14346.8484556532,14188.1048821302,14954.2543206827,15747.3476582908,16327.3382758143,16893.7689556096,17990.7621498811,18896.102861651,20745.8472094399,22317.2548948063,23997.6876896184,26765.7192049867,27351.8607448601,30959.1118459807,36320.1422295192,38829.1913208102
Bulgaria,BGR,"School enrollment, secondary (% gross)",SE.SEC.ENRR,..,80.9440765380859,83.9819869995117,88.118782043457,90.5342712402344,91.3667678833008,92.4120101928711,93.1541595458984,92.3840713500977,92.5213775634766,94.1819229125977,96.4361267089844,95.3903503417969,100.78581237793,104.942199707031,103.889343261719,103.003921508789,103.46102142334,104.043922424316,102.656936645508,101.354942321777,98.7087631225586,96.6720733642578,95.6239624023438
Burkina Faso,BFA,"GDP per capita, PPP (current international $)",NY.GDP.PCAP.PP.CD,896.477481510815,947.919374676953,973.983933383218,1037.83799374653,1079.00009142751,1171.76432319587,1244.00243844319,1290.49951017424,1351.36041569133,1359.69224907302,1449.42216382921,1531.34338243982,1571.83884477315,1642.89213125776,1661.31773793757,1691.57935387408,1881.75893134407,2042.40295259917,2073.3235382155,2232.16282016585,2380.72282781802,2486.43093147762,2645.24067996611,2759.30205484605
Burkina Faso,BFA,"School enrollment, secondary (% gross)",SE.SEC.ENRR,9.85589981079102,10.0396404266357,..,11.2848196029663,12.3676996231079,13.3723297119141,14.1544599533081,15.2793703079224,17.9947395324707,19.4353504180908,21.1780201888507,23.1764371916742,25.2399681000378,27.6008880705968,29.5668744354491,32.8931343608996,34.9336280775566,37.1627510802261,39.6278467471779,40.0770460332282,39.2540084845692,38.1480312365517,33.6212866168282,30.8551216331757
Burundi,BDI,"GDP per capita, PPP (current international $)",NY.GDP.PCAP.PP.CD,519.237306665577,528.435573413436,544.922790017055,531.812612194556,551.562209243605,553.047973759863,579.707804423789,593.560734529723,609.042906461819,604.588154080249,613.695880049889,628.665448296178,637.247080191101,687.370968311715,724.371954183273,722.032898379933,764.282221636916,791.393494929898,823.013102241659,868.423731660834,958.135599490084,1035.53857384938,1104.77718764878,1149.98405842389
Burundi,BDI,"School enrollment, secondary (% gross)",SE.SEC.ENRR,..,9.41998958587646,9.92739963531494,10.2563495635986,11.8093099594116,12.9770698547363,14.3381099700928,15.3361196517944,..,20.8934001922607,23.7647094726562,26.7943801879883,29.5732898712158,34.2124507321275,40.2641258748146,43.9351929825496,47.4715342848197,48.2243487332289,46.330394174756,41.8352417514484,44.9151717353101,..,..,..
Cabo Verde,CPV,"GDP per capita, PPP (current international $)",NY.GDP.PCAP.PP.CD,3124.49488355024,3216.64651196602,3388.44814452274,3551.4638434881,3968.65691704088,4324.20232454639,4758.37704995678,5566.76949101583,6010.85136847472,5900.66086529142,6038.58525655665,6384.22844090415,6318.06108723364,6367.28001322501,6416.83301150977,6773.48679969386,7350.75358726727,7935.76176281072,7916.42115326174,8645.75646859343,6852.57669930355,7685.41921393669,9481.07335405605,10242.1532011212
Cabo Verde,CPV,"School enrollment, secondary (% gross)",SE.SEC.ENRR,65.0551376342773,63.2078514099121,66.3999862670898,67.3274078369141,66.9400405883789,70.2636032104492,81.5834884643555,80.4710464477539,82.10888671875,81.2256927490234,83.5471330073283,86.7000153273789,89.9634082592786,94.7526092529297,93.6074664791524,96.6012286324786,98.2528458088996,99.462782259485,94.8972015380859,95.2902285572104,98.3093023666237,97.0059250429478,96.4315940376876,..
Cambodia,KHM,"GDP per capita, PPP (current international $)",NY.GDP.PCAP.PP.CD,1255.64037842372,1357.42611106265,1442.46481429844,1597.88226446286,1769.76235025244,2038.1459862512,2296.76857875274,2566.14759732553,2768.79237617675,2854.03288376549,2988.50401439457,3223.10209351638,3583.48229739437,3890.94841205221,4117.78868309006,4433.64393500572,4748.12428521528,5050.06356615113,5616.98087023303,6153.99439528427,5942.45380373929,6225.53265474741,6918.81626947213,7430.73085709837
Cambodia,KHM,"School enrollment, secondary (% gross)",SE.SEC.ENRR,18.1284408569336,20.176570892334,23.8959407806396,27.8392200469971,30.9775104522705,..,39.1435394287109,41.7365608215332,44.2504997253418,..,..,..,..,..,..,..,..,48.9424458707368,50.199099715459,49.7344518908574,51.8196983337402,54.2809323078227,55.1346812645406,56.7864734981041
Cameroon,CMR,"GDP per capita, PPP (current international $)",NY.GDP.PCAP.PP.CD,2108.49454959751,2190.89640724166,2263.05519674356,2368.10119477369,2532.64744424214,2597.68039893219,2704.43739800377,2817.7222811838,2870.44106866605,2878.95143886138,2913.94292755606,2988.8172872551,3059.64226568251,3238.86829843733,3422.26128158344,3497.66067563959,3626.99932028578,3767.43072883824,4010.76360069526,4241.11174920592,4365.44704128392,4793.55628200196,5188.97750866081,5410.76921937642
Cameroon,CMR,"School enrollment, secondary (% gross)",SE.SEC.ENRR,28.4606399536133,33.5832786560059,29.3418807983398,30.9356803894043,27.5096206665039,28.0079002380371,24.4080104827881,33.4497184753418,37.8488082885742,41.7743606567383,..,49.8732461065506,53.102088720007,54.9012784916851,59.1253563645436,60.4960883608074,61.4037045147156,..,..,..,..,45.5255767078224,45.6066724321371,44.840795775403
Canada,CAN,"GDP per capita, PPP (current international $)",NY.GDP.PCAP.PP.CD,29347.7879802126,30241.0326530827,30963.9218856684,32349.8829577427,33929.2936832786,36328.378994377,38122.648589039,39572.9304428478,40376.0882836384,38863.2485560636,40103.1114399673,41666.8374590278,42291.9729357094,44301.0562529133,45758.1007297304,44668.0912814303,46470.6466391109,48317.3874457163,49982.5999118346,50498.9731057448,48590.6832121939,56995.1176781351,63944.1050100687,64219.3173928637
Canada,CAN,"School enrollment, secondary (% gross)",SE.SEC.ENRR,101.992736816406,..,..,..,..,100.274856567383,100.449310302734,101.272247314453,102.278419494629,102.979949951172,102.510261535645,102.823951721191,110.873832702637,111.407608032227,111.68155670166,111.737281799316,111.607330322266,111.974517822266,111.833679199219,110.980072021484,109.628059387207,108.337341308594,107.467987060547,104.320877075195
Cayman Islands,CYM,"GDP per capita, PPP (current international $)",NY.GDP.PCAP.PP.CD,..,..,..,..,..,..,75190.6622438904,77337.189365003,76297.4603019086,69254.1827192632,66325.4579909597,66629.1635862244,64726.5305342992,63648.2547513145,63560.5137725019,64009.3171045464,65680.0743282085,68017.6756755602,71811.8924961984,72697.3671881501,66118.6540859028,74160.4914000191,82295.5820704782,88427.7866712691
Cayman Islands,CYM,"School enrollment, secondary (% gross)",SE.SEC.ENRR,94.2075576782227,86.3955612182617,81.6817932128906,..,87.4393005371094,88.3051910400391,88.0352325439453,89.9581604003906,94.58740234375,..,..,92.3470839260313,89.14686825054,88.6417168280555,..,..,..,..,89.0140845070423,88.1225128173828,84.0909118652344,85.4616444648599,85.6012268066406,86.0370923044127
Central African Republic,CAF,"GDP per capita, PPP (current international $)",NY.GDP.PCAP.PP.CD,639.836997022267,668.445939283473,688.18045108872,648.193215397331,690.426514027755,702.460624591232,743.287480208983,783.355445280928,797.652806166077,877.252131104878,936.485497371468,980.185520951852,1062.06809941049,709.853481245446,698.963738923072,768.870887999174,826.013301383169,883.810734876066,905.817788941094,984.843183678857,1066.29005423151,1128.55237996459,1217.84977141155,1257.09435717114
Central African Republic,CAF,"School enrollment, secondary (% gross)",SE.SEC.ENRR,..,10.9798498153687,10.9962396621704,..,..,..,..,..,..,11.9955196380615,..,15.9189596176147,15.6197595596313,..,..,..,13.9465503692627,15.8074398040772,..,..,..,..,..,..
Chad,TCD,"GDP per capita, PPP (current international $)",NY.GDP.PCAP.PP.CD,1043.54539995059,1151.92026849056,1225.70701162711,1377.74659566702,1808.21202176525,2101.69135982144,2078.60167039399,2149.25986052772,2180.51680433217,2087.14718677867,2319.68883187561,2388.16512149441,2435.1240819184,2110.24705136988,2133.18441198787,2377.51137185751,2120.08751553857,2097.14425483604,2227.81335372611,2351.65339767739,2185.99034173537,2435.07274651099,2624.11789713994,2700.36055335878
Chad,TCD,"School enrollment, secondary (% gross)",SE.SEC.ENRR,10.964280128479,12.6534004211426,13.4368200302124,14.8295497894287,15.217809677124,15.5320997238159,15.8697900772095,18.2909908294678,20.7904891967773,22.7542705535889,22.369271805704,22.8224817551818,22.1087903431339,24.5326035474767,22.8485794067383,22.2454248795188,22.530490847167,20.5855678473561,20.0021180694774,20.192877474143,..,23.1541767734797,..,24.1941648001316
Channel Islands,CHI,"GDP per capita, PPP (current international $)",NY.GDP.PCAP.PP.CD,..,..,..,..,..,..,..,..,..,..,..,..,..,..,..,..,..,..,..,..,..,..,..,..
Channel Islands,CHI,"School enrollment, secondary (% gross)",SE.SEC.ENRR,..,..,..,..,..,..,..,..,..,..,..,..,..,..,..,..,..,..,..,..,..,..,..,..
Chile,CHL,"GDP per capita, PPP (current international $)",NY.GDP.PCAP.PP.CD,9375.65991088758,9775.51016241925,10132.9107703924,10708.3644963118,11612.4368780779,12550.4348007645,15510.7700739452,16697.5160217416,16375.9648536011,15951.3304877878,17917.8951217097,20121.6834214209,21366.1771264909,22201.0660684337,22553.6161787372,22468.3125745547,23256.5036042211,24295.223766602,25305.0903462611,25611.7578269458,25350.8635082972,29089.850459728,30932.0010873677,33145.403552025
Chile,CHL,"School enrollment, secondary (% gross)",SE.SEC.ENRR,86.9013595581055,..,89.4216384887695,90.6209564208984,91.0151062011719,92.0045623779297,91.9973297119141,91.5507965087891,91.5420074462891,89.8597564697266,90.99951171875,90.9826202392578,89.5031433105469,99.1520767211914,99.8654403686523,100.921676635742,101.488136291504,102.294822692871,103.173049926758,104.405769348145,103.691688537598,106.673522949219,106.068328857422,105.83097076416
China,CHN,"GDP per capita, PPP (current international $)",NY.GDP.PCAP.PP.CD,2963.53238602023,3258.40210660305,3590.7659594167,4007.11604605423,4504.92937237596,5148.18273933805,5946.28682830185,6935.26580584434,7712.84608425069,8447.98281469227,9411.13821903204,10456.7916826113,11420.2527051141,12228.3736084197,12941.5964809146,13463.3331511105,14157.2514988004,15022.4371883124,16298.2050619109,17600.8907568493,18267.4783455827,20843.2978347377,23032.1766271143,25179.1193066383
China,CHN,"School enrollment, secondary (% gross)",SE.SEC.ENRR,59.4924812316895,62.2098388671875,62.8378982543945,64.0541305541992,..,..,74.0575637817383,78.1607131958008,82.6792526245117,88.2874984741211,90.7829173331445,92.0329425203903,92.2603063015232,..,..,..,..,..,..,..,..,..,..,..
Colombia,COL,"GDP per capita, PPP (current international $)",NY.GDP.PCAP.PP.CD,6775.93064418811,6934.88284338593,7108.8239028593,7420.46008365281,7909.34635155695,8432.33329078314,9154.08926196511,9909.29031403767,10307.0649878854,10367.3489557519,10841.1279801312,11707.4614624747,12093.0754939172,12779.8865818318,13355.3624162195,13332.0555048211,14026.8399931053,14400.6139849314,15239.4049488277,16181.5908990662,15519.2101694656,17383.0901728295,20854.002999162,21246.3762695201
Colombia,COL,"School enrollment, secondary (% gross)",SE.SEC.ENRR,76.4044799804688,..,78.1551971435547,..,82.9504623413086,86.9616470336914,90.2876663208008,93.012809753418,94.2315521240234,98.2700805664062,99.9543685913086,101.20581817627,97.2326889038086,98.1015014648438,97.3632888793945,97.6741180419922,98.4156265258789,99.2193298339844,100.373336791992,101.989349365234,101.499450683594,102.987998962402,101.573776245117,..
Comoros,COM,"GDP per capita, PPP (current international $)",NY.GDP.PCAP.PP.CD,1740.64947132869,1838.1071436353,1911.61256823567,1949.13816081274,2024.8526447402,2162.0719557682,2145.92066953414,2177.9281684323,2262.49853000291,2303.94782891469,2372.41233989712,2471.78724731502,2678.70262820599,2832.53121548146,2937.61192894981,2949.47342240993,3139.05160740465,3347.45652997484,3276.00936695332,3293.05601748495,3244.8867496847,3377.88518482587,3641.62920390353,3811.65084882413
Comoros,COM,"School enrollment, secondary (% gross)",SE.SEC.ENRR,..,..,35.0426712036133,38.9220008850098,42.5534706115723,..,..,..,..,..,..,..,..,58.998580844006,61.5078774291294,..,..,56.9502144763063,61.7014685443494,..,..,..,54.8057289123535,..
"Congo, Dem. Rep.",COD,"GDP per capita, PPP (current international $)",NY.GDP.PCAP.PP.CD,416.548214460226,403.983196706619,409.641833781142,428.332470700597,455.866557396548,483.910024827321,508.4008175183,549.827650078763,584.020810311472,572.959249024865,605.785160280927,643.764679093976,647.801733284929,760.64987993962,859.356816141236,910.393131638657,950.022298158597,990.545051394781,1048.86502855672,1056.17206659241,1088.7890035637,1402.38560295221,1590.16404219556,1730.62228877694
"Congo, Dem. Rep.",COD,"School enrollment, secondary (% gross)",SE.SEC.ENRR,..,..,..,..,..,..,..,33.6185607910156,35.8376388549805,37.3938407897949,37.0387916564941,38.9499206542969,38.8012313842773,38.5140419006348,41.1783905029297,42.1804618835449,..,..,..,..,..,55.3636283874512,..,55.4860992431641
"Congo, Rep.",COG,"GDP per capita, PPP (current international $)",NY.GDP.PCAP.PP.CD,3667.42487266336,3748.44674931557,3888.16402343345,3886.99206795632,3991.51124729764,4278.92538741319,4588.10924898465,4242.61126846002,4448.33261714253,4800.90159806602,5125.06991343643,5175.20439089036,6058.06449417412,5833.86336651436,5733.18393561256,4715.13431581624,4016.04908525318,4444.63900215824,5593.19370578686,5719.59977338291,4770.96449758365,6263.21161292636,6647.4968173139,6850.27770621099
"Congo, Rep.",COG,"School enrollment, secondary (% gross)",SE.SEC.ENRR,..,..,36.9716186523438,38.03369140625,42.6813201904297,..,..,..,..,..,..,..,50.520320892334,..,..,..,..,..,..,..,..,..,..,..
Costa Rica,CRI,"GDP per capita, PPP (current international $)",NY.GDP.PCAP.PP.CD,7879.47794966682,8190.07440941864,8460.65229565223,8862.9941209874,9365.32775360615,9898.92919347319,10799.5114028981,11841.9011714247,12471.6723105433,12273.8603954825,12927.564593015,13614.2603998924,14463.7404448087,15232.0771529497,16393.8095428323,17525.1404625145,19201.7453233396,20499.3442130778,21498.0350746836,23339.6091317787,22099.8678127394,23852.9253020002,26226.2754815949,28908.7688743191
Costa Rica,CRI,"School enrollment, secondary (% gross)",SE.SEC.ENRR,..,..,65.6379089355469,..,77.7891998291016,79.1932067871094,85.9572372436523,86.9762496948242,88.2622985839844,94.3034362792969,97.5067367553711,99.7109375,103.267303466797,108.534126281738,114.289863586426,115.72087097168,118.203712463379,121.514961242676,125.964347839355,132.849334716797,132.678680419922,138.903381347656,131.907592773438,125.510070800781
Cote d'Ivoire,CIV,"GDP per capita, PPP (current international $)",NY.GDP.PCAP.PP.CD,3040.57593185363,2961.76287274216,2851.03041356835,2701.74168487851,2794.17325719366,2841.82308798173,2941.82141168912,2984.53472161562,3115.83789187745,3176.63242420617,3360.54408826055,3175.9192237076,3290.72306949457,3619.01790854865,4074.21445539789,4403.64296618998,4530.64849808487,4690.17801861096,4945.62520575915,5516.39055126829,5543.85096318939,6045.20480490879,6719.44381557637,7237.18170740909
Cote d'Ivoire,CIV,"School enrollment, secondary (% gross)",SE.SEC.ENRR,..,..,..,..,..,..,..,..,..,..,..,..,..,..,40.4629922041554,43.9865647318392,46.2425069943643,49.0863555848622,51.072614509286,53.791930617454,55.4380323721262,57.135967003236,54.0714108290486,63.9607557764462
Croatia,HRV,"GDP per capita, PPP (current international $)",NY.GDP.PCAP.PP.CD,10674.5257032509,11652.9401300524,12774.6276276714,13691.5569233489,14686.110676691,15450.8118988907,17628.7006021513,19567.5566152741,21017.9485954363,20358.3147167823,20139.2955371548,21190.7130553097,21618.825625842,22429.8502256715,22706.1799469484,23749.636747943,25802.6823323622,27887.7588440919,29789.1305400916,33063.9101734438,31594.0111922141,36930.2841941405,42125.0726930931,47759.6982995339
Croatia,HRV,"School enrollment, secondary (% gross)",SE.SEC.ENRR,..,94.7751998901367,95.021728515625,95.4956436157227,..,99.0768890380859,99.0345077514648,99.0125274658203,98.9992294311523,98.9394226074219,98.8955230712891,99.2656021118164,99.3463897705078,101.800498962402,102.528923034668,102.981330871582,103.719436645508,104.214416503906,104.960083007812,105.13597869873,105.585418701172,105.876342773438,105.577796936035,105.025161743164
Cuba,CUB,"GDP per capita, PPP (current international $)",NY.GDP.PCAP.PP.CD,..,..,..,..,..,..,..,..,..,..,..,..,..,..,..,..,..,..,..,..,..,..,..,..
Cuba,CUB,"School enrollment, secondary (% gross)",SE.SEC.ENRR,81.8830108642578,84.3682479858398,88.5996932983398,91.7871322631836,91.1237411499023,92.3748474121094,93.1539993286133,93.1459197998047,93.1690521240234,92.1000823974609,92.4079409432897,92.221518431358,90.9268566341812,91.3310039372362,95.9867990183168,96.0929099069438,97.8005641142909,98.8916381409707,99.5805926474392,100.467809909244,101.487990578922,100.016181545784,103.627148989561,95.5986574273359
Curacao,CUW,"GDP per capita, PPP (current international $)",NY.GDP.PCAP.PP.CD,21891.0453556692,23057.2613647017,23479.7973302624,23522.2748891856,23791.197413682,24081.1512149964,24590.1923681094,25374.1429869989,26098.4711532409,25950.3950372365,25956.8107585616,26251.3628228418,25105.9924714169,24821.796301247,24347.7605833552,24037.6485782735,23649.591653431,24321.7468068376,24623.0414302994,25396.9966189902,21722.0173651527,24905.7684453244,28640.6872336026,30651.5885510423
Curacao,CUW,"School enrollment, secondary (% gross)",SE.SEC.ENRR,..,..,..,..,..,..,..,..,..,..,..,..,..,86.3066389722286,..,..,..,..,..,..,129.470256951777,..,..,123.429739994157
Cyprus,CYP,"GDP per capita, PPP (current international $)",NY.GDP.PCAP.PP.CD,21295.78515625,22866.171875,23556.27734375,24278.041015625,25941.998046875,27763.158203125,30008.724609375,32887.8671875,34830.11328125,33901.34765625,33502.1640625,33405.9765625,31924.099609375,30415.7890625,29892.7109375,31380.19921875,35246.90234375,37768.1171875,40262.30859375,44393.9921875,42569.0546875,47632.76953125,55876.17578125,59874.5703125
Cyprus,CYP,"School enrollment, secondary (% gross)",SE.SEC.ENRR,..,93.4450607299805,96.9152069091797,97.5562286376953,96.2935333251953,94.0052337646484,93.1404724121094,92.9139404296875,92.3691635131836,91.9261779785156,91.440803527832,92.8256225585938,95.2998504638672,97.9726409912109,97.8358383178711,98.9578094482422,98.830940246582,99.5133590698242,99.4265899658203,101.017471313477,101.935836791992,102.047653198242,103.827629089355,105.159156799316
Czechia,CZE,"GDP per capita, PPP (current international $)",NY.GDP.PCAP.PP.CD,16332.2910408629,17709.4523103293,18344.0329427938,19604.0917215381,20988.1204818834,22114.8363085202,23914.1862443811,26267.6071527112,27937.841568102,27713.2434564605,28153.8518610007,29237.1870959847,29465.6074011894,31013.0082933831,32743.489773169,34093.0280593748,36445.0485732064,39346.030564257,41638.1831076596,45614.0171132532,44839.4822099455,47796.0337408466,52946.9660854462,55761.3798291375
Czechia,CZE,"School enrollment, secondary (% gross)",SE.SEC.ENRR,..,94.5851364135742,95.2897491455078,96.0471115112305,95.4745712280273,96.0492401123047,97.459716796875,97.7152786254883,98.0813293457031,97.9063034057617,98.6544189453125,99.4467315673828,99.7749633789062,106.875068664551,106.118507385254,104.810516357422,103.015083312988,102.204696655273,101.514892578125,100.21556854248,99.3292617797852,102.089942932129,102.935562133789,97.6154174804688
Denmark,DNK,"GDP per capita, PPP (current international $)",NY.GDP.PCAP.PP.CD,28647.8282830783,29458.9882141098,30666.5967674022,30864.1123687371,33015.5515892493,34238.3218147437,37392.3211413889,39110.0956365756,41467.3861879777,40524.3123510224,43037.5989192487,44443.7163844726,44755.1624273018,46869.1932887749,47879.5955558233,48897.2099776611,51820.9521305491,55271.5976002659,57233.6231685618,60594.966400191,62682.2899474389,69715.1809680929,78913.6534913127,77892.2932609904
Denmark,DNK,"School enrollment, secondary (% gross)",SE.SEC.ENRR,..,129.876510620117,125.105667114258,124.619468688965,121.348091125488,122.080146789551,118.173477172852,117.994140625,117.272972106934,117.131889343262,118.944053649902,121.816520690918,124.577186584473,131.692306518555,132.451354980469,133.795471191406,131.441299438477,130.324432373047,129.849563598633,129.311126708984,129.995193481445,131.772018432617,130.326995849609,126.98078918457
Djibouti,DJI,"GDP per capita, PPP (current international $)",NY.GDP.PCAP.PP.CD,..,..,..,..,..,..,..,..,..,..,..,..,..,3762.2819610399,3978.34667092554,4263.96288890455,4431.56588556176,4676.71336058903,5083.11077030183,5398.00036773984,5527.00185229888,5960.10807396825,6621.33038220409,7225.8387957249
Djibouti,DJI,"School enrollment, secondary (% gross)",SE.SEC.ENRR,..,..,..,..,..,..,..,..,..,..,..,..,..,..,..,..,..,..,..,..,..,..,..,..
Dominica,DMA,"GDP per capita, PPP (current international $)",NY.GDP.PCAP.PP.CD,7111.4131102869,7290.62832445515,7167.04271942728,7714.29509857094,8232.18460901,8557.41594949633,9199.88176357941,9949.48016534769,10862.2582746594,10803.5563676924,10924.0953245506,11122.8994140294,10920.9085079245,11286.2696974861,12083.292631482,12092.7315992676,12945.0029571643,12696.1956612622,15069.8972415303,16020.5944720217,14243.7623123898,15808.9743503945,18802.0819913205,20285.9821663707
Dominica,DMA,"School enrollment, secondary (% gross)",SE.SEC.ENRR,106.89208984375,109.117523193359,112.225051879883,117.79776763916,114.818801879883,114.346900939941,113.30908203125,112.818580627441,110.860000610352,111.792961120605,108.655853271484,109.177848815918,102.783400809717,..,93.3871994018555,95.9454803466797,..,..,..,105.625543006082,105.181579589844,105.535634244733,105.387588500977,102.585807800293
Dominican Republic,DOM,"GDP per capita, PPP (current international $)",NY.GDP.PCAP.PP.CD,6639.01131864822,6847.57366127122,7157.66825484558,7097.55707820616,7374.8123177806,8215.03244576661,9130.06906145599,9951.13191591458,10345.8080982759,10381.6248126801,11245.6811892201,11694.6641852303,11776.6228103557,12413.910018356,13464.7925609074,14804.0974069659,16282.1899127514,16846.2072320323,17994.8382742736,19766.7628586981,18998.3069667315,22053.4589869955,24625.8088564037,25839.9356687607
Dominican Republic,DOM,"School enrollment, secondary (% gross)",SE.SEC.ENRR,59.4400787353516,..,67.816276550293,..,68.8893127441406,70.5230407714844,..,79.9215469360352,78.7571563720703,80.7119979858398,77.9718275378447,77.4272200156803,77.986106386808,79.1714978028552,80.11454424521,79.9378896410207,80.0944728713855,79.9406801126231,80.2159299988463,81.8562360431581,80.0444119218853,75.7044807816311,76.5283197247412,75.4805556926418
Ecuador,ECU,"GDP per capita, PPP (current international $)",NY.GDP.PCAP.PP.CD,5728.25249857133,5998.87508648611,6281.52215151108,6475.06597343736,6980.09126356362,7457.46553606564,7884.51693594496,8112.44824473661,8662.60736282075,8662.10672690979,8968.94040838943,9768.69201080404,10244.5177816184,11295.6127804419,11835.6091276538,10877.7507461388,10881.4890706732,11793.4797426944,12186.8846084388,12543.0148243925,11526.8013009278,13507.4445638375,15198.0725554473,15918.5162948773
Ecuador,ECU,"School enrollment, secondary (% gross)",SE.SEC.ENRR,55.9612693786621,56.2870216369629,57.2436103820801,56.8165702819824,57.409610748291,59.8716011047363,61.9531517028809,63.4471893310547,..,85.9710388183594,91.5583877563477,95.6929702758789,98.554801940918,100.659210205078,102.590339660645,100.791786193848,98.0803764939006,96.1637651807361,94.9748100922065,93.8371637137576,93.9849491291463,94.5899282617776,94.1335305764161,92.8118025876465
"Egypt, Arab Rep.",EGY,"GDP per capita, PPP (current international $)",NY.GDP.PCAP.PP.CD,5451.51566992118,5650.05196237607,5752.69708070468,5928.07945344715,6207.12492160943,6554.12885095179,7079.02808456919,7640.57228597204,8190.70913161,8465.02052412662,8837.76450033703,8988.10781880653,10342.4317112754,10511.3931678495,10256.4367553616,10903.3368231185,10665.6676499685,11124.7351098149,12329.2446781436,13363.732696323,15231.865417764,15579.0160861551,17526.8017030166,18524.8392997937
"Egypt, Arab Rep.",EGY,"School enrollment, secondary (% gross)",SE.SEC.ENRR,77.8339462280273,79.3897399902344,78.8174133300781,78.5066070556641,77.7841796875,..,..,..,..,63.2154998779297,64.7296371459961,72.5487594604492,73.0182495117188,73.8954466194364,73.3723421134374,..,75.7524086692863,76.4337653082262,76.9816189396849,77.9093978841525,79.6544750074231,81.8833487066739,..,84.474862198776
El Salvador,SLV,"GDP per capita, PPP (current international $)",NY.GDP.PCAP.PP.CD,4422.44510574248,4542.92587192498,4671.55302828125,4828.70297067138,4997.59385258021,5291.66962299243,5694.52330884091,5949.42640611971,6174.69155154574,6062.67571951558,6247.91452716829,6593.67806808022,6708.39032246284,7092.58852133297,7503.71105811981,7933.73697858999,8455.61614773975,8965.2189086345,9203.76216310773,9756.7521864595,9392.68913817943,10809.713399518,11875.9648066233,12679.5768752061
El Salvador,SLV,"School enrollment, secondary (% gross)",SE.SEC.ENRR,54.8399314880371,57.1768608093262,60.6978416442871,64.1438369750977,67.8388290405273,67.6287612915039,67.4043807983398,67.3213119506836,66.1245803833008,66.7064819335938,68.1448218125398,69.7446217742312,70.8309781500769,72.2452860122263,71.3858349113676,70.725825383614,68.2966095615156,66.1074423967185,66.9325713689265,64.8486537180759,65.1837191291627,64.9813787512946,65.2267824913058,65.5709865566541
Equatorial Guinea,GNQ,"GDP per capita, PPP (current international $)",NY.GDP.PCAP.PP.CD,7420.39310111594,11626.7231171673,13254.823622224,14496.1744119688,19354.2120821557,22137.0497795007,23511.39865709,26610.7691219619,30522.7787142774,29722.0005631066,26167.8268525276,27241.6000370603,30011.9274409625,27909.5175876754,27177.271665026,19478.7010123338,16649.4757672359,18434.7708571004,18413.1294204577,16451.3641478324,13677.110587517,16821.4486470413,18139.989326627,17411.500234384
Equatorial Guinea,GNQ,"School enrollment, secondary (% gross)",SE.SEC.ENRR,21.7535190582275,18.6993808746338,18.1188793182373,..,..,17.7594795227051,..,..,..,..,..,..,..,..,..,..,..,..,..,..,..,..,..,..
Eritrea,ERI,"GDP per capita, PPP (current international $)",NY.GDP.PCAP.PP.CD,1557.87580231581,1683.68441866109,1701.69523684878,1620.85093040039,1620.76402912482,1674.07005453978,1682.23894199347,1727.09344172581,1546.92747535768,1576.74284599077,1599.19106106457,1742.32363018235,..,..,..,..,..,..,..,..,..,..,..,..
Eritrea,ERI,"School enrollment, secondary (% gross)",SE.SEC.ENRR,45.2635498046875,45.8157081604004,46.5302581787109,47.3321685791016,47.4052391052246,51.6001396179199,53.1192588806152,50.1338500976562,51.3945808410645,51.8130187988281,51.5608596801758,51.8398818969727,52.7079315185547,51.34619140625,50.6653785705566,46.171501159668,..,44.911060333252,46.1723785400391,..,..,..,44.0441284179688,..
Estonia,EST,"GDP per capita, PPP (current international $)",NY.GDP.PCAP.PP.CD,9424.5071547444,10308.8990965341,11666.6649638489,13135.0419683127,14538.0273203932,16638.0779749397,19344.2638980902,22200.5486407425,22803.5194742273,20488.94990724,21614.3068307361,24652.3610297918,26242.5282659014,27831.1526234213,29403.6584494815,29712.6299473728,31947.7769107437,34506.6486942506,37120.9879761677,40586.3784378888,40672.1340402132,44251.5374983455,48217.5523106028,48637.1802208795
Estonia,EST,"School enrollment, secondary (% gross)",SE.SEC.ENRR,..,96.2154312133789,99.0828704833984,99.0774383544922,101.44522857666,104.22184753418,104.028030395508,105.091178894043,105.395011901855,107.425552368164,110.888679504395,112.287406921387,112.536003112793,110.521713256836,107.685821533203,108.18879699707,111.596199035645,113.249786376953,112.759696960449,112.287200927734,112.527702331543,113.01091003418,112.551849365234,108.442070007324
Eswatini,SWZ,"GDP per capita, PPP (current international $)",NY.GDP.PCAP.PP.CD,4400.66419449933,4521.4032108244,4741.61187847577,5020.28286278551,5309.60507878112,5772.68986514959,6319.41444308281,6731.95411367419,6913.68732720184,7010.9331263514,7324.46393085837,7570.9966142438,7760.32280456285,8231.15139767951,8365.743287389,8391.07006084602,8484.12117278345,8584.31100767837,8535.25593160454,9248.32206714455,9329.30453360939,9990.43491951205,10635.3924156113,11299.8831236788
Eswatini,SWZ,"School enrollment, secondary (% gross)",SE.SEC.ENRR,43.3038711547852,43.7772598266602,44.738208770752,44.4690589904785,48.3460006713867,50.5027885437012,54.4987907409668,58.3698616027832,..,59.5709686279297,64.5977020263672,67.2353363037109,69.2019271850586,70.8080825805664,73.7052383422852,76.2872772216797,82.023935767308,..,..,..,..,..,..,..
Ethiopia,ETH,"GDP per capita, PPP (current international $)",NY.GDP.PCAP.PP.CD,473.903313482073,509.119301829784,509.126314077643,492.840755429983,557.825634817804,624.510692425695,692.866907656774,770.261155212815,844.988380018695,899.140901796651,995.653978578747,1098.11515728787,1178.97474553026,1252.86896408004,1484.63145566608,1632.61818006837,1857.54946515224,2004.74755633129,2095.3175782979,2242.44488310464,2406.78938478669,2588.41310215884,2844.92274535753,3060.9050300376
Ethiopia,ETH,"School enrollment, secondary (% gross)",SE.SEC.ENRR,14.451319694519,17.3430194854736,19.1939201354981,19.5667705535889,21.47705078125,23.8548793792725,27.4775695800781,30.251350402832,31.3109302520752,31.649019241333,33.0478591918945,34.4468994140625,36.2193489074707,..,..,33.9114221981431,..,..,..,..,..,..,..,..
Faroe Islands,FRO,"GDP per capita, PPP (current international $)",NY.GDP.PCAP.PP.CD,..,..,..,..,..,..,..,..,41160.1085092854,39330.596445475,39766.5911029215,42133.2151486983,46196.842824186,49780.8416032719,53198.4138538914,53684.3671653463,54318.3039321893,56416.2319500574,58933.1314753804,62223.4430514345,61650.8512256806,68426.7943218898,75265.6585388594,79694.929791758
Faroe Islands,FRO,"School enrollment, secondary (% gross)",SE.SEC.ENRR,..,..,..,..,..,..,..,..,..,..,..,..,..,..,..,..,..,..,..,..,..,..,..,..
Fiji,FJI,"GDP per capita, PPP (current international $)",NY.GDP.PCAP.PP.CD,5520.70756345658,5699.04322766172,5913.96875085188,6033.12030343946,6463.42456974016,6651.78559177015,6921.29762810227,6989.72309220269,7153.61914510322,7067.93482064011,7339.47685170287,7671.88103769569,8204.46565475009,8842.15173943746,10516.2597115551,11519.3012187324,11765.5379892236,12585.2777215161,12984.2072700863,12978.0990352704,10716.2914367663,10322.4279638854,12982.2914519919,14644.1773754361
Fiji,FJI,"School enrollment, secondary (% gross)",SE.SEC.ENRR,75.6572799682617,74.7156372070312,76.0836715698242,77.7666320800781,80.5614318847656,..,79.7871704101562,79.2860107421875,79.2769012451172,79.3391189575195,..,83.9304962158203,82.1471405029297,..,88.1849686883865,87.836769819804,89.18202295018,..,92.0806759919252,91.8760588497548,91.541633605957,93.95505855048,95.3068339697491,98.540177642079
Finland,FIN,"GDP per capita, PPP (current international $)",NY.GDP.PCAP.PP.CD,26782.8574259016,27798.0582735421,28596.2606345457,29042.698985165,31195.1243346394,32047.7069315564,34440.3771039162,37842.9164695203,40081.2212482066,37988.4498659536,38946.228265358,40845.9566729849,40739.1131809421,41325.8052072321,41547.0984485393,42257.8593791297,44562.4011072067,47234.8528600939,49248.6775395866,52276.1115723992,53296.5792798852,56790.3766177692,62133.1375219912,63414.9936878177
Finland,FIN,"School enrollment, secondary (% gross)",SE.SEC.ENRR,..,128.174865722656,129.487838745117,132.235412597656,110.782669067383,111.326103210449,110.277038574219,109.042900085449,108.298301696777,107.702293395996,108.609390258789,109.248931884766,109.962677001953,145.653442382812,147.413314819336,150.819213867188,152.471435546875,153.583709716797,153.651428222656,144.613204956055,143.122909545898,143.361343383789,144.852462768555,142.861724853516
France,FRA,"GDP per capita, PPP (current international $)",NY.GDP.PCAP.PP.CD,26007.4432303376,27346.834962018,28350.0985605428,28024.0897244695,28921.2608031323,30431.2367240202,32423.5225068799,34066.2393228249,35053.2627069116,34685.0059249958,35907.5531031574,37510.3759898714,37671.0239268565,39583.3520435045,40218.1258637776,40905.1767750994,42880.2351355431,44469.1458856805,46381.0590629457,51130.4723140578,49481.8044309655,52517.3354905855,57042.9449013772,60838.9416716424
France,FRA,"School enrollment, secondary (% gross)",SE.SEC.ENRR,..,104.571113586426,103.186340332031,102.772102355957,102.220016479492,106.781677246094,106.927520751953,106.69352722168,106.432838439941,106.239227294922,106.424942016602,106.610641479492,105.813583374023,104.376602172852,103.425827026367,103.396041870117,103.308097839355,103.756080627441,103.773330688477,104.07689666748,104.566566467285,104.522842407227,104.316436767578,103.962417602539
French Polynesia,PYF,"GDP per capita, PPP (current international $)",NY.GDP.PCAP.PP.CD,..,..,..,..,..,..,..,..,..,..,..,..,..,..,..,..,..,..,..,..,..,..,..,..
French Polynesia,PYF,"School enrollment, secondary (% gross)",SE.SEC.ENRR,..,..,..,..,..,..,..,..,..,..,..,..,..,..,..,..,..,..,..,..,..,..,..,..
Gabon,GAB,"GDP per capita, PPP (current international $)",NY.GDP.PCAP.PP.CD,13326.1169521318,13555.6285395224,13369.1233374468,13564.1804141405,13637.6667971195,14028.356207939,13637.2590188998,14391.2465868132,13733.7012862122,13383.5662273185,14014.6905491122,14784.3483551883,14619.7181445113,14497.9921216902,14853.6712460355,14306.4340768252,13997.7352841911,14796.6286374171,15432.0430535353,15949.6373739622,14477.1308291744,18523.5798032193,19992.5570643468,20755.665381766
Gabon,GAB,"School enrollment, secondary (% gross)",SE.SEC.ENRR,..,48.6175193786621,49.4348793029785,..,..,..,..,..,..,..,..,..,..,..,..,..,..,..,..,70.2639966402203,..,..,..,..
"Gambia, The",GMB,"GDP per capita, PPP (current international $)",NY.GDP.PCAP.PP.CD,1731.3384764555,1822.9796510577,1743.69432511929,1849.78337005418,1978.63262689984,1938.02362742194,1930.81888537674,1985.040252425,2088.27166129033,2177.05344695607,2266.82898238442,2064.253852883,2064.81438121612,2006.74081646788,1933.70329718446,1990.31625750973,2012.67648180251,2038.95429850128,2277.44236224191,2421.72318070615,2530.80414937307,2777.79620978324,3067.31040374628,3289.13283057107
"Gambia, The",GMB,"School enrollment, secondary (% gross)",SE.SEC.ENRR,..,..,..,..,..,..,..,..,45.2912902832031,46.214469909668,45.5351409912109,..,..,..,..,..,..,..,..,..,..,107.027125590442,..,..
Georgia,GEO,"GDP per capita, PPP (current international $)",NY.GDP.PCAP.PP.CD,3161.19582490118,3440.72817931982,3718.68693255545,4239.93841372799,4634.77757594477,5271.95095261655,5980.44390488226,6951.08584266081,7278.66312193993,7119.14279081978,7711.80683889487,8563.83554915647,10059.9820603954,10797.3423273476,11770.6989360253,12269.6528932768,13065.294157468,13718.9378669764,15021.9057577433,16770.1333771469,16791.2598654465,18915.6534005263,22461.3326414547,25071.9677264107
Georgia,GEO,"School enrollment, secondary (% gross)",SE.SEC.ENRR,83.4423599243164,86.5363998413086,89.9919891357422,94.034912109375,90.6913909912109,95.7935409545898,98.6351013183594,107.933776855469,110.87841796875,106.653327941895,..,..,..,107.038832287684,105.757088910744,106.764155546761,107.779901789534,109.523203664239,111.616827005361,111.900853903077,108.06699476725,106.201856681079,103.710205488304,103.183588288651
Germany,DEU,"GDP per capita, PPP (current international $)",NY.GDP.PCAP.PP.CD,27473.6669767024,28674.1682823146,29513.6823267102,30301.4017692833,31753.1720592803,32313.736788417,34741.3353426224,36914.0023792935,38443.5386278958,37573.9910136539,39726.098692395,43398.3443992496,44229.3941921739,45889.0173022052,47938.7968210418,48545.400721962,51569.9016841199,54110.2536648812,56273.0405627017,59270.7276496985,58685.872699771,62530.7653199239,69048.9884036885,71684.0311875583
Germany,DEU,"School enrollment, secondary (% gross)",SE.SEC.ENRR,..,99.554801940918,100.853607177734,101.226783752441,101.377777099609,101.436492919922,102.486396789551,102.009773254395,103.240730285645,103.314292907715,104.891357421875,105.34651184082,104.442237854004,103.935333251953,103.303871154785,102.192413330078,100.852310180664,101.095642089844,100.837303161621,101.152557373047,101.307800292969,101.203536987305,100.81729888916,100.603057861328
Ghana,GHA,"GDP per capita, PPP (current international $)",NY.GDP.PCAP.PP.CD,2315.17803047482,2397.30067037823,2475.09635357919,2584.47723729151,2729.34450244911,2903.83429043881,3103.22625820374,3241.22081107324,3515.58923520243,3617.23944435035,3855.46891716757,4381.12535523694,4933.65254349093,5214.56935848794,5517.13178763566,5191.37053389659,5011.07931572904,5170.96094857439,5536.49795400218,6002.55044678386,6047.30111673554,6607.50297378321,7208.15798982723,7556.41605453234
Ghana,GHA,"School enrollment, secondary (% gross)",SE.SEC.ENRR,32.5775909423828,30.9433898925781,32.267578125,33.6547889709473,36.1445503234863,38.1276893615723,39.8474884033203,43.759521484375,46.0595817565918,47.9277191162109,..,55.6069297790527,56.7326017795109,68.1991424560547,63.974569978053,67.0486566518056,67.2644101341977,66.6359450193038,68.2222557975165,71.1877006008423,74.0102186341371,76.2084742091088,77.8168696801948,..
Gibraltar,GIB,"GDP per capita, PPP (current international $)",NY.GDP.PCAP.PP.CD,..,..,..,..,..,..,..,..,..,..,..,..,..,..,..,..,..,..,..,..,..,..,..,..
Gibraltar,GIB,"School enrollment, secondary (% gross)",SE.SEC.ENRR,106.05623626709,111.270637512207,..,..,..,..,..,..,111.749000549316,109.73509979248,..,..,..,..,..,..,132.325141776938,132.455089820359,..,100.98314666748,100.500228881836,101.476509094238,72.4222793579102,74.349556167738
Greece,GRC,"GDP per capita, PPP (current international $)",NY.GDP.PCAP.PP.CD,18819.8544320117,20303.9312433429,21985.2345411071,23252.6111362028,24825.5735347512,25003.8297466933,28076.1241416392,28895.874926558,30440.9709059081,29963.3968875108,27838.73639086,25692.5740851321,24582.9741957507,25730.8809006664,26450.181326726,26607.7256796976,27504.5497984948,28681.6815585005,29792.0592519585,31927.3792151369,29533.087740299,33531.15511226,39612.4406377916,42710.5058010314
Greece,GRC,"School enrollment, secondary (% gross)",SE.SEC.ENRR,97.0996704101562,102.047653198242,98.1837997436523,94.3411178588867,92.8870162963867,96.8381423950195,96.8165969848633,95.9788131713867,..,..,107.819053649902,105.956047058105,106.290550231934,107.414306640625,103.468589782715,103.377700805664,103.952072143555,104.228790283203,103.891693115234,106.527839660645,103.615829467773,104.77806854248,106.599418640137,105.191741943359
Greenland,GRL,"GDP per capita, PPP (current international $)",NY.GDP.PCAP.PP.CD,29616.1597427886,30561.7998286959,30618.0027855733,32516.0413742949,35604.3390646877,38527.0850327204,42039.7937935486,44366.4315156047,48203.123064415,48924.7640849636,50190.8817880429,50653.0585916924,52389.325351824,52893.6503558212,56555.0690671219,55815.6502883612,58908.5907729314,60010.0982907298,61806.8271308174,64264.0564607393,64999.4435683064,69302.0088788237,75720.4298219323,78840.5978395988
Greenland,GRL,"School enrollment, secondary (% gross)",SE.SEC.ENRR,..,..,..,..,..,..,..,..,..,..,..,..,..,..,..,..,..,..,..,..,..,..,..,..
Grenada,GRD,"GDP per capita, PPP (current international $)",NY.GDP.PCAP.PP.CD,7305.72456197879,7282.70841986036,7620.673877466,8469.08752658602,8605.82398540487,10016.3479735194,9876.6166955998,10727.6792054748,11000.7523577301,10303.3432602774,10344.3839189192,10591.7475649916,10575.1056268616,11199.4040197944,12228.6481055395,13214.4096644941,13977.5055879135,15041.4525712067,15974.8591933124,16446.1138871871,14361.1267154452,15290.250903138,17543.9815596266,18970.740164653
Grenada,GRD,"School enrollment, secondary (% gross)",SE.SEC.ENRR,..,..,110.115692138672,114.018257141113,107.162467956543,101.858772277832,..,116.305992126465,116.674461364746,107.998832702637,117.012619018555,108.343828715365,..,106.78381256656,106.993851559069,105.402661854275,105.224225612575,104.433148126256,110.379410343161,..,104.298669179131,100.989177237286,..,..
Guam,GUM,"GDP per capita, PPP (current international $)",NY.GDP.PCAP.PP.CD,..,..,..,..,..,..,..,..,..,..,..,..,..,..,..,..,..,..,..,..,..,..,..,..
Guam,GUM,"School enrollment, secondary (% gross)",SE.SEC.ENRR,..,..,..,..,..,..,..,..,..,..,..,..,..,..,..,..,..,..,..,..,..,..,..,..
Guatemala,GTM,"GDP per capita, PPP (current international $)",NY.GDP.PCAP.PP.CD,4714.96666200848,4821.54598486775,4969.25744944448,5081.38005585657,5263.446549119,5486.27776986281,5833.3869180176,6238.33976946504,6434.50703746094,6376.74106297933,6510.09980949963,6784.44712953621,7258.31667467883,7699.94541247252,8236.65929901849,8934.00261178396,9201.42836046353,9560.17783462724,9946.80252245268,10755.8801029589,10947.3711292197,11825.141273764,13014.0153809826,13745.3631241794
Guatemala,GTM,"School enrollment, secondary (% gross)",SE.SEC.ENRR,30.9806594848633,32.8574981689453,35.5038414001465,..,38.6178703308105,40.5942687988281,42.4339714050293,44.2429885864258,45.231330871582,48.2657203674316,52.1883200232994,52.7689609562719,53.1178493302463,53.323315834897,52.9668023678254,54.8864188204824,54.4252556188872,54.0444773151521,54.0797647125185,52.5563883982916,51.7956964848587,48.157456034521,45.8926232164663,47.3762534803949
Guinea,GIN,"GDP per capita, PPP (current international $)",NY.GDP.PCAP.PP.CD,1195.80611453345,1250.97059720231,1315.36669371684,1327.96776541054,1366.03160239235,1422.35088198922,1452.96083164187,1557.58584868863,1613.69884518936,1566.70089247765,1621.69161141242,1705.27110438049,1789.97473033561,1842.00227737409,1873.21413058957,1929.68091332187,2255.32617992615,2687.09504827171,2844.46427670549,3105.82789015443,3331.85663003801,3738.8051255133,4062.36136437922,4333.74617312626
Guinea,GIN,"School enrollment, secondary (% gross)",SE.SEC.ENRR,..,18.4985904693604,21.2247695922852,22.6574001312256,24.6455307006836,29.0273208618164,32.2970886230469,..,33.2380905151367,..,..,36.7464790344238,36.8766899108887,..,38.5548782348633,..,..,..,..,..,..,..,..,..
Guinea-Bissau,GNB,"GDP per capita, PPP (current international $)",NY.GDP.PCAP.PP.CD,1013.97349183331,1063.57228308529,1095.22305833488,1088.74265675319,1105.34322841441,1186.62631354737,1225.91824576792,1259.6056068922,1308.53556699717,1314.97078661955,1369.68917066121,1471.76279879072,1401.84994044148,1415.82511935379,1455.90813665193,1729.94260310123,1824.3730977071,2081.81287227685,2057.96969129146,2247.31303739185,2339.79326967821,2522.76764302521,2788.83773937954,2989.67235980477
Guinea-Bissau,GNB,"School enrollment, secondary (% gross)",SE.SEC.ENRR,17.9289207458496,..,..,..,..,32.1273002624512,34.3966407775879,..,..,..,..,..,..,..,..,..,..,..,..,..,..,..,..,..
Guyana,GUY,"GDP per capita, PPP (current international $)",NY.GDP.PCAP.PP.CD,5859.91791902933,6131.2968302103,6303.90372199923,6392.33315799222,6672.82299438544,6761.1179841322,7345.94028212224,8110.02999896567,8436.51438442543,8824.48960162477,9336.59830212594,10066.0729753598,10626.8256674463,11199.8874744089,11145.0291198724,11408.473901349,11516.3798289577,12243.2225968541,12442.5087185876,13240.9713761155,16819.4228714695,22865.9270968882,39710.9695607531,54729.0365156366
Guyana,GUY,"School enrollment, secondary (% gross)",SE.SEC.ENRR,..,94.4679107666016,..,83.45947265625,..,86.2115325927734,..,85.3779830932617,86.2414169311523,89.8750076293945,93.2864608764648,101.134757995605,102.622467041016,..,..,..,..,..,..,..,86.9400100708008,86.70068359375,..,84.4850463867188
Haiti,HTI,"GDP per capita, PPP (current international $)",NY.GDP.PCAP.PP.CD,2228.50133637731,2229.84396723075,2247.97896614654,2330.91873933383,2322.19786798691,2427.44808551393,2503.65932681978,2647.4953861343,2724.45922826633,2855.15971385494,2694.91104137315,2858.19645979435,2830.19080559709,3042.4970687871,3075.73843837062,3025.83461728258,3253.47178641614,3339.38884653446,3196.97386370614,3236.97492504607,3103.18066312462,3145.00681057269,3275.40718126345,3291.73817887066
Haiti,HTI,"School enrollment, secondary (% gross)",SE.SEC.ENRR,..,..,..,..,..,..,..,..,..,..,..,..,..,..,..,..,..,..,..,..,..,..,..,..
Honduras,HND,"GDP per capita, PPP (current international $)",NY.GDP.PCAP.PP.CD,2587.42253930427,2645.25477555617,2714.5663201945,2820.71404423524,3001.29671320439,3203.95918990724,3437.62296344903,3664.0882849454,3806.34706373843,3655.79701383106,3757.5464206245,3900.71136173338,4016.34609101801,4137.3268237781,4460.05742833175,4845.59566521125,5186.15897417161,5620.65455247733,5633.3832384519,5784.93081057111,5384.69831983038,6202.98078812037,6805.49358294554,7178.33906781522
Honduras,HND,"School enrollment, secondary (% gross)",SE.SEC.ENRR,..,..,..,..,..,..,57.6387100219727,59.5118598937988,59.5015602111816,..,66.1681900024414,65.9018478393555,64.5327911376953,61.920711517334,49.4766821842053,50.3511085144012,51.0466486801865,51.0120391845703,..,64.3524169921875,58.4268999434804,54.5046566571526,53.8605804443359,54.5012702941895
"Hong Kong SAR, China",HKG,"GDP per capita, PPP (current international $)",NY.GDP.PCAP.PP.CD,28224.5090219727,28808.8079174675,29609.7666883704,31178.6830095146,34532.2491577194,38079.5726781956,41745.5016249309,45257.6516105824,46830.2384798239,45861.4775210139,49197.6469338098,52277.4664432843,52149.6812694206,53517.419549888,54514.9268059819,56043.042695697,56761.4824132224,59260.9131761938,60900.2752924537,61221.4195400701,58187.4764072535,65884.9376260603,68602.1257900473,71512.3193551161
"Hong Kong SAR, China",HKG,"School enrollment, secondary (% gross)",SE.SEC.ENRR,..,78.5696563720703,79.9700393676758,80.1741027832031,81.7347793579102,83.003662109375,83.1464614868164,84.0665588378906,85.7025909423828,86.5672225952148,87.9053960567278,86.9782026085403,108.257447754558,102.779391100703,105.555217060167,107.387782928825,107.750724637681,106.78970984146,108.16398016119,105.068965517241,100.449691991786,100.161026837806,106.185208398621,..
Hungary,HUN,"GDP per capita, PPP (current international $)",NY.GDP.PCAP.PP.CD,11871.6712053699,13222.7298612624,14532.3075182088,15459.9630651172,16250.6523854316,17091.2761318193,18361.9963871537,19089.2936988152,20708.7615120316,20691.4485224486,21690.9866477738,22992.2184657584,23205.310668404,24591.6380503055,25796.2100959256,26937.7320818864,28178.9450366919,29728.0121568801,32258.2577892511,35627.2315520858,35583.5855675637,38887.1909527154,44365.9108128343,46592.3856070073
Hungary,HUN,"School enrollment, secondary (% gross)",SE.SEC.ENRR,..,98.4254531860352,99.8345108032227,101.850860595703,95.9443588256836,97.3733291625977,97.7556076049805,97.8563613891602,98.3803329467773,99.7433776855469,101.997688293457,103.081069946289,101.234046936035,107.21753692627,106.026969909668,104.633018493652,103.966499328613,104.152000427246,103.612083435059,102.438682556152,101.940628051758,99.6460494995117,102.851913452148,105.419059753418
Iceland,ISL,"GDP per capita, PPP (current international $)",NY.GDP.PCAP.PP.CD,29789.2463608304,31882.0593909097,32607.1058796568,32696.8839410753,35612.4400297798,37322.7399272793,39691.6062749347,41471.3319195839,43728.1140564123,41884.7731963414,39763.988895791,40936.867830513,42004.4476110597,44409.6689530904,45996.9687476901,49201.0640964553,53480.3971946764,55638.4920591794,57197.7676247175,60523.8179440825,55796.7454667632,61610.2132740715,75332.8528345867,81608.4479116436
Iceland,ISL,"School enrollment, secondary (% gross)",SE.SEC.ENRR,109.021507263184,110.139266967773,113.519561767578,116.79273223877,108.134918212891,108.752983093262,107.523468017578,106.327003479004,106.229942321777,106.478248596191,108.819038391113,109.70686340332,113.517669677734,122.033569335938,120.632568359375,119.807357788086,117.122772216797,115.741142272949,114.649406433105,112.034339904785,110.487319946289,115.156303405762,112.589393615723,108.911361694336
India,IND,"GDP per capita, PPP (current international $)",NY.GDP.PCAP.PP.CD,2090.85806894486,2199.53910446478,2277.06974775051,2461.48251610861,2681.86116841254,2936.80322011933,3220.62692939401,3508.06183171605,3633.36783240716,3886.58197693247,4206.45986002117,4454.70153200513,4819.64288218731,5014.3505659078,5191.59149903249,5425.03599091046,5800.48149366552,6144.71714444938,6714.96639877754,7150.92423452926,6966.27542785911,8050.01857452664,9207.12743040145,10323.4998734428
India,IND,"School enrollment, secondary (% gross)",SE.SEC.ENRR,47.1734390258789,46.8245811462402,48.8069381713867,51.4255714416504,53.247371673584,55.9314002990723,56.7859497070312,59.1478385925293,62.2119216918945,61.3603210449219,64.9475936889648,67.1251678466797,69.8089599609375,69.4771270751953,74.8887023925781,74.6113662719727,75.9372863769531,74.6743774414062,76.0025787353516,75.8716506958008,77.6271548412386,80.6246396728944,81.1778608399708,78.8639591218839
Indonesia,IDN,"GDP per capita, PPP (current international $)",NY.GDP.PCAP.PP.CD,4639.03942639464,4848.55580110852,5076.16438159536,5352.50750391531,5700.04949535761,6134.1667301082,6583.35112358046,7096.38768916734,7569.25304691272,7868.14818333554,8353.45684733249,8936.99215549454,9530.29071136718,9866.01699250847,10064.677127417,10027.5372996025,10262.5951651871,10687.6409218443,11372.0971987612,11986.4701508376,11729.3674458448,12757.0746440204,14284.929293133,15415.7079259527
Indonesia,IDN,"School enrollment, secondary (% gross)",SE.SEC.ENRR,55.5976295471191,56.2273216247559,57.646598815918,60.7244682312012,62.9758682250977,61.6382789611816,64.6422119140625,71.8545074462891,70.1684417724609,74.5035934448242,75.6519088745117,78.1330718994141,80.0926818847656,81.8896974781343,83.5559949258569,87.8423207929976,87.8191791728036,90.9455391241064,92.8120739600443,94.9467044891028,96.9345779132931,97.8441479813619,97.8167602714893,96.0002120295081
"Iran, Islamic Rep.",IRN,"GDP per capita, PPP (current international $)",NY.GDP.PCAP.PP.CD,11186.8999218792,11532.9987571459,12554.3307701588,13754.9065131458,14425.4169992792,15016.2676076876,15906.858138036,17383.7156564162,17548.6737761348,17614.6718696057,18627.815202271,19275.4376880063,17021.3716792921,16215.2119014642,16065.158186028,14273.5499061586,15194.7855803519,15719.416701551,15324.0674634637,13927.5128074328,15119.3058859964,15884.4276775963,17545.6246629429,18917.0914723132
"Iran, Islamic Rep.",IRN,"School enrollment, secondary (% gross)",SE.SEC.ENRR,74.9870910644531,74.5473403930664,74.7104187011719,74.551643371582,74.5375213623047,74.438591003418,75.9471969604492,75.657600402832,78.8498077392578,80.3835906982422,79.0264663696289,81.2944793701172,82.7059326171875,81.5845565795898,82.5869369506836,82.7305221557617,83.3275680541992,82.7564392089844,..,..,85.1913986206055,..,85.6060028076172,85.1469802856445
Iraq,IRQ,"GDP per capita, PPP (current international $)",NY.GDP.PCAP.PP.CD,10627.9400727491,10719.6194208455,9682.37619485733,6068.45161808346,9289.7422464959,9457.04454256902,10223.1065322558,10783.1236406224,11657.3168702462,11687.0142083267,12186.1929623841,12912.0299790146,14402.0340893955,14668.5432764995,13168.245587417,9334.46604866315,9079.13531769496,10191.6616988639,12034.4011214944,12248.5917385964,10573.9304750715,12731.7535755129,14391.1292349806,14652.5212399212
Iraq,IRQ,"School enrollment, secondary (% gross)",SE.SEC.ENRR,36.8702583312988,36.7453002929688,..,40.4106292724609,45.1472206115723,..,..,50.5742416381836,..,..,..,..,..,..,..,..,..,..,..,..,..,..,..,..
Ireland,IRL,"GDP per capita, PPP (current international $)",NY.GDP.PCAP.PP.CD,30215.9324896691,32573.4634024331,35222.028724352,36280.4827472575,38729.2468204554,40466.2343515711,44222.6536034198,46782.3762067243,44169.0943411644,41491.4741532831,43212.2040003212,45525.7181239042,46726.2157665366,48838.7719825525,52640.7843918553,71588.2656638378,73012.8198720374,80450.3529336506,86299.3420216976,92022.59879983,97799.9225748607,116903.61243517,138522.517800204,129682.607150517
Ireland,IRL,"School enrollment, secondary (% gross)",SE.SEC.ENRR,..,105.217231750488,106.364212036133,107.852996826172,109.409881591797,109.784301757812,109.603439331055,111.234497070312,111.293968200684,114.39266204834,118.096908569336,115.83373260498,117.75218963623,..,116.739097595215,116.989868164062,117.028717041016,125.027168273926,154.163345336914,137.07568359375,133.497024536133,132.947692871094,130.604965209961,..
Isle of Man,IMN,"GDP per capita, PPP (current international $)",NY.GDP.PCAP.PP.CD,..,..,..,..,..,..,..,..,..,..,..,..,..,..,..,..,..,..,..,..,..,..,..,..
Isle of Man,IMN,"School enrollment, secondary (% gross)",SE.SEC.ENRR,..,..,..,..,..,..,..,..,..,..,..,..,..,..,..,..,..,..,..,..,..,..,..,..
Israel,ISR,"GDP per capita, PPP (current international $)",NY.GDP.PCAP.PP.CD,25766.1567835118,25806.3845070858,26101.3287841133,24702.2945858529,26077.5034831211,25700.9862605809,26385.2125662841,28307.4484607857,28083.8366135952,28086.837763597,29455.9546732511,31313.9334997029,32483.7421872738,34827.3647351146,34816.2422460071,35870.7927156301,38189.1610278241,39470.8681262164,40189.9909957069,41325.1783656756,40955.2856179152,46162.0822730247,53619.0680995095,55171.2318814321
Israel,ISR,"School enrollment, secondary (% gross)",SE.SEC.ENRR,..,99.2880172729492,100.050399780273,98.9930267333984,97.7852325439453,97.9443511962891,97.9347229003906,97.3899536132812,96.5533218383789,96.0253067016602,97.8008117675781,98.0884170532227,98.0721435546875,98.7666168212891,98.5257034301758,98.464973449707,99.2754516601562,98.0842971801758,98.327278137207,97.8852386474609,98.0958404541016,98.8700408935547,98.5873031616211,99.3012008666992
Italy,ITA,"GDP per capita, PPP (current international $)",NY.GDP.PCAP.PP.CD,27152.1544907116,28134.0572858014,28833.0217903129,29249.1801358747,29580.8439042327,30137.8180374437,32453.6488675587,34107.5078152619,35422.3424391113,34501.7122743906,34974.1045135807,36392.2827759493,36281.1014243506,36459.2950248716,36665.68576775,37384.3796455406,40482.562999856,42142.3435406885,43386.7005868803,46661.9105159611,44435.6434393527,49825.3934111848,57260.8945372493,60029.871712398
Italy,ITA,"School enrollment, secondary (% gross)",SE.SEC.ENRR,..,97.2837066650391,98.8138809204102,99.5263137817383,99.0750198364258,99.2056274414062,99.5338516235352,99.8377380371094,100.291458129883,100.175491333008,101.401161193848,101.59642791748,100.449836730957,100.973121643066,101.121726989746,101.228088378906,100.742958068848,101.01001739502,101.526412963867,101.74178314209,101.836128234863,101.834869384766,101.353858947754,100.678756713867
Jamaica,JAM,"GDP per capita, PPP (current international $)",NY.GDP.PCAP.PP.CD,6816.410294822,7019.01755520128,7225.94228628004,7592.60910494511,7853.86424340999,8127.37945036695,8576.5315399634,8892.78260659657,8951.50600945916,8579.58979915443,8521.28876417328,8809.36100077931,8830.6507947905,9101.41496692481,9209.58586596513,9476.14929465037,9948.0414677444,10466.4876782146,10752.7406650924,10845.0113635875,9764.3525879784,10430.6909771759,11887.770369423,12650.9052955938
Jamaica,JAM,"School enrollment, secondary (% gross)",SE.SEC.ENRR,80.0481491088867,79.911491394043,80.4983978271484,80.8683929443359,85.6572189331055,84.6938323974609,..,86.4005813598633,88.0502090454102,90.1742782592773,89.4939454246108,91.5373916625977,..,85.4017870483818,86.3705618020868,85.3548254033729,87.9398248609799,84.2369432325225,83.7616154022844,85.7618499653089,81.5337816615681,85.8093525179856,82.8584671020508,85.4353132628153
Japan,JPN,"GDP per capita, PPP (current international $)",NY.GDP.PCAP.PP.CD,27287.9793301608,27942.7419601305,28623.5884479367,29391.7042370729,30831.5079104998,32169.867493646,33631.8076359161,35015.3282881632,35273.791152156,33543.4198739871,35336.0080490032,36214.4397740241,37605.9742614539,39402.0250988025,39555.4120089198,40898.80697396,40596.9686628995,41444.2157443912,42141.9352987758,42678.1511448354,42425.6946789651,44355.3487163354,47192.0500603372,50661.7663463109
Japan,JPN,"School enrollment, secondary (% gross)",SE.SEC.ENRR,..,..,..,..,..,..,..,..,..,..,..,..,..,101.049438476562,101.036422729492,101.724517822266,101.296928405762,100.260749816895,100.482200622559,100.660270690918,101.34056854248,101.744400024414,101.38200378418,101.537071228027
Jordan,JOR,"GDP per capita, PPP (current international $)",NY.GDP.PCAP.PP.CD,5640.65728199166,5948.01217949518,6256.49643944543,6499.97887800748,7073.8458160703,7696.9450167189,8045.64056215005,8415.71166017339,8983.21332423459,9290.80855352127,9416.64386806071,9631.9289925536,9738.53746926194,9816.59855653123,9144.67793204995,8967.07995837808,8747.87860930851,9265.51536720733,9042.39781871198,9429.07279552037,9579.20081317696,9182.496161256,9927.2341002506,10411.8416152967
Jordan,JOR,"School enrollment, secondary (% gross)",SE.SEC.ENRR,84.5952987670898,..,83.6367721557617,83.7643737792969,83.6611480712891,84.393669128418,86.7745513916016,87.7151718139648,88.4466781616211,..,87.3644409179688,87.5930404663086,87.2317581176758,87.3027919681245,88.8703034099213,..,..,88.8758288897009,89.7929068080636,89.5104774843719,90.1992992911958,90.0636022467584,90.9912658899133,91.9696843781763
Kazakhstan,KAZ,"GDP per capita, PPP (current international $)",NY.GDP.PCAP.PP.CD,7418.19612076858,8568.08719492031,9504.45082486949,10532.4466973491,11777.1119570134,13226.1466963892,14965.7723195676,16581.2240531177,17278.4721681147,17389.0145838316,18641.8061477073,20159.9329426413,21367.2180595372,23754.1341952117,23958.1128890603,22484.3651382607,23023.0872293899,23973.0602295651,25096.1285862615,28689.2710838374,29039.8229624509,32945.8515725823,35895.0839871667,38515.1836009979
Kazakhstan,KAZ,"School enrollment, secondary (% gross)",SE.SEC.ENRR,89.0767288208008,..,..,..,..,..,98.4432830810547,..,..,..,98.5237492649908,98.8350532967319,99.0180187395814,97.6500312583517,98.522388891969,98.2120601574997,97.0463003338151,96.5061709309357,96.1156212742477,96.5371355057456,91.9490206290752,94.310522086739,94.0433413378673,95.2393054334066
Kenya,KEN,"GDP per capita, PPP (current international $)",NY.GDP.PCAP.PP.CD,1906.89794095999,1961.05816869463,1940.4030326056,1974.8582021244,2066.31540638632,2188.6956101775,2330.13028941165,2481.08706146996,2459.12174524213,2480.0442906801,2634.89271323826,2750.28663787693,2847.27068286846,3106.39394464885,3359.48950665093,3678.32614146019,3916.65315673095,4177.24993580267,4411.56104120886,4687.37782325306,4792.57315847182,5338.85243382781,5883.22303961921,6317.03904665091
Kenya,KEN,"School enrollment, secondary (% gross)",SE.SEC.ENRR,40.9617881774902,41.6857109069824,41.8610191345215,43.5811309814453,47.1179389953613,47.2635917663574,48.8131103515625,50.8713607788086,57.0353507995605,57.7407112121582,..,..,..,..,..,72.5750860661828,74.4698594945796,..,..,..,..,80.3774269704216,83.7738192286218,84.3083880306996
Kiribati,KIR,"GDP per capita, PPP (current international $)",NY.GDP.PCAP.PP.CD,1637.93601427336,1591.2366300314,1605.07533314676,1578.28790886587,1578.83869125735,1616.57992111619,1727.77052465174,1792.04651189378,1735.4318976867,1718.4917143995,1724.46710150819,1785.57208346912,1896.32489937688,2049.3339030677,2084.13105379102,2310.60312873612,2462.83260410374,2562.06561789397,2671.76272781707,2762.93796874918,2710.90622817554,3020.49399935695,3329.34434464861,3485.55808311399
Kiribati,KIR,"School enrollment, secondary (% gross)",SE.SEC.ENRR,62.1038703918457,76.2893295288086,81.5949478149414,87.8011093139648,87.655158996582,85.8441390991211,84.0447463989258,83.7022018432617,82.9311904907227,..,..,..,..,..,..,..,..,..,..,..,..,87.142166928373,88.6853008111105,94.7441990494828
"Korea, Dem. People's Rep.",PRK,"GDP per capita, PPP (current international $)",NY.GDP.PCAP.PP.CD,..,..,..,..,..,..,..,..,..,..,..,..,..,..,..,..,..,..,..,..,..,..,..,..
"Korea, Dem. People's Rep.",PRK,"School enrollment, secondary (% gross)",SE.SEC.ENRR,..,..,..,..,..,..,..,..,..,..,..,..,..,..,..,94.2515411376953,..,..,..,..,..,..,..,..
"Korea, Rep.",KOR,"GDP per capita, PPP (current international $)",NY.GDP.PCAP.PP.CD,19236.9088359303,20442.2142872054,22173.4881729168,22919.7417096314,24658.1761189212,26179.3421262581,27972.3847629351,30255.391009159,31211.0593469455,30739.9572294348,33120.351934563,33944.2511879769,35061.5531929083,35844.2253782408,37032.1724172561,39794.1961180043,41672.6278317077,43155.9100867658,45511.0803506331,46511.2196957018,47881.4921344193,51718.2518656631,55509.3368761174,57429.8031076402
"Korea, Rep.",KOR,"School enrollment, secondary (% gross)",SE.SEC.ENRR,98.0937805175781,97.6082382202148,97.2662963867188,96.9660186767578,96.9991989135742,97.2146224975586,96.7785415649414,96.7113800048828,96.3489303588867,96.8854293823242,97.2930603027344,97.5294189453125,97.3674163818359,97.8287506103516,98.5806732177734,98.5931930541992,98.7179565429688,99.105583190918,99.3186569213867,98.3813018798828,97.0888214111328,98.0692291259766,97.8181304931641,96.2983932495117
Kosovo,XKX,"GDP per capita, PPP (current international $)",NY.GDP.PCAP.PP.CD,..,..,..,..,..,..,..,..,6352.6523195552,6736.76108926692,7179.22277933687,7776.47393102774,7897.56692777876,8090.75939263902,8200.47420451574,8714.91966356132,9157.04630742908,9380.94007290057,10018.7387080811,10861.0531745974,10532.5054692849,12362.4210181213,13950.896732241,15804.4065754058
Kosovo,XKX,"School enrollment, secondary (% gross)",SE.SEC.ENRR,..,..,..,..,..,..,..,..,..,..,..,..,..,..,..,..,..,..,..,..,..,..,..,..
Kuwait,KWT,"GDP per capita, PPP (current international $)",NY.GDP.PCAP.PP.CD,58702.8672675608,58552.7838606833,59713.1721658956,69752.3841102469,77226.6367623393,84968.0197570073,89075.2245194595,91434.9043845313,90337.3567922745,80110.0698071973,75184.0865924781,79036.7857441182,82089.726133145,76812.5387330449,68336.5991533112,45267.3085347452,41862.1739255505,46565.5499504554,51370.7320595252,50703.0001343301,41461.7235642777,50651.9575337091,55043.0022635849,53025.4710858063
Kuwait,KWT,"School enrollment, secondary (% gross)",SE.SEC.ENRR,85.79931640625,87.0694427490234,..,96.0627212524414,100.651512145996,108.55924987793,101.013938903809,101.308387756348,99.557746887207,99.4600067138672,99.4166345928894,98.1417694091797,98.6952312050305,95.5615386962891,93.0660018920898,95.3934020996094,..,..,..,..,..,..,..,..
Kyrgyz Republic,KGZ,"GDP per capita, PPP (current international $)",NY.GDP.PCAP.PP.CD,1861.86559711699,1986.16135823429,1998.23788061971,2158.19667404533,2343.43044015004,2385.59446517801,2508.38844842805,2769.89508451908,3031.49407050215,3096.93814114872,3075.61554332455,3278.35102220086,3588.67988824025,4000.96295765107,4228.1951482992,4153.3766990372,4603.75964247878,4953.71755085199,4777.94175395575,5304.22758314405,5178.5619670404,5736.47883415154,6577.51217728389,7298.08612561933
Kyrgyz Republic,KGZ,"School enrollment, secondary (% gross)",SE.SEC.ENRR,82.4341583251953,83.5917129516602,82.7385635375977,87.8954772949219,86.5721893310547,85.4348373413086,85.5732421875,84.9611129760742,..,86.7180862426758,87.7688035961973,87.5220892813577,87.2870662875623,87.7240351123141,89.4164090538588,88.9591724149373,90.4864998184447,89.9187538995131,91.1445853879787,91.6686153595535,92.1655305586517,92.5062000270634,..,91.2655243671618
Lao PDR,LAO,"GDP per capita, PPP (current international $)",NY.GDP.PCAP.PP.CD,1793.88582607334,1908.06236587412,2019.69774849056,2151.15099595789,2315.43379527395,2519.46135100017,2776.69752328527,3021.44173114012,3270.5575102335,3485.06827740268,3772.26605172404,4099.78457330741,4780.94733000167,5221.59855783339,5798.50436730091,6086.0673044622,6743.01053953037,7141.90652701767,7486.86452700433,7743.21906534261,7913.38660650276,8080.43553249923,8766.44062611094,9291.78859001138
Lao PDR,LAO,"School enrollment, secondary (% gross)",SE.SEC.ENRR,33.2670707702637,35.1896514892578,37.9458808898926,40.6808013916016,42.5078582763672,42.9863014221191,42.2330513000488,43.0343399047852,44.126880645752,45.6930198669434,47.3594398498535,46.3030907447649,49.0350189208984,52.6759359354755,58.0247383117676,62.2967936554274,64.7630026961054,66.0411073482017,66.1528570578416,64.986385458831,62.4493058083911,59.8530595325837,56.8782044614964,54.4330611689851
Latvia,LVA,"GDP per capita, PPP (current international $)",NY.GDP.PCAP.PP.CD,7848.90854892793,8807.75837072465,9568.79465678335,10193.2381015054,11319.1462699913,12825.873779559,14180.0017761877,16245.5340994603,17443.3912910988,15545.0821339945,16373.4037320495,17680.4939630507,19416.5167382125,20473.5243706913,21553.6623204436,22543.9183164105,24063.4511245109,25763.9907709703,29817.8047263182,32199.0960377091,32741.4207691987,36912.0130602161,40558.7495841122,42576.4060799457
Latvia,LVA,"School enrollment, secondary (% gross)",SE.SEC.ENRR,..,92.8558120727539,95.2927322387695,96.5377883911133,99.2952423095703,102.686317443848,103.965400695801,103.921241760254,104.897567749023,99.4204025268555,102.822158813477,105.565788269043,106.344802856445,114.776809692383,113.706932067871,112.356651306152,111.296806335449,110.723251342773,109.155700683594,107.602462768555,105.956283569336,105.814010620117,104.764526367188,102.126243591309
Lebanon,LBN,"GDP per capita, PPP (current international $)",NY.GDP.PCAP.PP.CD,7937.95653006732,8289.38389027926,8586.24040685397,8914.48277917793,9609.01282633629,10019.9941540441,10312.3533312551,11355.6629756249,12415.9400064273,13586.1444830435,14703.6153215084,14974.553438993,16121.335238646,16315.6137748763,16139.8649966955,17045.898285301,18940.5901000453,20963.8249472533,21985.4884702241,21710.4648750807,16259.7051312281,11599.7755083765,12292.8407305501,12574.8329116403
Lebanon,LBN,"School enrollment, secondary (% gross)",SE.SEC.ENRR,62.5770492553711,60.7058296203613,62.5551910400391,64.8559494018555,66.0179901123047,66.4239807128906,67.2385787963867,68.0434875488281,68.8993988037109,71.0917282104492,70.562435785543,73.8286148513332,72.2122774625477,71.2231189680025,59.2622758017054,58.1075064918095,59.4640916311345,63.1400703776303,64.2435656996928,65.2767643910733,65.89697761206,67.5143617766569,64.5017084327233,62.8279212477627
Lesotho,LSO,"GDP per capita, PPP (current international $)",NY.GDP.PCAP.PP.CD,1272.924433991,1350.00529706535,1385.18222067454,1484.09584449257,1560.74877547924,1680.87364079911,1813.4444072345,1932.4266622594,2064.42311214194,2036.26308567654,2152.91528289768,2278.50142791066,2291.4956531127,2538.26310306049,2771.24496867163,3034.64692924848,2942.18153663921,2618.81820770145,2632.28775223004,2568.34114362719,2559.09776077846,2544.78249551214,2761.31105002216,2880.96629615692
Lesotho,LSO,"School enrollment, secondary (% gross)",SE.SEC.ENRR,28.7576808929443,30.2747707366943,31.2329406738281,32.0320014953613,34.4488716125488,36.768440246582,38.4086112976074,41.5562515258789,44.7508811950684,49.1937294006348,54.2426986694336,56.9506416320801,59.0772018432617,57.7590713500977,58.2575629391492,59.3985096286536,56.8386993408203,59.3586515505342,..,..,..,..,..,..
Liberia,LBR,"GDP per capita, PPP (current international $)",NY.GDP.PCAP.PP.CD,965.395523330548,986.572798678639,1012.9189129211,715.818246812872,745.397861816656,774.032567790285,815.218917036837,872.584645942216,915.053599714179,939.496290246214,980.1181397741,1040.76141404018,1156.95319448003,1360.12910370155,1418.77355515891,1340.43279741197,1490.33581410026,1664.94481323565,1799.72751397748,1899.52200972855,1659.52109145991,1539.20892304674,1691.57275721851,1794.53340863362
Liberia,LBR,"School enrollment, secondary (% gross)",SE.SEC.ENRR,34.139778137207,..,..,..,..,..,..,..,..,..,..,43.64794921875,..,..,36.7695617675781,36.3728485107422,..,..,..,..,37.7416801452637,..,..,..
Libya,LBY,"GDP per capita, PPP (current international $)",NY.GDP.PCAP.PP.CD,20616.9848683599,20331.6315181003,20060.6396913983,22662.7242140997,23813.4011504496,26902.8985878895,28935.6615820305,30928.9422810828,30812.2837288703,29027.1468071228,30234.0918728805,15698.0519072612,26826.0729756733,21151.0051911633,17509.5285087845,17903.2565395803,16961.0177111717,18026.0187834008,18879.3151301984,16194.1082061146,10954.799045265,12641.5097714075,12266.3896804716,13847.0792190045
Libya,LBY,"School enrollment, secondary (% gross)",SE.SEC.ENRR,..,..,110.586441040039,106.755638122559,..,93.6851577758789,97.6095123291016,..,..,..,..,..,..,..,..,..,..,..,..,..,..,..,..,..
Liechtenstein,LIE,"GDP per capita, PPP (current international $)",NY.GDP.PCAP.PP.CD,..,..,..,..,..,..,..,..,..,..,..,..,..,..,..,..,..,..,..,..,..,..,..,..
Liechtenstein,LIE,"School enrollment, secondary (% gross)",SE.SEC.ENRR,..,..,..,111.74047088623,110.761421203613,107.089302062988,107.011070251465,106.128601074219,107.566116333008,105.755638122559,108.879280090332,111.456573486328,110.373863220215,..,115.557830810547,116.123443603516,116.028373718262,117.094329833984,112.010162353516,119.209663391113,120.228446960449,118.726867675781,..,..
Lithuania,LTU,"GDP per capita, PPP (current international $)",NY.GDP.PCAP.PP.CD,8474.59300330083,9399.33656166607,10295.5066962899,11659.8787391334,12605.0201901971,13951.3261880977,15522.3579257294,17968.6445835063,19410.0077598903,17054.6365568486,18718.9043711358,21557.6567458052,23275.2517553588,24889.8726227818,26274.7488764946,26948.5919371645,28698.9887868061,31305.0436934372,36491.9385223689,40563.8304884555,41262.7276941725,45873.5273239486,50936.0049547442,52348.2468215268
Lithuania,LTU,"School enrollment, secondary (% gross)",SE.SEC.ENRR,..,99.6236419677734,102.291709899902,105.020172119141,103.009536743164,104.49723815918,107.004852294922,106.929290771484,106.108779907227,104.755882263184,105.068267822266,106.008163452148,106.17350769043,108.811836242676,107.746429443359,106.955902099609,106.39778137207,107.223350524902,106.866737365723,106.835861206055,106.810821533203,105.67610168457,106.918357849121,105.428817749023
Luxembourg,LUX,"GDP per capita, PPP (current international $)",NY.GDP.PCAP.PP.CD,55136.0609983789,56135.8315678957,58575.6792717544,60192.1759452336,64685.7286866435,68787.8547494266,78861.1661045613,85126.1393867018,90970.7211980147,86918.5909104052,90336.0184704033,94475.0302265023,96636.426643956,100925.011992241,105296.284588232,107859.685999308,113365.176082265,114985.842235989,116638.414163882,121371.73990307,122066.739147202,136772.443753292,146919.145398494,150508.218886888
Luxembourg,LUX,"School enrollment, secondary (% gross)",SE.SEC.ENRR,..,95.656379699707,95.4434585571289,94.9043197631836,94.1919326782227,93.7901229858398,94.220832824707,94.9079666137695,95.75830078125,..,100.080001831055,100.420967102051,100.609519958496,103.469413757324,104.596977233887,104.379188537598,106.08519744873,106.78434753418,106.983123779297,106.946510314941,107.078948974609,106.482757568359,107.83975982666,107.744010925293
"Macao SAR, China",MAC,"GDP per capita, PPP (current international $)",NY.GDP.PCAP.PP.CD,34686.9487205344,36214.8513340462,39641.4818326412,44601.8182261997,56585.3001832163,60569.4566444726,67194.5117540953,75672.6406168549,76827.0193066502,79138.8048016974,99835.0846406553,121085.679344582,133111.616642617,149859.180455113,145187.080794416,108656.763904919,107653.177281832,120774.963080752,129457.998600118,126029.622371097,57077.5325705099,73374.4486829589,64193.5294048618,116328.540600134
"Macao SAR, China",MAC,"School enrollment, secondary (% gross)",SE.SEC.ENRR,..,82.3632736206055,85.1063385009766,88.1465911865234,92.5055236816406,92.0361480712891,92.9831237792969,94.0301895141602,89.8171920776367,89.3067169189453,91.1610379698531,94.9301234316026,97.4283454689247,98.6075581395349,101.75873015873,100.96644295302,99.4636678200692,97.4219858156028,92.7108013937282,90.6689895470383,88.5771812080537,88.5480769230769,90.2211838006231,92.5810397553517
Madagascar,MDG,"GDP per capita, PPP (current international $)",NY.GDP.PCAP.PP.CD,1235.78733941908,1298.56378873164,1121.08749552772,1218.83563168796,1279.54611058565,1342.51929937145,1416.40465948998,1493.37545004972,1577.33838928618,1479.82980025947,1463.87646786391,1475.17055178114,1463.61756926447,1473.40398077255,1498.83976908219,1496.61172412841,1561.51962374608,1546.88001890817,1546.59563549795,1612.29772715626,1490.32312837866,1577.43246056529,1716.97884873797,1808.44779038579
Madagascar,MDG,"School enrollment, secondary (% gross)",SE.SEC.ENRR,..,..,..,..,..,20.3285102844238,22.8831806182861,25.2112007141113,27.4633598327637,28.5682106018066,..,34.1198081970215,35.3920151133501,..,35.8148702330413,36.1207695007324,36.0765113830566,34.7709486382629,34.6266095687665,32.8161749019587,..,34.1320359801924,..,..
Malawi,MWI,"GDP per capita, PPP (current international $)",NY.GDP.PCAP.PP.CD,974.310137499677,924.056368279235,931.283507531356,979.038977932038,1032.80213909276,1070.93590957736,1124.4382691229,1230.56385441329,1311.44999791984,1387.78991561758,1457.60568309596,1516.2111831915,1464.04323957796,1558.11224745203,1505.55190404024,1403.08451209235,1409.95802703533,1380.23263621737,1363.79445595088,1450.01008064784,1513.45990803344,1687.59358179651,1778.30582146001,1830.46461287442
Malawi,MWI,"School enrollment, secondary (% gross)",SE.SEC.ENRR,31.0989303588867,32.2248115539551,31.3253707885742,..,28.9145393371582,28.7130393981934,30.5642108917236,30.2626094818115,32.6917381286621,33.3515281677246,33.6619814891638,34.7371599213107,34.8210140987042,37.847295845447,39.5435659506335,39.7291461793841,38.1843681335449,39.6154222954854,38.8324397802949,35.5212672502146,41.4565075090498,35.8885917563293,35.5084899925617,36.644092994481
Malaysia,MYS,"GDP per capita, PPP (current international $)",NY.GDP.PCAP.PP.CD,13027.2733386657,13071.5814138975,13656.0458904379,14387.2484914999,15415.8063402619,16371.4260817974,17426.361167892,18616.8070767617,19479.8799590564,18922.6459508418,20193.4092945433,21324.3594996498,22638.5406944009,23160.8924510627,24306.5212338415,24526.3942716012,25285.8213541391,26415.5960203287,27793.5674222948,28933.928297233,27474.7361378236,29822.8491831618,34419.8684975666,36466.8914938333
Malaysia,MYS,"School enrollment, secondary (% gross)",SE.SEC.ENRR,76.4828262329102,75.6187362670898,75.0011596679688,80.088996887207,80.5677719116211,76.2537536621094,75.8026123046875,74.2519378662109,74.8359527587891,75.0242767333984,77.2140274047852,77.5925369262695,81.2371978759766,80.938362121582,83.2836303710938,81.5115814208984,79.8283920288086,78.8863677978516,74.4872817993164,75.3229827880859,73.2459411621094,74.9618181140898,78.8341986282999,79.4472788704033
Maldives,MDV,"GDP per capita, PPP (current international $)",NY.GDP.PCAP.PP.CD,8526.28986369241,8235.80267716404,8822.51726087564,10065.4858052111,10769.7743281923,9704.44334454041,12075.1455749491,12851.7923161425,13778.8197554554,12265.7930464259,12797.3279262916,13726.3262093446,13988.5973865429,15264.0907069581,16722.523852619,17875.0989419262,18769.5060607629,19767.8893613468,21899.4292993843,23077.2112236652,13425.3674459601,19052.6224904311,22880.5123151419,24786.2032123451
Maldives,MDV,"School enrollment, secondary (% gross)",SE.SEC.ENRR,51.4409103393555,61.0277481079102,61.3511009216309,67.9700698852539,67.8094329833984,..,..,..,..,..,70.0468136514648,72.8434927609116,71.9760042609256,68.3872693233485,72.9110894145066,73.441380211737,70.014084045724,69.7419183184781,68.5727820261217,68.0857601310983,69.8982015609094,..,73.5234576648616,79.3565296847573
Mali,MLI,"GDP per capita, PPP (current international $)",NY.GDP.PCAP.PP.CD,1356.51736440853,1558.71870195563,1581.11108691343,1714.89753907761,1730.0922516304,1770.67795435907,1831.5492454407,1852.36282555464,1893.49514528434,1944.69828229092,2011.67894612475,2046.22567064388,1990.14805241092,2059.28407641881,2184.87660281666,2330.24293947692,2531.80496963482,2606.69607954141,2684.41122026575,2819.86582297259,2723.70094784441,2796.22793795433,3014.4210732688,3174.62960276396
Mali,MLI,"School enrollment, secondary (% gross)",SE.SEC.ENRR,15.6529197692871,..,..,19.7679595947266,21.5015201568604,23.2651901245117,25.1828804016113,27.6904392242432,31.0381298065186,34.0355415344238,36.7189206176726,38.7492137225876,..,39.2758121397099,41.2349114693214,38.9892238642006,40.0999948578594,38.5485805738327,37.9832691019192,..,..,..,..,38.9389470920545
Malta,MLT,"GDP per capita, PPP (current international $)",NY.GDP.PCAP.PP.CD,18214.4790221275,18435.0626373623,19531.963974957,20812.7786386776,21565.7733219687,22227.3785442795,23219.014785723,25011.6552092205,26653.8602570483,26781.9076062395,28909.1940252237,29425.9062422677,30716.282743184,33138.0373455038,35205.7012669646,38368.7020383117,40999.9620259653,45763.7330585065,48178.2920560941,51392.8152819605,49971.8784010216,56852.3218512267,60588.8890591794,67057.2184329891
Malta,MLT,"School enrollment, secondary (% gross)",SE.SEC.ENRR,..,90.7193222045898,91.1574630737305,93.1107406616211,104.41886138916,101.806327819824,97.5271606445312,100.52220916748,101.423049926758,..,105.11385345459,94.1126708984375,95.5169982910156,96.430793762207,95.6191711425781,93.432373046875,92.2248611450195,99.5694808959961,100.396072387695,100.816368103027,100.112777709961,101.402908325195,101.95467376709,103.027229309082
Marshall Islands,MHL,"GDP per capita, PPP (current international $)",NY.GDP.PCAP.PP.CD,2489.96943780806,2700.27054583067,2825.24479927053,2824.27883367143,2879.90589671206,3016.70324372574,3110.05225553568,3309.39754112765,3118.23467102442,3253.15085940372,3473.40469896159,3536.56004235245,3589.66880383744,3845.00357492163,3931.34410649415,4125.1616927563,4366.25764216189,4719.31304926001,5232.2052487185,6045.06240789858,6136.97119702131,6767.95785510528,7431.42757895496,7548.73253747944
Marshall Islands,MHL,"School enrollment, secondary (% gross)",SE.SEC.ENRR,..,..,78.4224166870117,73.5776977539062,77.7290267944336,73.762451171875,79.1771087646484,82.46044921875,84.7516632080078,83.8652801513672,..,..,..,..,..,83.1655992680695,84.9683299860961,..,..,92.6458959354737,92.9692504804612,94.7273914462945,91.7037811279297,89.551989301237
Mauritania,MRT,"GDP per capita, PPP (current international $)",NY.GDP.PCAP.PP.CD,2303.66639707769,2279.72711478483,2295.80500995331,2446.69817773871,2570.29404911997,2809.03508145691,3341.70718355001,3278.27661394002,3235.99782161036,3158.74414286708,3177.84436561165,3270.86251341888,3464.97661099269,3831.04711012348,3865.1425867687,3977.61171275863,4682.70259690033,5353.06608810407,5429.23223059784,5610.13236713892,5740.73959690129,5836.56580821897,6484.82792132631,6965.90953574715
Mauritania,MRT,"School enrollment, secondary (% gross)",SE.SEC.ENRR,18.0476703643799,20.5369300842285,20.5889301300049,21.539270401001,22.1136894226074,22.4629497528076,23.1758899688721,..,18.5803203582764,20.0069904327393,20.4244003295898,22.7523097991943,27.0638964405956,30.2620419125702,30.6988232872483,31.196307538775,32.187587041888,31.7565696757394,35.5293425627344,37.5793709898761,36.0277030077074,..,..,..
Mauritius,MUS,"GDP per capita, PPP (current international $)",NY.GDP.PCAP.PP.CD,9143.0073732792,9585.8047303181,9823.53996405315,10534.5572530361,11215.7002784358,11703.4765244451,12592.5218946608,13612.2512989533,14569.1531207728,15104.8081548746,15919.6622762525,16883.565820961,17259.4018011357,18435.2031858652,19294.4682829555,20269.523509561,21951.8307433111,22897.9700922102,23415.5237589118,24374.7818286566,21621.5971225158,23010.2013826905,26874.4899927593,29560.7137230079
Mauritius,MUS,"School enrollment, secondary (% gross)",SE.SEC.ENRR,74.3924789428711,80.2969284057617,82.4172286987305,85.5775909423828,86.3435287475586,88.6331024169922,86.6944198608398,86.7215270996094,86.2219161987305,86.6567001342773,86.9073104858398,88.7222900390625,92.1094389658945,93.7982864379883,97.075353264043,93.9681984718368,94.4362545563892,92.5403344955972,91.4171358592572,93.1354968676317,89.5019998431496,..,..,..
Mexico,MEX,"GDP per capita, PPP (current international $)",NY.GDP.PCAP.PP.CD,11704.6853532773,11738.8928661183,11761.8865901666,12065.9368553721,12658.1646665687,13260.2388186669,14540.4500497636,15031.5804109164,15680.5761896881,15190.8744519178,15909.1464963628,17266.8129106549,18004.7935607542,18170.264789912,18820.7991098584,19071.4444196466,20104.5839787472,20488.7150800441,20921.4775277572,20964.2774847072,19354.1248706244,20782.5877417545,23135.4931601276,25243.1644887582
Mexico,MEX,"School enrollment, secondary (% gross)",SE.SEC.ENRR,71.1195831298828,72.8832092285156,75.1482925415039,78.5541915893555,79.7827072143555,80.6305389404297,82.7013931274414,84.0887069702148,86.0763092041016,85.9423217773438,87.2729263305664,88.3800888061523,90.6936187744141,93.2623062133789,97.3196868896484,100.982269287109,102.871368408203,105.11018371582,105.964653015137,105.515609741211,102.58154296875,98.3202514648438,98.3576583862305,102.055458068848
"Micronesia, Fed. Sts.",FSM,"GDP per capita, PPP (current international $)",NY.GDP.PCAP.PP.CD,2346.91905346727,2436.46317318124,2483.45825184843,2580.87251667428,2573.97301569908,2728.61800192302,2824.4825395176,2873.02977076321,2877.45097129853,2953.54461702783,3063.03751923564,3239.75928315705,3238.40486117851,3165.65685742796,3129.54694054301,3288.92160669275,3340.44639346428,3461.36460828084,3526.87287847214,3718.79208432919,3683.98981483674,3946.41608109166,4086.9798010394,4233.74492558769
"Micronesia, Fed. Sts.",FSM,"School enrollment, secondary (% gross)",SE.SEC.ENRR,..,..,..,..,85.3729476928711,87.2520217895508,..,..,..,..,..,..,..,..,..,..,..,..,..,..,..,..,..,..
Moldova,MDA,"GDP per capita, PPP (current international $)",NY.GDP.PCAP.PP.CD,3044.67050577354,3310.52882645877,3632.61091825467,3959.95150996029,4378.17475782467,4865.93456430334,5271.38970435336,5589.5685077365,6153.35152147981,5827.17888882857,6323.06287905206,6832.94156502961,7254.66249032313,8232.5238047368,8643.06431435343,9197.61838204272,10325.8404896126,11252.1135465283,11868.1955463223,13413.2232935126,13527.4413130967,15682.0703284653,16452.9621192,17746.9405538684
Moldova,MDA,"School enrollment, secondary (% gross)",SE.SEC.ENRR,..,..,..,..,..,..,..,..,..,..,87.9811349895035,87.7193726926085,88.1958686665424,88.3360494330142,104.382597025321,105.06970563726,106.047154912204,94.3536367146469,95.915919225487,95.6507638474012,96.1733374702658,96.5853430388789,97.6136725974109,97.8896863952854
Monaco,MCO,"GDP per capita, PPP (current international $)",NY.GDP.PCAP.PP.CD,..,..,..,..,..,..,..,..,..,..,..,..,..,..,..,..,..,..,..,..,..,..,..,..
Monaco,MCO,"School enrollment, secondary (% gross)",SE.SEC.ENRR,149.82096862793,..,..,..,..,..,..,..,147.5048828125,..,..,..,..,..,..,..,153.586303710938,..,..,..,..,..,..,..
Mongolia,MNG,"GDP per capita, PPP (current international $)",NY.GDP.PCAP.PP.CD,3739.69666851051,3888.85528581332,4083.38422166067,4399.36537925014,4941.82663694262,5406.14341980278,5977.19688729951,6678.05474357637,7296.58073671622,7119.39424211884,7531.62557442648,8861.82052869304,10151.7217998165,10442.3850504493,10900.2305197857,10458.3027240524,10511.3831063141,11096.0375604239,12317.4824277695,13604.978943194,13693.179806943,14792.2509086422,16401.9894751531,18004.8512058355
Mongolia,MNG,"School enrollment, secondary (% gross)",SE.SEC.ENRR,62.4367294311523,69.4697723388672,74.5482330322266,82.2682495117188,88.4728012084961,92.1028823852539,92.3052825927734,..,..,98.5075302124023,91.1776885986328,..,..,..,..,..,..,..,91.2949725153641,88.7463471502002,95.3826370696027,98.3276220923038,93.5508272676123,96.8181201904352
Montenegro,MNE,"GDP per capita, PPP (current international $)",NY.GDP.PCAP.PP.CD,6003.8529990953,6771.5482104101,7100.28306700488,7340.35009918017,7841.44380565018,8313.64054358567,10440.2734993601,12452.2628850091,13801.9149911395,12976.2464365042,13612.2915551291,14347.4457105412,13792.5731748207,14692.0574366306,15276.0334064191,16091.712641843,18030.0907942324,19356.6825946889,21083.5882908272,23705.5248672453,20624.7838079303,23690.0773513056,28049.6156106324,31862.7715778041
Montenegro,MNE,"School enrollment, secondary (% gross)",SE.SEC.ENRR,..,..,..,91.9459609985352,90.45458984375,91.0373306274414,92.1242370605469,92.5225219726562,93.0311737060547,95.6065979003906,98.99609375,93.1708908081055,92.6130599975586,..,..,91.863410949707,90.5575180053711,90.6022262573242,91.4442672729492,91.84033203125,92.3578720092773,93.1638412475586,92.1609725952148,93.8724975585938
Morocco,MAR,"GDP per capita, PPP (current international $)",NY.GDP.PCAP.PP.CD,3930.22314453125,4268.86962890625,4436.4287109375,4741.0615234375,5024.6943359375,5274.74169921875,5780.6181640625,6057.935546875,6437.0634765625,6628.57666015625,6848.66748046875,7274.1474609375,7307.6123046875,7542.0986328125,7237.27734375,7799.09228515625,7853.17626953125,8115.12060546875,7801.0986328125,8046.22900390625,7704.84912109375,8623.265625,9310.0322265625,9894.650390625
Morocco,MAR,"School enrollment, secondary (% gross)",SE.SEC.ENRR,39.6924896240234,41.3156585693359,43.0969085693359,44.651439666748,47.3964385986328,49.1547889709473,52.2258186340332,55.3458595275879,57.666561126709,60.7418212890625,63.0757983249551,66.0255284774218,68.7358726261435,..,..,..,..,78.2157249451868,78.470919593794,79.3440512967066,80.3087996541375,80.740396321068,84.4553724029251,87.7346312462207
Mozambique,MOZ,"GDP per capita, PPP (current international $)",NY.GDP.PCAP.PP.CD,471.967329761791,532.627310160456,580.040921427185,619.987510681772,673.345717268781,721.411761943486,798.387667642541,861.987682743539,916.155850233958,951.485453763858,1000.2411486648,1063.65543296311,1075.87786085361,1113.7525275929,1165.82826607505,1317.88785956822,1379.10740028691,1282.74965991801,1325.58695568953,1388.79707034446,1411.62040229911,1457.23540930922,1581.9441944262,1678.39118243681
Mozambique,MOZ,"School enrollment, secondary (% gross)",SE.SEC.ENRR,5.94095993041992,6.66658020019531,8.2307596206665,..,10.5598001480103,12.95458984375,15.2163000106812,17.9137401580811,20.1720008850098,22.9890193939209,25.1208838457009,26.0157578808472,25.6446165136399,34.4439086914062,33.95458984375,34.5285606384277,..,37.2411918640137,..,..,..,..,..,..
Myanmar,MMR,"GDP per capita, PPP (current international $)",NY.GDP.PCAP.PP.CD,948.748285178047,1068.82590521952,1203.8263073429,1384.52851825947,1600.84105608585,1860.45413157633,2152.86730947026,2458.85746440138,2748.07921338491,3039.7998233771,3348.12889497049,3579.40482970626,3845.15284153671,4143.63012731959,4376.38833281274,4458.69054442659,4459.53981427471,4706.43248949598,5581.2769545815,6101.37245765709,5740.99045843992,5178.44718217164,5731.93787872459,5953.35735165913
Myanmar,MMR,"School enrollment, secondary (% gross)",SE.SEC.ENRR,39.3193206787109,40.303840637207,41.8484497070312,42.1795806884766,45.0282783508301,45.6932487487793,47.5437698364258,47.3708114624023,49.9790115356445,49.9621315002441,50.8663902282715,..,..,..,57.1178512573242,..,67.7588500976562,72.3457412719727,77.0191497802734,..,..,..,..,..
Namibia,NAM,"GDP per capita, PPP (current international $)",NY.GDP.PCAP.PP.CD,5128.61433644621,5196.15009836199,5433.26902723843,5692.63373752872,6479.76368965829,6766.5998120605,7373.75822211888,7874.93144508288,8124.81517886749,8079.38392286218,8538.19995395948,9002.23004537057,9363.76632318029,9699.2083777865,10365.3090596781,10465.8920558516,10200.1392609733,9887.9393548255,9853.73533646074,9609.48555672874,9354.13136713077,9709.09930646771,10662.7017064119,11251.2370313819
Namibia,NAM,"School enrollment, secondary (% gross)",SE.SEC.ENRR,63.7193412780762,67.4832611083984,66.1111907958984,65.2594223022461,64.5331420898438,63.1600494384766,62.1227416992188,62.7577209472656,..,..,68.0998401813149,72.4541177178611,74.2465574610051,76.142480002464,76.7595646559311,78.2608012276393,79.2606097203135,79.5334606379175,78.8626899009705,79.0125016773938,82.8872992484077,83.3329528489539,81.8163691171532,81.6173009252032
Nauru,NRU,"GDP per capita, PPP (current international $)",NY.GDP.PCAP.PP.CD,5838.38474480524,5587.10059513323,5132.474854085,5260.70566106421,5168.562529217,5336.45554924709,5974.81684403378,4788.51763173528,5863.37099288988,5567.8891646028,5620.40413037023,6544.10299768768,8153.2726237438,8428.7325679025,9725.9521482902,9955.33548663175,10281.267399011,9650.31890049941,9657.26073566654,10554.5218534787,10810.9461002401,12112.2358384228,13245.1094562619,13731.5704745016
Nauru,NRU,"School enrollment, secondary (% gross)",SE.SEC.ENRR,46.8175392150879,45.7883415222168,41.9780197143555,47.2527503967285,36.415771484375,42.5531883239746,57.9658584594727,50.5131988525391,61.9589996337891,..,..,..,83.1134567260742,..,83.9183731079102,..,78.6677169799805,..,..,86.1130981445312,80.2433776855469,..,92.7814636230469,90.1002502441406
Nepal,NPL,"GDP per capita, PPP (current international $)",NY.GDP.PCAP.PP.CD,1316.82940913774,1388.47045455809,1390.43706974998,1453.18365785704,1542.44947639149,1627.83915596503,1717.78611779434,1809.3237124739,1942.152996933,2028.95740753622,2139.22749384013,2247.99742932205,2465.83469449131,2658.02196886933,2901.19752086169,2957.30559145504,2976.12513681451,3604.70825949747,3956.12461094443,4260.67373190851,4235.57462326905,4546.22970006289,5102.99231132947,5395.20820077513
Nepal,NPL,"School enrollment, secondary (% gross)",SE.SEC.ENRR,34.4201507568359,37.3896903991699,41.0556297302246,42.0749092102051,..,45.098201751709,42.5181617736816,42.0970306396484,48.0189094543457,49.2625999450684,55.5892906188965,58.9935111999512,63.1414794921875,65.4935302734375,67.5318298339844,68.6131210327148,71.7744979858398,74.4113311767578,..,80.2800521850586,85.3101577758789,83.9220209713597,84.1026475876285,89.8898815141438
Netherlands,NLD,"GDP per capita, PPP (current international $)",NY.GDP.PCAP.PP.CD,31894.6590915933,33259.4535966288,34568.4593268108,34286.3833524783,35960.7138360683,37778.4864360065,41208.0462204734,44203.4002135804,46714.3454301392,44959.169463743,45301.269581608,47004.1370739062,47653.3401651371,49622.0519614799,49751.3092860822,50956.6930942185,53162.2791598028,56037.567993606,58819.2609142584,62345.2538465433,62596.6302027524,68573.5648786446,78630.3599072098,81728.6904629268
Netherlands,NLD,"School enrollment, secondary (% gross)",SE.SEC.ENRR,..,123.443389892578,120.754852294922,119.909339904785,116.909530639648,117.553810119629,118.427619934082,119.842338562012,121.511627197266,122.74600982666,124.569526672363,129.868103027344,111.448249816895,..,..,114.137916564941,112.994277954102,115.225227355957,114.50032043457,114.804168701172,136.284164428711,135.962173461914,138.767501831055,137.514724731445
New Caledonia,NCL,"GDP per capita, PPP (current international $)",NY.GDP.PCAP.PP.CD,..,..,..,..,..,..,..,..,..,..,..,..,..,..,..,..,..,..,..,..,..,..,..,..
New Caledonia,NCL,"School enrollment, secondary (% gross)",SE.SEC.ENRR,..,..,..,..,..,..,..,..,..,..,..,..,..,..,..,..,..,..,..,..,..,..,..,..
New Zealand,NZL,"GDP per capita, PPP (current international $)",NY.GDP.PCAP.PP.CD,21500.1531078077,22511.0906735294,23306.2795376277,23996.4486751857,25123.9162365879,25677.4190803252,27732.3439124039,29331.2143367859,29895.6451662949,30746.1551656083,31305.3299504124,32738.9884445601,33054.8936751088,36262.704728265,37331.3155732447,37513.2963872442,39988.9250855472,42243.5084459397,42527.2784103301,45278.4587226734,45513.3123768343,48248.7176729892,54033.9130125651,54697.382252318
New Zealand,NZL,"School enrollment, secondary (% gross)",SE.SEC.ENRR,112.153717041016,112.625297546387,115.515556335449,117.427673339844,115.379913330078,119.563697814941,117.906547546387,119.56844329834,118.054237365723,125.807861328125,119.128967285156,118.256721496582,116.826477050781,115.650527954102,116.084312438965,114.889991760254,113.687911987305,112.943313598633,112.411079406738,120.266319274902,116.893188476562,117.595428466797,114.774932861328,113.395988464355
Nicaragua,NIC,"GDP per capita, PPP (current international $)",NY.GDP.PCAP.PP.CD,2806.25937937345,2916.55168323761,2948.22979847883,3046.1086825849,3255.48515859924,3455.99273667007,3657.96749691494,3891.49984972345,4044.37612184283,3879.66988190397,4042.22071276517,4324.71007244238,4507.94302866696,4710.57243158513,5067.74639018687,5448.89226010317,5882.36645219746,6225.34702574846,5935.16693631386,5981.10876431466,6274.09456741388,7119.16923360042,7796.69362034144,8319.97944140996
Nicaragua,NIC,"School enrollment, secondary (% gross)",SE.SEC.ENRR,53.405029296875,56.3652381896973,60.6764602661133,..,65.4347305297852,68.5747222900391,69.0923385620117,72.1754989624023,70.7740936279297,..,71.3924407958984,..,..,..,..,..,..,..,..,..,..,..,..,70.1749572753906
Niger,NER,"GDP per capita, PPP (current international $)",NY.GDP.PCAP.PP.CD,764.28188514316,809.387186909375,832.469364409205,836.978440593236,832.125196599523,888.304262543839,935.175329354286,954.892280110555,1010.43184621169,998.792501504778,1057.51100257385,1064.41917390361,1161.78908289767,1137.76904129571,1161.32515723793,1172.19178758955,1188.55709229837,1208.14609955266,1275.99643935327,1419.16805070193,1496.83350023022,1585.59922021188,1839.96909675903,1875.15306770628
Niger,NER,"School enrollment, secondary (% gross)",SE.SEC.ENRR,6.30063009262085,6.231369972229,6.28120994567871,6.86678981781006,8.35079956054688,9.26323986053467,10.6787004470825,10.3014001846313,10.6592998504639,11.1999397277832,12.8063202484136,13.6643213754076,14.8037867184503,15.9596510320284,17.8459505465436,19.6922012498743,22.6700395113082,23.7611505662509,..,..,..,..,..,21.5605140503495
Nigeria,NGA,"GDP per capita, PPP (current international $)",NY.GDP.PCAP.PP.CD,3138.99138910401,3308.50611479543,3770.1793488182,4014.86695354936,4381.13682825117,4678.09163245173,4975.26979314967,5297.97029503285,5607.00840150758,5927.46111768635,6301.18372544791,6585.36193271035,6670.83826243627,7004.13119554477,7396.12835532947,7307.83788188925,7072.49693372311,7036.67414372387,7158.17107571781,7551.39380367192,7414.7749554048,7588.47885596359,8304.9581050353,8705.43426693539
Nigeria,NGA,"School enrollment, secondary (% gross)",SE.SEC.ENRR,23.9613494873047,26.3999805450439,28.8738098144531,..,33.9481201171875,33.7729187011719,33.1262817382812,30.4232006072998,33.6112785339355,37.1381416320801,41.7837982177734,43.0239906311035,44.4557914733887,52.7967300415039,42.7821502685547,43.8246917724609,39.3068084716797,..,40.4885292053223,..,44.1220893859863,45.444938659668,..,46.8931503295898
North Macedonia,MKD,"GDP per capita, PPP (current international $)",NY.GDP.PCAP.PP.CD,6153.89675266027,6051.02977709083,6395.17250234276,6608.20753127326,7229.41434974388,7972.29770978201,8888.46168232106,9638.6478016189,10924.3276713102,11532.1364033642,11992.1816944788,12420.8114553395,12725.9772893634,13662.7566550362,14485.1215168988,15034.1677602787,16457.5652245258,17161.049071447,18460.4624451227,20222.5954834227,19962.1482468276,22144.2842571431,24212.2818885331,25354.103505762
North Macedonia,MKD,"School enrollment, secondary (% gross)",SE.SEC.ENRR,83.5768890380859,84.2949676513672,83.9654083251953,83.6575317382812,83.2468414306641,83.6800384521484,..,84.0014801025391,84.0322494506836,84.1355972290039,85.4283828735352,..,85.8300170898438,83.8025588989258,83.6949768066406,84.9836273193359,..,84.6865386962891,83.3533935546875,82.5312805175781,82.4416732788086,84.1619567871094,91.4516372680664,90.0724868774414
Northern Mariana Islands,MNP,"GDP per capita, PPP (current international $)",NY.GDP.PCAP.PP.CD,..,..,..,..,..,..,..,..,..,..,..,..,..,..,..,..,..,..,..,..,..,..,..,..
Northern Mariana Islands,MNP,"School enrollment, secondary (% gross)",SE.SEC.ENRR,..,..,..,..,..,..,..,..,..,..,..,..,..,..,..,..,..,..,..,..,..,..,..,..
Norway,NOR,"GDP per capita, PPP (current international $)",NY.GDP.PCAP.PP.CD,36994.405804639,37829.4559680622,38056.2404278106,38679.7805951741,42667.2192035819,47966.8640112608,54357.5748137787,56179.2578866296,62072.7539854909,55647.6147943451,58213.1333665855,62460.0908157002,65774.3520746224,67377.9262258772,66332.4614374198,60737.8868132779,59280.1992028829,64589.5559196863,70253.8463693386,70939.605518036,67110.6045705502,88984.1386736515,125489.548935602,103637.516843678
Norway,NOR,"School enrollment, secondary (% gross)",SE.SEC.ENRR,..,114.568199157715,113.255867004395,113.38200378418,114.047332763672,111.56275177002,111.527641296387,111.639923095703,111.518058776855,111.068412780762,112.978569030762,113.169883728027,112.176536560059,114.515380859375,113.448226928711,115.210121154785,116.611267089844,117.301460266113,117.714706420898,119.421340942383,119.941543579102,119.816871643066,119.442527770996,117.775093078613
Oman,OMN,"GDP per capita, PPP (current international $)",NY.GDP.PCAP.PP.CD,39443.2607398257,41679.0150905058,41511.028525808,40934.6957158245,42141.6368965156,43672.5203183067,46091.1822351846,48626.9220419854,52841.1889523143,55127.4677721764,55667.4687778644,52393.3135820293,49989.4425093994,47013.4730934385,44235.8336329334,36058.1666084788,33333.8635893722,33619.4988982607,37780.3308327271,37250.6110788359,35163.3281781415,38719.4587682049,42616.3348955868,41945.0255640883
Oman,OMN,"School enrollment, secondary (% gross)",SE.SEC.ENRR,77.5544662475586,80.0002517700195,82.3686370849609,83.6306076049805,..,87.4191207885742,89.8000335693359,92.0884475708008,93.2216796875,98.9851303100586,..,114.451620751396,110.750350631136,109.168488109249,..,101.932699190524,102.304902141834,101.678019833334,103.951581913667,102.141469011215,94.5432460924967,94.287268445183,91.9645458184777,..
Pakistan,PAK,"GDP per capita, PPP (current international $)",NY.GDP.PCAP.PP.CD,2565.19958815141,2643.76627507187,2687.82993619927,2821.73137023045,3048.35709122876,3292.60223269538,3514.81365241137,3672.18527458861,3721.33293561622,3777.09098629051,3785.70113530595,3879.5977693449,4046.59848766311,4173.93858568758,4312.99070040776,4480.26313460985,4630.7315068374,4789.53646557553,4979.3734961655,5037.53401559745,5048.0213062963,5367.27364714762,5920.27430654107,6013.989636386
Pakistan,PAK,"School enrollment, secondary (% gross)",SE.SEC.ENRR,..,..,..,19.8385200500488,21.7634296417236,22.6038208007812,27.2463207244873,29.0634307861328,29.1768093109131,29.0589694976807,29.2962900661933,29.7271460529531,30.6300201416016,31.544819132504,32.6573427323505,34.6741466548496,35.8643246680809,35.3224248744451,37.1466063259079,38.7511552822907,..,40.2578898404389,40.4177656413012,42.2911451386891
Palau,PLW,"GDP per capita, PPP (current international $)",NY.GDP.PCAP.PP.CD,10196.9054222148,11091.7936315765,11703.9384988605,11588.3696214973,12213.1978548368,12960.1678150853,13544.7651275481,14308.2328121476,14039.4056180714,13414.3544901082,13443.3986844956,14673.0560248903,15461.371967653,15424.7596503485,16442.0389291227,17853.5103927061,18234.6118770397,17991.1080155154,18172.3045821299,18421.9034582421,17389.7246153166,15780.5501158866,17184.5415251955,18230.2698627414
Palau,PLW,"School enrollment, secondary (% gross)",SE.SEC.ENRR,91.4381866455078,..,..,102.667266845703,98.1433486938477,97.3436889648438,100.88996887207,101.115242004395,..,..,..,..,..,106.158729553223,108.378378378378,..,..,..,..,..,160.800003051758,102.280826799715,89.0526315789474,97.286012526096
Panama,PAN,"GDP per capita, PPP (current international $)",NY.GDP.PCAP.PP.CD,8097.29578007965,8197.15760528353,8370.30337531917,8800.56663131567,9591.60288710752,10511.0220241591,11684.5550230964,13332.8660935017,14705.3714314955,14765.7380188572,15572.5786985323,17473.7651165489,19473.251491839,21923.6750843341,24376.0808599604,27245.2788402631,30276.7088496195,33533.32602165,32463.5403500842,33239.7332276186,27017.0033790906,30932.7627809145,36333.1269184359,39813.3857939972
Panama,PAN,"School enrollment, secondary (% gross)",SE.SEC.ENRR,64.2499084472656,66.2995376586914,67.6569900512695,..,67.365348815918,67.5274200439453,67.3454132080078,67.6976089477539,68.7568283081055,70.2938766479492,71.9136975816467,71.7412201114851,..,76.4041290283203,76.0406265258789,76.5946807861328,82.601448059082,76.5998992919922,..,..,..,..,..,..
Papua New Guinea,PNG,"GDP per capita, PPP (current international $)",NY.GDP.PCAP.PP.CD,2195.95783293206,2167.75888613606,2125.38720131644,2141.94088709085,2186.54008155669,2321.90916249433,2443.80225242341,2622.37468728077,2583.48094331882,2692.43509261969,2911.8920318969,2918.54391777544,3025.85599590795,3109.89537238113,3499.5484675555,3669.73871592695,3812.71035100798,3923.17197680467,3909.91572975538,4059.82860207487,3899.57719236851,3976.90380116956,4419.61926962803,4667.83567092991
Papua New Guinea,PNG,"School enrollment, secondary (% gross)",SE.SEC.ENRR,..,..,..,..,..,..,..,..,..,..,..,..,37.0596555013801,..,..,..,..,..,44.5501121213216,46.2668456486691,44.5528199220061,45.848952374731,..,52.0929750873194
Paraguay,PRY,"GDP per capita, PPP (current international $)",NY.GDP.PCAP.PP.CD,6937.1767197553,6916.4933075016,6924.18334927644,7275.93316008991,7685.65814789972,8006.7097816731,8560.73925135464,9178.94421589024,9867.39695343742,9801.649331069,10893.3149199478,11441.7636772255,10954.3251570137,12137.0081947562,12607.0721636671,12679.0574753234,13329.1373366354,13977.3427788671,14139.0931267568,14149.598522753,14308.8787738305,15406.1670646576,16347.0434974776,17564.4912369374
Paraguay,PRY,"School enrollment, secondary (% gross)",SE.SEC.ENRR,64.4096298217773,68.1916809082031,69.8106307983398,67.5210266113281,68.885986328125,68.879280090332,68.669563293457,69.0111694335938,70.5332565307617,71.5204086303711,73.1651100594436,75.882698059082,82.8002090454102,..,..,..,81.8651046483746,..,..,..,85.6669309236136,84.787987118923,82.3071472143291,79.7518585422984
Peru,PER,"GDP per capita, PPP (current international $)",NY.GDP.PCAP.PP.CD,5011.94540719164,5086.42247806779,5382.56641273977,5656.85816117967,6037.52025106396,6559.54330021754,7213.59606031591,7982.05008377224,8820.13901056849,8916.59577535359,9713.35863309362,10462.5770434663,10757.1522234351,11290.5547403874,11517.7371710247,11600.3873992867,12066.5460683317,12591.8562879234,13078.2323503405,13563.5372933551,12563.3038060893,15280.5512106486,16669.1561486769,17011.2278028825
Peru,PER,"School enrollment, secondary (% gross)",SE.SEC.ENRR,80.8428726196289,83.8087387084961,85.1464004516602,78.4806213378906,81.8064575195312,82.8499298095703,85.8261795043945,88.9029235839844,90.2652816772461,93.8280029296875,96.13037109375,97.5231475830078,96.4381103515625,101.583869934082,99.8733825683594,100.251571655273,102.150123596191,101.044578552246,99.8580093383789,99.5297164916992,100.138702392578,101.589141845703,103.591468811035,111.395393371582
Philippines,PHL,"GDP per capita, PPP (current international $)",NY.GDP.PCAP.PP.CD,3365.55833537799,3468.898883231,3580.38245474744,3761.49624595071,4037.17193792289,4289.05223691996,4578.70630898161,4923.19718572577,5144.3357818823,5157.2782508844,5489.23543457601,5705.43591174904,6094.26837338658,6372.83382112545,6688.73961232553,6894.26702217935,7382.66758431792,7773.79853599024,8357.74357934219,8924.10116402887,8238.36802037457,8857.78995115514,10131.346369794,10985.8292627505
Philippines,PHL,"School enrollment, secondary (% gross)",SE.SEC.ENRR,..,70.5786285400391,74.9138336181641,76.8219680786133,78.5408630371094,78.3063812255859,76.9573211669922,77.0709991455078,78.008903503418,80.1762771606445,..,..,..,..,81.5640314318642,82.0085254812081,82.7837574272484,80.9227600097656,79.3622469757001,85.3821865979599,87.9419879481158,85.8666475631511,92.291271176651,91.5493424610693
Poland,POL,"GDP per capita, PPP (current international $)",NY.GDP.PCAP.PP.CD,10721.2034293332,11175.2853656421,11841.2684087721,12328.9011615853,13413.0543202274,13935.5573148214,15204.8809890545,16833.2346946924,18372.37645483,19300.1669900632,20990.9122325468,22808.5055268899,23728.1456821435,24433.8914344877,25459.7392273761,26988.1069013509,28359.6927346266,30170.2818974087,32345.1066076225,35882.3655065553,37089.3004256812,41059.5847829682,46777.5524519162,48473.0940286419
Poland,POL,"School enrollment, secondary (% gross)",SE.SEC.ENRR,..,101.693962097168,103.719223022461,106.250358581543,98.4879837036133,101.085952758789,100.597557067871,100.348258972168,99.9508209228516,99.6487579345703,100.207778930664,100.617851257324,100.56485748291,111.516960144043,110.031021118164,109.41478729248,109.117248535156,109.45922088623,110.541938781738,109.753303527832,112.576263427734,110.52970123291,108.48217010498,108.386131286621
Portugal,PRT,"GDP per capita, PPP (current international $)",NY.GDP.PCAP.PP.CD,18883.1145969452,19528.5826120827,20356.647299736,20849.5943833375,21475.5711021267,22725.2774946084,24677.2834629922,25738.0214895961,26665.8372952939,26471.9079607159,27292.0819531528,26803.2336904645,26476.2182777269,27966.0874254705,28764.5254955042,29608.0071513956,31589.2695609552,32970.8395386562,34896.7993382974,37865.5603564295,35966.712796561,38657.6677223425,45250.0148759865,49352.8388613032
Portugal,PRT,"School enrollment, secondary (% gross)",SE.SEC.ENRR,..,108.49845123291,109.794471740723,108.311233520508,95.0831298828125,96.4346008300781,95.6554183959961,99.3079605102539,101.609558105469,105.083099365234,107.523330688477,108.864181518555,110.253372192383,118.932960510254,114.901290893555,116.804588317871,115.488418579102,117.235328674316,118.28833770752,119.519371032715,118.68286895752,118.984870910645,120.926139831543,120.347076416016
Puerto Rico (US),PRI,"GDP per capita, PPP (current international $)",NY.GDP.PCAP.PP.CD,22938.0302267173,24881.9773781802,25467.3607199539,25967.7814815982,28993.0735148502,29350.3060557285,29955.5812641396,30587.9990445374,30782.4539565628,30533.6808994165,30908.7986630853,31697.218864709,32077.6178539123,32279.4000290919,32391.0670311533,32323.5456459985,32245.8484276651,31866.6160571769,33706.5915157959,36217.7204390287,36858.6085217908,40559.474811812,45327.510192422,47543.3937761528
Puerto Rico (US),PRI,"School enrollment, secondary (% gross)",SE.SEC.ENRR,..,..,..,..,..,..,..,..,..,88.5960998535156,87.0993194580078,84.0764465332031,86.5407180786133,89.4305877685547,91.3355865478516,99.0586395263672,86.821891784668,..,88.8774795532227,..,..,..,..,110.409713745117
Qatar,QAT,"GDP per capita, PPP (current international $)",NY.GDP.PCAP.PP.CD,88848.7013764883,89804.935426346,93176.5306735223,94120.3668317771,110957.828211099,115250.402334132,127180.710199783,124055.682467084,126015.024327928,125897.62504715,151646.145163851,174619.917706815,180939.439450305,169203.349850341,148389.2001335,102545.863291279,89934.66888248,99358.3733880435,110032.839882747,107502.567853627,82149.4569875883,116832.656941972,122920.54329029,129367.869670927
Qatar,QAT,"School enrollment, secondary (% gross)",SE.SEC.ENRR,..,87.8413467407227,87.4843902587891,88.7019805908203,90.0552520751953,90.0544815063477,91.3522491455078,91.991569519043,97.6288604736328,97.2014999389648,98.150178716375,96.4676867591291,98.6139808267348,97.3663778760953,97.8845311253665,101.946830749512,97.44147524298,101.989694099425,102.1549014004,105.162567508393,105.869328366077,95.6694483531864,102.968360766419,100.136596679688
Romania,ROU,"GDP per capita, PPP (current international $)",NY.GDP.PCAP.PP.CD,5850.08487880703,6519.8885795129,7162.29382627668,7559.41625051161,8989.31783804604,9602.1244037474,11554.0792439124,13702.7537733519,16782.0334884689,16640.7951853094,17354.6748476713,18803.8678810861,19807.5984490026,19678.1108930755,20632.9924390362,21624.5618152909,23905.1743665679,26943.3085419885,29382.7567479407,33425.326172666,34193.8374521868,37534.1559176911,41979.2586767087,45981.6027785222
Romania,ROU,"School enrollment, secondary (% gross)",SE.SEC.ENRR,..,83.499382019043,84.9503479003906,84.2207717895508,82.5846405029297,81.0594787597656,85.6820602416992,84.2603607177734,94.5384063720703,103.393241882324,102.467903137207,100.735900878906,97.4503707885742,95.6988983154297,93.5339965820312,91.3377075195312,88.7795104980469,88.3843231201172,86.5577163696289,86.4074096679688,86.416877746582,86.1970901489258,83.0334701538086,81.6316070556641
Russian Federation,RUS,"GDP per capita, PPP (current international $)",NY.GDP.PCAP.PP.CD,6825.3916015625,7361.36376953125,8037.474609375,9254.537109375,10226.7666015625,11822.3466796875,14912.234375,16648.2421875,20163.609375,19389.94140625,20490.126953125,22789.54296875,24273.517578125,26019.7265625,25688.2265625,23994.013671875,24012.40234375,25777.904296875,28628.5625,30963.853515625,31490.8046875,38638.4296875,40938.98828125,44268.73046875
Russian Federation,RUS,"School enrollment, secondary (% gross)",SE.SEC.ENRR,..,..,..,94.6366500854492,88.130989074707,86.7092514038086,86.4854736328125,86.5527572631836,87.0486373901367,89.8769302368164,..,94.5758904929741,95.5384826756866,95.9993761959632,95.6056322692131,96.3292563031308,95.8434944997854,97.5206298303399,99.1831046517789,100.471744682473,91.5812884026933,92.171155276901,92.7729443625069,92.4840470838527
Rwanda,RWA,"GDP per capita, PPP (current international $)",NY.GDP.PCAP.PP.CD,609.265855545553,669.875436350145,759.662612911492,774.508237332335,832.279719304053,914.227366408104,1002.28949388428,1078.93885246368,1190.7575798332,1240.54972631385,1314.13559494324,1412.90752155318,1454.52507891388,1512.24171253848,1677.56869684182,1780.74171636863,1866.38968530286,1967.94286602499,2125.49522712839,2336.03967302732,2284.89889795328,2733.43566762447,3098.67700634994,3399.45174603143
Rwanda,RWA,"School enrollment, secondary (% gross)",SE.SEC.ENRR,10.2389402389526,11.1507501602173,12.1046600341797,13.584939956665,15.3283996582031,16.4831008911133,18.1992893218994,20.3850002288818,22.1014308929443,26.5538196563721,32.4029083251953,36.6210098266602,39.662769317627,30.2092864949597,41.8218654918977,39.4099042857311,38.506238583342,39.6912128982215,41.1796940634956,44.0779032495009,..,44.1820840550314,44.1547093958443,45.1251505756161
Samoa,WSM,"GDP per capita, PPP (current international $)",NY.GDP.PCAP.PP.CD,3061.84986676721,3334.97791645842,3552.91066710799,3792.19847660915,3996.7446356324,4378.5944315772,4591.90702524785,4713.02123375726,4939.22558356596,4906.48254274628,5229.04191199124,5494.24063118213,5338.73979322922,5386.90063081914,5468.10058532556,5681.77812768843,6141.45089044263,6280.21500477143,6318.26977293454,6638.18454759102,6450.75201183405,6350.11428353253,6909.17129928336,8194.80725640734
Samoa,WSM,"School enrollment, secondary (% gross)",SE.SEC.ENRR,77.3879165649414,78.0200500488281,78.0871734619141,81.3155212402344,81.9052886962891,81.7751388549805,81.539176940918,80.4865264892578,..,82.5911865234375,84.0352967940982,82.7630728993357,82.3821348963746,..,87.4514117977902,87.5602107303153,87.3532286947715,..,..,..,..,..,..,..
San Marino,SMR,"GDP per capita, PPP (current international $)",NY.GDP.PCAP.PP.CD,53713.4483344714,57251.795597303,57583.9069425178,60223.9128467427,61113.9018661653,63738.5738721939,67434.1560064444,71744.0519986492,71723.6242187251,61969.8285368182,58926.1403701298,56239.9592730018,51274.2154785964,50770.3673195862,52909.2224071252,52247.2078276415,53033.0563376235,52463.4196397748,54460.9058332865,57444.1193582109,55206.5812324405,64745.1316780701,75941.4899090162,78745.4313299335
San Marino,SMR,"School enrollment, secondary (% gross)",SE.SEC.ENRR,47.660400390625,..,..,..,..,..,..,..,62.9629592895508,63.9632110595703,66.6119766235352,65.9253387451172,64.1398315429688,..,..,..,..,..,60.3284671532847,61.0058309037901,61.8604651162791,61.0071942446043,61.6779239246356,60.7940446650124
Sao Tome and Principe,STP,"GDP per capita, PPP (current international $)",NY.GDP.PCAP.PP.CD,1830.36629942706,1897.87411122439,1944.99838482036,2093.50493378321,2170.94121914898,2329.01423017277,2550.59553998213,2650.1038762996,2801.83579340874,2845.73589383231,2858.56899092769,2914.21285695222,2652.87879478958,2945.73664283744,3233.3568807314,3171.50905832741,3319.54261733278,3436.31010124694,3941.03280858409,4655.48496449805,5144.53560286014,5732.69456061536,6033.6811722183,6149.98146081932
Sao Tome and Principe,STP,"School enrollment, secondary (% gross)",SE.SEC.ENRR,..,..,..,36.1393585205078,39.6760902404785,43.0029182434082,..,46.4745101928711,43.6149482727051,49.2131805419922,50.2788581848145,48.8370208740234,56.3386497497559,63.3046607971191,74.2815475463867,82.4009170532227,83.8791198730469,90.4435729980469,..,..,..,..,..,..
Saudi Arabia,SAU,"GDP per capita, PPP (current international $)",NY.GDP.PCAP.PP.CD,48643.6072177646,47380.8031555036,45466.0257673051,48078.1186117167,51225.3258202551,53548.1964925537,54638.7588925129,55029.87121382,57236.0519568285,54787.3552114775,58828.726534911,64125.2177225838,65033.6161818077,62202.8859202572,62578.0708415156,53930.8273872622,49937.0668103808,53120.4572456269,59377.8025368768,59560.2537904546,47518.4877485153,62690.4966645929,71968.074955888,71564.800028565
Saudi Arabia,SAU,"School enrollment, secondary (% gross)",SE.SEC.ENRR,..,..,..,..,..,87.1481628417969,..,91.6758117675781,..,99.7553787231445,..,..,..,93.0168905157466,98.8496091524944,102.979200639837,105.491550199825,106.244903966787,106.376211565111,104.048257824894,104.411027399625,104.280975297041,122.158039993668,..
Senegal,SEN,"GDP per capita, PPP (current international $)",NY.GDP.PCAP.PP.CD,1963.27509878739,2043.85289540933,2026.77782446969,2130.50797474486,2236.29400949837,2350.20037042455,2422.09761798858,2499.31582882192,2580.71949180217,2605.72280250701,2662.50486626479,2684.94989722318,2764.26130708482,2768.76818711984,2853.80456250635,2994.28032714875,3101.12348494108,3234.36158194088,3380.21596529445,3647.95137357242,3752.91947490817,4173.67741399619,4530.22059496055,4777.61451861578
Senegal,SEN,"School enrollment, secondary (% gross)",SE.SEC.ENRR,15.2092504501343,15.5517797470093,16.9281692504883,..,19.9657497406006,22.2482490539551,24.2208805084229,..,30.7020606994629,..,37.1267013549805,42.6368983156004,46.4158677062967,49.0776594909389,50.546931380439,50.5380516052246,..,..,..,44.4624552560012,44.7866297761573,45.1726204964815,45.3756792066535,44.0673682244069
Serbia,SRB,"GDP per capita, PPP (current international $)",NY.GDP.PCAP.PP.CD,6415.70511863535,6802.74846643134,7562.70244892744,8022.94191295514,8715.11016924349,9397.60313235976,10463.3370106839,11685.3884085742,13122.5030713165,13037.9762942071,13320.0282376797,14298.2677444467,14506.2378578624,15246.9321985267,15296.1484591287,15546.298142138,16455.4261201487,17285.4272257972,18469.022619005,20587.382536041,21013.0512590365,23406.4036315634,26142.8279237665,29776.8951752159
Serbia,SRB,"School enrollment, secondary (% gross)",SE.SEC.ENRR,91.1882629394531,89.7503128051758,88.7098770141602,88.2943801879883,88.1681365966797,88.5904083251953,88.9565811157227,89.437370300293,90.4638137817383,91.4844589233398,91.4276275634766,93.6310501098633,94.1696166992188,94.4092102050781,94.3444137573242,96.6696090698242,96.234733581543,95.4950866699219,95.0872421264648,94.4721908569336,92.2411727905273,92.3795013427734,91.9540023803711,..
Seychelles,SYC,"GDP per capita, PPP (current international $)",NY.GDP.PCAP.PP.CD,14637.9590709133,14614.8329926864,14569.6256457696,14141.7230046746,14160.4071686004,15846.0514029555,17503.1964981748,19473.4206754148,18880.5748562445,18453.4410730348,18981.6586503443,21780.7075576057,22263.822159947,22487.2497747,24984.526915426,25435.2289894362,28811.3970334958,30674.6487335442,32091.2988657346,34219.061370118,31055.9442055039,29979.8272686091,29972.8758315937,31780.7838341965
Seychelles,SYC,"School enrollment, secondary (% gross)",SE.SEC.ENRR,86.0170364379883,78.5736694335938,74.4553298950195,77.5321578979492,77.4061813354492,84.5365982055664,77.854362487793,84.6312103271484,81.1551132202148,80.9706115722656,76.172233581543,74.46608040201,84.5009231567383,84.6974263853466,89.3980343980344,92.0911695105244,101.712798026857,112.311212814645,108.274060095805,100.825877494838,102.18818380744,102.952278242114,76.8818747010999,74.2514404458298
Sierra Leone,SLE,"GDP per capita, PPP (current international $)",NY.GDP.PCAP.PP.CD,1242.07432044948,1121.24260099529,1359.91725651246,1457.80167857458,1541.00571321438,1614.50361925174,1697.69680421278,1769.77972125467,1824.24498367556,1814.0708691735,1900.38515206703,2042.70009101399,2317.1913997528,2700.73807805259,2762.04553745948,2560.04985807593,2634.9252433025,2501.4531554482,2640.47566787646,2704.05835866756,2719.07286815807,2849.38865926436,3143.96451050507,3368.31727188063
Sierra Leone,SLE,"School enrollment, secondary (% gross)",SE.SEC.ENRR,..,25.5431499481201,..,..,..,..,..,..,..,..,..,40.4235687255859,44.5522918701172,39.2237892150879,..,39.8463706970215,42.1386795043945,41.5312194824219,43.119270324707,61.1980781555176,62.5606803894043,73.4251403808594,..,86.9079513549805
Singapore,SGP,"GDP per capita, PPP (current international $)",NY.GDP.PCAP.PP.CD,43781.2691496809,43109.0641940157,45083.2529904573,48778.2983301244,54383.8062332219,58821.6934650901,64060.5686042424,68804.9832153264,67735.3480852019,66212.962556152,75400.5557984177,80052.3914982651,82107.7270892092,83088.3185411658,84555.2446100826,87156.187383315,89901.8159165036,95744.1821600957,103963.36329269,105335.291974111,101518.31798444,132617.354020876,143094.949896959,143786.136293013
Singapore,SGP,"School enrollment, secondary (% gross)",SE.SEC.ENRR,..,..,..,..,..,..,..,..,..,..,..,..,..,..,..,..,107.745868589242,107.472873863465,105.745250914262,104.621987875083,103.115839213946,102.951274385922,103.009804103267,103.082801906213
Sint Maarten (Dutch part),SXM,"GDP per capita, PPP (current international $)",NY.GDP.PCAP.PP.CD,..,..,..,..,..,..,..,..,..,36454.0882416339,37736.4056799196,39730.5467349267,35520.5138693527,36178.1870158544,43514.2365385271,44587.5911500766,44845.106868735,44479.2967076826,41653.2008964784,45715.6970519376,38901.4867603712,40507.0672411717,48760.6820580997,51686.6520818084
Sint Maarten (Dutch part),SXM,"School enrollment, secondary (% gross)",SE.SEC.ENRR,..,..,..,..,..,..,..,..,..,..,..,..,118.293650793651,..,111.371100164204,..,..,..,..,..,..,..,..,..
Slovak Republic,SVK,"GDP per capita, PPP (current international $)",NY.GDP.PCAP.PP.CD,11369.9916167703,12367.3391520167,13291.7864712556,14088.2610150529,15165.8836134619,16570.2574196157,18905.7195772335,21232.2703380662,23714.1353570991,23077.3712084636,25381.7112298749,26201.6502820886,27022.7747321382,28075.4326236719,29108.072180194,30147.9903672541,29867.9803390081,30245.7825869756,31509.8187291635,33985.6758419661,35327.9439165588,38346.0935768177,41562.1497793913,45973.9406902991
Slovak Republic,SVK,"School enrollment, secondary (% gross)",SE.SEC.ENRR,..,87.4630432128906,88.5775680541992,91.0334014892578,93.7951812744141,95.3483963012695,95.5382995605469,95.3289337158203,94.7546234130859,94.39501953125,94.7793426513672,94.9994125366211,95.0492630004883,93.529670715332,92.7571029663086,91.8957290649414,91.4534378051758,91.2535934448242,91.7815399169922,91.3246917724609,90.813346862793,91.0899124145508,92.2043075561523,92.6436767578125
Slovenia,SVN,"GDP per capita, PPP (current international $)",NY.GDP.PCAP.PP.CD,17891.5856596003,18763.4715912597,20004.2990959715,20915.5593835145,22587.7819716494,23682.3710849153,25571.066947369,27468.038850682,29460.9414243515,27228.6387025436,27579.428605763,28715.6339954963,28786.7105517686,29634.0657611471,30571.9753019832,31336.2043858881,33575.1775435757,36180.0384547624,38620.2045436305,42373.2506369279,41767.2579899957,45914.0572392406,52347.109726538,56064.0974596742
Slovenia,SVN,"School enrollment, secondary (% gross)",SE.SEC.ENRR,..,108.754692077637,109.761543273926,111.062507629395,98.896858215332,98.4314880371094,97.2324523925781,99.2364883422852,99.93359375,98.9675598144531,98.5378189086914,98.4782180786133,98.1137313842773,110.558929443359,110.182746887207,109.655220031738,115.216941833496,114.595596313477,113.556167602539,111.369567871094,110.359169006348,108.17887878418,107.874809265137,107.626876831055
Solomon Islands,SLB,"GDP per capita, PPP (current international $)",NY.GDP.PCAP.PP.CD,1502.88776967226,1387.19586861271,1343.73916356867,1433.09520209123,1556.46974913837,1693.19193514828,1786.13962900073,1868.75507214578,1989.0135920954,2021.46315086869,2182.21603858837,2306.28127950629,2320.45346146884,2394.46788083646,2377.38397015815,2353.78235283681,2421.18991118943,2454.04671914243,2493.97675737551,2512.01387973448,2405.31509364704,2449.87009821452,2496.22734577831,2596.56364252803
Solomon Islands,SLB,"School enrollment, secondary (% gross)",SE.SEC.ENRR,19.1796207427979,23.1048603057861,30.1493606567383,..,..,30.6725997924805,35.7089614868164,36.7365608215332,..,..,50.952808380127,49.3238906860352,49.0498504638672,..,..,..,..,..,..,..,..,..,..,..
"Somalia, Fed. Rep.",SOM,"GDP per capita, PPP (current international $)",NY.GDP.PCAP.PP.CD,467.060922117041,491.527329981834,517.475206104742,547.374154777771,580.284955539129,619.158298420655,659.137580504181,700.174057965187,739.209469335104,773.780862192893,815.131435994874,881.383113050941,1002.9322657147,944.404567280324,1127.71922200338,1341.38999678728,1468.50438474605,1596.81409178022,1551.52773977473,1548.27250940098,1454.26711848855,1392.31782053371,1486.47247333834,1555.61016798776
"Somalia, Fed. Rep.",SOM,"School enrollment, secondary (% gross)",SE.SEC.ENRR,..,..,..,..,..,..,..,6.01468992233276,..,..,..,..,..,..,..,..,..,..,..,..,..,..,..,3.34785008430481
South Africa,ZAF,"GDP per capita, PPP (current international $)",NY.GDP.PCAP.PP.CD,8095.29428867929,8428.31681707531,8792.35588574265,9138.82823855017,9713.65348468834,10440.6275147132,11250.179555872,12046.6051072501,12525.2630299811,12261.4115911303,12637.2912226018,13143.1933361097,12986.7976675307,13369.4382039605,13358.9417186608,13397.5234813346,13519.3235102376,13738.4385854596,13347.3634826038,13361.4851289112,12671.0862436851,13681.9548144813,14749.0478045301,15199.7329823776
South Africa,ZAF,"School enrollment, secondary (% gross)",SE.SEC.ENRR,74.3193817138672,73.9493103027344,74.4450225830078,75.5357818603516,78.2966613769531,80.4203414916992,83.7833480834961,85.5366287231445,84.0473480224609,85.9605407714844,86.5922045596808,88.9442291259766,92.1625137329102,..,101.163200378418,104.622812990742,103.855987548828,105.623168945312,101.399612936693,103.78912033531,103.501178102472,106.443303990911,104.535066506498,104.133480684239
South Sudan,SSD,"GDP per capita, PPP (current international $)",NY.GDP.PCAP.PP.CD,..,..,..,..,..,..,..,..,2887.37415932878,2911.0429729878,2948.0500149385,2718.04847850752,1417.38566439045,1916.8535588619,1372.75618491146,1154.88686304107,..,..,..,..,..,..,..,..
South Sudan,SSD,"School enrollment, secondary (% gross)",SE.SEC.ENRR,..,..,..,..,..,..,..,..,..,..,..,10.8023195266724,..,..,..,11.5348100662231,..,..,..,..,..,..,..,..
Spain,ESP,"GDP per capita, PPP (current international $)",NY.GDP.PCAP.PP.CD,21582.2067955558,22952.3641099695,24377.8417076394,25057.3469945838,26159.7864720491,27629.7077024966,30748.7396326091,32536.1882684038,33349.942580613,32218.2880170155,31804.6746571689,32015.5752000401,31869.7839822219,32613.6891811474,33760.9555646369,35228.6333036223,37612.7188681342,39825.2498116292,41015.1565755187,44042.757577336,39327.8479269599,44251.6658222621,51398.9310403407,55682.2402603093
Spain,ESP,"School enrollment, secondary (% gross)",SE.SEC.ENRR,..,115.331329345703,115.286270141602,114.452789306641,115.084503173828,117.570930480957,117.273666381836,117.488693237305,117.210586547852,117.357116699219,122.622512817383,126.152786254883,127.786712646484,126.814498901367,125.537757873535,125.170799255371,123.736541748047,121.1416015625,120.109077453613,119.379127502441,118.338188171387,120.135841369629,119.646171569824,118.361709594727
Sri Lanka,LKA,"GDP per capita, PPP (current international $)",NY.GDP.PCAP.PP.CD,4367.80358983464,4328.19141112598,4522.32769640072,4849.86023450517,5215.88024437154,5678.74647778512,6260.67990154804,6820.39310023368,7316.58626510951,7575.57988724931,8233.62663813947,9075.545495895,10249.1670637714,11252.6311491911,11720.5978110374,12227.1714849513,13078.5605089072,13610.4723136618,14178.0225361887,14112.952504221,12940.9043295749,14316.1352225683,14193.6546217446,14455.6544414734
Sri Lanka,LKA,"School enrollment, secondary (% gross)",SE.SEC.ENRR,..,..,..,..,..,..,..,..,..,..,92.3497085571289,94.108642578125,94.6744689941406,95.1442636196356,93.4926277980089,94.4516928962286,93.9037221276375,94.0418660922689,95.9107331693991,..,..,89.8339685558794,88.1918156520303,87.9534065332114
St. Kitts and Nevis,KNA,"GDP per capita, PPP (current international $)",NY.GDP.PCAP.PP.CD,15256.4305904132,16235.424658459,16619.1655126465,16225.6744091063,17275.8639872488,19500.3236562848,20676.1880812828,21301.2400258064,24102.1993843646,23384.7350983217,23691.4477936151,24550.1651914562,23457.8938878076,24624.4362309063,26755.5969780771,26877.4665031101,28214.709934443,29578.6311625727,30794.8986482634,32482.094417215,27326.036057423,26896.6177065978,31870.8813784505,33979.6303615734
St. Kitts and Nevis,KNA,"School enrollment, secondary (% gross)",SE.SEC.ENRR,105.416763305664,94.4978179931641,92.0138931274414,89.5737686157227,86.9458694458008,90.2405471801758,..,110.051109313965,109.900001525879,108.54093170166,109.923469543457,109.116302490234,92.2169189453125,121.377906799316,113.12451171875,115.485420227051,116.914031982422,119.603784742756,116.923551171393,118.920614998431,111.195206559445,123.94677734375,119.88360814743,137.513208876365
St. Lucia,LCA,"GDP per capita, PPP (current international $)",NY.GDP.PCAP.PP.CD,9313.73279695482,9105.82558991748,9205.18416345914,9707.06818918422,10610.2966894155,10818.3104254683,11758.3194729541,12199.2581150973,12968.5457267147,12600.2078976135,12717.7865966902,13471.2666355799,13443.4262512467,14009.9844560139,14403.0832732506,14353.2224845845,15306.7258058706,16130.9721097011,17433.3010328737,18709.9110670935,14912.159584235,19101.1652956675,24599.3733001067,25974.5092925263
St. Lucia,LCA,"School enrollment, secondary (% gross)",SE.SEC.ENRR,70.9955215454102,73.2953567504883,73.8339385986328,75.6025085449219,74.9941787719727,79.0845108032227,83.6699066162109,88.3509292602539,94.5392303466797,96.8615798950195,97.0315628051758,96.6020889282227,93.3481292724609,91.4860382080078,90.7485504150391,90.9497604370117,89.6722183227539,88.9026336669922,88.7150192260742,88.3461303710938,88.7376327514648,..,87.6844863891602,88.6818771362305
St. Martin (French part),MAF,"GDP per capita, PPP (current international $)",NY.GDP.PCAP.PP.CD,..,..,..,..,..,..,..,..,..,..,..,..,..,..,..,..,..,..,..,..,..,..,..,..
St. Martin (French part),MAF,"School enrollment, secondary (% gross)",SE.SEC.ENRR,..,..,..,..,..,..,..,..,..,..,..,..,..,..,..,..,..,..,..,..,..,..,..,..
St. Vincent and the Grenadines,VCT,"GDP per capita, PPP (current international $)",NY.GDP.PCAP.PP.CD,6502.90023634218,6768.19370783579,7250.39274413097,7902.6273088372,8471.96246265832,8985.69686082526,9949.48938765633,10604.3480236579,10901.5648744568,10868.5350934105,10561.308030596,10773.6144742571,10988.5026140095,11624.8625142076,12135.5830510291,12378.842727428,13493.4773120997,13575.4319769513,14689.8500710886,15339.5560281064,15336.5987771764,16200.8994597845,18035.273292812,19819.869034679
St. Vincent and the Grenadines,VCT,"School enrollment, secondary (% gross)",SE.SEC.ENRR,78.9735565185547,..,85.5541229248047,85.5010681152344,94.3642807006836,89.9227676391602,..,104.393867492676,108.906349182129,111.075256347656,110.652717590332,108.306083679199,105.851867675781,108.723846435547,111.371963500977,114.022842407227,..,..,..,127.1875,127.844391153744,130.489101541733,128.182294394971,125.381038491346
Sudan,SDN,"GDP per capita, PPP (current international $)",NY.GDP.PCAP.PP.CD,2616.46459960938,2769.4228515625,2898.138671875,3058.10375976563,3215.236328125,3407.35180664063,3637.32666015625,3836.48901367188,3937.52685546875,3731.61474609375,3805.62744140625,4112.21875,3710.376953125,3724.9599609375,4260.57177734375,4217.01025390625,4470.35498046875,4252.42138671875,4199.25048828125,3914.2255859375,3348.57836914063,3248.9755859375,3355.37817382813,2420.65795898438
Sudan,SDN,"School enrollment, secondary (% gross)",SE.SEC.ENRR,..,32.2981796264648,32.1063385009766,33.3529090881348,36.5913009643555,36.3686599731445,34.6569290161133,33.9691314697266,35.8935012817383,39.4921493530273,39.6667785644531,35.2129783630371,38.7272605895996,40.9434089660645,42.046989440918,42.5230712890625,40.9556007385254,43.0903282165527,42.1366996765137,43.5378608703613,..,..,..,..
Suriname,SUR,"GDP per capita, PPP (current international $)",NY.GDP.PCAP.PP.CD,7535.45294158294,7865.10262346231,8045.7598267146,8551.63742854977,9388.81890796976,10013.9196135296,10802.5481845432,11530.1565508683,12097.3491165234,12392.9333583436,13039.4491198099,13926.2226223035,15184.9254680409,16172.6961959961,16597.5853539637,16543.5743051372,14475.3069644921,17567.6802396432,17855.4787141437,19771.5473885151,16946.8942361914,18458.234999681,20078.836554595,21110.1980204563
Suriname,SUR,"School enrollment, secondary (% gross)",SE.SEC.ENRR,..,69.0101776123047,70.4287109375,..,..,68.3932418823242,69.8493118286133,70.2995910644531,70.8968505859375,68.5604400634766,70.6480069546381,68.2217083635148,68.4763406082679,68.5071438994946,67.3043899536133,70.1560287475586,71.6250318633699,..,74.745979309082,74.4114544472174,73.11669921875,65.6294708251953,78.0214761948254,76.1109237670898
Sweden,SWE,"GDP per capita, PPP (current international $)",NY.GDP.PCAP.PP.CD,29636.237888475,29946.0301894984,30987.2674908129,31787.5295342593,33804.8571053135,34198.3864576781,37671.6747821444,40812.8056059315,41906.6990173542,40094.0288624173,41951.4533673936,44332.5217389078,45206.9864434727,46098.2321368832,46841.4019746739,48772.0696057277,50289.7687144136,51474.1199115161,53122.438677218,57046.4463076951,57489.2657196219,62731.700616293,67075.6762724717,69226.3272756663
Sweden,SWE,"School enrollment, secondary (% gross)",SE.SEC.ENRR,..,147.903442382812,144.218505859375,136.474304199219,101.425491333008,101.482162475586,101.204086303711,100.998710632324,101.521087646484,101.434310913086,102.25106048584,102.14037322998,103.106872558594,132.713500976562,133.660247802734,137.462966918945,137.561157226562,142.641586303711,140.821746826172,136.641006469727,136.426132202148,138.688186645508,139.406524658203,134.244293212891
Switzerland,CHE,"GDP per capita, PPP (current international $)",NY.GDP.PCAP.PP.CD,36703.066164663,37818.9074517374,38704.9584597242,38732.3849513213,40171.1805746279,41524.8488732932,46265.6820679271,50927.630857566,53808.7841127066,52998.98846352,54426.2828092789,57493.5810559211,59440.9158607666,61656.4661708516,63417.0438110319,65265.04573356,67350.7518747757,68193.5055940262,70688.8187491194,73732.2353322093,72997.8239503282,81001.4111206118,94421.4576550424,95141.5960943632
Switzerland,CHE,"School enrollment, secondary (% gross)",SE.SEC.ENRR,94.5499114990234,94.758171081543,93.588623046875,93.3511962890625,93.2228698730469,93.8099594116211,94.1694793701172,95.0716171264648,95.5135726928711,95.8478317260742,96.6068572998047,97.1951599121094,98.3727416992188,101.221382141113,..,103.913391113281,104.09513092041,103.900062561035,104.188026428223,104.071113586426,104.211616516113,103.605186462402,103.392356872559,102.965591430664
Syrian Arab Republic,SYR,"GDP per capita, PPP (current international $)",NY.GDP.PCAP.PP.CD,..,..,..,..,..,..,..,..,..,..,..,..,..,..,..,..,..,3265.07029374996,3455.89227013449,3502.17511543737,3737.65751831376,4592.83860100874,4772.4616766716,..
Syrian Arab Republic,SYR,"School enrollment, secondary (% gross)",SE.SEC.ENRR,43.7118301391602,44.8389511108398,46.175178527832,60.3702812194824,63.2146301269531,66.2456588745117,67.4928436279297,68.0717620849609,68.490966796875,69.7070083618164,70.8321380615234,72.3000030517578,73.1369705200195,47.5814208984375,..,..,..,..,..,..,39.0727806091309,39.4595794677734,39.6268081665039,39.4672088623047
Tajikistan,TJK,"GDP per capita, PPP (current international $)",NY.GDP.PCAP.PP.CD,1036.12988868059,1138.74372892552,1256.95258174881,1395.64684232567,1550.072020439,1672.73374996313,1810.29125697328,1966.22189890915,2120.01845704928,2171.36091638488,2291.07823631732,2455.97278263399,2679.0692960897,2918.56048007357,3151.72452793203,2975.47097476092,2913.85679547445,3017.00314887354,3069.10385079592,3459.97365083434,3653.95976759112,3985.91247611219,4514.17512398164,4963.58295264504
Tajikistan,TJK,"School enrollment, secondary (% gross)",SE.SEC.ENRR,71.9670562744141,73.8529586791992,75.8080596923828,78.0805816650391,79.29443359375,79.9551315307617,80.7600173950195,81.424560546875,82.2941436767578,83.1336364746094,83.9114990234375,85.0206298828125,86.3469314575195,86.9873504638672,..,..,..,..,..,..,90.9012072790342,91.2751683038557,90.888637681585,88.4022015902249
Tanzania,TZA,"GDP per capita, PPP (current international $)",NY.GDP.PCAP.PP.CD,1163.64367675781,1228.52233886719,1302.05554199219,1379.45776367188,1482.162109375,1598.03747558594,1706.54846191406,1820.00134277344,1908.37353515625,1972.16784667969,2069.40185546875,2211.466796875,2083.48486328125,2176.21655273438,2221.1796875,2317.27978515625,2434.69995117188,2472.4931640625,2727.88012695313,2981.87451171875,3290.60986328125,3493.0830078125,3799.8623046875,4018.5166015625
Tanzania,TZA,"School enrollment, secondary (% gross)",SE.SEC.ENRR,..,..,..,..,..,..,..,..,..,..,31.8920497894287,..,..,32.3857446198788,29.6310806274414,26.090669631958,25.6429992626308,26.3711632016128,28.5933897410534,30.1824263288684,30.9205938581875,28.231330871582,..,..
Thailand,THA,"GDP per capita, PPP (current international $)",NY.GDP.PCAP.PP.CD,7289.10499432356,7632.01609417121,8148.43702909083,8824.06945008499,9545.33813809417,10169.0453611636,10912.4427926329,11723.0995588653,12062.1598751814,11964.0529467715,12932.2633444457,13227.454108915,14616.6497925392,15215.9492506383,15365.3175402829,15791.1714762207,16671.2506902144,17573.339815536,18876.2208766741,19963.3918407099,19163.7415152349,20242.7700035656,22243.0747727026,23519.2120979823
Thailand,THA,"School enrollment, secondary (% gross)",SE.SEC.ENRR,..,64.0281982421875,65.5458221435547,..,67.444221496582,71.8262786865234,71.6298599243164,75.7808074951172,75.2078475952148,76.6007080078125,78.3943786621094,86.9894790649414,85.5365295410156,83.854850769043,123.525459289551,124.330596923828,122.563217163086,79.5062371844027,80.6045305135668,81.7206425877734,82.3668560969625,84.6644528199547,88.0661686868399,93.3356315272258
Timor-Leste,TLS,"GDP per capita, PPP (current international $)",NY.GDP.PCAP.PP.CD,1483.17006741499,1618.59278862518,1416.88558318293,1355.18642736145,1378.85404331124,1434.82207202052,1377.11354073037,1515.70892647364,1675.04570455243,1810.18601908925,1955.32940794731,2065.9605552203,2386.13598109278,2566.03074458421,2859.86058251703,3107.57184587966,3390.76224054133,3463.11739023437,3561.2877375981,4556.61425715784,6132.08299806495,6825.04588630745,5729.81171382517,4806.82181559299
Timor-Leste,TLS,"School enrollment, secondary (% gross)",SE.SEC.ENRR,..,41.3206901550293,44.7095603942871,46.5835189819336,57.962100982666,59.4707984924316,..,..,57.0646095275879,67.0938568115234,68.3026309590313,70.1640602638495,70.0278421982138,67.8276665960217,69.3739464182596,72.9840325557506,77.3856943732818,81.1665700933061,83.0952419040915,85.1248242560832,84.7410404382553,..,..,..
Togo,TGO,"GDP per capita, PPP (current international $)",NY.GDP.PCAP.PP.CD,1314.73739642693,1320.13616908956,1357.0098170239,1439.85178331415,1427.00228439547,1367.51066289847,1407.06825596295,1387.20061733991,1429.30636492931,1474.18338993482,1537.05369658593,1615.98146436985,1645.31290397424,1715.36073848665,1803.14811022135,1879.66835517243,1932.92614273869,1985.52622129406,2067.0664295966,2214.69915550677,2384.06645451827,2638.81095267963,2935.01367320787,3154.43329348299
Togo,TGO,"School enrollment, secondary (% gross)",SE.SEC.ENRR,31.6074600219727,34.4402694702148,38.4870300292969,40.5968894958496,41.9863700866699,44.2280082702637,46.0299682617188,42.7597885131836,..,..,..,52.7706298828125,..,..,..,..,..,60.769472220228,..,..,..,63.0669365853803,..,63.4192515229188
Tonga,TON,"GDP per capita, PPP (current international $)",NY.GDP.PCAP.PP.CD,3833.92767581697,3955.22854483513,4170.93724886821,4231.45362875342,4235.12041303239,4314.54719822881,4327.44661888542,4315.94450579455,4600.34882862684,4383.81130248019,4465.46050009263,4855.42923652355,4996.44460870387,5119.6947531684,5335.91576294869,5471.79679402302,5920.1576147281,6229.07024223894,6392.60067749647,6473.32058675406,6675.6030498711,6929.17669288438,7296.17082139288,7802.66986206107
Tonga,TON,"School enrollment, secondary (% gross)",SE.SEC.ENRR,100.165519714355,97.5217514038086,101.04744720459,109.53938293457,97.9341201782227,..,97.8654708862305,102.244041442871,103.846702575684,104.440650939941,105.640548706055,107.053398132324,94.5147705078125,95.4586410522461,96.7714748784441,103.261224756552,..,..,..,96.0933090863485,90.4639980016237,106.143896523848,96.996718063038,91.8606656320055
Trinidad and Tobago,TTO,"GDP per capita, PPP (current international $)",NY.GDP.PCAP.PP.CD,13953.1361523366,14797.1038365267,16141.2357287614,18742.6419219735,20673.7458449273,23536.0268722394,27393.3505461307,29354.5290108253,30807.284851992,29601.6194466575,30778.3127370297,31077.796969852,31883.2297483766,31746.2052441651,32026.5300957073,29825.4628753017,28231.6820670092,28484.2557157494,28673.2413951653,29315.8054064667,26731.3556410029,30482.1201798631,32978.8585763159,34623.3691500959
Trinidad and Tobago,TTO,"School enrollment, secondary (% gross)",SE.SEC.ENRR,..,..,..,..,84.2731094360352,..,..,..,..,..,..,..,..,..,..,..,..,..,..,..,..,..,..,92.9377899169922
Tunisia,TUN,"GDP per capita, PPP (current international $)",NY.GDP.PCAP.PP.CD,6278.98680881057,6593.38196542465,6715.11078442505,7098.4235616264,7671.84535965305,8116.9548993789,8728.65712549855,9479.35063936328,9975.02232125899,10237.08899945,10555.0887033221,10435.9956675373,10614.531301194,10671.569727457,10946.8935757638,10782.5438382441,10993.6638464522,11288.7800135085,11841.4061980603,12494.7905733455,11918.066205483,12444.3264026887,13618.5389918651,14040.5961148142
Tunisia,TUN,"School enrollment, secondary (% gross)",SE.SEC.ENRR,72.4827117919922,74.8093338012695,76.4910736083984,76.0593566894531,80.0033264160156,83.4392318725586,85.9542694091797,89.6093063354492,91.0540390014648,88.8368377685547,88.1112289428711,89.3414688110352,..,87.2357025146484,84.9663467407227,85.7816009521484,90.3264236450195,..,..,..,..,..,..,..
Turkiye,TUR,"GDP per capita, PPP (current international $)",NY.GDP.PCAP.PP.CD,9325.80817565573,9014.05844261591,9154.45153457514,9474.02925535051,10759.3363431927,11803.3604424476,13555.3359748623,14951.141675678,16141.6888074925,15559.7425332501,17466.2641738935,19717.2438317111,20739.2725488506,22475.2909778388,24192.537613837,25890.0548901058,26730.7599731835,28353.5406410966,28640.3401839802,29016.4555653445,29209.3308866883,32105.5474400506,39564.1103267333,42786.2004948664
Turkiye,TUR,"School enrollment, secondary (% gross)",SE.SEC.ENRR,74.5879898071289,85.3136215209961,90.1109924316406,91.8227310180664,88.3136901855469,84.943717956543,88.5527877807617,90.7344512939453,89.0569686889648,80.1907424926758,84.2024002075195,87.80322265625,85.0204315185547,102.209701538086,105.97550201416,107.243186950684,108.547561645508,112.977333068848,112.115409851074,111.910400390625,112.527458190918,114.147331237793,116.040176391602,118.411979675293
Turkmenistan,TKM,"GDP per capita, PPP (current international $)",NY.GDP.PCAP.PP.CD,4208.66515457033,4401.30380449396,4392.82381539457,4536.19781505202,4798.15317447398,5489.34542179295,6163.85018154343,6901.0175688569,7915.54792420973,8285.01893015361,8971.61628736812,10282.7266190528,11035.451277853,11722.8086272577,12476.5344358387,12714.8137240363,12919.371222426,13278.4030353381,14368.4621432532,15477.7237643978,15090.9394971778,16434.1399060353,18340.1112805299,19828.9248461199
Turkmenistan,TKM,"School enrollment, secondary (% gross)",SE.SEC.ENRR,..,..,..,..,..,..,..,..,..,..,..,..,..,..,..,..,..,..,..,84.1078318050495,86.8120225282998,89.9339065551758,92.451789855957,102.546752929688
Turks and Caicos Islands,TCA,"GDP per capita, PPP (current international $)",NY.GDP.PCAP.PP.CD,..,..,..,..,..,..,..,32002.5459345285,33827.5100141307,26269.9773569727,25811.8877130918,26572.5269470054,23610.474221961,23931.6892982133,25546.2927320872,27484.6414432499,29780.5785774422,30097.3550560987,31151.4748574464,31173.3797811743,19530.0254075613,25056.4880515569,30220.8240138134,35336.7403511449
Turks and Caicos Islands,TCA,"School enrollment, secondary (% gross)",SE.SEC.ENRR,79.0275802612305,..,..,78.9801025390625,84.770637512207,95.0579605102539,..,..,..,108.944358825684,..,..,..,..,72.6863226863227,81.0204081632653,73.9748274462038,85.01841997544,95.5051546391753,91.2056151940545,91.187270501836,98.0016021728516,105.9765625,109.841759938248
Tuvalu,TUV,"GDP per capita, PPP (current international $)",NY.GDP.PCAP.PP.CD,2597.25208316056,2595.91651072877,2915.30037644437,2770.10016154552,2764.91389633307,2727.66493096898,2787.10956568152,3034.34916256495,3291.09772372222,3081.93890586604,2945.12892457303,3175.92841210274,3170.40106063439,3277.2133431185,3418.8526428885,3775.7556591637,4030.86241535456,4226.71874686288,4431.73186603207,5209.70002131965,5122.19827984698,5352.97862537897,5661.14384766376,6151.01047041608
Tuvalu,TUV,"School enrollment, secondary (% gross)",SE.SEC.ENRR,..,72.7853164672852,..,..,..,..,..,..,..,..,..,..,..,..,79.6419067382812,87.6274566650391,77.9319915771484,..,78.7418670654297,80.2197799682617,77.0771513353116,88.8804841149773,92.0868890612878,93.2753164556962
Uganda,UGA,"GDP per capita, PPP (current international $)",NY.GDP.PCAP.PP.CD,1124.20958232447,1172.6831745569,1254.98203506699,1320.23991630988,1405.24288438896,1496.50947836066,1659.72529096776,1794.53518881483,1930.70869517816,2014.60879442098,2091.55963145331,2267.72270357093,2031.94669538814,2044.88182485845,2134.00916281741,2189.96485919003,2165.29759404413,2157.95747503369,2312.05752813495,2441.37445233821,2532.21950102069,2684.92035939744,2919.17775407108,3097.63702430619
Uganda,UGA,"School enrollment, secondary (% gross)",SE.SEC.ENRR,..,..,..,..,19.1225490570068,..,..,24.0911102294922,..,..,..,..,..,..,..,..,..,..,..,..,..,..,..,..
Ukraine,UKR,"GDP per capita, PPP (current international $)",NY.GDP.PCAP.PP.CD,4228.1162109375,4746.85791015625,5122.84130859375,5764.01123046875,6663.46728515625,7142.10693359375,7971.1962890625,8900.4443359375,9323.72265625,7994.61572265625,8453.2998046875,9126.6083984375,9552.314453125,10903.8251953125,10493.7451171875,9921.833984375,10864.6572265625,11536.0810546875,12554.8486328125,14217.486328125,15541.02734375,17846.408203125,14770.0712890625,17665.34375
Ukraine,UKR,"School enrollment, secondary (% gross)",SE.SEC.ENRR,97.8325805664062,99.4165725708008,100.038528442383,101.250122070312,98.8390197753906,95.1181106567383,97.1627883911133,97.6914291381836,97.740348815918,97.3778762817383,98.1416817681323,96.1171826388401,99.4775493061556,99.4303801060075,98.2963249258606,90.502896110392,88.5457508688536,86.788702271804,85.8331876808318,84.4568283620119,84.4283338575221,84.6516335033103,..,87.0823822021484
United Arab Emirates,ARE,"GDP per capita, PPP (current international $)",NY.GDP.PCAP.PP.CD,92899.3674985796,90370.2541183751,88466.5816176093,92635.9226901803,98661.4370562637,101301.412339163,106814.053640356,100813.188228929,94628.2666607538,84780.3209706517,85120.1974687752,89665.4018921986,89198.0119017025,87526.3254797061,87477.7341963514,73986.0636395945,69986.9835675887,70281.8889504211,77446.2269929923,79816.3010904406,66790.6822664754,68580.1485423483,75071.6586300351,77955.2951760879
United Arab Emirates,ARE,"School enrollment, secondary (% gross)",SE.SEC.ENRR,..,..,..,..,..,..,..,..,..,..,..,..,..,..,..,..,..,..,102.184448242188,101.747344264722,99.1635400791877,103.210663324826,102.380981445312,101.944972436447
United Kingdom,GBR,"GDP per capita, PPP (current international $)",NY.GDP.PCAP.PP.CD,26535.5018554582,27912.5562179151,29089.0536770407,30313.6906668382,32051.1847283895,32726.1331883772,34727.4366712141,35522.0090884345,36744.7913584035,35041.5416305812,36483.5682802621,37224.3787645256,38336.5961844419,39947.5369562562,41266.8197795309,42515.278865824,44085.2025586772,46113.0211677324,47212.2045190522,50064.9605582187,48230.0477027461,51004.4271714238,59021.5721805914,59911.3467663209
United Kingdom,GBR,"School enrollment, secondary (% gross)",SE.SEC.ENRR,101.204360961914,101.229797363281,102.614517211914,102.157028198242,104.942939758301,105.705047607422,98.4682769775391,97.7785186767578,98.8158798217773,100.634750366211,103.461151123047,94.1645202636719,92.5272903442383,126.064338684082,128.822494506836,126.110870361328,..,125.62979888916,120.088279724121,117.156600952148,114.617248535156,113.719017028809,113.202857971191,112.120048522949
United States,USA,"GDP per capita, PPP (current international $)",NY.GDP.PCAP.PP.CD,36329.9702595751,37133.6203973517,37997.7424300242,39490.3023903176,41724.6411982614,44123.3996470026,46301.9876485519,48050.227412195,48570.0594269601,47194.9500893872,48642.6312088213,50024.8812320773,51708.3940614082,53297.3862901595,55153.3940182967,56849.4697923159,57976.628204291,60047.7190728307,62875.6661382728,65227.9565911035,64401.5074354209,71307.4017277218,77860.9112908848,82304.6204272866
United States,USA,"School enrollment, secondary (% gross)",SE.SEC.ENRR,..,..,..,..,..,95.0524826049805,..,..,..,..,..,..,..,96.1864929199219,96.9245376586914,97.6525497436523,98.7699279785156,98.9523391723633,99.2755813598633,100.063430786133,100.509819030762,101.192489624023,97.4734878540039,..
Uruguay,URY,"GDP per capita, PPP (current international $)",NY.GDP.PCAP.PP.CD,10929.3002607587,10719.3945690687,10030.1287840488,10303.2337504047,11103.1125898913,12295.700311589,13179.3881134044,14397.224966515,15694.235411976,16421.7696322847,17872.5369682924,19135.3636964186,19495.4223660846,20661.3793411187,21867.8112276315,22168.6114189676,22840.5507069805,23606.6278007958,24386.4948473952,25782.6890198871,25725.258216942,29431.8850087471,33000.918699951,34470.9322201143
Uruguay,URY,"School enrollment, secondary (% gross)",SE.SEC.ENRR,96.8511276245117,100.673240661621,105.918418884277,109.803192138672,108.258857727051,102.750953674316,102.318283081055,92.9150619506836,88.0473403930664,89.2928771972656,98.6642990112305,101.560180664062,102.977226257324,104.664520263672,106.469367980957,108.043296813965,112.032577514648,116.472846984863,117.769058227539,119.848533190039,116.991828918457,119.826342137062,121.137930191204,119.105005958635
Uzbekistan,UZB,"GDP per capita, PPP (current international $)",NY.GDP.PCAP.PP.CD,2644.26354163536,2782.34871050012,2902.03983617689,3047.24856835492,3321.19654400978,3617.85486831461,3955.97682075928,4386.1293366958,4800.05914327553,5135.46444647583,5504.8563793137,5949.484123529,6168.13764755172,6412.7238692872,6609.76717277708,6799.57332842183,6919.29475621804,7818.01112977426,8128.75520303523,8544.08026729718,8451.72505108114,9247.64382703929,10292.5309427485,11106.9715934767
Uzbekistan,UZB,"School enrollment, secondary (% gross)",SE.SEC.ENRR,85.3468933105469,..,..,95.4466171264648,96.2950973510742,87.8653335571289,88.7272109985352,89.7682189941406,88.2303695678711,89.0436019897461,89.9835586547852,89.7831726074219,92.0473722973161,92.0626676426806,91.7418371921357,92.2428124917835,92.8148657883702,93.8775736591193,94.9465096520158,96.2074737548828,90.0642970154019,97.2589036917117,97.3779819618405,97.3839945834102
Vanuatu,VUT,"GDP per capita, PPP (current international $)",NY.GDP.PCAP.PP.CD,2206.10240356774,2124.95074884916,1995.32372274512,2070.35775556982,2157.44517059131,2287.00660433246,2495.85683636109,2573.40104367128,2701.28836081834,2730.28795991124,2733.45922588718,2815.68693384029,2834.1263087371,2832.00606140469,2890.13103819703,2965.84143257378,3029.80923948413,3145.92734989467,3232.94825800672,3314.66721352425,3117.64425292038,3135.83664945678,3452.60742693882,3567.81882030223
Vanuatu,VUT,"School enrollment, secondary (% gross)",SE.SEC.ENRR,34.476390838623,34.9720115661621,38.2522010803223,38.7092895507812,40.8122901916504,..,..,..,..,..,55.240120859084,..,..,..,..,57.2510185241699,..,..,..,..,59.1688003540039,62.9433097839355,81.9551276325385,134.670675170038
"Venezuela, RB",VEN,"GDP per capita, PPP (current international $)",NY.GDP.PCAP.PP.CD,14174.4400214785,14713.666786878,13375.0548428985,12359.2921584807,14757.1084670299,16511.2592917269,18399.2533134456,20236.2995307261,21401.8429058296,20562.3667824659,20235.7105360063,21241.4350725543,..,..,..,..,..,..,..,..,..,..,..,..
"Venezuela, RB",VEN,"School enrollment, secondary (% gross)",SE.SEC.ENRR,59.0772895812988,63.1789817810059,67.2197189331055,68.4049072265625,71.0196380615234,73.3435287475586,75.8546676635742,78.2070236206055,79.8805770874023,80.7918167114258,80.7240982055664,81.6782836914062,83.8216934204102,91.4725494384766,90.8081207275391,88.8302230834961,85.1329498291016,83.9518280029297,..,..,..,..,96.7906723022461,97.229606628418
Viet Nam,VNM,"GDP per capita, PPP (current international $)",NY.GDP.PCAP.PP.CD,2614.11840366563,2808.83181908363,3001.87038766922,3239.77125909915,3543.09915520461,3893.66509422594,4237.40088094732,4580.79431138427,4844.06704751546,5060.73212267196,5389.21956993674,5786.12348870721,6376.79765706172,6758.40433634749,7296.8794808738,7671.5819778084,8374.50684516118,9169.73192052855,10009.9714756006,11029.2732083963,11609.3177276423,12048.9019935536,13905.1536875216,15033.8768594355
Viet Nam,VNM,"School enrollment, secondary (% gross)",SE.SEC.ENRR,..,..,..,..,..,..,..,..,..,..,..,..,..,..,..,89.4548341262217,90.1583347107672,91.0725198149335,92.8377710790826,94.654621676317,93.1921389514105,92.7690209240401,93.4123434096522,..
Virgin Islands (U.S.),VIR,"GDP per capita, PPP (current international $)",NY.GDP.PCAP.PP.CD,..,..,32113.4399904542,32618.9563705938,34609.1947981106,36942.8365046874,39447.4212008188,42153.5396586495,43465.2346944723,40846.5620058047,41607.5668567026,39006.0820134517,33878.983108434,32333.9108031447,32360.9003833552,32573.7166812174,33470.5904765526,33893.5501815475,36746.4868901838,40021.7775798024,41749.0800364553,46893.5496988741,49793.0324395716,..
Virgin Islands (U.S.),VIR,"School enrollment, secondary (% gross)",SE.SEC.ENRR,..,..,..,..,..,..,..,..,..,..,..,..,..,..,..,..,..,..,..,..,..,..,..,..
West Bank and Gaza,PSE,"GDP per capita, PPP (current international $)",NY.GDP.PCAP.PP.CD,2782.51388482361,2515.15452938217,2178.86306478836,2469.37980394625,3013.73941946893,3371.90248033402,3354.42846587081,3485.61271825977,3713.1321585765,3950.27978346055,4120.86066344952,4494.7313227255,5214.64865399127,5287.84746119629,5381.63690987475,5769.98236633203,6062.23274844577,6106.64574037122,6215.81647317396,6508.44835080318,5956.28620064819,5663.12160743584,6163.24897837613,5950.02006184393
West Bank and Gaza,PSE,"School enrollment, secondary (% gross)",SE.SEC.ENRR,76.0071334838867,78.0870895385742,80.3683166503906,83.0590972900391,86.8646087646484,88.3457794189453,90.0953369140625,90.4300994873047,89.9040603637695,90.0118637084961,89.1773371332236,88.2808414383622,88.0041466962408,87.7419851728182,87.618042824034,88.3909219114319,88.6612882360835,89.7461522132674,89.6454662001111,90.3135207321564,90.2544056722155,91.0094011735985,90.1364802874113,89.1210984011759
"Yemen, Rep.",YEM,"GDP per capita, PPP (current international $)",NY.GDP.PCAP.PP.CD,2623.64018991703,2701.87263707734,2768.48728890232,2844.12977507524,2948.84642049672,3113.44691089689,3205.30827063904,3293.63344207387,3369.54629170399,3410.61029534486,3603.03505664196,3113.38292725279,3004.92091434025,3164.32154223615,..,..,..,..,..,..,..,..,..,..
"Yemen, Rep.",YEM,"School enrollment, secondary (% gross)",SE.SEC.ENRR,..,39.9282608032227,..,40.8348007202148,41.5881881713867,40.5307083129883,..,..,37.9779014587402,..,39.0662307739258,40.6695289611816,40.9747505187988,42.7084617614746,..,..,43.6906890869141,..,..,..,..,..,..,..
Zambia,ZMB,"GDP per capita, PPP (current international $)",NY.GDP.PCAP.PP.CD,1708.51552615927,1785.06711385476,1837.06585172035,1942.21520871647,2067.9372845653,2212.81202553596,2377.99239778211,2554.68937629218,2708.00819669101,2872.46418366268,3097.66400499243,3228.48714255039,3323.63312219856,3477.28178777683,3441.31497643775,3337.47306887696,3313.35121570029,3391.62768492775,3442.27307196302,3361.39750299612,3157.30009311643,3503.03491418372,3840.72450511139,4076.99508686641
Zambia,ZMB,"School enrollment, secondary (% gross)",SE.SEC.ENRR,..,..,..,..,..,..,..,..,..,..,..,..,..,..,..,..,..,..,..,..,..,..,..,..
Zimbabwe,ZWE,"GDP per capita, PPP (current international $)",NY.GDP.PCAP.PP.CD,3429.12057152309,3533.08605903604,3237.57082661378,2707.98957173272,2591.02005431794,2495.92081736268,2453.75642369722,2396.37835055325,1986.90882459937,2232.8525728967,2661.36483256213,3047.31708873749,3472.48572001016,3783.94633704647,3903.42797706084,4045.89864738798,4275.4493505094,10756.4454416985,3992.890718675,4165.55567835558,4178.58557943828,4827.0886936086,5395.8562980064,5791.19212877988
Zimbabwe,ZWE,"School enrollment, secondary (% gross)",SE.SEC.ENRR,40.0179290771484,42.1351890563965,41.4578285217285,39.1011009216309,..,..,..,..,..,..,..,..,75.8648109767885,52.4158515930176,..,..,..,..,..,..,..,..,..,..
,,,,,,,,,,,,,,,,,,,,,,,,,,,
,,,,,,,,,,,,,,,,,,,,,,,,,,,
,,,,,,,,,,,,,,,,,,,,,,,,,,,
Data from database: World Development Indicators,,,,,,,,,,,,,,,,,,,,,,,,,,,
Last Updated: 04/08/2026,,,,,,,,,,,,,,,,,,,,,,,,,,,
