Domain Code,Domain,Area Code (M49),Area,Element Code,Element,Item Code (CPC),Item,Year Code,Year,Unit,Value,Flag,Flag Description,Note
"QCL","Crops and livestock products","004","Afghanistan","5510","Production","01801","Sugar beet","2000","2000","t","1000","A","Official figure",""
"QCL","Crops and livestock products","004","Afghanistan","5510","Production","01801","Sugar beet","2001","2001","t","1000","A","Official figure",""
"QCL","Crops and livestock products","004","Afghanistan","5510","Production","01801","Sugar beet","2002","2002","t","1000","A","Official figure",""
"QCL","Crops and livestock products","004","Afghanistan","5510","Production","01801","Sugar beet","2003","2003","t","1000","A","Official figure",""
"QCL","Crops and livestock products","004","Afghanistan","5510","Production","01801","Sugar beet","2004","2004","t","5000","A","Official figure",""
"QCL","Crops and livestock products","004","Afghanistan","5510","Production","01801","Sugar beet","2005","2005","t","3000","A","Official figure",""
"QCL","Crops and livestock products","004","Afghanistan","5510","Production","01801","Sugar beet","2006","2006","t","3000","A","Official figure",""
"QCL","Crops and livestock products","004","Afghanistan","5510","Production","01801","Sugar beet","2007","2007","t","12938","A","Official figure",""
"QCL","Crops and livestock products","004","Afghanistan","5510","Production","01801","Sugar beet","2008","2008","t","13316","A","Official figure",""
"QCL","Crops and livestock products","004","Afghanistan","5510","Production","01801","Sugar beet","2009","2009","t","16500","A","Official figure",""
"QCL","Crops and livestock products","004","Afghanistan","5510","Production","01801","Sugar beet","2010","2010","t","15200","A","Official figure",""
"QCL","Crops and livestock products","004","Afghanistan","5510","Production","01801","Sugar beet","2011","2011","t","15236","A","Official figure",""
"QCL","Crops and livestock products","004","Afghanistan","5510","Production","01801","Sugar beet","2012","2012","t","14064","A","Official figure",""
"QCL","Crops and livestock products","004","Afghanistan","5510","Production","01801","Sugar beet","2013","2013","t","14765","A","Official figure",""
"QCL","Crops and livestock products","004","Afghanistan","5510","Production","01801","Sugar beet","2014","2014","t","11330","A","Official figure",""
"QCL","Crops and livestock products","004","Afghanistan","5510","Production","01801","Sugar beet","2015","2015","t","4495","A","Official figure",""
"QCL","Crops and livestock products","004","Afghanistan","5510","Production","01801","Sugar beet","2016","2016","t","1582","A","Official figure",""
"QCL","Crops and livestock products","004","Afghanistan","5510","Production","01801","Sugar beet","2017","2017","t","2102","A","Official figure",""
"QCL","Crops and livestock products","004","Afghanistan","5510","Production","01801","Sugar beet","2018","2018","t","5363","A","Official figure",""
"QCL","Crops and livestock products","004","Afghanistan","5510","Production","01801","Sugar beet","2019","2019","t","9284","A","Official figure",""
"QCL","Crops and livestock products","004","Afghanistan","5510","Production","01801","Sugar beet","2020","2020","t","5032","A","Official figure",""
"QCL","Crops and livestock products","004","Afghanistan","5510","Production","01801","Sugar beet","2021","2021","t","5196","A","Official figure",""
"QCL","Crops and livestock products","004","Afghanistan","5510","Production","01801","Sugar beet","2022","2022","t","5776","A","Official figure",""
"QCL","Crops and livestock products","004","Afghanistan","5510","Production","01801","Sugar beet","2023","2023","t","6000","A","Official figure",""
"QCL","Crops and livestock products","004","Afghanistan","5510","Production","01802","Sugar cane","2000","2000","t","38000","E","Estimated value",""
"QCL","Crops and livestock products","004","Afghanistan","5510","Production","01802","Sugar cane","2001","2001","t","38000","E","Estimated value",""
"QCL","Crops and livestock products","004","Afghanistan","5510","Production","01802","Sugar cane","2002","2002","t","38000","E","Estimated value",""
"QCL","Crops and livestock products","004","Afghanistan","5510","Production","01802","Sugar cane","2003","2003","t","60000","E","Estimated value",""
"QCL","Crops and livestock products","004","Afghanistan","5510","Production","01802","Sugar cane","2004","2004","t","60000","A","Official figure",""
"QCL","Crops and livestock products","004","Afghanistan","5510","Production","01802","Sugar cane","2005","2005","t","38000","A","Official figure",""
"QCL","Crops and livestock products","004","Afghanistan","5510","Production","01802","Sugar cane","2006","2006","t","70000","A","Official figure",""
"QCL","Crops and livestock products","004","Afghanistan","5510","Production","01802","Sugar cane","2007","2007","t","74000","E","Estimated value",""
"QCL","Crops and livestock products","004","Afghanistan","5510","Production","01802","Sugar cane","2008","2008","t","62960","A","Official figure",""
"QCL","Crops and livestock products","004","Afghanistan","5510","Production","01802","Sugar cane","2009","2009","t","123200","A","Official figure",""
"QCL","Crops and livestock products","004","Afghanistan","5510","Production","01802","Sugar cane","2010","2010","t","92400","A","Official figure",""
"QCL","Crops and livestock products","004","Afghanistan","5510","Production","01802","Sugar cane","2011","2011","t","92460","A","Official figure",""
"QCL","Crops and livestock products","004","Afghanistan","5510","Production","01802","Sugar cane","2012","2012","t","77500","A","Official figure",""
"QCL","Crops and livestock products","004","Afghanistan","5510","Production","01802","Sugar cane","2013","2013","t","89880","A","Official figure",""
"QCL","Crops and livestock products","004","Afghanistan","5510","Production","01802","Sugar cane","2014","2014","t","75082","A","Official figure",""
"QCL","Crops and livestock products","004","Afghanistan","5510","Production","01802","Sugar cane","2015","2015","t","46454","A","Official figure",""
"QCL","Crops and livestock products","004","Afghanistan","5510","Production","01802","Sugar cane","2016","2016","t","17364","A","Official figure",""
"QCL","Crops and livestock products","004","Afghanistan","5510","Production","01802","Sugar cane","2017","2017","t","33725","A","Official figure",""
"QCL","Crops and livestock products","004","Afghanistan","5510","Production","01802","Sugar cane","2018","2018","t","25421","A","Official figure",""
"QCL","Crops and livestock products","004","Afghanistan","5510","Production","01802","Sugar cane","2019","2019","t","36538","A","Official figure",""
"QCL","Crops and livestock products","004","Afghanistan","5510","Production","01802","Sugar cane","2020","2020","t","40292","A","Official figure",""
"QCL","Crops and livestock products","004","Afghanistan","5510","Production","01802","Sugar cane","2021","2021","t","41434","A","Official figure",""
"QCL","Crops and livestock products","004","Afghanistan","5510","Production","01802","Sugar cane","2022","2022","t","58394","A","Official figure",""
"QCL","Crops and livestock products","004","Afghanistan","5510","Production","01802","Sugar cane","2023","2023","t","56000","A","Official figure",""
"QCL","Crops and livestock products","008","Albania","5510","Production","01801","Sugar beet","2000","2000","t","42000","A","Official figure",""
"QCL","Crops and livestock products","008","Albania","5510","Production","01801","Sugar beet","2001","2001","t","38500","A","Official figure",""
"QCL","Crops and livestock products","008","Albania","5510","Production","01801","Sugar beet","2002","2002","t","39200","A","Official figure",""
"QCL","Crops and livestock products","008","Albania","5510","Production","01801","Sugar beet","2003","2003","t","40000","A","Official figure",""
"QCL","Crops and livestock products","008","Albania","5510","Production","01801","Sugar beet","2004","2004","t","40000","E","Estimated value",""
"QCL","Crops and livestock products","008","Albania","5510","Production","01801","Sugar beet","2005","2005","t","40000","E","Estimated value",""
"QCL","Crops and livestock products","008","Albania","5510","Production","01801","Sugar beet","2006","2006","t","50000","X","Figure from external organization","Unofficial figure"
"QCL","Crops and livestock products","008","Albania","5510","Production","01801","Sugar beet","2007","2007","t","40000","X","Figure from external organization","Unofficial figure"
"QCL","Crops and livestock products","008","Albania","5510","Production","01801","Sugar beet","2008","2008","t","40000","X","Figure from external organization","Unofficial figure"
"QCL","Crops and livestock products","008","Albania","5510","Production","01801","Sugar beet","2009","2009","t","40000","X","Figure from external organization","Unofficial figure"
"QCL","Crops and livestock products","008","Albania","5510","Production","01801","Sugar beet","2010","2010","t","40000","X","Figure from external organization","Unofficial figure"
"QCL","Crops and livestock products","008","Albania","5510","Production","01801","Sugar beet","2011","2011","t","40000","X","Figure from external organization","Unofficial figure"
"QCL","Crops and livestock products","008","Albania","5510","Production","01801","Sugar beet","2012","2012","t","40000","X","Figure from external organization","Unofficial figure"
"QCL","Crops and livestock products","008","Albania","5510","Production","01801","Sugar beet","2013","2013","t","40000","X","Figure from external organization","Unofficial figure"
"QCL","Crops and livestock products","008","Albania","5510","Production","01801","Sugar beet","2014","2014","t","37553.79","I","Value imputed by a receiving agency",""
"QCL","Crops and livestock products","008","Albania","5510","Production","01801","Sugar beet","2015","2015","t","35608.33","I","Value imputed by a receiving agency",""
"QCL","Crops and livestock products","008","Albania","5510","Production","01801","Sugar beet","2016","2016","t","33946.62","I","Value imputed by a receiving agency",""
"QCL","Crops and livestock products","008","Albania","5510","Production","01801","Sugar beet","2017","2017","t","32216.32","I","Value imputed by a receiving agency",""
"QCL","Crops and livestock products","008","Albania","5510","Production","01801","Sugar beet","2018","2018","t","27485","A","Official figure",""
"QCL","Crops and livestock products","008","Albania","5510","Production","01801","Sugar beet","2019","2019","t","30705","A","Official figure",""
"QCL","Crops and livestock products","008","Albania","5510","Production","01801","Sugar beet","2020","2020","t","26964","A","Official figure",""
"QCL","Crops and livestock products","008","Albania","5510","Production","01801","Sugar beet","2021","2021","t","24422","A","Official figure",""
"QCL","Crops and livestock products","008","Albania","5510","Production","01801","Sugar beet","2022","2022","t","21253","A","Official figure",""
"QCL","Crops and livestock products","008","Albania","5510","Production","01801","Sugar beet","2023","2023","t","20446","A","Official figure",""
"QCL","Crops and livestock products","012","Algeria","5510","Production","01801","Sugar beet","2000","2000","t","","M","Missing value; data cannot exist",""
"QCL","Crops and livestock products","012","Algeria","5510","Production","01801","Sugar beet","2001","2001","t","","M","Missing value; data cannot exist",""
"QCL","Crops and livestock products","012","Algeria","5510","Production","01801","Sugar beet","2002","2002","t","","M","Missing value; data cannot exist",""
"QCL","Crops and livestock products","012","Algeria","5510","Production","01801","Sugar beet","2003","2003","t","","M","Missing value; data cannot exist",""
"QCL","Crops and livestock products","012","Algeria","5510","Production","01801","Sugar beet","2004","2004","t","","M","Missing value; data cannot exist",""
"QCL","Crops and livestock products","012","Algeria","5510","Production","01801","Sugar beet","2005","2005","t","","M","Missing value; data cannot exist",""
"QCL","Crops and livestock products","012","Algeria","5510","Production","01801","Sugar beet","2006","2006","t","","M","Missing value; data cannot exist",""
"QCL","Crops and livestock products","012","Algeria","5510","Production","01801","Sugar beet","2007","2007","t","","M","Missing value; data cannot exist",""
"QCL","Crops and livestock products","012","Algeria","5510","Production","01801","Sugar beet","2008","2008","t","","M","Missing value; data cannot exist",""
"QCL","Crops and livestock products","012","Algeria","5510","Production","01801","Sugar beet","2009","2009","t","","M","Missing value; data cannot exist",""
"QCL","Crops and livestock products","012","Algeria","5510","Production","01801","Sugar beet","2010","2010","t","","M","Missing value; data cannot exist",""
"QCL","Crops and livestock products","012","Algeria","5510","Production","01801","Sugar beet","2011","2011","t","","M","Missing value; data cannot exist",""
"QCL","Crops and livestock products","012","Algeria","5510","Production","01801","Sugar beet","2012","2012","t","","M","Missing value; data cannot exist",""
"QCL","Crops and livestock products","012","Algeria","5510","Production","01801","Sugar beet","2013","2013","t","","M","Missing value; data cannot exist",""
"QCL","Crops and livestock products","012","Algeria","5510","Production","01801","Sugar beet","2014","2014","t","","M","Missing value; data cannot exist",""
"QCL","Crops and livestock products","012","Algeria","5510","Production","01801","Sugar beet","2015","2015","t","","M","Missing value; data cannot exist",""
"QCL","Crops and livestock products","012","Algeria","5510","Production","01801","Sugar beet","2016","2016","t","","M","Missing value; data cannot exist",""
"QCL","Crops and livestock products","012","Algeria","5510","Production","01801","Sugar beet","2017","2017","t","","M","Missing value; data cannot exist",""
"QCL","Crops and livestock products","012","Algeria","5510","Production","01801","Sugar beet","2018","2018","t","","M","Missing value; data cannot exist",""
"QCL","Crops and livestock products","012","Algeria","5510","Production","01801","Sugar beet","2019","2019","t","","M","Missing value; data cannot exist",""
"QCL","Crops and livestock products","012","Algeria","5510","Production","01801","Sugar beet","2020","2020","t","","M","Missing value; data cannot exist",""
"QCL","Crops and livestock products","012","Algeria","5510","Production","01801","Sugar beet","2021","2021","t","","M","Missing value; data cannot exist",""
"QCL","Crops and livestock products","012","Algeria","5510","Production","01801","Sugar beet","2022","2022","t","","M","Missing value; data cannot exist",""
"QCL","Crops and livestock products","012","Algeria","5510","Production","01801","Sugar beet","2023","2023","t","","M","Missing value; data cannot exist",""
"QCL","Crops and livestock products","024","Angola","5510","Production","01802","Sugar cane","2000","2000","t","350000","E","Estimated value",""
"QCL","Crops and livestock products","024","Angola","5510","Production","01802","Sugar cane","2001","2001","t","360000","E","Estimated value",""
"QCL","Crops and livestock products","024","Angola","5510","Production","01802","Sugar cane","2002","2002","t","360000","E","Estimated value",""
"QCL","Crops and livestock products","024","Angola","5510","Production","01802","Sugar cane","2003","2003","t","360000","E","Estimated value",""
"QCL","Crops and livestock products","024","Angola","5510","Production","01802","Sugar cane","2004","2004","t","345000","E","Estimated value",""
"QCL","Crops and livestock products","024","Angola","5510","Production","01802","Sugar cane","2005","2005","t","345000","E","Estimated value",""
"QCL","Crops and livestock products","024","Angola","5510","Production","01802","Sugar cane","2006","2006","t","450000","E","Estimated value",""
"QCL","Crops and livestock products","024","Angola","5510","Production","01802","Sugar cane","2007","2007","t","500000","E","Estimated value",""
"QCL","Crops and livestock products","024","Angola","5510","Production","01802","Sugar cane","2008","2008","t","520000","E","Estimated value",""
"QCL","Crops and livestock products","024","Angola","5510","Production","01802","Sugar cane","2009","2009","t","500000","E","Estimated value",""
"QCL","Crops and livestock products","024","Angola","5510","Production","01802","Sugar cane","2010","2010","t","500000","E","Estimated value",""
"QCL","Crops and livestock products","024","Angola","5510","Production","01802","Sugar cane","2011","2011","t","510000","E","Estimated value",""
"QCL","Crops and livestock products","024","Angola","5510","Production","01802","Sugar cane","2012","2012","t","520000","E","Estimated value",""
"QCL","Crops and livestock products","024","Angola","5510","Production","01802","Sugar cane","2013","2013","t","510000","E","Estimated value",""
"QCL","Crops and livestock products","024","Angola","5510","Production","01802","Sugar cane","2014","2014","t","490913.07","I","Value imputed by a receiving agency",""
"QCL","Crops and livestock products","024","Angola","5510","Production","01802","Sugar cane","2015","2015","t","437884","E","Estimated value",""
"QCL","Crops and livestock products","024","Angola","5510","Production","01802","Sugar cane","2016","2016","t","506899.06","I","Value imputed by a receiving agency",""
"QCL","Crops and livestock products","024","Angola","5510","Production","01802","Sugar cane","2017","2017","t","577141","E","Estimated value",""
"QCL","Crops and livestock products","024","Angola","5510","Production","01802","Sugar cane","2018","2018","t","639421","E","Estimated value",""
"QCL","Crops and livestock products","024","Angola","5510","Production","01802","Sugar cane","2019","2019","t","755000","E","Estimated value",""
"QCL","Crops and livestock products","024","Angola","5510","Production","01802","Sugar cane","2020","2020","t","865000","E","Estimated value",""
"QCL","Crops and livestock products","024","Angola","5510","Production","01802","Sugar cane","2021","2021","t","1002000","E","Estimated value",""
"QCL","Crops and livestock products","024","Angola","5510","Production","01802","Sugar cane","2022","2022","t","1013000","E","Estimated value",""
"QCL","Crops and livestock products","024","Angola","5510","Production","01802","Sugar cane","2023","2023","t","1181000","E","Estimated value",""
"QCL","Crops and livestock products","028","Antigua and Barbuda","5510","Production","01802","Sugar cane","2000","2000","t","","M","Missing value; data cannot exist",""
"QCL","Crops and livestock products","028","Antigua and Barbuda","5510","Production","01802","Sugar cane","2001","2001","t","","M","Missing value; data cannot exist",""
"QCL","Crops and livestock products","028","Antigua and Barbuda","5510","Production","01802","Sugar cane","2002","2002","t","","M","Missing value; data cannot exist",""
"QCL","Crops and livestock products","028","Antigua and Barbuda","5510","Production","01802","Sugar cane","2003","2003","t","","M","Missing value; data cannot exist",""
"QCL","Crops and livestock products","028","Antigua and Barbuda","5510","Production","01802","Sugar cane","2004","2004","t","","M","Missing value; data cannot exist",""
"QCL","Crops and livestock products","028","Antigua and Barbuda","5510","Production","01802","Sugar cane","2005","2005","t","","M","Missing value; data cannot exist",""
"QCL","Crops and livestock products","028","Antigua and Barbuda","5510","Production","01802","Sugar cane","2006","2006","t","","M","Missing value; data cannot exist",""
"QCL","Crops and livestock products","028","Antigua and Barbuda","5510","Production","01802","Sugar cane","2007","2007","t","","M","Missing value; data cannot exist",""
"QCL","Crops and livestock products","028","Antigua and Barbuda","5510","Production","01802","Sugar cane","2008","2008","t","","M","Missing value; data cannot exist",""
"QCL","Crops and livestock products","028","Antigua and Barbuda","5510","Production","01802","Sugar cane","2009","2009","t","","M","Missing value; data cannot exist",""
"QCL","Crops and livestock products","028","Antigua and Barbuda","5510","Production","01802","Sugar cane","2010","2010","t","","M","Missing value; data cannot exist",""
"QCL","Crops and livestock products","028","Antigua and Barbuda","5510","Production","01802","Sugar cane","2011","2011","t","","M","Missing value; data cannot exist",""
"QCL","Crops and livestock products","028","Antigua and Barbuda","5510","Production","01802","Sugar cane","2012","2012","t","","M","Missing value; data cannot exist",""
"QCL","Crops and livestock products","028","Antigua and Barbuda","5510","Production","01802","Sugar cane","2013","2013","t","","M","Missing value; data cannot exist",""
"QCL","Crops and livestock products","028","Antigua and Barbuda","5510","Production","01802","Sugar cane","2014","2014","t","","M","Missing value; data cannot exist",""
"QCL","Crops and livestock products","028","Antigua and Barbuda","5510","Production","01802","Sugar cane","2015","2015","t","","M","Missing value; data cannot exist",""
"QCL","Crops and livestock products","028","Antigua and Barbuda","5510","Production","01802","Sugar cane","2016","2016","t","","M","Missing value; data cannot exist",""
"QCL","Crops and livestock products","028","Antigua and Barbuda","5510","Production","01802","Sugar cane","2017","2017","t","","M","Missing value; data cannot exist",""
"QCL","Crops and livestock products","028","Antigua and Barbuda","5510","Production","01802","Sugar cane","2018","2018","t","","M","Missing value; data cannot exist",""
"QCL","Crops and livestock products","028","Antigua and Barbuda","5510","Production","01802","Sugar cane","2019","2019","t","","M","Missing value; data cannot exist",""
"QCL","Crops and livestock products","028","Antigua and Barbuda","5510","Production","01802","Sugar cane","2020","2020","t","","M","Missing value; data cannot exist",""
"QCL","Crops and livestock products","028","Antigua and Barbuda","5510","Production","01802","Sugar cane","2021","2021","t","","M","Missing value; data cannot exist",""
"QCL","Crops and livestock products","028","Antigua and Barbuda","5510","Production","01802","Sugar cane","2022","2022","t","","M","Missing value; data cannot exist",""
"QCL","Crops and livestock products","028","Antigua and Barbuda","5510","Production","01802","Sugar cane","2023","2023","t","","M","Missing value; data cannot exist",""
"QCL","Crops and livestock products","032","Argentina","5510","Production","01802","Sugar cane","2000","2000","t","18400000","E","Estimated value",""
"QCL","Crops and livestock products","032","Argentina","5510","Production","01802","Sugar cane","2001","2001","t","18720000","E","Estimated value",""
"QCL","Crops and livestock products","032","Argentina","5510","Production","01802","Sugar cane","2002","2002","t","19250000","E","Estimated value",""
"QCL","Crops and livestock products","032","Argentina","5510","Production","01802","Sugar cane","2003","2003","t","22050000","E","Estimated value",""
"QCL","Crops and livestock products","032","Argentina","5510","Production","01802","Sugar cane","2004","2004","t","20900000","E","Estimated value",""
"QCL","Crops and livestock products","032","Argentina","5510","Production","01802","Sugar cane","2005","2005","t","24400000","E","Estimated value",""
"QCL","Crops and livestock products","032","Argentina","5510","Production","01802","Sugar cane","2006","2006","t","26450000","E","Estimated value",""
"QCL","Crops and livestock products","032","Argentina","5510","Production","01802","Sugar cane","2007","2007","t","23960000","E","Estimated value",""
"QCL","Crops and livestock products","032","Argentina","5510","Production","01802","Sugar cane","2008","2008","t","26960000","E","Estimated value",""
"QCL","Crops and livestock products","032","Argentina","5510","Production","01802","Sugar cane","2009","2009","t","26960000","E","Estimated value",""
"QCL","Crops and livestock products","032","Argentina","5510","Production","01802","Sugar cane","2010","2010","t","18889878","A","Official figure",""
"QCL","Crops and livestock products","032","Argentina","5510","Production","01802","Sugar cane","2011","2011","t","19806890","A","Official figure",""
"QCL","Crops and livestock products","032","Argentina","5510","Production","01802","Sugar cane","2012","2012","t","19766388","A","Official figure",""
"QCL","Crops and livestock products","032","Argentina","5510","Production","01802","Sugar cane","2013","2013","t","23700000","X","Figure from external organization","Unofficial figure"
"QCL","Crops and livestock products","032","Argentina","5510","Production","01802","Sugar cane","2014","2014","t","21031319.72","I","Value imputed by a receiving agency",""
"QCL","Crops and livestock products","032","Argentina","5510","Production","01802","Sugar cane","2015","2015","t","17872791","A","Official figure",""
"QCL","Crops and livestock products","032","Argentina","5510","Production","01802","Sugar cane","2016","2016","t","18436081.66","A","Official figure",""
"QCL","Crops and livestock products","032","Argentina","5510","Production","01802","Sugar cane","2017","2017","t","18899810.13","I","Value imputed by a receiving agency",""
"QCL","Crops and livestock products","032","Argentina","5510","Production","01802","Sugar cane","2018","2018","t","18579893.68","I","Value imputed by a receiving agency",""
"QCL","Crops and livestock products","032","Argentina","5510","Production","01802","Sugar cane","2019","2019","t","18251073.93","I","Value imputed by a receiving agency",""
"QCL","Crops and livestock products","032","Argentina","5510","Production","01802","Sugar cane","2020","2020","t","17500000","E","Estimated value",""
"QCL","Crops and livestock products","032","Argentina","5510","Production","01802","Sugar cane","2021","2021","t","16530000","E","Estimated value",""
"QCL","Crops and livestock products","032","Argentina","5510","Production","01802","Sugar cane","2022","2022","t","15500000","E","Estimated value",""
"QCL","Crops and livestock products","032","Argentina","5510","Production","01802","Sugar cane","2023","2023","t","14486706.89","I","Value imputed by a receiving agency",""
"QCL","Crops and livestock products","051","Armenia","5510","Production","01801","Sugar beet","2000","2000","t","800","E","Estimated value",""
"QCL","Crops and livestock products","051","Armenia","5510","Production","01801","Sugar beet","2001","2001","t","800","E","Estimated value",""
"QCL","Crops and livestock products","051","Armenia","5510","Production","01801","Sugar beet","2002","2002","t","811","A","Official figure",""
"QCL","Crops and livestock products","051","Armenia","5510","Production","01801","Sugar beet","2003","2003","t","1500","A","Official figure",""
"QCL","Crops and livestock products","051","Armenia","5510","Production","01801","Sugar beet","2004","2004","t","6000","E","Estimated value",""
"QCL","Crops and livestock products","051","Armenia","5510","Production","01801","Sugar beet","2005","2005","t","16000","E","Estimated value",""
"QCL","Crops and livestock products","051","Armenia","5510","Production","01801","Sugar beet","2006","2006","t","18000","E","Estimated value",""
"QCL","Crops and livestock products","051","Armenia","5510","Production","01801","Sugar beet","2007","2007","t","27000","E","Estimated value",""
"QCL","Crops and livestock products","051","Armenia","5510","Production","01801","Sugar beet","2008","2008","t","30000","E","Estimated value",""
"QCL","Crops and livestock products","051","Armenia","5510","Production","01801","Sugar beet","2009","2009","t","10000","E","Estimated value",""
"QCL","Crops and livestock products","051","Armenia","5510","Production","01801","Sugar beet","2010","2010","t","26000","E","Estimated value",""
"QCL","Crops and livestock products","051","Armenia","5510","Production","01801","Sugar beet","2011","2011","t","56500","E","Estimated value",""
"QCL","Crops and livestock products","051","Armenia","5510","Production","01801","Sugar beet","2012","2012","t","54000","E","Estimated value",""
"QCL","Crops and livestock products","051","Armenia","5510","Production","01801","Sugar beet","2013","2013","t","54500","E","Estimated value",""
"QCL","Crops and livestock products","051","Armenia","5510","Production","01801","Sugar beet","2014","2014","t","54000","E","Estimated value",""
"QCL","Crops and livestock products","051","Armenia","5510","Production","01801","Sugar beet","2015","2015","t","55334.34","I","Value imputed by a receiving agency",""
"QCL","Crops and livestock products","051","Armenia","5510","Production","01801","Sugar beet","2016","2016","t","54611.45","E","Estimated value",""
"QCL","Crops and livestock products","051","Armenia","5510","Production","01801","Sugar beet","2017","2017","t","55237.02","I","Value imputed by a receiving agency",""
"QCL","Crops and livestock products","051","Armenia","5510","Production","01801","Sugar beet","2018","2018","t","55200","E","Estimated value",""
"QCL","Crops and livestock products","051","Armenia","5510","Production","01801","Sugar beet","2019","2019","t","57712.23","I","Value imputed by a receiving agency",""
"QCL","Crops and livestock products","051","Armenia","5510","Production","01801","Sugar beet","2020","2020","t","56049.75","E","Estimated value",""
"QCL","Crops and livestock products","051","Armenia","5510","Production","01801","Sugar beet","2021","2021","t","56320.66","E","Estimated value",""
"QCL","Crops and livestock products","051","Armenia","5510","Production","01801","Sugar beet","2022","2022","t","56694.21","E","Estimated value",""
"QCL","Crops and livestock products","051","Armenia","5510","Production","01801","Sugar beet","2023","2023","t","56354.87","E","Estimated value",""
"QCL","Crops and livestock products","036","Australia","5510","Production","01801","Sugar beet","2020","2020","t","","M","Missing value; data cannot exist",""
"QCL","Crops and livestock products","036","Australia","5510","Production","01801","Sugar beet","2021","2021","t","14044","A","Official figure",""
"QCL","Crops and livestock products","036","Australia","5510","Production","01801","Sugar beet","2022","2022","t","14660","A","Official figure",""
"QCL","Crops and livestock products","036","Australia","5510","Production","01801","Sugar beet","2023","2023","t","16167","A","Official figure",""
"QCL","Crops and livestock products","036","Australia","5510","Production","01802","Sugar cane","2000","2000","t","38164688","A","Official figure",""
"QCL","Crops and livestock products","036","Australia","5510","Production","01802","Sugar cane","2001","2001","t","28116957","A","Official figure",""
"QCL","Crops and livestock products","036","Australia","5510","Production","01802","Sugar cane","2002","2002","t","31424352","A","Official figure",""
"QCL","Crops and livestock products","036","Australia","5510","Production","01802","Sugar cane","2003","2003","t","36994995","A","Official figure",""
"QCL","Crops and livestock products","036","Australia","5510","Production","01802","Sugar cane","2004","2004","t","36993454","A","Official figure",""
"QCL","Crops and livestock products","036","Australia","5510","Production","01802","Sugar cane","2005","2005","t","37822192","A","Official figure",""
"QCL","Crops and livestock products","036","Australia","5510","Production","01802","Sugar cane","2006","2006","t","37128107","A","Official figure",""
"QCL","Crops and livestock products","036","Australia","5510","Production","01802","Sugar cane","2007","2007","t","36396997","A","Official figure",""
"QCL","Crops and livestock products","036","Australia","5510","Production","01802","Sugar cane","2008","2008","t","32621113","A","Official figure",""
"QCL","Crops and livestock products","036","Australia","5510","Production","01802","Sugar cane","2009","2009","t","31456858","A","Official figure",""
"QCL","Crops and livestock products","036","Australia","5510","Production","01802","Sugar cane","2010","2010","t","31234824","A","Official figure",""
"QCL","Crops and livestock products","036","Australia","5510","Production","01802","Sugar cane","2011","2011","t","25181814","A","Official figure",""
"QCL","Crops and livestock products","036","Australia","5510","Production","01802","Sugar cane","2012","2012","t","25957093","A","Official figure",""
"QCL","Crops and livestock products","036","Australia","5510","Production","01802","Sugar cane","2013","2013","t","27136082","A","Official figure",""
"QCL","Crops and livestock products","036","Australia","5510","Production","01802","Sugar cane","2014","2014","t","30517650","A","Official figure",""
"QCL","Crops and livestock products","036","Australia","5510","Production","01802","Sugar cane","2015","2015","t","32379153","A","Official figure",""
"QCL","Crops and livestock products","036","Australia","5510","Production","01802","Sugar cane","2016","2016","t","34403004","A","Official figure",""
"QCL","Crops and livestock products","036","Australia","5510","Production","01802","Sugar cane","2017","2017","t","36561497.03","A","Official figure",""
"QCL","Crops and livestock products","036","Australia","5510","Production","01802","Sugar cane","2018","2018","t","33506830","A","Official figure",""
"QCL","Crops and livestock products","036","Australia","5510","Production","01802","Sugar cane","2019","2019","t","32415352","A","Official figure",""
"QCL","Crops and livestock products","036","Australia","5510","Production","01802","Sugar cane","2020","2020","t","30283457","A","Official figure",""
"QCL","Crops and livestock products","036","Australia","5510","Production","01802","Sugar cane","2021","2021","t","31133488","A","Official figure",""
"QCL","Crops and livestock products","036","Australia","5510","Production","01802","Sugar cane","2022","2022","t","28669279.82","A","Official figure",""
"QCL","Crops and livestock products","036","Australia","5510","Production","01802","Sugar cane","2023","2023","t","32589391","A","Official figure",""
"QCL","Crops and livestock products","040","Austria","5510","Production","01801","Sugar beet","2000","2000","t","2633532","A","Official figure",""
"QCL","Crops and livestock products","040","Austria","5510","Production","01801","Sugar beet","2001","2001","t","2773478","A","Official figure",""
"QCL","Crops and livestock products","040","Austria","5510","Production","01801","Sugar beet","2002","2002","t","3043398","A","Official figure",""
"QCL","Crops and livestock products","040","Austria","5510","Production","01801","Sugar beet","2003","2003","t","2485386","A","Official figure",""
"QCL","Crops and livestock products","040","Austria","5510","Production","01801","Sugar beet","2004","2004","t","2901902","A","Official figure",""
"QCL","Crops and livestock products","040","Austria","5510","Production","01801","Sugar beet","2005","2005","t","3083792","A","Official figure",""
"QCL","Crops and livestock products","040","Austria","5510","Production","01801","Sugar beet","2006","2006","t","2493097","A","Official figure",""
"QCL","Crops and livestock products","040","Austria","5510","Production","01801","Sugar beet","2007","2007","t","2656214","A","Official figure",""
"QCL","Crops and livestock products","040","Austria","5510","Production","01801","Sugar beet","2008","2008","t","3091432","A","Official figure",""
"QCL","Crops and livestock products","040","Austria","5510","Production","01801","Sugar beet","2009","2009","t","3083135","A","Official figure",""
"QCL","Crops and livestock products","040","Austria","5510","Production","01801","Sugar beet","2010","2010","t","3131666","A","Official figure",""
"QCL","Crops and livestock products","040","Austria","5510","Production","01801","Sugar beet","2011","2011","t","3456227","A","Official figure",""
"QCL","Crops and livestock products","040","Austria","5510","Production","01801","Sugar beet","2012","2012","t","3114426.21","A","Official figure",""
"QCL","Crops and livestock products","040","Austria","5510","Production","01801","Sugar beet","2013","2013","t","3465791.27","A","Official figure",""
"QCL","Crops and livestock products","040","Austria","5510","Production","01801","Sugar beet","2014","2014","t","4244218.89","A","Official figure",""
"QCL","Crops and livestock products","040","Austria","5510","Production","01801","Sugar beet","2015","2015","t","2853282","A","Official figure",""
"QCL","Crops and livestock products","040","Austria","5510","Production","01801","Sugar beet","2016","2016","t","3534415.03","A","Official figure",""
"QCL","Crops and livestock products","040","Austria","5510","Production","01801","Sugar beet","2017","2017","t","2993710","A","Official figure",""
"QCL","Crops and livestock products","040","Austria","5510","Production","01801","Sugar beet","2018","2018","t","2150190","A","Official figure",""
"QCL","Crops and livestock products","040","Austria","5510","Production","01801","Sugar beet","2019","2019","t","1965150","A","Official figure",""
"QCL","Crops and livestock products","040","Austria","5510","Production","01801","Sugar beet","2020","2020","t","2091690","A","Official figure",""
"QCL","Crops and livestock products","040","Austria","5510","Production","01801","Sugar beet","2021","2021","t","3017450","A","Official figure",""
"QCL","Crops and livestock products","040","Austria","5510","Production","01801","Sugar beet","2022","2022","t","2709530","A","Official figure",""
"QCL","Crops and livestock products","040","Austria","5510","Production","01801","Sugar beet","2023","2023","t","2675690","A","Official figure",""
"QCL","Crops and livestock products","031","Azerbaijan","5510","Production","01801","Sugar beet","2000","2000","t","46679","A","Official figure",""
"QCL","Crops and livestock products","031","Azerbaijan","5510","Production","01801","Sugar beet","2001","2001","t","41325","A","Official figure",""
"QCL","Crops and livestock products","031","Azerbaijan","5510","Production","01801","Sugar beet","2002","2002","t","115759","A","Official figure",""
"QCL","Crops and livestock products","031","Azerbaijan","5510","Production","01801","Sugar beet","2003","2003","t","128884","A","Official figure",""
"QCL","Crops and livestock products","031","Azerbaijan","5510","Production","01801","Sugar beet","2004","2004","t","56777","A","Official figure",""
"QCL","Crops and livestock products","031","Azerbaijan","5510","Production","01801","Sugar beet","2005","2005","t","36584","A","Official figure",""
"QCL","Crops and livestock products","031","Azerbaijan","5510","Production","01801","Sugar beet","2006","2006","t","167231","A","Official figure",""
"QCL","Crops and livestock products","031","Azerbaijan","5510","Production","01801","Sugar beet","2007","2007","t","141916","A","Official figure",""
"QCL","Crops and livestock products","031","Azerbaijan","5510","Production","01801","Sugar beet","2008","2008","t","190680","A","Official figure",""
"QCL","Crops and livestock products","031","Azerbaijan","5510","Production","01801","Sugar beet","2009","2009","t","188670","A","Official figure",""
"QCL","Crops and livestock products","031","Azerbaijan","5510","Production","01801","Sugar beet","2010","2010","t","251854","A","Official figure",""
"QCL","Crops and livestock products","031","Azerbaijan","5510","Production","01801","Sugar beet","2011","2011","t","252949","A","Official figure",""
"QCL","Crops and livestock products","031","Azerbaijan","5510","Production","01801","Sugar beet","2012","2012","t","173848","A","Official figure",""
"QCL","Crops and livestock products","031","Azerbaijan","5510","Production","01801","Sugar beet","2013","2013","t","187923","A","Official figure",""
"QCL","Crops and livestock products","031","Azerbaijan","5510","Production","01801","Sugar beet","2014","2014","t","173287","A","Official figure",""
"QCL","Crops and livestock products","031","Azerbaijan","5510","Production","01801","Sugar beet","2015","2015","t","184280","A","Official figure",""
"QCL","Crops and livestock products","031","Azerbaijan","5510","Production","01801","Sugar beet","2016","2016","t","312605.3","A","Official figure",""
"QCL","Crops and livestock products","031","Azerbaijan","5510","Production","01801","Sugar beet","2017","2017","t","410084.5","A","Official figure",""
"QCL","Crops and livestock products","031","Azerbaijan","5510","Production","01801","Sugar beet","2018","2018","t","277217.3","A","Official figure",""
"QCL","Crops and livestock products","031","Azerbaijan","5510","Production","01801","Sugar beet","2019","2019","t","218525","A","Official figure",""
"QCL","Crops and livestock products","031","Azerbaijan","5510","Production","01801","Sugar beet","2020","2020","t","233760.1","A","Official figure",""
"QCL","Crops and livestock products","031","Azerbaijan","5510","Production","01801","Sugar beet","2021","2021","t","177298.6","A","Official figure",""
"QCL","Crops and livestock products","031","Azerbaijan","5510","Production","01801","Sugar beet","2022","2022","t","210645.2","A","Official figure",""
"QCL","Crops and livestock products","031","Azerbaijan","5510","Production","01801","Sugar beet","2023","2023","t","206105","A","Official figure",""
"QCL","Crops and livestock products","044","Bahamas","5510","Production","01802","Sugar cane","2000","2000","t","62500","E","Estimated value",""
"QCL","Crops and livestock products","044","Bahamas","5510","Production","01802","Sugar cane","2001","2001","t","75000","E","Estimated value",""
"QCL","Crops and livestock products","044","Bahamas","5510","Production","01802","Sugar cane","2002","2002","t","55000","E","Estimated value",""
"QCL","Crops and livestock products","044","Bahamas","5510","Production","01802","Sugar cane","2003","2003","t","50000","E","Estimated value",""
"QCL","Crops and livestock products","044","Bahamas","5510","Production","01802","Sugar cane","2004","2004","t","50000","E","Estimated value",""
"QCL","Crops and livestock products","044","Bahamas","5510","Production","01802","Sugar cane","2005","2005","t","50000","E","Estimated value",""
"QCL","Crops and livestock products","044","Bahamas","5510","Production","01802","Sugar cane","2006","2006","t","57500","E","Estimated value",""
"QCL","Crops and livestock products","044","Bahamas","5510","Production","01802","Sugar cane","2007","2007","t","57500","E","Estimated value",""
"QCL","Crops and livestock products","044","Bahamas","5510","Production","01802","Sugar cane","2008","2008","t","57500","E","Estimated value",""
"QCL","Crops and livestock products","044","Bahamas","5510","Production","01802","Sugar cane","2009","2009","t","57500","E","Estimated value",""
"QCL","Crops and livestock products","044","Bahamas","5510","Production","01802","Sugar cane","2010","2010","t","57500","E","Estimated value",""
"QCL","Crops and livestock products","044","Bahamas","5510","Production","01802","Sugar cane","2011","2011","t","57500","E","Estimated value",""
"QCL","Crops and livestock products","044","Bahamas","5510","Production","01802","Sugar cane","2012","2012","t","57500","E","Estimated value",""
"QCL","Crops and livestock products","044","Bahamas","5510","Production","01802","Sugar cane","2013","2013","t","57500","E","Estimated value",""
"QCL","Crops and livestock products","044","Bahamas","5510","Production","01802","Sugar cane","2014","2014","t","59488.15","I","Value imputed by a receiving agency",""
"QCL","Crops and livestock products","044","Bahamas","5510","Production","01802","Sugar cane","2015","2015","t","60354.68","I","Value imputed by a receiving agency",""
"QCL","Crops and livestock products","044","Bahamas","5510","Production","01802","Sugar cane","2016","2016","t","60947.46","I","Value imputed by a receiving agency",""
"QCL","Crops and livestock products","044","Bahamas","5510","Production","01802","Sugar cane","2017","2017","t","61370.99","I","Value imputed by a receiving agency",""
"QCL","Crops and livestock products","044","Bahamas","5510","Production","01802","Sugar cane","2018","2018","t","61738.62","I","Value imputed by a receiving agency",""
"QCL","Crops and livestock products","044","Bahamas","5510","Production","01802","Sugar cane","2019","2019","t","62250.56","I","Value imputed by a receiving agency",""
"QCL","Crops and livestock products","044","Bahamas","5510","Production","01802","Sugar cane","2020","2020","t","62966.28","I","Value imputed by a receiving agency",""
"QCL","Crops and livestock products","044","Bahamas","5510","Production","01802","Sugar cane","2021","2021","t","63490.48","I","Value imputed by a receiving agency",""
"QCL","Crops and livestock products","044","Bahamas","5510","Production","01802","Sugar cane","2022","2022","t","63016.43","I","Value imputed by a receiving agency",""
"QCL","Crops and livestock products","044","Bahamas","5510","Production","01802","Sugar cane","2023","2023","t","63432.02","I","Value imputed by a receiving agency",""
"QCL","Crops and livestock products","050","Bangladesh","5510","Production","01802","Sugar cane","2000","2000","t","6910000","A","Official figure",""
"QCL","Crops and livestock products","050","Bangladesh","5510","Production","01802","Sugar cane","2001","2001","t","6742000","A","Official figure",""
"QCL","Crops and livestock products","050","Bangladesh","5510","Production","01802","Sugar cane","2002","2002","t","6502000","A","Official figure",""
"QCL","Crops and livestock products","050","Bangladesh","5510","Production","01802","Sugar cane","2003","2003","t","6838395","A","Official figure",""
"QCL","Crops and livestock products","050","Bangladesh","5510","Production","01802","Sugar cane","2004","2004","t","6483640","A","Official figure",""
"QCL","Crops and livestock products","050","Bangladesh","5510","Production","01802","Sugar cane","2005","2005","t","6423380","A","Official figure",""
"QCL","Crops and livestock products","050","Bangladesh","5510","Production","01802","Sugar cane","2006","2006","t","5510930","A","Official figure",""
"QCL","Crops and livestock products","050","Bangladesh","5510","Production","01802","Sugar cane","2007","2007","t","5769945","A","Official figure",""
"QCL","Crops and livestock products","050","Bangladesh","5510","Production","01802","Sugar cane","2008","2008","t","4983656","A","Official figure",""
"QCL","Crops and livestock products","050","Bangladesh","5510","Production","01802","Sugar cane","2009","2009","t","5232649","A","Official figure",""
"QCL","Crops and livestock products","050","Bangladesh","5510","Production","01802","Sugar cane","2010","2010","t","4490812","A","Official figure",""
"QCL","Crops and livestock products","050","Bangladesh","5510","Production","01802","Sugar cane","2011","2011","t","4671348","A","Official figure",""
"QCL","Crops and livestock products","050","Bangladesh","5510","Production","01802","Sugar cane","2012","2012","t","4603003","A","Official figure",""
"QCL","Crops and livestock products","050","Bangladesh","5510","Production","01802","Sugar cane","2013","2013","t","4434000","A","Official figure",""
"QCL","Crops and livestock products","050","Bangladesh","5510","Production","01802","Sugar cane","2014","2014","t","4508000","A","Official figure",""
"QCL","Crops and livestock products","050","Bangladesh","5510","Production","01802","Sugar cane","2015","2015","t","4434070","A","Official figure",""
"QCL","Crops and livestock products","050","Bangladesh","5510","Production","01802","Sugar cane","2016","2016","t","4207592","A","Official figure",""
"QCL","Crops and livestock products","050","Bangladesh","5510","Production","01802","Sugar cane","2017","2017","t","3862775","A","Official figure",""
"QCL","Crops and livestock products","050","Bangladesh","5510","Production","01802","Sugar cane","2018","2018","t","3638731","A","Official figure",""
"QCL","Crops and livestock products","050","Bangladesh","5510","Production","01802","Sugar cane","2019","2019","t","3141923","A","Official figure",""
"QCL","Crops and livestock products","050","Bangladesh","5510","Production","01802","Sugar cane","2020","2020","t","3682951","A","Official figure",""
"QCL","Crops and livestock products","050","Bangladesh","5510","Production","01802","Sugar cane","2021","2021","t","3332546","A","Official figure",""
"QCL","Crops and livestock products","050","Bangladesh","5510","Production","01802","Sugar cane","2022","2022","t","3087428","A","Official figure",""
"QCL","Crops and livestock products","050","Bangladesh","5510","Production","01802","Sugar cane","2023","2023","t","2982546","A","Official figure",""
"QCL","Crops and livestock products","052","Barbados","5510","Production","01802","Sugar cane","2000","2000","t","546000","A","Official figure",""
"QCL","Crops and livestock products","052","Barbados","5510","Production","01802","Sugar cane","2001","2001","t","420000","A","Official figure",""
"QCL","Crops and livestock products","052","Barbados","5510","Production","01802","Sugar cane","2002","2002","t","417847","A","Official figure",""
"QCL","Crops and livestock products","052","Barbados","5510","Production","01802","Sugar cane","2003","2003","t","364555","A","Official figure",""
"QCL","Crops and livestock products","052","Barbados","5510","Production","01802","Sugar cane","2004","2004","t","361237","A","Official figure",""
"QCL","Crops and livestock products","052","Barbados","5510","Production","01802","Sugar cane","2005","2005","t","442400","A","Official figure",""
"QCL","Crops and livestock products","052","Barbados","5510","Production","01802","Sugar cane","2006","2006","t","348300","A","Official figure",""
"QCL","Crops and livestock products","052","Barbados","5510","Production","01802","Sugar cane","2007","2007","t","353500","A","Official figure",""
"QCL","Crops and livestock products","052","Barbados","5510","Production","01802","Sugar cane","2008","2008","t","310700","A","Official figure",""
"QCL","Crops and livestock products","052","Barbados","5510","Production","01802","Sugar cane","2009","2009","t","356700","A","Official figure",""
"QCL","Crops and livestock products","052","Barbados","5510","Production","01802","Sugar cane","2010","2010","t","258800","A","Official figure",""
"QCL","Crops and livestock products","052","Barbados","5510","Production","01802","Sugar cane","2011","2011","t","285410","A","Official figure",""
"QCL","Crops and livestock products","052","Barbados","5510","Production","01802","Sugar cane","2012","2012","t","258600","A","Official figure",""
"QCL","Crops and livestock products","052","Barbados","5510","Production","01802","Sugar cane","2013","2013","t","173084.62","A","Official figure",""
"QCL","Crops and livestock products","052","Barbados","5510","Production","01802","Sugar cane","2014","2014","t","159606.89","A","Official figure",""
"QCL","Crops and livestock products","052","Barbados","5510","Production","01802","Sugar cane","2015","2015","t","116105","A","Official figure",""
"QCL","Crops and livestock products","052","Barbados","5510","Production","01802","Sugar cane","2016","2016","t","83369","A","Official figure",""
"QCL","Crops and livestock products","052","Barbados","5510","Production","01802","Sugar cane","2017","2017","t","131194.4","A","Official figure",""
"QCL","Crops and livestock products","052","Barbados","5510","Production","01802","Sugar cane","2018","2018","t","146831.13","A","Official figure",""
"QCL","Crops and livestock products","052","Barbados","5510","Production","01802","Sugar cane","2019","2019","t","84588.57","A","Official figure",""
"QCL","Crops and livestock products","052","Barbados","5510","Production","01802","Sugar cane","2020","2020","t","91388.91","A","Official figure",""
"QCL","Crops and livestock products","052","Barbados","5510","Production","01802","Sugar cane","2021","2021","t","92129.07","A","Official figure",""
"QCL","Crops and livestock products","052","Barbados","5510","Production","01802","Sugar cane","2022","2022","t","95955","A","Official figure",""
"QCL","Crops and livestock products","052","Barbados","5510","Production","01802","Sugar cane","2023","2023","t","94000","E","Estimated value",""
"QCL","Crops and livestock products","112","Belarus","5510","Production","01801","Sugar beet","2000","2000","t","1473600","A","Official figure",""
"QCL","Crops and livestock products","112","Belarus","5510","Production","01801","Sugar beet","2001","2001","t","1682100","A","Official figure",""
"QCL","Crops and livestock products","112","Belarus","5510","Production","01801","Sugar beet","2002","2002","t","1145500","A","Official figure",""
"QCL","Crops and livestock products","112","Belarus","5510","Production","01801","Sugar beet","2003","2003","t","1920200","A","Official figure",""
"QCL","Crops and livestock products","112","Belarus","5510","Production","01801","Sugar beet","2004","2004","t","3088328","A","Official figure",""
"QCL","Crops and livestock products","112","Belarus","5510","Production","01801","Sugar beet","2005","2005","t","3065182","A","Official figure",""
"QCL","Crops and livestock products","112","Belarus","5510","Production","01801","Sugar beet","2006","2006","t","3978474","A","Official figure",""
"QCL","Crops and livestock products","112","Belarus","5510","Production","01801","Sugar beet","2007","2007","t","3626154","A","Official figure",""
"QCL","Crops and livestock products","112","Belarus","5510","Production","01801","Sugar beet","2008","2008","t","4030380","A","Official figure",""
"QCL","Crops and livestock products","112","Belarus","5510","Production","01801","Sugar beet","2009","2009","t","3972992","A","Official figure",""
"QCL","Crops and livestock products","112","Belarus","5510","Production","01801","Sugar beet","2010","2010","t","3773390","A","Official figure",""
"QCL","Crops and livestock products","112","Belarus","5510","Production","01801","Sugar beet","2011","2011","t","4486688","A","Official figure",""
"QCL","Crops and livestock products","112","Belarus","5510","Production","01801","Sugar beet","2012","2012","t","4771691","A","Official figure",""
"QCL","Crops and livestock products","112","Belarus","5510","Production","01801","Sugar beet","2013","2013","t","4343222","A","Official figure",""
"QCL","Crops and livestock products","112","Belarus","5510","Production","01801","Sugar beet","2014","2014","t","4803220","A","Official figure",""
"QCL","Crops and livestock products","112","Belarus","5510","Production","01801","Sugar beet","2015","2015","t","3299898","A","Official figure",""
"QCL","Crops and livestock products","112","Belarus","5510","Production","01801","Sugar beet","2016","2016","t","4278728","A","Official figure",""
"QCL","Crops and livestock products","112","Belarus","5510","Production","01801","Sugar beet","2017","2017","t","4989334","A","Official figure",""
"QCL","Crops and livestock products","112","Belarus","5510","Production","01801","Sugar beet","2018","2018","t","4809430","A","Official figure",""
"QCL","Crops and livestock products","112","Belarus","5510","Production","01801","Sugar beet","2019","2019","t","4945325","A","Official figure",""
"QCL","Crops and livestock products","112","Belarus","5510","Production","01801","Sugar beet","2020","2020","t","4008528","A","Official figure",""
"QCL","Crops and livestock products","112","Belarus","5510","Production","01801","Sugar beet","2021","2021","t","3873698","A","Official figure",""
"QCL","Crops and livestock products","112","Belarus","5510","Production","01801","Sugar beet","2022","2022","t","4226769","A","Official figure",""
"QCL","Crops and livestock products","112","Belarus","5510","Production","01801","Sugar beet","2023","2023","t","4844743","A","Official figure",""
"QCL","Crops and livestock products","056","Belgium","5510","Production","01801","Sugar beet","2000","2000","t","6152000","A","Official figure",""
"QCL","Crops and livestock products","056","Belgium","5510","Production","01801","Sugar beet","2001","2001","t","5613900","A","Official figure",""
"QCL","Crops and livestock products","056","Belgium","5510","Production","01801","Sugar beet","2002","2002","t","6537100","A","Official figure",""
"QCL","Crops and livestock products","056","Belgium","5510","Production","01801","Sugar beet","2003","2003","t","6449682","A","Official figure",""
"QCL","Crops and livestock products","056","Belgium","5510","Production","01801","Sugar beet","2004","2004","t","6215850","A","Official figure",""
"QCL","Crops and livestock products","056","Belgium","5510","Production","01801","Sugar beet","2005","2005","t","5983173","A","Official figure",""
"QCL","Crops and livestock products","056","Belgium","5510","Production","01801","Sugar beet","2006","2006","t","5666621","A","Official figure",""
"QCL","Crops and livestock products","056","Belgium","5510","Production","01801","Sugar beet","2007","2007","t","5746892","A","Official figure",""
"QCL","Crops and livestock products","056","Belgium","5510","Production","01801","Sugar beet","2008","2008","t","4713904","A","Official figure",""
"QCL","Crops and livestock products","056","Belgium","5510","Production","01801","Sugar beet","2009","2009","t","5186179","A","Official figure",""
"QCL","Crops and livestock products","056","Belgium","5510","Production","01801","Sugar beet","2010","2010","t","4464778","A","Official figure",""
"QCL","Crops and livestock products","056","Belgium","5510","Production","01801","Sugar beet","2011","2011","t","5408977","A","Official figure",""
"QCL","Crops and livestock products","056","Belgium","5510","Production","01801","Sugar beet","2012","2012","t","5438400","A","Official figure",""
"QCL","Crops and livestock products","056","Belgium","5510","Production","01801","Sugar beet","2013","2013","t","4809300","A","Official figure",""
"QCL","Crops and livestock products","056","Belgium","5510","Production","01801","Sugar beet","2014","2014","t","4790700","A","Official figure",""
"QCL","Crops and livestock products","056","Belgium","5510","Production","01801","Sugar beet","2015","2015","t","4532561","A","Official figure",""
"QCL","Crops and livestock products","056","Belgium","5510","Production","01801","Sugar beet","2016","2016","t","4021110","A","Official figure",""
"QCL","Crops and livestock products","056","Belgium","5510","Production","01801","Sugar beet","2017","2017","t","5941783","A","Official figure",""
"QCL","Crops and livestock products","056","Belgium","5510","Production","01801","Sugar beet","2018","2018","t","5192050","A","Official figure",""
"QCL","Crops and livestock products","056","Belgium","5510","Production","01801","Sugar beet","2019","2019","t","5071850","A","Official figure",""
"QCL","Crops and livestock products","056","Belgium","5510","Production","01801","Sugar beet","2020","2020","t","4783970","A","Official figure",""
"QCL","Crops and livestock products","056","Belgium","5510","Production","01801","Sugar beet","2021","2021","t","4549960","A","Official figure",""
"QCL","Crops and livestock products","056","Belgium","5510","Production","01801","Sugar beet","2022","2022","t","4743710","A","Official figure",""
"QCL","Crops and livestock products","056","Belgium","5510","Production","01801","Sugar beet","2023","2023","t","4750450","A","Official figure",""
"QCL","Crops and livestock products","084","Belize","5510","Production","01802","Sugar cane","2000","2000","t","1089128","A","Official figure",""
"QCL","Crops and livestock products","084","Belize","5510","Production","01802","Sugar cane","2001","2001","t","1011214","A","Official figure",""
"QCL","Crops and livestock products","084","Belize","5510","Production","01802","Sugar cane","2002","2002","t","1150656","A","Official figure",""
"QCL","Crops and livestock products","084","Belize","5510","Production","01802","Sugar cane","2003","2003","t","1073247","A","Official figure",""
"QCL","Crops and livestock products","084","Belize","5510","Production","01802","Sugar cane","2004","2004","t","1149475","A","Official figure",""
"QCL","Crops and livestock products","084","Belize","5510","Production","01802","Sugar cane","2005","2005","t","929392","A","Official figure",""
"QCL","Crops and livestock products","084","Belize","5510","Production","01802","Sugar cane","2006","2006","t","1173470","A","Official figure",""
"QCL","Crops and livestock products","084","Belize","5510","Production","01802","Sugar cane","2007","2007","t","1200050","A","Official figure",""
"QCL","Crops and livestock products","084","Belize","5510","Production","01802","Sugar cane","2008","2008","t","980114","A","Official figure",""
"QCL","Crops and livestock products","084","Belize","5510","Production","01802","Sugar cane","2009","2009","t","917728","A","Official figure",""
"QCL","Crops and livestock products","084","Belize","5510","Production","01802","Sugar cane","2010","2010","t","1122765","A","Official figure",""
"QCL","Crops and livestock products","084","Belize","5510","Production","01802","Sugar cane","2011","2011","t","843786","A","Official figure",""
"QCL","Crops and livestock products","084","Belize","5510","Production","01802","Sugar cane","2012","2012","t","1070128","A","Official figure",""
"QCL","Crops and livestock products","084","Belize","5510","Production","01802","Sugar cane","2013","2013","t","1078015","A","Official figure",""
"QCL","Crops and livestock products","084","Belize","5510","Production","01802","Sugar cane","2014","2014","t","1214125","A","Official figure",""
"QCL","Crops and livestock products","084","Belize","5510","Production","01802","Sugar cane","2015","2015","t","1186154","A","Official figure",""
"QCL","Crops and livestock products","084","Belize","5510","Production","01802","Sugar cane","2016","2016","t","1478401","A","Official figure",""
"QCL","Crops and livestock products","084","Belize","5510","Production","01802","Sugar cane","2017","2017","t","1670432","A","Official figure",""
"QCL","Crops and livestock products","084","Belize","5510","Production","01802","Sugar cane","2018","2018","t","1707537","A","Official figure",""
"QCL","Crops and livestock products","084","Belize","5510","Production","01802","Sugar cane","2019","2019","t","1794029","A","Official figure",""
"QCL","Crops and livestock products","084","Belize","5510","Production","01802","Sugar cane","2020","2020","t","1536864","A","Official figure",""
"QCL","Crops and livestock products","084","Belize","5510","Production","01802","Sugar cane","2021","2021","t","1893663","A","Official figure",""
"QCL","Crops and livestock products","084","Belize","5510","Production","01802","Sugar cane","2022","2022","t","1803634","A","Official figure",""
"QCL","Crops and livestock products","084","Belize","5510","Production","01802","Sugar cane","2023","2023","t","1488960","A","Official figure",""
"QCL","Crops and livestock products","204","Benin","5510","Production","01802","Sugar cane","2000","2000","t","52083","A","Official figure",""
"QCL","Crops and livestock products","204","Benin","5510","Production","01802","Sugar cane","2001","2001","t","73389","A","Official figure",""
"QCL","Crops and livestock products","204","Benin","5510","Production","01802","Sugar cane","2002","2002","t","65368","X","Figure from external organization","Unofficial figure"
"QCL","Crops and livestock products","204","Benin","5510","Production","01802","Sugar cane","2003","2003","t","75405","A","Official figure",""
"QCL","Crops and livestock products","204","Benin","5510","Production","01802","Sugar cane","2004","2004","t","68549","A","Official figure",""
"QCL","Crops and livestock products","204","Benin","5510","Production","01802","Sugar cane","2005","2005","t","64328","A","Official figure",""
"QCL","Crops and livestock products","204","Benin","5510","Production","01802","Sugar cane","2006","2006","t","66116","A","Official figure",""
"QCL","Crops and livestock products","204","Benin","5510","Production","01802","Sugar cane","2007","2007","t","40375","A","Official figure",""
"QCL","Crops and livestock products","204","Benin","5510","Production","01802","Sugar cane","2008","2008","t","64696","A","Official figure",""
"QCL","Crops and livestock products","204","Benin","5510","Production","01802","Sugar cane","2009","2009","t","69908","I","Value imputed by a receiving agency",""
"QCL","Crops and livestock products","204","Benin","5510","Production","01802","Sugar cane","2010","2010","t","87000","E","Estimated value",""
"QCL","Crops and livestock products","204","Benin","5510","Production","01802","Sugar cane","2011","2011","t","51000","E","Estimated value",""
"QCL","Crops and livestock products","204","Benin","5510","Production","01802","Sugar cane","2012","2012","t","73000","E","Estimated value",""
"QCL","Crops and livestock products","204","Benin","5510","Production","01802","Sugar cane","2013","2013","t","65000","E","Estimated value",""
"QCL","Crops and livestock products","204","Benin","5510","Production","01802","Sugar cane","2014","2014","t","75000","E","Estimated value",""
"QCL","Crops and livestock products","204","Benin","5510","Production","01802","Sugar cane","2015","2015","t","96000","E","Estimated value",""
"QCL","Crops and livestock products","204","Benin","5510","Production","01802","Sugar cane","2016","2016","t","87000","E","Estimated value",""
"QCL","Crops and livestock products","204","Benin","5510","Production","01802","Sugar cane","2017","2017","t","75500","E","Estimated value",""
"QCL","Crops and livestock products","204","Benin","5510","Production","01802","Sugar cane","2018","2018","t","75500","E","Estimated value",""
"QCL","Crops and livestock products","204","Benin","5510","Production","01802","Sugar cane","2019","2019","t","75500","E","Estimated value",""
"QCL","Crops and livestock products","204","Benin","5510","Production","01802","Sugar cane","2020","2020","t","75500","E","Estimated value",""
"QCL","Crops and livestock products","204","Benin","5510","Production","01802","Sugar cane","2021","2021","t","75500","E","Estimated value",""
"QCL","Crops and livestock products","204","Benin","5510","Production","01802","Sugar cane","2022","2022","t","75500","E","Estimated value",""
"QCL","Crops and livestock products","204","Benin","5510","Production","01802","Sugar cane","2023","2023","t","75500","E","Estimated value",""
"QCL","Crops and livestock products","064","Bhutan","5510","Production","01802","Sugar cane","2000","2000","t","863.98","I","Value imputed by a receiving agency",""
"QCL","Crops and livestock products","064","Bhutan","5510","Production","01802","Sugar cane","2001","2001","t","855.51","I","Value imputed by a receiving agency",""
"QCL","Crops and livestock products","064","Bhutan","5510","Production","01802","Sugar cane","2002","2002","t","849.66","I","Value imputed by a receiving agency",""
"QCL","Crops and livestock products","064","Bhutan","5510","Production","01802","Sugar cane","2003","2003","t","843.81","I","Value imputed by a receiving agency",""
"QCL","Crops and livestock products","064","Bhutan","5510","Production","01802","Sugar cane","2004","2004","t","839.89","I","Value imputed by a receiving agency",""
"QCL","Crops and livestock products","064","Bhutan","5510","Production","01802","Sugar cane","2005","2005","t","838.23","I","Value imputed by a receiving agency",""
"QCL","Crops and livestock products","064","Bhutan","5510","Production","01802","Sugar cane","2006","2006","t","839.3","I","Value imputed by a receiving agency",""
"QCL","Crops and livestock products","064","Bhutan","5510","Production","01802","Sugar cane","2007","2007","t","1452","A","Official figure",""
"QCL","Crops and livestock products","064","Bhutan","5510","Production","01802","Sugar cane","2008","2008","t","761.91","I","Value imputed by a receiving agency",""
"QCL","Crops and livestock products","064","Bhutan","5510","Production","01802","Sugar cane","2009","2009","t","683.38","I","Value imputed by a receiving agency",""
"QCL","Crops and livestock products","064","Bhutan","5510","Production","01802","Sugar cane","2010","2010","t","607.39","I","Value imputed by a receiving agency",""
"QCL","Crops and livestock products","064","Bhutan","5510","Production","01802","Sugar cane","2011","2011","t","533.1","I","Value imputed by a receiving agency",""
"QCL","Crops and livestock products","064","Bhutan","5510","Production","01802","Sugar cane","2012","2012","t","226","A","Official figure",""
"QCL","Crops and livestock products","064","Bhutan","5510","Production","01802","Sugar cane","2013","2013","t","292","A","Official figure",""
"QCL","Crops and livestock products","064","Bhutan","5510","Production","01802","Sugar cane","2014","2014","t","324","A","Official figure",""
"QCL","Crops and livestock products","064","Bhutan","5510","Production","01802","Sugar cane","2015","2015","t","508","A","Official figure",""
"QCL","Crops and livestock products","064","Bhutan","5510","Production","01802","Sugar cane","2016","2016","t","345","A","Official figure",""
"QCL","Crops and livestock products","064","Bhutan","5510","Production","01802","Sugar cane","2017","2017","t","314.94","I","Value imputed by a receiving agency",""
"QCL","Crops and livestock products","064","Bhutan","5510","Production","01802","Sugar cane","2018","2018","t","100.94","A","Official figure",""
"QCL","Crops and livestock products","064","Bhutan","5510","Production","01802","Sugar cane","2019","2019","t","396.34","A","Official figure",""
"QCL","Crops and livestock products","064","Bhutan","5510","Production","01802","Sugar cane","2020","2020","t","270.74","E","Estimated value",""
"QCL","Crops and livestock products","064","Bhutan","5510","Production","01802","Sugar cane","2021","2021","t","256.01","E","Estimated value",""
"QCL","Crops and livestock products","064","Bhutan","5510","Production","01802","Sugar cane","2022","2022","t","307.7","E","Estimated value",""
"QCL","Crops and livestock products","064","Bhutan","5510","Production","01802","Sugar cane","2023","2023","t","278.15","E","Estimated value",""
"QCL","Crops and livestock products","068","Bolivia (Plurinational State of)","5510","Production","01802","Sugar cane","2000","2000","t","3601748","A","Official figure",""
"QCL","Crops and livestock products","068","Bolivia (Plurinational State of)","5510","Production","01802","Sugar cane","2001","2001","t","3859310","A","Official figure",""
"QCL","Crops and livestock products","068","Bolivia (Plurinational State of)","5510","Production","01802","Sugar cane","2002","2002","t","4735098","A","Official figure",""
"QCL","Crops and livestock products","068","Bolivia (Plurinational State of)","5510","Production","01802","Sugar cane","2003","2003","t","4916541","A","Official figure",""
"QCL","Crops and livestock products","068","Bolivia (Plurinational State of)","5510","Production","01802","Sugar cane","2004","2004","t","5496113","A","Official figure",""
"QCL","Crops and livestock products","068","Bolivia (Plurinational State of)","5510","Production","01802","Sugar cane","2005","2005","t","5112222","A","Official figure",""
"QCL","Crops and livestock products","068","Bolivia (Plurinational State of)","5510","Production","01802","Sugar cane","2006","2006","t","6201125","A","Official figure",""
"QCL","Crops and livestock products","068","Bolivia (Plurinational State of)","5510","Production","01802","Sugar cane","2007","2007","t","6402528","A","Official figure",""
"QCL","Crops and livestock products","068","Bolivia (Plurinational State of)","5510","Production","01802","Sugar cane","2008","2008","t","7009195","A","Official figure",""
"QCL","Crops and livestock products","068","Bolivia (Plurinational State of)","5510","Production","01802","Sugar cane","2009","2009","t","7803800","A","Official figure",""
"QCL","Crops and livestock products","068","Bolivia (Plurinational State of)","5510","Production","01802","Sugar cane","2010","2010","t","6403181","A","Official figure",""
"QCL","Crops and livestock products","068","Bolivia (Plurinational State of)","5510","Production","01802","Sugar cane","2011","2011","t","6794052","A","Official figure",""
"QCL","Crops and livestock products","068","Bolivia (Plurinational State of)","5510","Production","01802","Sugar cane","2012","2012","t","7692399.41","A","Official figure",""
"QCL","Crops and livestock products","068","Bolivia (Plurinational State of)","5510","Production","01802","Sugar cane","2013","2013","t","8363454.35","A","Official figure",""
"QCL","Crops and livestock products","068","Bolivia (Plurinational State of)","5510","Production","01802","Sugar cane","2014","2014","t","7598630","A","Official figure",""
"QCL","Crops and livestock products","068","Bolivia (Plurinational State of)","5510","Production","01802","Sugar cane","2015","2015","t","7192512","A","Official figure",""
"QCL","Crops and livestock products","068","Bolivia (Plurinational State of)","5510","Production","01802","Sugar cane","2016","2016","t","7374751","A","Official figure",""
"QCL","Crops and livestock products","068","Bolivia (Plurinational State of)","5510","Production","01802","Sugar cane","2017","2017","t","8731675.5","A","Official figure",""
"QCL","Crops and livestock products","068","Bolivia (Plurinational State of)","5510","Production","01802","Sugar cane","2018","2018","t","9616439.95","A","Official figure",""
"QCL","Crops and livestock products","068","Bolivia (Plurinational State of)","5510","Production","01802","Sugar cane","2019","2019","t","9558472","A","Official figure",""
"QCL","Crops and livestock products","068","Bolivia (Plurinational State of)","5510","Production","01802","Sugar cane","2020","2020","t","10094423","A","Official figure",""
"QCL","Crops and livestock products","068","Bolivia (Plurinational State of)","5510","Production","01802","Sugar cane","2021","2021","t","10057104.09","A","Official figure",""
"QCL","Crops and livestock products","068","Bolivia (Plurinational State of)","5510","Production","01802","Sugar cane","2022","2022","t","9659111.34","A","Official figure",""
"QCL","Crops and livestock products","068","Bolivia (Plurinational State of)","5510","Production","01802","Sugar cane","2023","2023","t","10307308.57","A","Official figure",""
"QCL","Crops and livestock products","070","Bosnia and Herzegovina","5510","Production","01801","Sugar beet","2000","2000","t","2355.73","I","Value imputed by a receiving agency",""
"QCL","Crops and livestock products","070","Bosnia and Herzegovina","5510","Production","01801","Sugar beet","2001","2001","t","1781.33","I","Value imputed by a receiving agency",""
"QCL","Crops and livestock products","070","Bosnia and Herzegovina","5510","Production","01801","Sugar beet","2002","2002","t","1112.39","I","Value imputed by a receiving agency",""
"QCL","Crops and livestock products","070","Bosnia and Herzegovina","5510","Production","01801","Sugar beet","2003","2003","t","501.21","I","Value imputed by a receiving agency",""
"QCL","Crops and livestock products","070","Bosnia and Herzegovina","5510","Production","01801","Sugar beet","2004","2004","t","0","A","Official figure",""
"QCL","Crops and livestock products","070","Bosnia and Herzegovina","5510","Production","01801","Sugar beet","2005","2005","t","0","A","Official figure",""
"QCL","Crops and livestock products","070","Bosnia and Herzegovina","5510","Production","01801","Sugar beet","2006","2006","t","35","A","Official figure",""
"QCL","Crops and livestock products","070","Bosnia and Herzegovina","5510","Production","01801","Sugar beet","2007","2007","t","86.31","I","Value imputed by a receiving agency",""
"QCL","Crops and livestock products","070","Bosnia and Herzegovina","5510","Production","01801","Sugar beet","2008","2008","t","36","A","Official figure",""
"QCL","Crops and livestock products","070","Bosnia and Herzegovina","5510","Production","01801","Sugar beet","2009","2009","t","179.77","I","Value imputed by a receiving agency",""
"QCL","Crops and livestock products","070","Bosnia and Herzegovina","5510","Production","01801","Sugar beet","2010","2010","t","345.31","I","Value imputed by a receiving agency",""
"QCL","Crops and livestock products","070","Bosnia and Herzegovina","5510","Production","01801","Sugar beet","2011","2011","t","533.74","I","Value imputed by a receiving agency",""
"QCL","Crops and livestock products","070","Bosnia and Herzegovina","5510","Production","01801","Sugar beet","2012","2012","t","1000","E","Estimated value",""
"QCL","Crops and livestock products","070","Bosnia and Herzegovina","5510","Production","01801","Sugar beet","2013","2013","t","1000","E","Estimated value",""
"QCL","Crops and livestock products","070","Bosnia and Herzegovina","5510","Production","01801","Sugar beet","2014","2014","t","1000","E","Estimated value",""
"QCL","Crops and livestock products","070","Bosnia and Herzegovina","5510","Production","01801","Sugar beet","2015","2015","t","1009.7","I","Value imputed by a receiving agency",""
"QCL","Crops and livestock products","070","Bosnia and Herzegovina","5510","Production","01801","Sugar beet","2016","2016","t","999.18","I","Value imputed by a receiving agency",""
"QCL","Crops and livestock products","070","Bosnia and Herzegovina","5510","Production","01801","Sugar beet","2017","2017","t","975.49","I","Value imputed by a receiving agency",""
"QCL","Crops and livestock products","070","Bosnia and Herzegovina","5510","Production","01801","Sugar beet","2018","2018","t","1031.43","I","Value imputed by a receiving agency",""
"QCL","Crops and livestock products","070","Bosnia and Herzegovina","5510","Production","01801","Sugar beet","2019","2019","t","1225.11","I","Value imputed by a receiving agency",""
"QCL","Crops and livestock products","070","Bosnia and Herzegovina","5510","Production","01801","Sugar beet","2020","2020","t","1515.12","I","Value imputed by a receiving agency",""
"QCL","Crops and livestock products","070","Bosnia and Herzegovina","5510","Production","01801","Sugar beet","2021","2021","t","1850","E","Estimated value",""
"QCL","Crops and livestock products","070","Bosnia and Herzegovina","5510","Production","01801","Sugar beet","2022","2022","t","2167.19","I","Value imputed by a receiving agency",""
"QCL","Crops and livestock products","070","Bosnia and Herzegovina","5510","Production","01801","Sugar beet","2023","2023","t","528.51","I","Value imputed by a receiving agency",""
"QCL","Crops and livestock products","076","Brazil","5510","Production","01802","Sugar cane","2000","2000","t","326121011","A","Official figure",""
"QCL","Crops and livestock products","076","Brazil","5510","Production","01802","Sugar cane","2001","2001","t","344292922","A","Official figure",""
"QCL","Crops and livestock products","076","Brazil","5510","Production","01802","Sugar cane","2002","2002","t","364389416","A","Official figure",""
"QCL","Crops and livestock products","076","Brazil","5510","Production","01802","Sugar cane","2003","2003","t","396012158","A","Official figure",""
"QCL","Crops and livestock products","076","Brazil","5510","Production","01802","Sugar cane","2004","2004","t","415205835","A","Official figure",""
"QCL","Crops and livestock products","076","Brazil","5510","Production","01802","Sugar cane","2005","2005","t","422956646","A","Official figure",""
"QCL","Crops and livestock products","076","Brazil","5510","Production","01802","Sugar cane","2006","2006","t","477410656","A","Official figure",""
"QCL","Crops and livestock products","076","Brazil","5510","Production","01802","Sugar cane","2007","2007","t","549707314","A","Official figure",""
"QCL","Crops and livestock products","076","Brazil","5510","Production","01802","Sugar cane","2008","2008","t","645300182","A","Official figure",""
"QCL","Crops and livestock products","076","Brazil","5510","Production","01802","Sugar cane","2009","2009","t","691606147","A","Official figure",""
"QCL","Crops and livestock products","076","Brazil","5510","Production","01802","Sugar cane","2010","2010","t","717463793","A","Official figure",""
"QCL","Crops and livestock products","076","Brazil","5510","Production","01802","Sugar cane","2011","2011","t","734006059","A","Official figure",""
"QCL","Crops and livestock products","076","Brazil","5510","Production","01802","Sugar cane","2012","2012","t","721077287","A","Official figure",""
"QCL","Crops and livestock products","076","Brazil","5510","Production","01802","Sugar cane","2013","2013","t","768090444","A","Official figure",""
"QCL","Crops and livestock products","076","Brazil","5510","Production","01802","Sugar cane","2014","2014","t","736108487","A","Official figure",""
"QCL","Crops and livestock products","076","Brazil","5510","Production","01802","Sugar cane","2015","2015","t","750290277","A","Official figure",""
"QCL","Crops and livestock products","076","Brazil","5510","Production","01802","Sugar cane","2016","2016","t","768594154","A","Official figure",""
"QCL","Crops and livestock products","076","Brazil","5510","Production","01802","Sugar cane","2017","2017","t","758646205","A","Official figure",""
"QCL","Crops and livestock products","076","Brazil","5510","Production","01802","Sugar cane","2018","2018","t","747556774","A","Official figure",""
"QCL","Crops and livestock products","076","Brazil","5510","Production","01802","Sugar cane","2019","2019","t","753470465","A","Official figure",""
"QCL","Crops and livestock products","076","Brazil","5510","Production","01802","Sugar cane","2020","2020","t","756070576","A","Official figure",""
"QCL","Crops and livestock products","076","Brazil","5510","Production","01802","Sugar cane","2021","2021","t","715679276","A","Official figure",""
"QCL","Crops and livestock products","076","Brazil","5510","Production","01802","Sugar cane","2022","2022","t","725729052","A","Official figure",""
"QCL","Crops and livestock products","076","Brazil","5510","Production","01802","Sugar cane","2023","2023","t","782058236","A","Official figure",""
"QCL","Crops and livestock products","096","Brunei Darussalam","5510","Production","01802","Sugar cane","2019","2019","t","","M","Missing value; data cannot exist",""
"QCL","Crops and livestock products","096","Brunei Darussalam","5510","Production","01802","Sugar cane","2020","2020","t","101.8","A","Official figure",""
"QCL","Crops and livestock products","096","Brunei Darussalam","5510","Production","01802","Sugar cane","2021","2021","t","76.28","A","Official figure",""
"QCL","Crops and livestock products","096","Brunei Darussalam","5510","Production","01802","Sugar cane","2022","2022","t","81.18","A","Official figure",""
"QCL","Crops and livestock products","096","Brunei Darussalam","5510","Production","01802","Sugar cane","2023","2023","t","63.91","A","Official figure",""
"QCL","Crops and livestock products","100","Bulgaria","5510","Production","01801","Sugar beet","2000","2000","t","23060","A","Official figure",""
"QCL","Crops and livestock products","100","Bulgaria","5510","Production","01801","Sugar beet","2001","2001","t","18936","A","Official figure",""
"QCL","Crops and livestock products","100","Bulgaria","5510","Production","01801","Sugar beet","2002","2002","t","51326","A","Official figure",""
"QCL","Crops and livestock products","100","Bulgaria","5510","Production","01801","Sugar beet","2003","2003","t","9076","A","Official figure",""
"QCL","Crops and livestock products","100","Bulgaria","5510","Production","01801","Sugar beet","2004","2004","t","26367","A","Official figure",""
"QCL","Crops and livestock products","100","Bulgaria","5510","Production","01801","Sugar beet","2005","2005","t","24731","A","Official figure",""
"QCL","Crops and livestock products","100","Bulgaria","5510","Production","01801","Sugar beet","2006","2006","t","26788","A","Official figure",""
"QCL","Crops and livestock products","100","Bulgaria","5510","Production","01801","Sugar beet","2007","2007","t","16281","A","Official figure",""
"QCL","Crops and livestock products","100","Bulgaria","5510","Production","01801","Sugar beet","2008","2008","t","0","E","Estimated value",""
"QCL","Crops and livestock products","100","Bulgaria","5510","Production","01801","Sugar beet","2009","2009","t","0","E","Estimated value",""
"QCL","Crops and livestock products","100","Bulgaria","5510","Production","01801","Sugar beet","2010","2010","t","","M","Missing value; data cannot exist",""
"QCL","Crops and livestock products","100","Bulgaria","5510","Production","01801","Sugar beet","2011","2011","t","","M","Missing value; data cannot exist",""
"QCL","Crops and livestock products","100","Bulgaria","5510","Production","01801","Sugar beet","2012","2012","t","","M","Missing value; data cannot exist",""
"QCL","Crops and livestock products","100","Bulgaria","5510","Production","01801","Sugar beet","2013","2013","t","","M","Missing value; data cannot exist",""
"QCL","Crops and livestock products","100","Bulgaria","5510","Production","01801","Sugar beet","2014","2014","t","","M","Missing value; data cannot exist",""
"QCL","Crops and livestock products","100","Bulgaria","5510","Production","01801","Sugar beet","2015","2015","t","","M","Missing value; data cannot exist",""
"QCL","Crops and livestock products","100","Bulgaria","5510","Production","01801","Sugar beet","2016","2016","t","","M","Missing value; data cannot exist",""
"QCL","Crops and livestock products","100","Bulgaria","5510","Production","01801","Sugar beet","2017","2017","t","","M","Missing value; data cannot exist",""
"QCL","Crops and livestock products","100","Bulgaria","5510","Production","01801","Sugar beet","2018","2018","t","0","A","Official figure",""
"QCL","Crops and livestock products","100","Bulgaria","5510","Production","01801","Sugar beet","2019","2019","t","0","A","Official figure",""
"QCL","Crops and livestock products","100","Bulgaria","5510","Production","01801","Sugar beet","2020","2020","t","0","A","Official figure",""
"QCL","Crops and livestock products","100","Bulgaria","5510","Production","01801","Sugar beet","2021","2021","t","0","A","Official figure",""
"QCL","Crops and livestock products","854","Burkina Faso","5510","Production","01802","Sugar cane","2000","2000","t","400000","E","Estimated value",""
"QCL","Crops and livestock products","854","Burkina Faso","5510","Production","01802","Sugar cane","2001","2001","t","420000","E","Estimated value",""
"QCL","Crops and livestock products","854","Burkina Faso","5510","Production","01802","Sugar cane","2002","2002","t","450000","E","Estimated value",""
"QCL","Crops and livestock products","854","Burkina Faso","5510","Production","01802","Sugar cane","2003","2003","t","450000","E","Estimated value",""
"QCL","Crops and livestock products","854","Burkina Faso","5510","Production","01802","Sugar cane","2004","2004","t","450000","E","Estimated value",""
"QCL","Crops and livestock products","854","Burkina Faso","5510","Production","01802","Sugar cane","2005","2005","t","450000","E","Estimated value",""
"QCL","Crops and livestock products","854","Burkina Faso","5510","Production","01802","Sugar cane","2006","2006","t","450000","E","Estimated value",""
"QCL","Crops and livestock products","854","Burkina Faso","5510","Production","01802","Sugar cane","2007","2007","t","455000","E","Estimated value",""
"QCL","Crops and livestock products","854","Burkina Faso","5510","Production","01802","Sugar cane","2008","2008","t","455000","E","Estimated value",""
"QCL","Crops and livestock products","854","Burkina Faso","5510","Production","01802","Sugar cane","2009","2009","t","455000","E","Estimated value",""
"QCL","Crops and livestock products","854","Burkina Faso","5510","Production","01802","Sugar cane","2010","2010","t","510000","E","Estimated value",""
"QCL","Crops and livestock products","854","Burkina Faso","5510","Production","01802","Sugar cane","2011","2011","t","497500","E","Estimated value",""
"QCL","Crops and livestock products","854","Burkina Faso","5510","Production","01802","Sugar cane","2012","2012","t","485000","E","Estimated value",""
"QCL","Crops and livestock products","854","Burkina Faso","5510","Production","01802","Sugar cane","2013","2013","t","480000","E","Estimated value",""
"QCL","Crops and livestock products","854","Burkina Faso","5510","Production","01802","Sugar cane","2014","2014","t","478077.55","I","Value imputed by a receiving agency",""
"QCL","Crops and livestock products","854","Burkina Faso","5510","Production","01802","Sugar cane","2015","2015","t","481989.32","I","Value imputed by a receiving agency",""
"QCL","Crops and livestock products","854","Burkina Faso","5510","Production","01802","Sugar cane","2016","2016","t","488142.18","I","Value imputed by a receiving agency",""
"QCL","Crops and livestock products","854","Burkina Faso","5510","Production","01802","Sugar cane","2017","2017","t","494502.39","I","Value imputed by a receiving agency",""
"QCL","Crops and livestock products","854","Burkina Faso","5510","Production","01802","Sugar cane","2018","2018","t","498868.89","I","Value imputed by a receiving agency",""
"QCL","Crops and livestock products","854","Burkina Faso","5510","Production","01802","Sugar cane","2019","2019","t","501987.4","I","Value imputed by a receiving agency",""
"QCL","Crops and livestock products","854","Burkina Faso","5510","Production","01802","Sugar cane","2020","2020","t","505250.56","I","Value imputed by a receiving agency",""
"QCL","Crops and livestock products","854","Burkina Faso","5510","Production","01802","Sugar cane","2021","2021","t","510967.01","I","Value imputed by a receiving agency",""
"QCL","Crops and livestock products","854","Burkina Faso","5510","Production","01802","Sugar cane","2022","2022","t","511397.47","I","Value imputed by a receiving agency",""
"QCL","Crops and livestock products","854","Burkina Faso","5510","Production","01802","Sugar cane","2023","2023","t","513767.61","I","Value imputed by a receiving agency",""
"QCL","Crops and livestock products","108","Burundi","5510","Production","01802","Sugar cane","2000","2000","t","117840","A","Official figure",""
"QCL","Crops and livestock products","108","Burundi","5510","Production","01802","Sugar cane","2001","2001","t","124395","A","Official figure",""
"QCL","Crops and livestock products","108","Burundi","5510","Production","01802","Sugar cane","2002","2002","t","126799","A","Official figure",""
"QCL","Crops and livestock products","108","Burundi","5510","Production","01802","Sugar cane","2003","2003","t","120575","A","Official figure",""
"QCL","Crops and livestock products","108","Burundi","5510","Production","01802","Sugar cane","2004","2004","t","123199","A","Official figure",""
"QCL","Crops and livestock products","108","Burundi","5510","Production","01802","Sugar cane","2005","2005","t","125666","A","Official figure",""
"QCL","Crops and livestock products","108","Burundi","5510","Production","01802","Sugar cane","2006","2006","t","116825","A","Official figure",""
"QCL","Crops and livestock products","108","Burundi","5510","Production","01802","Sugar cane","2007","2007","t","115807","A","Official figure",""
"QCL","Crops and livestock products","108","Burundi","5510","Production","01802","Sugar cane","2008","2008","t","117681","A","Official figure",""
"QCL","Crops and livestock products","108","Burundi","5510","Production","01802","Sugar cane","2009","2009","t","121767","A","Official figure",""
"QCL","Crops and livestock products","108","Burundi","5510","Production","01802","Sugar cane","2010","2010","t","131730","A","Official figure",""
"QCL","Crops and livestock products","108","Burundi","5510","Production","01802","Sugar cane","2011","2011","t","203883","A","Official figure",""
"QCL","Crops and livestock products","108","Burundi","5510","Production","01802","Sugar cane","2012","2012","t","220326","A","Official figure",""
"QCL","Crops and livestock products","108","Burundi","5510","Production","01802","Sugar cane","2013","2013","t","239519","A","Official figure",""
"QCL","Crops and livestock products","108","Burundi","5510","Production","01802","Sugar cane","2014","2014","t","206644","A","Official figure",""
"QCL","Crops and livestock products","108","Burundi","5510","Production","01802","Sugar cane","2015","2015","t","213130","A","Official figure",""
"QCL","Crops and livestock products","108","Burundi","5510","Production","01802","Sugar cane","2016","2016","t","218115","A","Official figure",""
"QCL","Crops and livestock products","108","Burundi","5510","Production","01802","Sugar cane","2017","2017","t","215118","A","Official figure",""
"QCL","Crops and livestock products","108","Burundi","5510","Production","01802","Sugar cane","2018","2018","t","178439","A","Official figure",""
"QCL","Crops and livestock products","108","Burundi","5510","Production","01802","Sugar cane","2019","2019","t","182919","A","Official figure",""
"QCL","Crops and livestock products","108","Burundi","5510","Production","01802","Sugar cane","2020","2020","t","190950","A","Official figure",""
"QCL","Crops and livestock products","108","Burundi","5510","Production","01802","Sugar cane","2021","2021","t","157913","A","Official figure",""
"QCL","Crops and livestock products","108","Burundi","5510","Production","01802","Sugar cane","2022","2022","t","193892","A","Official figure",""
"QCL","Crops and livestock products","108","Burundi","5510","Production","01802","Sugar cane","2023","2023","t","140417","A","Official figure",""
"QCL","Crops and livestock products","132","Cabo Verde","5510","Production","01802","Sugar cane","2000","2000","t","25800","E","Estimated value",""
"QCL","Crops and livestock products","132","Cabo Verde","5510","Production","01802","Sugar cane","2001","2001","t","26600","E","Estimated value",""
"QCL","Crops and livestock products","132","Cabo Verde","5510","Production","01802","Sugar cane","2002","2002","t","26800","E","Estimated value",""
"QCL","Crops and livestock products","132","Cabo Verde","5510","Production","01802","Sugar cane","2003","2003","t","26700","E","Estimated value",""
"QCL","Crops and livestock products","132","Cabo Verde","5510","Production","01802","Sugar cane","2004","2004","t","26500","E","Estimated value",""
"QCL","Crops and livestock products","132","Cabo Verde","5510","Production","01802","Sugar cane","2005","2005","t","27500","E","Estimated value",""
"QCL","Crops and livestock products","132","Cabo Verde","5510","Production","01802","Sugar cane","2006","2006","t","28190","A","Official figure",""
"QCL","Crops and livestock products","132","Cabo Verde","5510","Production","01802","Sugar cane","2007","2007","t","24611","A","Official figure",""
"QCL","Crops and livestock products","132","Cabo Verde","5510","Production","01802","Sugar cane","2008","2008","t","24611","A","Official figure",""
"QCL","Crops and livestock products","132","Cabo Verde","5510","Production","01802","Sugar cane","2009","2009","t","24611","A","Official figure",""
"QCL","Crops and livestock products","132","Cabo Verde","5510","Production","01802","Sugar cane","2010","2010","t","24611","A","Official figure",""
"QCL","Crops and livestock products","132","Cabo Verde","5510","Production","01802","Sugar cane","2011","2011","t","28160","A","Official figure",""
"QCL","Crops and livestock products","132","Cabo Verde","5510","Production","01802","Sugar cane","2012","2012","t","28375","A","Official figure",""
"QCL","Crops and livestock products","132","Cabo Verde","5510","Production","01802","Sugar cane","2013","2013","t","28375","A","Official figure",""
"QCL","Crops and livestock products","132","Cabo Verde","5510","Production","01802","Sugar cane","2014","2014","t","28375","A","Official figure",""
"QCL","Crops and livestock products","132","Cabo Verde","5510","Production","01802","Sugar cane","2015","2015","t","28375","A","Official figure",""
"QCL","Crops and livestock products","132","Cabo Verde","5510","Production","01802","Sugar cane","2016","2016","t","28375","A","Official figure",""
"QCL","Crops and livestock products","132","Cabo Verde","5510","Production","01802","Sugar cane","2017","2017","t","28375","A","Official figure",""
"QCL","Crops and livestock products","132","Cabo Verde","5510","Production","01802","Sugar cane","2018","2018","t","22940","A","Official figure",""
"QCL","Crops and livestock products","132","Cabo Verde","5510","Production","01802","Sugar cane","2019","2019","t","22940","A","Official figure",""
"QCL","Crops and livestock products","132","Cabo Verde","5510","Production","01802","Sugar cane","2020","2020","t","22940","A","Official figure",""
"QCL","Crops and livestock products","132","Cabo Verde","5510","Production","01802","Sugar cane","2021","2021","t","22900","A","Official figure",""
"QCL","Crops and livestock products","132","Cabo Verde","5510","Production","01802","Sugar cane","2022","2022","t","22930","A","Official figure",""
"QCL","Crops and livestock products","132","Cabo Verde","5510","Production","01802","Sugar cane","2023","2023","t","22940","A","Official figure",""
"QCL","Crops and livestock products","116","Cambodia","5510","Production","01802","Sugar cane","2000","2000","t","164176","A","Official figure",""
"QCL","Crops and livestock products","116","Cambodia","5510","Production","01802","Sugar cane","2001","2001","t","169302","A","Official figure",""
"QCL","Crops and livestock products","116","Cambodia","5510","Production","01802","Sugar cane","2002","2002","t","208819","A","Official figure",""
"QCL","Crops and livestock products","116","Cambodia","5510","Production","01802","Sugar cane","2003","2003","t","173105","A","Official figure",""
"QCL","Crops and livestock products","116","Cambodia","5510","Production","01802","Sugar cane","2004","2004","t","130363","A","Official figure",""
"QCL","Crops and livestock products","116","Cambodia","5510","Production","01802","Sugar cane","2005","2005","t","118164","A","Official figure",""
"QCL","Crops and livestock products","116","Cambodia","5510","Production","01802","Sugar cane","2006","2006","t","141704","A","Official figure",""
"QCL","Crops and livestock products","116","Cambodia","5510","Production","01802","Sugar cane","2007","2007","t","286811","A","Official figure",""
"QCL","Crops and livestock products","116","Cambodia","5510","Production","01802","Sugar cane","2008","2008","t","385238","A","Official figure",""
"QCL","Crops and livestock products","116","Cambodia","5510","Production","01802","Sugar cane","2009","2009","t","350155","A","Official figure",""
"QCL","Crops and livestock products","116","Cambodia","5510","Production","01802","Sugar cane","2010","2010","t","365555","A","Official figure",""
"QCL","Crops and livestock products","116","Cambodia","5510","Production","01802","Sugar cane","2011","2011","t","468738","A","Official figure",""
"QCL","Crops and livestock products","116","Cambodia","5510","Production","01802","Sugar cane","2012","2012","t","573771","X","Figure from external organization","Unofficial figure"
"QCL","Crops and livestock products","116","Cambodia","5510","Production","01802","Sugar cane","2013","2013","t","911300","A","Official figure",""
"QCL","Crops and livestock products","116","Cambodia","5510","Production","01802","Sugar cane","2014","2014","t","1541000","A","Official figure",""
"QCL","Crops and livestock products","116","Cambodia","5510","Production","01802","Sugar cane","2015","2015","t","709200","A","Official figure",""
"QCL","Crops and livestock products","116","Cambodia","5510","Production","01802","Sugar cane","2016","2016","t","613400","A","Official figure",""
"QCL","Crops and livestock products","116","Cambodia","5510","Production","01802","Sugar cane","2017","2017","t","629300","A","Official figure",""
"QCL","Crops and livestock products","116","Cambodia","5510","Production","01802","Sugar cane","2018","2018","t","691900","A","Official figure",""
"QCL","Crops and livestock products","116","Cambodia","5510","Production","01802","Sugar cane","2019","2019","t","618300","A","Official figure",""
"QCL","Crops and livestock products","116","Cambodia","5510","Production","01802","Sugar cane","2020","2020","t","646500","E","Estimated value",""
"QCL","Crops and livestock products","116","Cambodia","5510","Production","01802","Sugar cane","2021","2021","t","652233.33","E","Estimated value",""
"QCL","Crops and livestock products","116","Cambodia","5510","Production","01802","Sugar cane","2022","2022","t","639011.11","E","Estimated value",""
"QCL","Crops and livestock products","116","Cambodia","5510","Production","01802","Sugar cane","2023","2023","t","645914.81","E","Estimated value",""
"QCL","Crops and livestock products","120","Cameroon","5510","Production","01802","Sugar cane","2000","2000","t","1350000","E","Estimated value",""
"QCL","Crops and livestock products","120","Cameroon","5510","Production","01802","Sugar cane","2001","2001","t","1350000","E","Estimated value",""
"QCL","Crops and livestock products","120","Cameroon","5510","Production","01802","Sugar cane","2002","2002","t","1400000","E","Estimated value",""
"QCL","Crops and livestock products","120","Cameroon","5510","Production","01802","Sugar cane","2003","2003","t","1400000","E","Estimated value",""
"QCL","Crops and livestock products","120","Cameroon","5510","Production","01802","Sugar cane","2004","2004","t","1450000","E","Estimated value",""
"QCL","Crops and livestock products","120","Cameroon","5510","Production","01802","Sugar cane","2005","2005","t","1450000","E","Estimated value",""
"QCL","Crops and livestock products","120","Cameroon","5510","Production","01802","Sugar cane","2006","2006","t","1137508","A","Official figure",""
"QCL","Crops and livestock products","120","Cameroon","5510","Production","01802","Sugar cane","2007","2007","t","931669","A","Official figure",""
"QCL","Crops and livestock products","120","Cameroon","5510","Production","01802","Sugar cane","2008","2008","t","956890","A","Official figure",""
"QCL","Crops and livestock products","120","Cameroon","5510","Production","01802","Sugar cane","2009","2009","t","1150000","E","Estimated value",""
"QCL","Crops and livestock products","120","Cameroon","5510","Production","01802","Sugar cane","2010","2010","t","1250000","E","Estimated value",""
"QCL","Crops and livestock products","120","Cameroon","5510","Production","01802","Sugar cane","2011","2011","t","1250000","E","Estimated value",""
"QCL","Crops and livestock products","120","Cameroon","5510","Production","01802","Sugar cane","2012","2012","t","1200000","E","Estimated value",""
"QCL","Crops and livestock products","120","Cameroon","5510","Production","01802","Sugar cane","2013","2013","t","1230000","E","Estimated value",""
"QCL","Crops and livestock products","120","Cameroon","5510","Production","01802","Sugar cane","2014","2014","t","1191043.89","I","Value imputed by a receiving agency",""
"QCL","Crops and livestock products","120","Cameroon","5510","Production","01802","Sugar cane","2015","2015","t","1154563.61","I","Value imputed by a receiving agency",""
"QCL","Crops and livestock products","120","Cameroon","5510","Production","01802","Sugar cane","2016","2016","t","1116984","A","Official figure",""
"QCL","Crops and livestock products","120","Cameroon","5510","Production","01802","Sugar cane","2017","2017","t","1262509","A","Official figure",""
"QCL","Crops and livestock products","120","Cameroon","5510","Production","01802","Sugar cane","2018","2018","t","1332900","A","Official figure",""
"QCL","Crops and livestock products","120","Cameroon","5510","Production","01802","Sugar cane","2019","2019","t","1489622","A","Official figure",""
"QCL","Crops and livestock products","120","Cameroon","5510","Production","01802","Sugar cane","2020","2020","t","1321072","A","Official figure",""
"QCL","Crops and livestock products","120","Cameroon","5510","Production","01802","Sugar cane","2021","2021","t","1195113.02","I","Value imputed by a receiving agency",""
"QCL","Crops and livestock products","120","Cameroon","5510","Production","01802","Sugar cane","2022","2022","t","1100000","E","Estimated value",""
"QCL","Crops and livestock products","120","Cameroon","5510","Production","01802","Sugar cane","2023","2023","t","980000","E","Estimated value",""
"QCL","Crops and livestock products","124","Canada","5510","Production","01801","Sugar beet","2000","2000","t","821000","A","Official figure",""
"QCL","Crops and livestock products","124","Canada","5510","Production","01801","Sugar beet","2001","2001","t","544300","A","Official figure",""
"QCL","Crops and livestock products","124","Canada","5510","Production","01801","Sugar beet","2002","2002","t","344700","A","Official figure",""
"QCL","Crops and livestock products","124","Canada","5510","Production","01801","Sugar beet","2003","2003","t","680400","A","Official figure",""
"QCL","Crops and livestock products","124","Canada","5510","Production","01801","Sugar beet","2004","2004","t","743900","A","Official figure",""
"QCL","Crops and livestock products","124","Canada","5510","Production","01801","Sugar beet","2005","2005","t","607800","A","Official figure",""
"QCL","Crops and livestock products","124","Canada","5510","Production","01801","Sugar beet","2006","2006","t","870900","A","Official figure",""
"QCL","Crops and livestock products","124","Canada","5510","Production","01801","Sugar beet","2007","2007","t","762000","A","Official figure",""
"QCL","Crops and livestock products","124","Canada","5510","Production","01801","Sugar beet","2008","2008","t","344700","A","Official figure",""
"QCL","Crops and livestock products","124","Canada","5510","Production","01801","Sugar beet","2009","2009","t","657700","A","Official figure",""
"QCL","Crops and livestock products","124","Canada","5510","Production","01801","Sugar beet","2010","2010","t","508000","A","Official figure",""
"QCL","Crops and livestock products","124","Canada","5510","Production","01801","Sugar beet","2011","2011","t","703100","A","Official figure",""
"QCL","Crops and livestock products","124","Canada","5510","Production","01801","Sugar beet","2012","2012","t","598700","A","Official figure",""
"QCL","Crops and livestock products","124","Canada","5510","Production","01801","Sugar beet","2013","2013","t","598700","A","Official figure",""
"QCL","Crops and livestock products","124","Canada","5510","Production","01801","Sugar beet","2014","2014","t","580600","A","Official figure",""
"QCL","Crops and livestock products","124","Canada","5510","Production","01801","Sugar beet","2015","2015","t","503500","A","Official figure",""
"QCL","Crops and livestock products","124","Canada","5510","Production","01801","Sugar beet","2016","2016","t","811900","A","Official figure",""
"QCL","Crops and livestock products","124","Canada","5510","Production","01801","Sugar beet","2017","2017","t","771100","A","Official figure",""
"QCL","Crops and livestock products","124","Canada","5510","Production","01801","Sugar beet","2018","2018","t","1376700","A","Official figure",""
"QCL","Crops and livestock products","124","Canada","5510","Production","01801","Sugar beet","2019","2019","t","903800","A","Official figure",""
"QCL","Crops and livestock products","124","Canada","5510","Production","01801","Sugar beet","2020","2020","t","1114300","A","Official figure",""
"QCL","Crops and livestock products","124","Canada","5510","Production","01801","Sugar beet","2021","2021","t","1211304","A","Official figure",""
"QCL","Crops and livestock products","124","Canada","5510","Production","01801","Sugar beet","2022","2022","t","1278613","A","Official figure",""
"QCL","Crops and livestock products","124","Canada","5510","Production","01801","Sugar beet","2023","2023","t","1172372","A","Official figure",""
"QCL","Crops and livestock products","140","Central African Republic","5510","Production","01802","Sugar cane","2000","2000","t","90000","E","Estimated value",""
"QCL","Crops and livestock products","140","Central African Republic","5510","Production","01802","Sugar cane","2001","2001","t","90000","E","Estimated value",""
"QCL","Crops and livestock products","140","Central African Republic","5510","Production","01802","Sugar cane","2002","2002","t","90000","E","Estimated value",""
"QCL","Crops and livestock products","140","Central African Republic","5510","Production","01802","Sugar cane","2003","2003","t","90000","E","Estimated value",""
"QCL","Crops and livestock products","140","Central African Republic","5510","Production","01802","Sugar cane","2004","2004","t","90000","E","Estimated value",""
"QCL","Crops and livestock products","140","Central African Republic","5510","Production","01802","Sugar cane","2005","2005","t","90000","E","Estimated value",""
"QCL","Crops and livestock products","140","Central African Republic","5510","Production","01802","Sugar cane","2006","2006","t","93000","E","Estimated value",""
"QCL","Crops and livestock products","140","Central African Republic","5510","Production","01802","Sugar cane","2007","2007","t","95000","E","Estimated value",""
"QCL","Crops and livestock products","140","Central African Republic","5510","Production","01802","Sugar cane","2008","2008","t","95000","E","Estimated value",""
"QCL","Crops and livestock products","140","Central African Republic","5510","Production","01802","Sugar cane","2009","2009","t","95000","E","Estimated value",""
"QCL","Crops and livestock products","140","Central African Republic","5510","Production","01802","Sugar cane","2010","2010","t","98800","E","Estimated value",""
"QCL","Crops and livestock products","140","Central African Republic","5510","Production","01802","Sugar cane","2011","2011","t","100028.17","I","Value imputed by a receiving agency",""
"QCL","Crops and livestock products","140","Central African Republic","5510","Production","01802","Sugar cane","2012","2012","t","98978.21","I","Value imputed by a receiving agency",""
"QCL","Crops and livestock products","140","Central African Republic","5510","Production","01802","Sugar cane","2013","2013","t","99850.51","I","Value imputed by a receiving agency",""
"QCL","Crops and livestock products","140","Central African Republic","5510","Production","01802","Sugar cane","2014","2014","t","123200","E","Estimated value",""
"QCL","Crops and livestock products","140","Central African Republic","5510","Production","01802","Sugar cane","2015","2015","t","126800","E","Estimated value",""
"QCL","Crops and livestock products","140","Central African Republic","5510","Production","01802","Sugar cane","2016","2016","t","131600","E","Estimated value",""
"QCL","Crops and livestock products","140","Central African Republic","5510","Production","01802","Sugar cane","2017","2017","t","115000","E","Estimated value",""
"QCL","Crops and livestock products","140","Central African Republic","5510","Production","01802","Sugar cane","2018","2018","t","115000","E","Estimated value",""
"QCL","Crops and livestock products","140","Central African Republic","5510","Production","01802","Sugar cane","2019","2019","t","125500","E","Estimated value",""
"QCL","Crops and livestock products","140","Central African Republic","5510","Production","01802","Sugar cane","2020","2020","t","128132.52","I","Value imputed by a receiving agency",""
"QCL","Crops and livestock products","140","Central African Republic","5510","Production","01802","Sugar cane","2021","2021","t","122877.51","E","Estimated value",""
"QCL","Crops and livestock products","140","Central African Republic","5510","Production","01802","Sugar cane","2022","2022","t","125503.34","E","Estimated value",""
"QCL","Crops and livestock products","140","Central African Republic","5510","Production","01802","Sugar cane","2023","2023","t","125504.46","E","Estimated value",""
"QCL","Crops and livestock products","148","Chad","5510","Production","01802","Sugar cane","2000","2000","t","300101.63","I","Value imputed by a receiving agency",""
"QCL","Crops and livestock products","148","Chad","5510","Production","01802","Sugar cane","2001","2001","t","298664.33","I","Value imputed by a receiving agency",""
"QCL","Crops and livestock products","148","Chad","5510","Production","01802","Sugar cane","2002","2002","t","297240.35","I","Value imputed by a receiving agency",""
"QCL","Crops and livestock products","148","Chad","5510","Production","01802","Sugar cane","2003","2003","t","295861.32","I","Value imputed by a receiving agency",""
"QCL","Crops and livestock products","148","Chad","5510","Production","01802","Sugar cane","2004","2004","t","301905.81","I","Value imputed by a receiving agency",""
"QCL","Crops and livestock products","148","Chad","5510","Production","01802","Sugar cane","2005","2005","t","302243.98","I","Value imputed by a receiving agency",""
"QCL","Crops and livestock products","148","Chad","5510","Production","01802","Sugar cane","2006","2006","t","300865.73","I","Value imputed by a receiving agency",""
"QCL","Crops and livestock products","148","Chad","5510","Production","01802","Sugar cane","2007","2007","t","302202.58","I","Value imputed by a receiving agency",""
"QCL","Crops and livestock products","148","Chad","5510","Production","01802","Sugar cane","2008","2008","t","303582.6","I","Value imputed by a receiving agency",""
"QCL","Crops and livestock products","148","Chad","5510","Production","01802","Sugar cane","2009","2009","t","304945.96","I","Value imputed by a receiving agency",""
"QCL","Crops and livestock products","148","Chad","5510","Production","01802","Sugar cane","2010","2010","t","291863","A","Official figure",""
"QCL","Crops and livestock products","148","Chad","5510","Production","01802","Sugar cane","2011","2011","t","314109","A","Official figure",""
"QCL","Crops and livestock products","148","Chad","5510","Production","01802","Sugar cane","2012","2012","t","275028","A","Official figure",""
"QCL","Crops and livestock products","148","Chad","5510","Production","01802","Sugar cane","2013","2013","t","334310","A","Official figure",""
"QCL","Crops and livestock products","148","Chad","5510","Production","01802","Sugar cane","2014","2014","t","288317","A","Official figure",""
"QCL","Crops and livestock products","148","Chad","5510","Production","01802","Sugar cane","2015","2015","t","327194","A","Official figure",""
"QCL","Crops and livestock products","148","Chad","5510","Production","01802","Sugar cane","2016","2016","t","324550","A","Official figure",""
"QCL","Crops and livestock products","148","Chad","5510","Production","01802","Sugar cane","2017","2017","t","336744","A","Official figure",""
"QCL","Crops and livestock products","148","Chad","5510","Production","01802","Sugar cane","2018","2018","t","341323","A","Official figure",""
"QCL","Crops and livestock products","148","Chad","5510","Production","01802","Sugar cane","2019","2019","t","297553","A","Official figure",""
"QCL","Crops and livestock products","148","Chad","5510","Production","01802","Sugar cane","2020","2020","t","302670","A","Official figure",""
"QCL","Crops and livestock products","148","Chad","5510","Production","01802","Sugar cane","2021","2021","t","308319.94","I","Value imputed by a receiving agency",""
"QCL","Crops and livestock products","148","Chad","5510","Production","01802","Sugar cane","2022","2022","t","300872","A","Official figure",""
"QCL","Crops and livestock products","148","Chad","5510","Production","01802","Sugar cane","2023","2023","t","301540","A","Official figure",""
"QCL","Crops and livestock products","152","Chile","5510","Production","01801","Sugar beet","2000","2000","t","3092470","A","Official figure",""
"QCL","Crops and livestock products","152","Chile","5510","Production","01801","Sugar beet","2001","2001","t","3232382","A","Official figure",""
"QCL","Crops and livestock products","152","Chile","5510","Production","01801","Sugar beet","2002","2002","t","3554788","A","Official figure",""
"QCL","Crops and livestock products","152","Chile","5510","Production","01801","Sugar beet","2003","2003","t","2177872","A","Official figure",""
"QCL","Crops and livestock products","152","Chile","5510","Production","01801","Sugar beet","2004","2004","t","2278303","A","Official figure",""
"QCL","Crops and livestock products","152","Chile","5510","Production","01801","Sugar beet","2005","2005","t","2597771","A","Official figure",""
"QCL","Crops and livestock products","152","Chile","5510","Production","01801","Sugar beet","2006","2006","t","2199783","A","Official figure",""
"QCL","Crops and livestock products","152","Chile","5510","Production","01801","Sugar beet","2007","2007","t","1634437","A","Official figure",""
"QCL","Crops and livestock products","152","Chile","5510","Production","01801","Sugar beet","2008","2008","t","1208496","A","Official figure",""
"QCL","Crops and livestock products","152","Chile","5510","Production","01801","Sugar beet","2009","2009","t","1042417","A","Official figure",""
"QCL","Crops and livestock products","152","Chile","5510","Production","01801","Sugar beet","2010","2010","t","1420268.1","A","Official figure",""
"QCL","Crops and livestock products","152","Chile","5510","Production","01801","Sugar beet","2011","2011","t","1951066","A","Official figure",""
"QCL","Crops and livestock products","152","Chile","5510","Production","01801","Sugar beet","2012","2012","t","1824001","A","Official figure",""
"QCL","Crops and livestock products","152","Chile","5510","Production","01801","Sugar beet","2013","2013","t","1885621","A","Official figure",""
"QCL","Crops and livestock products","152","Chile","5510","Production","01801","Sugar beet","2014","2014","t","1732032","A","Official figure",""
"QCL","Crops and livestock products","152","Chile","5510","Production","01801","Sugar beet","2015","2015","t","2069874.1","A","Official figure",""
"QCL","Crops and livestock products","152","Chile","5510","Production","01801","Sugar beet","2016","2016","t","1646680.7","A","Official figure",""
"QCL","Crops and livestock products","152","Chile","5510","Production","01801","Sugar beet","2017","2017","t","1770497.2","A","Official figure",""
"QCL","Crops and livestock products","152","Chile","5510","Production","01801","Sugar beet","2018","2018","t","2374496.42","A","Official figure",""
"QCL","Crops and livestock products","152","Chile","5510","Production","01801","Sugar beet","2019","2019","t","1313368.1","A","Official figure",""
"QCL","Crops and livestock products","152","Chile","5510","Production","01801","Sugar beet","2020","2020","t","1259048","A","Official figure",""
"QCL","Crops and livestock products","152","Chile","5510","Production","01801","Sugar beet","2021","2021","t","746272.4","A","Official figure",""
"QCL","Crops and livestock products","152","Chile","5510","Production","01801","Sugar beet","2022","2022","t","675149.73","A","Official figure",""
"QCL","Crops and livestock products","152","Chile","5510","Production","01801","Sugar beet","2023","2023","t","603503.04","A","Official figure",""
"QCL","Crops and livestock products","159","China","5510","Production","01801","Sugar beet","2000","2000","t","8073500","A","Official figure",""
"QCL","Crops and livestock products","159","China","5510","Production","01801","Sugar beet","2001","2001","t","10888600","A","Official figure",""
"QCL","Crops and livestock products","159","China","5510","Production","01801","Sugar beet","2002","2002","t","12819900","A","Official figure",""
"QCL","Crops and livestock products","159","China","5510","Production","01801","Sugar beet","2003","2003","t","6181700","A","Official figure",""
"QCL","Crops and livestock products","159","China","5510","Production","01801","Sugar beet","2004","2004","t","5857100","A","Official figure",""
"QCL","Crops and livestock products","159","China","5510","Production","01801","Sugar beet","2005","2005","t","7881100","A","Official figure",""
"QCL","Crops and livestock products","159","China","5510","Production","01801","Sugar beet","2006","2006","t","7507500","A","Official figure",""
"QCL","Crops and livestock products","159","China","5510","Production","01801","Sugar beet","2007","2007","t","8931200","A","Official figure",""
"QCL","Crops and livestock products","159","China","5510","Production","01801","Sugar beet","2008","2008","t","10043800","A","Official figure",""
"QCL","Crops and livestock products","159","China","5510","Production","01801","Sugar beet","2009","2009","t","7179000","A","Official figure",""
"QCL","Crops and livestock products","159","China","5510","Production","01801","Sugar beet","2010","2010","t","9296200","A","Official figure",""
"QCL","Crops and livestock products","159","China","5510","Production","01801","Sugar beet","2011","2011","t","10730800","A","Official figure",""
"QCL","Crops and livestock products","159","China","5510","Production","01801","Sugar beet","2012","2012","t","11740400","A","Official figure",""
"QCL","Crops and livestock products","159","China","5510","Production","01801","Sugar beet","2013","2013","t","9259800","A","Official figure",""
"QCL","Crops and livestock products","159","China","5510","Production","01801","Sugar beet","2014","2014","t","8000400","A","Official figure",""
"QCL","Crops and livestock products","159","China","5510","Production","01801","Sugar beet","2015","2015","t","5088000","A","Official figure",""
"QCL","Crops and livestock products","159","China","5510","Production","01801","Sugar beet","2016","2016","t","8545000","A","Official figure",""
"QCL","Crops and livestock products","159","China","5510","Production","01801","Sugar beet","2017","2017","t","9384100","A","Official figure",""
"QCL","Crops and livestock products","159","China","5510","Production","01801","Sugar beet","2018","2018","t","11276600","A","Official figure",""
"QCL","Crops and livestock products","159","China","5510","Production","01801","Sugar beet","2019","2019","t","12272900","A","Official figure",""
"QCL","Crops and livestock products","159","China","5510","Production","01801","Sugar beet","2020","2020","t","11984000","A","Official figure",""
"QCL","Crops and livestock products","159","China","5510","Production","01801","Sugar beet","2021","2021","t","7850900","A","Official figure",""
"QCL","Crops and livestock products","159","China","5510","Production","01801","Sugar beet","2022","2022","t","8933200","A","Official figure",""
"QCL","Crops and livestock products","159","China","5510","Production","01801","Sugar beet","2023","2023","t","9160200","A","Official figure",""
"QCL","Crops and livestock products","159","China","5510","Production","01802","Sugar cane","2000","2000","t","71298530","A","Official figure",""
"QCL","Crops and livestock products","159","China","5510","Production","01802","Sugar cane","2001","2001","t","77965689","A","Official figure",""
"QCL","Crops and livestock products","159","China","5510","Production","01802","Sugar cane","2002","2002","t","92202631","A","Official figure",""
"QCL","Crops and livestock products","159","China","5510","Production","01802","Sugar cane","2003","2003","t","92039100","A","Official figure",""
"QCL","Crops and livestock products","159","China","5510","Production","01802","Sugar cane","2004","2004","t","91044450","A","Official figure",""
"QCL","Crops and livestock products","159","China","5510","Production","01802","Sugar cane","2005","2005","t","87578212","A","Official figure",""
"QCL","Crops and livestock products","159","China","5510","Production","01802","Sugar cane","2006","2006","t","97806457","A","Official figure",""
"QCL","Crops and livestock products","159","China","5510","Production","01802","Sugar cane","2007","2007","t","113731417","A","Official figure",""
"QCL","Crops and livestock products","159","China","5510","Production","01802","Sugar cane","2008","2008","t","124917902","A","Official figure",""
"QCL","Crops and livestock products","159","China","5510","Production","01802","Sugar cane","2009","2009","t","116250972","A","Official figure",""
"QCL","Crops and livestock products","159","China","5510","Production","01802","Sugar cane","2010","2010","t","111501183","A","Official figure",""
"QCL","Crops and livestock products","159","China","5510","Production","01802","Sugar cane","2011","2011","t","115123160","A","Official figure",""
"QCL","Crops and livestock products","159","China","5510","Production","01802","Sugar cane","2012","2012","t","123691417","A","Official figure",""
"QCL","Crops and livestock products","159","China","5510","Production","01802","Sugar cane","2013","2013","t","128735138","A","Official figure",""
"QCL","Crops and livestock products","159","China","5510","Production","01802","Sugar cane","2014","2014","t","126153469","A","Official figure",""
"QCL","Crops and livestock products","159","China","5510","Production","01802","Sugar cane","2015","2015","t","107728911","A","Official figure",""
"QCL","Crops and livestock products","159","China","5510","Production","01802","Sugar cane","2016","2016","t","103788445","A","Official figure",""
"QCL","Crops and livestock products","159","China","5510","Production","01802","Sugar cane","2017","2017","t","104906005","A","Official figure",""
"QCL","Crops and livestock products","159","China","5510","Production","01802","Sugar cane","2018","2018","t","108718971","A","Official figure",""
"QCL","Crops and livestock products","159","China","5510","Production","01802","Sugar cane","2019","2019","t","109963447","A","Official figure",""
"QCL","Crops and livestock products","159","China","5510","Production","01802","Sugar cane","2020","2020","t","108651796","A","Official figure",""
"QCL","Crops and livestock products","159","China","5510","Production","01802","Sugar cane","2021","2021","t","107258524","A","Official figure",""
"QCL","Crops and livestock products","159","China","5510","Production","01802","Sugar cane","2022","2022","t","103897079","A","Official figure",""
"QCL","Crops and livestock products","159","China","5510","Production","01802","Sugar cane","2023","2023","t","105075026","A","Official figure",""
"QCL","Crops and livestock products","156","China, mainland","5510","Production","01801","Sugar beet","2000","2000","t","8073500","A","Official figure",""
"QCL","Crops and livestock products","156","China, mainland","5510","Production","01801","Sugar beet","2001","2001","t","10888600","A","Official figure",""
"QCL","Crops and livestock products","156","China, mainland","5510","Production","01801","Sugar beet","2002","2002","t","12819900","A","Official figure",""
"QCL","Crops and livestock products","156","China, mainland","5510","Production","01801","Sugar beet","2003","2003","t","6181700","A","Official figure",""
"QCL","Crops and livestock products","156","China, mainland","5510","Production","01801","Sugar beet","2004","2004","t","5857100","A","Official figure",""
"QCL","Crops and livestock products","156","China, mainland","5510","Production","01801","Sugar beet","2005","2005","t","7881100","A","Official figure",""
"QCL","Crops and livestock products","156","China, mainland","5510","Production","01801","Sugar beet","2006","2006","t","7507500","A","Official figure",""
"QCL","Crops and livestock products","156","China, mainland","5510","Production","01801","Sugar beet","2007","2007","t","8931200","A","Official figure",""
"QCL","Crops and livestock products","156","China, mainland","5510","Production","01801","Sugar beet","2008","2008","t","10043800","A","Official figure",""
"QCL","Crops and livestock products","156","China, mainland","5510","Production","01801","Sugar beet","2009","2009","t","7179000","A","Official figure",""
"QCL","Crops and livestock products","156","China, mainland","5510","Production","01801","Sugar beet","2010","2010","t","9296200","A","Official figure",""
"QCL","Crops and livestock products","156","China, mainland","5510","Production","01801","Sugar beet","2011","2011","t","10730800","A","Official figure",""
"QCL","Crops and livestock products","156","China, mainland","5510","Production","01801","Sugar beet","2012","2012","t","11740400","A","Official figure",""
"QCL","Crops and livestock products","156","China, mainland","5510","Production","01801","Sugar beet","2013","2013","t","9259800","A","Official figure",""
"QCL","Crops and livestock products","156","China, mainland","5510","Production","01801","Sugar beet","2014","2014","t","8000400","A","Official figure",""
"QCL","Crops and livestock products","156","China, mainland","5510","Production","01801","Sugar beet","2015","2015","t","5088000","A","Official figure",""
"QCL","Crops and livestock products","156","China, mainland","5510","Production","01801","Sugar beet","2016","2016","t","8545000","A","Official figure",""
"QCL","Crops and livestock products","156","China, mainland","5510","Production","01801","Sugar beet","2017","2017","t","9384100","A","Official figure",""
"QCL","Crops and livestock products","156","China, mainland","5510","Production","01801","Sugar beet","2018","2018","t","11276600","A","Official figure",""
"QCL","Crops and livestock products","156","China, mainland","5510","Production","01801","Sugar beet","2019","2019","t","12272900","A","Official figure",""
"QCL","Crops and livestock products","156","China, mainland","5510","Production","01801","Sugar beet","2020","2020","t","11984000","A","Official figure",""
"QCL","Crops and livestock products","156","China, mainland","5510","Production","01801","Sugar beet","2021","2021","t","7850900","A","Official figure",""
"QCL","Crops and livestock products","156","China, mainland","5510","Production","01801","Sugar beet","2022","2022","t","8933200","A","Official figure",""
"QCL","Crops and livestock products","156","China, mainland","5510","Production","01801","Sugar beet","2023","2023","t","9160200","A","Official figure",""
"QCL","Crops and livestock products","156","China, mainland","5510","Production","01802","Sugar cane","2000","2000","t","68279800","A","Official figure",""
"QCL","Crops and livestock products","156","China, mainland","5510","Production","01802","Sugar cane","2001","2001","t","75662700","A","Official figure",""
"QCL","Crops and livestock products","156","China, mainland","5510","Production","01802","Sugar cane","2002","2002","t","90106900","A","Official figure",""
"QCL","Crops and livestock products","156","China, mainland","5510","Production","01802","Sugar cane","2003","2003","t","90234800","A","Official figure",""
"QCL","Crops and livestock products","156","China, mainland","5510","Production","01802","Sugar cane","2004","2004","t","89849400","A","Official figure",""
"QCL","Crops and livestock products","156","China, mainland","5510","Production","01802","Sugar cane","2005","2005","t","86638000","A","Official figure",""
"QCL","Crops and livestock products","156","China, mainland","5510","Production","01802","Sugar cane","2006","2006","t","97092200","A","Official figure",""
"QCL","Crops and livestock products","156","China, mainland","5510","Production","01802","Sugar cane","2007","2007","t","112950500","A","Official figure",""
"QCL","Crops and livestock products","156","China, mainland","5510","Production","01802","Sugar cane","2008","2008","t","124152400","A","Official figure",""
"QCL","Crops and livestock products","156","China, mainland","5510","Production","01802","Sugar cane","2009","2009","t","115586700","A","Official figure",""
"QCL","Crops and livestock products","156","China, mainland","5510","Production","01802","Sugar cane","2010","2010","t","110788700","A","Official figure",""
"QCL","Crops and livestock products","156","China, mainland","5510","Production","01802","Sugar cane","2011","2011","t","114434600","A","Official figure",""
"QCL","Crops and livestock products","156","China, mainland","5510","Production","01802","Sugar cane","2012","2012","t","123113900","A","Official figure",""
"QCL","Crops and livestock products","156","China, mainland","5510","Production","01802","Sugar cane","2013","2013","t","128201500","A","Official figure",""
"QCL","Crops and livestock products","156","China, mainland","5510","Production","01802","Sugar cane","2014","2014","t","125611300","A","Official figure",""
"QCL","Crops and livestock products","156","China, mainland","5510","Production","01802","Sugar cane","2015","2015","t","107064000","A","Official figure",""
"QCL","Crops and livestock products","156","China, mainland","5510","Production","01802","Sugar cane","2016","2016","t","103215000","A","Official figure",""
"QCL","Crops and livestock products","156","China, mainland","5510","Production","01802","Sugar cane","2017","2017","t","104404300","A","Official figure",""
"QCL","Crops and livestock products","156","China, mainland","5510","Production","01802","Sugar cane","2018","2018","t","108097100","A","Official figure",""
"QCL","Crops and livestock products","156","China, mainland","5510","Production","01802","Sugar cane","2019","2019","t","109388100","A","Official figure",""
"QCL","Crops and livestock products","156","China, mainland","5510","Production","01802","Sugar cane","2020","2020","t","108121000","A","Official figure",""
"QCL","Crops and livestock products","156","China, mainland","5510","Production","01802","Sugar cane","2021","2021","t","106663800","A","Official figure",""
"QCL","Crops and livestock products","156","China, mainland","5510","Production","01802","Sugar cane","2022","2022","t","103381300","A","Official figure",""
"QCL","Crops and livestock products","156","China, mainland","5510","Production","01802","Sugar cane","2023","2023","t","104565500","A","Official figure",""
"QCL","Crops and livestock products","158","China, Taiwan Province of","5510","Production","01802","Sugar cane","2000","2000","t","3018730","A","Official figure",""
"QCL","Crops and livestock products","158","China, Taiwan Province of","5510","Production","01802","Sugar cane","2001","2001","t","2302989","A","Official figure",""
"QCL","Crops and livestock products","158","China, Taiwan Province of","5510","Production","01802","Sugar cane","2002","2002","t","2095731","A","Official figure",""
"QCL","Crops and livestock products","158","China, Taiwan Province of","5510","Production","01802","Sugar cane","2003","2003","t","1804300","A","Official figure",""
"QCL","Crops and livestock products","158","China, Taiwan Province of","5510","Production","01802","Sugar cane","2004","2004","t","1195050","A","Official figure",""
"QCL","Crops and livestock products","158","China, Taiwan Province of","5510","Production","01802","Sugar cane","2005","2005","t","940212","A","Official figure",""
"QCL","Crops and livestock products","158","China, Taiwan Province of","5510","Production","01802","Sugar cane","2006","2006","t","714257","A","Official figure",""
"QCL","Crops and livestock products","158","China, Taiwan Province of","5510","Production","01802","Sugar cane","2007","2007","t","780917","A","Official figure",""
"QCL","Crops and livestock products","158","China, Taiwan Province of","5510","Production","01802","Sugar cane","2008","2008","t","765502","A","Official figure",""
"QCL","Crops and livestock products","158","China, Taiwan Province of","5510","Production","01802","Sugar cane","2009","2009","t","664272","A","Official figure",""
"QCL","Crops and livestock products","158","China, Taiwan Province of","5510","Production","01802","Sugar cane","2010","2010","t","712483","A","Official figure",""
"QCL","Crops and livestock products","158","China, Taiwan Province of","5510","Production","01802","Sugar cane","2011","2011","t","688560","A","Official figure",""
"QCL","Crops and livestock products","158","China, Taiwan Province of","5510","Production","01802","Sugar cane","2012","2012","t","577517","A","Official figure",""
"QCL","Crops and livestock products","158","China, Taiwan Province of","5510","Production","01802","Sugar cane","2013","2013","t","533638","A","Official figure",""
"QCL","Crops and livestock products","158","China, Taiwan Province of","5510","Production","01802","Sugar cane","2014","2014","t","542169","A","Official figure",""
"QCL","Crops and livestock products","158","China, Taiwan Province of","5510","Production","01802","Sugar cane","2015","2015","t","664911","A","Official figure",""
"QCL","Crops and livestock products","158","China, Taiwan Province of","5510","Production","01802","Sugar cane","2016","2016","t","573445","A","Official figure",""
"QCL","Crops and livestock products","158","China, Taiwan Province of","5510","Production","01802","Sugar cane","2017","2017","t","501705","A","Official figure",""
"QCL","Crops and livestock products","158","China, Taiwan Province of","5510","Production","01802","Sugar cane","2018","2018","t","621871","A","Official figure",""
"QCL","Crops and livestock products","158","China, Taiwan Province of","5510","Production","01802","Sugar cane","2019","2019","t","575347","A","Official figure",""
"QCL","Crops and livestock products","158","China, Taiwan Province of","5510","Production","01802","Sugar cane","2020","2020","t","530796","A","Official figure",""
"QCL","Crops and livestock products","158","China, Taiwan Province of","5510","Production","01802","Sugar cane","2021","2021","t","594724","A","Official figure",""
"QCL","Crops and livestock products","158","China, Taiwan Province of","5510","Production","01802","Sugar cane","2022","2022","t","515779","A","Official figure",""
"QCL","Crops and livestock products","158","China, Taiwan Province of","5510","Production","01802","Sugar cane","2023","2023","t","509526","A","Official figure",""
"QCL","Crops and livestock products","170","Colombia","5510","Production","01801","Sugar beet","2000","2000","t","12330","A","Official figure",""
"QCL","Crops and livestock products","170","Colombia","5510","Production","01801","Sugar beet","2001","2001","t","14028","A","Official figure",""
"QCL","Crops and livestock products","170","Colombia","5510","Production","01801","Sugar beet","2002","2002","t","15491","A","Official figure",""
"QCL","Crops and livestock products","170","Colombia","5510","Production","01801","Sugar beet","2003","2003","t","12469","A","Official figure",""
"QCL","Crops and livestock products","170","Colombia","5510","Production","01801","Sugar beet","2004","2004","t","12740","A","Official figure",""
"QCL","Crops and livestock products","170","Colombia","5510","Production","01801","Sugar beet","2005","2005","t","12280","A","Official figure",""
"QCL","Crops and livestock products","170","Colombia","5510","Production","01801","Sugar beet","2006","2006","t","11671","A","Official figure",""
"QCL","Crops and livestock products","170","Colombia","5510","Production","01801","Sugar beet","2007","2007","t","11074","A","Official figure",""
"QCL","Crops and livestock products","170","Colombia","5510","Production","01801","Sugar beet","2008","2008","t","29689","A","Official figure",""
"QCL","Crops and livestock products","170","Colombia","5510","Production","01801","Sugar beet","2009","2009","t","18681","A","Official figure",""
"QCL","Crops and livestock products","170","Colombia","5510","Production","01801","Sugar beet","2010","2010","t","15095","A","Official figure",""
"QCL","Crops and livestock products","170","Colombia","5510","Production","01801","Sugar beet","2011","2011","t","21367.46","A","Official figure",""
"QCL","Crops and livestock products","170","Colombia","5510","Production","01801","Sugar beet","2012","2012","t","34350","A","Official figure",""
"QCL","Crops and livestock products","170","Colombia","5510","Production","01801","Sugar beet","2013","2013","t","30948.12","I","Value imputed by a receiving agency",""
"QCL","Crops and livestock products","170","Colombia","5510","Production","01801","Sugar beet","2014","2014","t","30186.06","I","Value imputed by a receiving agency",""
"QCL","Crops and livestock products","170","Colombia","5510","Production","01801","Sugar beet","2015","2015","t","28575.89","I","Value imputed by a receiving agency",""
"QCL","Crops and livestock products","170","Colombia","5510","Production","01801","Sugar beet","2016","2016","t","30094.42","I","Value imputed by a receiving agency",""
"QCL","Crops and livestock products","170","Colombia","5510","Production","01801","Sugar beet","2017","2017","t","30980.07","I","Value imputed by a receiving agency",""
"QCL","Crops and livestock products","170","Colombia","5510","Production","01801","Sugar beet","2018","2018","t","29883.46","E","Estimated value",""
"QCL","Crops and livestock products","170","Colombia","5510","Production","01801","Sugar beet","2019","2019","t","31346.75","I","Value imputed by a receiving agency",""
"QCL","Crops and livestock products","170","Colombia","5510","Production","01801","Sugar beet","2020","2020","t","30736.76","E","Estimated value",""
"QCL","Crops and livestock products","170","Colombia","5510","Production","01801","Sugar beet","2021","2021","t","30655.65","E","Estimated value",""
"QCL","Crops and livestock products","170","Colombia","5510","Production","01801","Sugar beet","2022","2022","t","30913.05","E","Estimated value",""
"QCL","Crops and livestock products","170","Colombia","5510","Production","01801","Sugar beet","2023","2023","t","30768.49","E","Estimated value",""
"QCL","Crops and livestock products","170","Colombia","5510","Production","01802","Sugar cane","2000","2000","t","33959252","E","Estimated value",""
"QCL","Crops and livestock products","170","Colombia","5510","Production","01802","Sugar cane","2001","2001","t","33527400","A","Official figure",""
"QCL","Crops and livestock products","170","Colombia","5510","Production","01802","Sugar cane","2002","2002","t","37604348","E","Estimated value",""
"QCL","Crops and livestock products","170","Colombia","5510","Production","01802","Sugar cane","2003","2003","t","39542944","E","Estimated value",""
"QCL","Crops and livestock products","170","Colombia","5510","Production","01802","Sugar cane","2004","2004","t","40674116","E","Estimated value",""
"QCL","Crops and livestock products","170","Colombia","5510","Production","01802","Sugar cane","2005","2005","t","39849240","A","Official figure",""
"QCL","Crops and livestock products","170","Colombia","5510","Production","01802","Sugar cane","2006","2006","t","37100000","E","Estimated value",""
"QCL","Crops and livestock products","170","Colombia","5510","Production","01802","Sugar cane","2007","2007","t","35200000","E","Estimated value",""
"QCL","Crops and livestock products","170","Colombia","5510","Production","01802","Sugar cane","2008","2008","t","32300000","E","Estimated value",""
"QCL","Crops and livestock products","170","Colombia","5510","Production","01802","Sugar cane","2009","2009","t","36700000","E","Estimated value",""
"QCL","Crops and livestock products","170","Colombia","5510","Production","01802","Sugar cane","2010","2010","t","32538975.86","I","Value imputed by a receiving agency",""
"QCL","Crops and livestock products","170","Colombia","5510","Production","01802","Sugar cane","2011","2011","t","34889672","A","Official figure",""
"QCL","Crops and livestock products","170","Colombia","5510","Production","01802","Sugar cane","2012","2012","t","33336952.72","A","Official figure",""
"QCL","Crops and livestock products","170","Colombia","5510","Production","01802","Sugar cane","2013","2013","t","34876332.89","A","Official figure",""
"QCL","Crops and livestock products","170","Colombia","5510","Production","01802","Sugar cane","2014","2014","t","38157132","A","Official figure",""
"QCL","Crops and livestock products","170","Colombia","5510","Production","01802","Sugar cane","2015","2015","t","36139166","A","Official figure",""
"QCL","Crops and livestock products","170","Colombia","5510","Production","01802","Sugar cane","2016","2016","t","34759606.06","A","Official figure",""
"QCL","Crops and livestock products","170","Colombia","5510","Production","01802","Sugar cane","2017","2017","t","23389039","A","Official figure",""
"QCL","Crops and livestock products","170","Colombia","5510","Production","01802","Sugar cane","2018","2018","t","33454409","A","Official figure",""
"QCL","Crops and livestock products","170","Colombia","5510","Production","01802","Sugar cane","2019","2019","t","33835406","A","Official figure",""
"QCL","Crops and livestock products","170","Colombia","5510","Production","01802","Sugar cane","2020","2020","t","36364744.04","A","Official figure",""
"QCL","Crops and livestock products","170","Colombia","5510","Production","01802","Sugar cane","2021","2021","t","34583307.13","A","Official figure",""
"QCL","Crops and livestock products","170","Colombia","5510","Production","01802","Sugar cane","2022","2022","t","35723117","A","Official figure",""
"QCL","Crops and livestock products","170","Colombia","5510","Production","01802","Sugar cane","2023","2023","t","32189251","A","Official figure",""
"QCL","Crops and livestock products","178","Congo","5510","Production","01802","Sugar cane","2000","2000","t","450256","A","Official figure",""
"QCL","Crops and livestock products","178","Congo","5510","Production","01802","Sugar cane","2001","2001","t","454433","A","Official figure",""
"QCL","Crops and livestock products","178","Congo","5510","Production","01802","Sugar cane","2002","2002","t","458649","A","Official figure",""
"QCL","Crops and livestock products","178","Congo","5510","Production","01802","Sugar cane","2003","2003","t","601735","A","Official figure",""
"QCL","Crops and livestock products","178","Congo","5510","Production","01802","Sugar cane","2004","2004","t","616776","A","Official figure",""
"QCL","Crops and livestock products","178","Congo","5510","Production","01802","Sugar cane","2005","2005","t","617000","E","Estimated value",""
"QCL","Crops and livestock products","178","Congo","5510","Production","01802","Sugar cane","2006","2006","t","550000","E","Estimated value",""
"QCL","Crops and livestock products","178","Congo","5510","Production","01802","Sugar cane","2007","2007","t","540000","E","Estimated value",""
"QCL","Crops and livestock products","178","Congo","5510","Production","01802","Sugar cane","2008","2008","t","565000","E","Estimated value",""
"QCL","Crops and livestock products","178","Congo","5510","Production","01802","Sugar cane","2009","2009","t","600000","E","Estimated value",""
"QCL","Crops and livestock products","178","Congo","5510","Production","01802","Sugar cane","2010","2010","t","622732.68","I","Value imputed by a receiving agency",""
"QCL","Crops and livestock products","178","Congo","5510","Production","01802","Sugar cane","2011","2011","t","639033.97","I","Value imputed by a receiving agency",""
"QCL","Crops and livestock products","178","Congo","5510","Production","01802","Sugar cane","2012","2012","t","641387.59","I","Value imputed by a receiving agency",""
"QCL","Crops and livestock products","178","Congo","5510","Production","01802","Sugar cane","2013","2013","t","653449.69","I","Value imputed by a receiving agency",""
"QCL","Crops and livestock products","178","Congo","5510","Production","01802","Sugar cane","2014","2014","t","627400","A","Official figure",""
"QCL","Crops and livestock products","178","Congo","5510","Production","01802","Sugar cane","2015","2015","t","634850","I","Value imputed by a receiving agency",""
"QCL","Crops and livestock products","178","Congo","5510","Production","01802","Sugar cane","2016","2016","t","659742.62","I","Value imputed by a receiving agency",""
"QCL","Crops and livestock products","178","Congo","5510","Production","01802","Sugar cane","2017","2017","t","666933.76","I","Value imputed by a receiving agency",""
"QCL","Crops and livestock products","178","Congo","5510","Production","01802","Sugar cane","2018","2018","t","674612.02","I","Value imputed by a receiving agency",""
"QCL","Crops and livestock products","178","Congo","5510","Production","01802","Sugar cane","2019","2019","t","670000","E","Estimated value",""
"QCL","Crops and livestock products","178","Congo","5510","Production","01802","Sugar cane","2020","2020","t","683662.71","I","Value imputed by a receiving agency",""
"QCL","Crops and livestock products","178","Congo","5510","Production","01802","Sugar cane","2021","2021","t","676091.58","E","Estimated value",""
"QCL","Crops and livestock products","178","Congo","5510","Production","01802","Sugar cane","2022","2022","t","676584.76","E","Estimated value",""
"QCL","Crops and livestock products","178","Congo","5510","Production","01802","Sugar cane","2023","2023","t","678779.68","E","Estimated value",""
"QCL","Crops and livestock products","188","Costa Rica","5510","Production","01802","Sugar cane","2000","2000","t","3800000","E","Estimated value",""
"QCL","Crops and livestock products","188","Costa Rica","5510","Production","01802","Sugar cane","2001","2001","t","4000000","E","Estimated value",""
"QCL","Crops and livestock products","188","Costa Rica","5510","Production","01802","Sugar cane","2002","2002","t","3800000","E","Estimated value",""
"QCL","Crops and livestock products","188","Costa Rica","5510","Production","01802","Sugar cane","2003","2003","t","4400000","E","Estimated value",""
"QCL","Crops and livestock products","188","Costa Rica","5510","Production","01802","Sugar cane","2004","2004","t","4200000","E","Estimated value",""
"QCL","Crops and livestock products","188","Costa Rica","5510","Production","01802","Sugar cane","2005","2005","t","4000000","E","Estimated value",""
"QCL","Crops and livestock products","188","Costa Rica","5510","Production","01802","Sugar cane","2006","2006","t","4600000","E","Estimated value",""
"QCL","Crops and livestock products","188","Costa Rica","5510","Production","01802","Sugar cane","2007","2007","t","4600000","E","Estimated value",""
"QCL","Crops and livestock products","188","Costa Rica","5510","Production","01802","Sugar cane","2008","2008","t","4200000","E","Estimated value",""
"QCL","Crops and livestock products","188","Costa Rica","5510","Production","01802","Sugar cane","2009","2009","t","4100000","E","Estimated value",""
"QCL","Crops and livestock products","188","Costa Rica","5510","Production","01802","Sugar cane","2010","2010","t","3734732","A","Official figure",""
"QCL","Crops and livestock products","188","Costa Rica","5510","Production","01802","Sugar cane","2011","2011","t","3418193","A","Official figure",""
"QCL","Crops and livestock products","188","Costa Rica","5510","Production","01802","Sugar cane","2012","2012","t","4005752","A","Official figure",""
"QCL","Crops and livestock products","188","Costa Rica","5510","Production","01802","Sugar cane","2013","2013","t","4411088","A","Official figure",""
"QCL","Crops and livestock products","188","Costa Rica","5510","Production","01802","Sugar cane","2014","2014","t","4492123","A","Official figure",""
"QCL","Crops and livestock products","188","Costa Rica","5510","Production","01802","Sugar cane","2015","2015","t","4344048","X","Figure from external organization","Unofficial figure"
"QCL","Crops and livestock products","188","Costa Rica","5510","Production","01802","Sugar cane","2016","2016","t","4265913","A","Official figure",""
"QCL","Crops and livestock products","188","Costa Rica","5510","Production","01802","Sugar cane","2017","2017","t","4158370","A","Official figure",""
"QCL","Crops and livestock products","188","Costa Rica","5510","Production","01802","Sugar cane","2018","2018","t","4007955.4","A","Official figure",""
"QCL","Crops and livestock products","188","Costa Rica","5510","Production","01802","Sugar cane","2019","2019","t","4009954.3","A","Official figure",""
"QCL","Crops and livestock products","188","Costa Rica","5510","Production","01802","Sugar cane","2020","2020","t","4194597","A","Official figure",""
"QCL","Crops and livestock products","188","Costa Rica","5510","Production","01802","Sugar cane","2021","2021","t","3995020","A","Official figure",""
"QCL","Crops and livestock products","188","Costa Rica","5510","Production","01802","Sugar cane","2022","2022","t","3897888","A","Official figure",""
"QCL","Crops and livestock products","188","Costa Rica","5510","Production","01802","Sugar cane","2023","2023","t","3422767","A","Official figure",""
"QCL","Crops and livestock products","384","Côte d'Ivoire","5510","Production","01802","Sugar cane","2000","2000","t","1672050","A","Official figure",""
"QCL","Crops and livestock products","384","Côte d'Ivoire","5510","Production","01802","Sugar cane","2001","2001","t","1652806","A","Official figure",""
"QCL","Crops and livestock products","384","Côte d'Ivoire","5510","Production","01802","Sugar cane","2002","2002","t","1544172","A","Official figure",""
"QCL","Crops and livestock products","384","Côte d'Ivoire","5510","Production","01802","Sugar cane","2003","2003","t","1264390","A","Official figure",""
"QCL","Crops and livestock products","384","Côte d'Ivoire","5510","Production","01802","Sugar cane","2004","2004","t","1456321","A","Official figure",""
"QCL","Crops and livestock products","384","Côte d'Ivoire","5510","Production","01802","Sugar cane","2005","2005","t","1456280","A","Official figure",""
"QCL","Crops and livestock products","384","Côte d'Ivoire","5510","Production","01802","Sugar cane","2006","2006","t","1448010","A","Official figure",""
"QCL","Crops and livestock products","384","Côte d'Ivoire","5510","Production","01802","Sugar cane","2007","2007","t","1636330","A","Official figure",""
"QCL","Crops and livestock products","384","Côte d'Ivoire","5510","Production","01802","Sugar cane","2008","2008","t","1660080","A","Official figure",""
"QCL","Crops and livestock products","384","Côte d'Ivoire","5510","Production","01802","Sugar cane","2009","2009","t","1578640","A","Official figure",""
"QCL","Crops and livestock products","384","Côte d'Ivoire","5510","Production","01802","Sugar cane","2010","2010","t","1800467","A","Official figure",""
"QCL","Crops and livestock products","384","Côte d'Ivoire","5510","Production","01802","Sugar cane","2011","2011","t","1940493","A","Official figure",""
"QCL","Crops and livestock products","384","Côte d'Ivoire","5510","Production","01802","Sugar cane","2012","2012","t","1866748","A","Official figure",""
"QCL","Crops and livestock products","384","Côte d'Ivoire","5510","Production","01802","Sugar cane","2013","2013","t","1968917","A","Official figure",""
"QCL","Crops and livestock products","384","Côte d'Ivoire","5510","Production","01802","Sugar cane","2014","2014","t","1963654.8","I","Value imputed by a receiving agency",""
"QCL","Crops and livestock products","384","Côte d'Ivoire","5510","Production","01802","Sugar cane","2015","2015","t","2002000","A","Official figure",""
"QCL","Crops and livestock products","384","Côte d'Ivoire","5510","Production","01802","Sugar cane","2016","2016","t","1832000","A","Official figure",""
"QCL","Crops and livestock products","384","Côte d'Ivoire","5510","Production","01802","Sugar cane","2017","2017","t","1903000","E","Estimated value",""
"QCL","Crops and livestock products","384","Côte d'Ivoire","5510","Production","01802","Sugar cane","2018","2018","t","2026300","E","Estimated value",""
"QCL","Crops and livestock products","384","Côte d'Ivoire","5510","Production","01802","Sugar cane","2019","2019","t","2100000","E","Estimated value",""
"QCL","Crops and livestock products","384","Côte d'Ivoire","5510","Production","01802","Sugar cane","2020","2020","t","1970000","E","Estimated value",""
"QCL","Crops and livestock products","384","Côte d'Ivoire","5510","Production","01802","Sugar cane","2021","2021","t","2129217","A","Official figure",""
"QCL","Crops and livestock products","384","Côte d'Ivoire","5510","Production","01802","Sugar cane","2022","2022","t","2130000","E","Estimated value",""
"QCL","Crops and livestock products","384","Côte d'Ivoire","5510","Production","01802","Sugar cane","2023","2023","t","2130500","E","Estimated value",""
"QCL","Crops and livestock products","191","Croatia","5510","Production","01801","Sugar beet","2000","2000","t","482211","A","Official figure",""
"QCL","Crops and livestock products","191","Croatia","5510","Production","01801","Sugar beet","2001","2001","t","964880","A","Official figure",""
"QCL","Crops and livestock products","191","Croatia","5510","Production","01801","Sugar beet","2002","2002","t","1183445","A","Official figure",""
"QCL","Crops and livestock products","191","Croatia","5510","Production","01801","Sugar beet","2003","2003","t","677569","A","Official figure",""
"QCL","Crops and livestock products","191","Croatia","5510","Production","01801","Sugar beet","2004","2004","t","1260444","A","Official figure",""
"QCL","Crops and livestock products","191","Croatia","5510","Production","01801","Sugar beet","2005","2005","t","1337750","A","Official figure",""
"QCL","Crops and livestock products","191","Croatia","5510","Production","01801","Sugar beet","2006","2006","t","1559737","A","Official figure",""
"QCL","Crops and livestock products","191","Croatia","5510","Production","01801","Sugar beet","2007","2007","t","1582606","A","Official figure",""
"QCL","Crops and livestock products","191","Croatia","5510","Production","01801","Sugar beet","2008","2008","t","1269536","A","Official figure",""
"QCL","Crops and livestock products","191","Croatia","5510","Production","01801","Sugar beet","2009","2009","t","1217041","A","Official figure",""
"QCL","Crops and livestock products","191","Croatia","5510","Production","01801","Sugar beet","2010","2010","t","1249151","A","Official figure",""
"QCL","Crops and livestock products","191","Croatia","5510","Production","01801","Sugar beet","2011","2011","t","1168015","A","Official figure",""
"QCL","Crops and livestock products","191","Croatia","5510","Production","01801","Sugar beet","2012","2012","t","919230","A","Official figure",""
"QCL","Crops and livestock products","191","Croatia","5510","Production","01801","Sugar beet","2013","2013","t","1050715","A","Official figure",""
"QCL","Crops and livestock products","191","Croatia","5510","Production","01801","Sugar beet","2014","2014","t","1392000","A","Official figure",""
"QCL","Crops and livestock products","191","Croatia","5510","Production","01801","Sugar beet","2015","2015","t","756509","A","Official figure",""
"QCL","Crops and livestock products","191","Croatia","5510","Production","01801","Sugar beet","2016","2016","t","1169622","A","Official figure",""
"QCL","Crops and livestock products","191","Croatia","5510","Production","01801","Sugar beet","2017","2017","t","1295459","A","Official figure",""
"QCL","Crops and livestock products","191","Croatia","5510","Production","01801","Sugar beet","2018","2018","t","776490","A","Official figure",""
"QCL","Crops and livestock products","191","Croatia","5510","Production","01801","Sugar beet","2019","2019","t","708580","A","Official figure",""
"QCL","Crops and livestock products","191","Croatia","5510","Production","01801","Sugar beet","2020","2020","t","774330","A","Official figure",""
"QCL","Crops and livestock products","191","Croatia","5510","Production","01801","Sugar beet","2021","2021","t","707000","A","Official figure",""
"QCL","Crops and livestock products","191","Croatia","5510","Production","01801","Sugar beet","2022","2022","t","572190","A","Official figure",""
"QCL","Crops and livestock products","191","Croatia","5510","Production","01801","Sugar beet","2023","2023","t","499910","A","Official figure",""
"QCL","Crops and livestock products","192","Cuba","5510","Production","01802","Sugar cane","2000","2000","t","36400000","A","Official figure",""
"QCL","Crops and livestock products","192","Cuba","5510","Production","01802","Sugar cane","2001","2001","t","32100000","A","Official figure",""
"QCL","Crops and livestock products","192","Cuba","5510","Production","01802","Sugar cane","2002","2002","t","34700000","A","Official figure",""
"QCL","Crops and livestock products","192","Cuba","5510","Production","01802","Sugar cane","2003","2003","t","22100000","A","Official figure",""
"QCL","Crops and livestock products","192","Cuba","5510","Production","01802","Sugar cane","2004","2004","t","23800000","A","Official figure",""
"QCL","Crops and livestock products","192","Cuba","5510","Production","01802","Sugar cane","2005","2005","t","11600000","A","Official figure",""
"QCL","Crops and livestock products","192","Cuba","5510","Production","01802","Sugar cane","2006","2006","t","11060000","A","Official figure",""
"QCL","Crops and livestock products","192","Cuba","5510","Production","01802","Sugar cane","2007","2007","t","11900000","A","Official figure",""
"QCL","Crops and livestock products","192","Cuba","5510","Production","01802","Sugar cane","2008","2008","t","15700000","A","Official figure",""
"QCL","Crops and livestock products","192","Cuba","5510","Production","01802","Sugar cane","2009","2009","t","14900000","A","Official figure",""
"QCL","Crops and livestock products","192","Cuba","5510","Production","01802","Sugar cane","2010","2010","t","11600000","A","Official figure",""
"QCL","Crops and livestock products","192","Cuba","5510","Production","01802","Sugar cane","2011","2011","t","11900000","A","Official figure",""
"QCL","Crops and livestock products","192","Cuba","5510","Production","01802","Sugar cane","2012","2012","t","14700000","A","Official figure",""
"QCL","Crops and livestock products","192","Cuba","5510","Production","01802","Sugar cane","2013","2013","t","16100000","A","Official figure",""
"QCL","Crops and livestock products","192","Cuba","5510","Production","01802","Sugar cane","2014","2014","t","17800000","A","Official figure",""
"QCL","Crops and livestock products","192","Cuba","5510","Production","01802","Sugar cane","2015","2015","t","19300000","A","Official figure",""
"QCL","Crops and livestock products","192","Cuba","5510","Production","01802","Sugar cane","2016","2016","t","18000000","A","Official figure",""
"QCL","Crops and livestock products","192","Cuba","5510","Production","01802","Sugar cane","2017","2017","t","19900000","A","Official figure",""
"QCL","Crops and livestock products","192","Cuba","5510","Production","01802","Sugar cane","2018","2018","t","12600000","A","Official figure",""
"QCL","Crops and livestock products","192","Cuba","5510","Production","01802","Sugar cane","2019","2019","t","17000000","A","Official figure",""
"QCL","Crops and livestock products","192","Cuba","5510","Production","01802","Sugar cane","2020","2020","t","13871764","A","Official figure",""
"QCL","Crops and livestock products","192","Cuba","5510","Production","01802","Sugar cane","2021","2021","t","10230634","A","Official figure",""
"QCL","Crops and livestock products","192","Cuba","5510","Production","01802","Sugar cane","2022","2022","t","7000000","A","Official figure",""
"QCL","Crops and livestock products","192","Cuba","5510","Production","01802","Sugar cane","2023","2023","t","5100000","A","Official figure",""
"QCL","Crops and livestock products","196","Cyprus","5510","Production","01801","Sugar beet","2018","2018","t","0","A","Official figure",""
"QCL","Crops and livestock products","196","Cyprus","5510","Production","01801","Sugar beet","2019","2019","t","0","A","Official figure",""
"QCL","Crops and livestock products","196","Cyprus","5510","Production","01801","Sugar beet","2020","2020","t","0","A","Official figure",""
"QCL","Crops and livestock products","196","Cyprus","5510","Production","01801","Sugar beet","2021","2021","t","0","A","Official figure",""
"QCL","Crops and livestock products","196","Cyprus","5510","Production","01801","Sugar beet","2022","2022","t","0","A","Official figure",""
"QCL","Crops and livestock products","196","Cyprus","5510","Production","01801","Sugar beet","2023","2023","t","0","A","Official figure",""
"QCL","Crops and livestock products","203","Czechia","5510","Production","01801","Sugar beet","2000","2000","t","2808839","A","Official figure",""
"QCL","Crops and livestock products","203","Czechia","5510","Production","01801","Sugar beet","2001","2001","t","3529005","A","Official figure",""
"QCL","Crops and livestock products","203","Czechia","5510","Production","01801","Sugar beet","2002","2002","t","3832466","A","Official figure",""
"QCL","Crops and livestock products","203","Czechia","5510","Production","01801","Sugar beet","2003","2003","t","3495148","A","Official figure",""
"QCL","Crops and livestock products","203","Czechia","5510","Production","01801","Sugar beet","2004","2004","t","3579278","A","Official figure",""
"QCL","Crops and livestock products","203","Czechia","5510","Production","01801","Sugar beet","2005","2005","t","3495611","A","Official figure",""
"QCL","Crops and livestock products","203","Czechia","5510","Production","01801","Sugar beet","2006","2006","t","3138326","A","Official figure",""
"QCL","Crops and livestock products","203","Czechia","5510","Production","01801","Sugar beet","2007","2007","t","2889871","A","Official figure",""
"QCL","Crops and livestock products","203","Czechia","5510","Production","01801","Sugar beet","2008","2008","t","2884645","A","Official figure",""
"QCL","Crops and livestock products","203","Czechia","5510","Production","01801","Sugar beet","2009","2009","t","3038220","A","Official figure",""
"QCL","Crops and livestock products","203","Czechia","5510","Production","01801","Sugar beet","2010","2010","t","3064986","A","Official figure",""
"QCL","Crops and livestock products","203","Czechia","5510","Production","01801","Sugar beet","2011","2011","t","3898887","A","Official figure",""
"QCL","Crops and livestock products","203","Czechia","5510","Production","01801","Sugar beet","2012","2012","t","3868829","A","Official figure",""
"QCL","Crops and livestock products","203","Czechia","5510","Production","01801","Sugar beet","2013","2013","t","3743772","A","Official figure",""
"QCL","Crops and livestock products","203","Czechia","5510","Production","01801","Sugar beet","2014","2014","t","4424619","A","Official figure",""
"QCL","Crops and livestock products","203","Czechia","5510","Production","01801","Sugar beet","2015","2015","t","3421035","A","Official figure",""
"QCL","Crops and livestock products","203","Czechia","5510","Production","01801","Sugar beet","2016","2016","t","4118356","A","Official figure",""
"QCL","Crops and livestock products","203","Czechia","5510","Production","01801","Sugar beet","2017","2017","t","4399521.4","A","Official figure",""
"QCL","Crops and livestock products","203","Czechia","5510","Production","01801","Sugar beet","2018","2018","t","3724310","A","Official figure",""
"QCL","Crops and livestock products","203","Czechia","5510","Production","01801","Sugar beet","2019","2019","t","3661420","A","Official figure",""
"QCL","Crops and livestock products","203","Czechia","5510","Production","01801","Sugar beet","2020","2020","t","3671230","A","Official figure",""
"QCL","Crops and livestock products","203","Czechia","5510","Production","01801","Sugar beet","2021","2021","t","4145060","A","Official figure",""
"QCL","Crops and livestock products","203","Czechia","5510","Production","01801","Sugar beet","2022","2022","t","4055470","A","Official figure",""
"QCL","Crops and livestock products","203","Czechia","5510","Production","01801","Sugar beet","2023","2023","t","3833870","A","Official figure",""
"QCL","Crops and livestock products","180","Democratic Republic of the Congo","5510","Production","01802","Sugar cane","2000","2000","t","1669000","A","Official figure",""
"QCL","Crops and livestock products","180","Democratic Republic of the Congo","5510","Production","01802","Sugar cane","2001","2001","t","1560000","A","Official figure",""
"QCL","Crops and livestock products","180","Democratic Republic of the Congo","5510","Production","01802","Sugar cane","2002","2002","t","1603685","A","Official figure",""
"QCL","Crops and livestock products","180","Democratic Republic of the Congo","5510","Production","01802","Sugar cane","2003","2003","t","1579350","A","Official figure",""
"QCL","Crops and livestock products","180","Democratic Republic of the Congo","5510","Production","01802","Sugar cane","2004","2004","t","1550550","A","Official figure",""
"QCL","Crops and livestock products","180","Democratic Republic of the Congo","5510","Production","01802","Sugar cane","2005","2005","t","1522275","A","Official figure",""
"QCL","Crops and livestock products","180","Democratic Republic of the Congo","5510","Production","01802","Sugar cane","2006","2006","t","1494516","A","Official figure",""
"QCL","Crops and livestock products","180","Democratic Republic of the Congo","5510","Production","01802","Sugar cane","2007","2007","t","1694395","X","Figure from external organization","Unofficial figure"
"QCL","Crops and livestock products","180","Democratic Republic of the Congo","5510","Production","01802","Sugar cane","2008","2008","t","1793412","X","Figure from external organization","Unofficial figure"
"QCL","Crops and livestock products","180","Democratic Republic of the Congo","5510","Production","01802","Sugar cane","2009","2009","t","1827140","X","Figure from external organization","Unofficial figure"
"QCL","Crops and livestock products","180","Democratic Republic of the Congo","5510","Production","01802","Sugar cane","2010","2010","t","2078771.01","I","Value imputed by a receiving agency",""
"QCL","Crops and livestock products","180","Democratic Republic of the Congo","5510","Production","01802","Sugar cane","2011","2011","t","1993010.25","I","Value imputed by a receiving agency",""
"QCL","Crops and livestock products","180","Democratic Republic of the Congo","5510","Production","01802","Sugar cane","2012","2012","t","2013166.73","I","Value imputed by a receiving agency",""
"QCL","Crops and livestock products","180","Democratic Republic of the Congo","5510","Production","01802","Sugar cane","2013","2013","t","2014896.96","I","Value imputed by a receiving agency",""
"QCL","Crops and livestock products","180","Democratic Republic of the Congo","5510","Production","01802","Sugar cane","2014","2014","t","2044007.39","I","Value imputed by a receiving agency",""
"QCL","Crops and livestock products","180","Democratic Republic of the Congo","5510","Production","01802","Sugar cane","2015","2015","t","2136748.36","I","Value imputed by a receiving agency",""
"QCL","Crops and livestock products","180","Democratic Republic of the Congo","5510","Production","01802","Sugar cane","2016","2016","t","2065217.57","E","Estimated value",""
"QCL","Crops and livestock products","180","Democratic Republic of the Congo","5510","Production","01802","Sugar cane","2017","2017","t","2058948.39","I","Value imputed by a receiving agency",""
"QCL","Crops and livestock products","180","Democratic Republic of the Congo","5510","Production","01802","Sugar cane","2018","2018","t","2223154.71","I","Value imputed by a receiving agency",""
"QCL","Crops and livestock products","180","Democratic Republic of the Congo","5510","Production","01802","Sugar cane","2019","2019","t","2351848.19","I","Value imputed by a receiving agency",""
"QCL","Crops and livestock products","180","Democratic Republic of the Congo","5510","Production","01802","Sugar cane","2020","2020","t","2700000","E","Estimated value",""
"QCL","Crops and livestock products","180","Democratic Republic of the Congo","5510","Production","01802","Sugar cane","2021","2021","t","2934057.58","I","Value imputed by a receiving agency",""
"QCL","Crops and livestock products","180","Democratic Republic of the Congo","5510","Production","01802","Sugar cane","2022","2022","t","2416432.34","I","Value imputed by a receiving agency",""
"QCL","Crops and livestock products","180","Democratic Republic of the Congo","5510","Production","01802","Sugar cane","2023","2023","t","2471667.71","I","Value imputed by a receiving agency",""
"QCL","Crops and livestock products","208","Denmark","5510","Production","01801","Sugar beet","2000","2000","t","3344780","A","Official figure",""
"QCL","Crops and livestock products","208","Denmark","5510","Production","01801","Sugar beet","2001","2001","t","3148826","A","Official figure",""
"QCL","Crops and livestock products","208","Denmark","5510","Production","01801","Sugar beet","2002","2002","t","3385000","A","Official figure",""
"QCL","Crops and livestock products","208","Denmark","5510","Production","01801","Sugar beet","2003","2003","t","2857300","A","Official figure",""
"QCL","Crops and livestock products","208","Denmark","5510","Production","01801","Sugar beet","2004","2004","t","2828600","A","Official figure",""
"QCL","Crops and livestock products","208","Denmark","5510","Production","01801","Sugar beet","2005","2005","t","2762600","A","Official figure",""
"QCL","Crops and livestock products","208","Denmark","5510","Production","01801","Sugar beet","2006","2006","t","2314200","A","Official figure",""
"QCL","Crops and livestock products","208","Denmark","5510","Production","01801","Sugar beet","2007","2007","t","2255300","A","Official figure",""
"QCL","Crops and livestock products","208","Denmark","5510","Production","01801","Sugar beet","2008","2008","t","2187213","A","Official figure",""
"QCL","Crops and livestock products","208","Denmark","5510","Production","01801","Sugar beet","2009","2009","t","1898200","A","Official figure",""
"QCL","Crops and livestock products","208","Denmark","5510","Production","01801","Sugar beet","2010","2010","t","2409000","A","Official figure",""
"QCL","Crops and livestock products","208","Denmark","5510","Production","01801","Sugar beet","2011","2011","t","2700400","A","Official figure",""
"QCL","Crops and livestock products","208","Denmark","5510","Production","01801","Sugar beet","2012","2012","t","2772000","A","Official figure",""
"QCL","Crops and livestock products","208","Denmark","5510","Production","01801","Sugar beet","2013","2013","t","2300000","A","Official figure",""
"QCL","Crops and livestock products","208","Denmark","5510","Production","01801","Sugar beet","2014","2014","t","2672200","A","Official figure",""
"QCL","Crops and livestock products","208","Denmark","5510","Production","01801","Sugar beet","2015","2015","t","1696500","A","Official figure",""
"QCL","Crops and livestock products","208","Denmark","5510","Production","01801","Sugar beet","2016","2016","t","2350400","A","Official figure",""
"QCL","Crops and livestock products","208","Denmark","5510","Production","01801","Sugar beet","2017","2017","t","2454600","A","Official figure",""
"QCL","Crops and livestock products","208","Denmark","5510","Production","01801","Sugar beet","2018","2018","t","2107600","A","Official figure",""
"QCL","Crops and livestock products","208","Denmark","5510","Production","01801","Sugar beet","2019","2019","t","2339900","A","Official figure",""
"QCL","Crops and livestock products","208","Denmark","5510","Production","01801","Sugar beet","2020","2020","t","2558600","A","Official figure",""
"QCL","Crops and livestock products","208","Denmark","5510","Production","01801","Sugar beet","2021","2021","t","2573100","A","Official figure",""
"QCL","Crops and livestock products","208","Denmark","5510","Production","01801","Sugar beet","2022","2022","t","2291800","A","Official figure",""
"QCL","Crops and livestock products","208","Denmark","5510","Production","01801","Sugar beet","2023","2023","t","2280600","A","Official figure",""
"QCL","Crops and livestock products","262","Djibouti","5510","Production","01802","Sugar cane","2000","2000","t","52","E","Estimated value",""
"QCL","Crops and livestock products","262","Djibouti","5510","Production","01802","Sugar cane","2001","2001","t","52","E","Estimated value",""
"QCL","Crops and livestock products","262","Djibouti","5510","Production","01802","Sugar cane","2002","2002","t","52","E","Estimated value",""
"QCL","Crops and livestock products","262","Djibouti","5510","Production","01802","Sugar cane","2003","2003","t","52","E","Estimated value",""
"QCL","Crops and livestock products","262","Djibouti","5510","Production","01802","Sugar cane","2004","2004","t","52","E","Estimated value",""
"QCL","Crops and livestock products","262","Djibouti","5510","Production","01802","Sugar cane","2005","2005","t","52","E","Estimated value",""
"QCL","Crops and livestock products","262","Djibouti","5510","Production","01802","Sugar cane","2006","2006","t","52","E","Estimated value",""
"QCL","Crops and livestock products","262","Djibouti","5510","Production","01802","Sugar cane","2007","2007","t","52","E","Estimated value",""
"QCL","Crops and livestock products","262","Djibouti","5510","Production","01802","Sugar cane","2008","2008","t","52","E","Estimated value",""
"QCL","Crops and livestock products","262","Djibouti","5510","Production","01802","Sugar cane","2009","2009","t","52","E","Estimated value",""
"QCL","Crops and livestock products","262","Djibouti","5510","Production","01802","Sugar cane","2010","2010","t","52","E","Estimated value",""
"QCL","Crops and livestock products","262","Djibouti","5510","Production","01802","Sugar cane","2011","2011","t","52","E","Estimated value",""
"QCL","Crops and livestock products","262","Djibouti","5510","Production","01802","Sugar cane","2012","2012","t","52","E","Estimated value",""
"QCL","Crops and livestock products","262","Djibouti","5510","Production","01802","Sugar cane","2013","2013","t","52","E","Estimated value",""
"QCL","Crops and livestock products","262","Djibouti","5510","Production","01802","Sugar cane","2014","2014","t","52","I","Value imputed by a receiving agency",""
"QCL","Crops and livestock products","262","Djibouti","5510","Production","01802","Sugar cane","2015","2015","t","52.82","I","Value imputed by a receiving agency",""
"QCL","Crops and livestock products","262","Djibouti","5510","Production","01802","Sugar cane","2016","2016","t","53.76","I","Value imputed by a receiving agency",""
"QCL","Crops and livestock products","262","Djibouti","5510","Production","01802","Sugar cane","2017","2017","t","54.67","I","Value imputed by a receiving agency",""
"QCL","Crops and livestock products","262","Djibouti","5510","Production","01802","Sugar cane","2018","2018","t","55.55","I","Value imputed by a receiving agency",""
"QCL","Crops and livestock products","262","Djibouti","5510","Production","01802","Sugar cane","2019","2019","t","56.41","I","Value imputed by a receiving agency",""
"QCL","Crops and livestock products","262","Djibouti","5510","Production","01802","Sugar cane","2020","2020","t","55.68","I","Value imputed by a receiving agency",""
"QCL","Crops and livestock products","262","Djibouti","5510","Production","01802","Sugar cane","2021","2021","t","55.64","I","Value imputed by a receiving agency",""
"QCL","Crops and livestock products","262","Djibouti","5510","Production","01802","Sugar cane","2022","2022","t","55.69","I","Value imputed by a receiving agency",""
"QCL","Crops and livestock products","262","Djibouti","5510","Production","01802","Sugar cane","2023","2023","t","55.74","I","Value imputed by a receiving agency",""
"QCL","Crops and livestock products","212","Dominica","5510","Production","01802","Sugar cane","2000","2000","t","4400","E","Estimated value",""
"QCL","Crops and livestock products","212","Dominica","5510","Production","01802","Sugar cane","2001","2001","t","4400","E","Estimated value",""
"QCL","Crops and livestock products","212","Dominica","5510","Production","01802","Sugar cane","2002","2002","t","4400","E","Estimated value",""
"QCL","Crops and livestock products","212","Dominica","5510","Production","01802","Sugar cane","2003","2003","t","4400","E","Estimated value",""
"QCL","Crops and livestock products","212","Dominica","5510","Production","01802","Sugar cane","2004","2004","t","4400","E","Estimated value",""
"QCL","Crops and livestock products","212","Dominica","5510","Production","01802","Sugar cane","2005","2005","t","4400","E","Estimated value",""
"QCL","Crops and livestock products","212","Dominica","5510","Production","01802","Sugar cane","2006","2006","t","4400","E","Estimated value",""
"QCL","Crops and livestock products","212","Dominica","5510","Production","01802","Sugar cane","2007","2007","t","4800","E","Estimated value",""
"QCL","Crops and livestock products","212","Dominica","5510","Production","01802","Sugar cane","2008","2008","t","4800","E","Estimated value",""
"QCL","Crops and livestock products","212","Dominica","5510","Production","01802","Sugar cane","2009","2009","t","4800","E","Estimated value",""
"QCL","Crops and livestock products","212","Dominica","5510","Production","01802","Sugar cane","2010","2010","t","4800","E","Estimated value",""
"QCL","Crops and livestock products","212","Dominica","5510","Production","01802","Sugar cane","2011","2011","t","4800","E","Estimated value",""
"QCL","Crops and livestock products","212","Dominica","5510","Production","01802","Sugar cane","2012","2012","t","4800","E","Estimated value",""
"QCL","Crops and livestock products","212","Dominica","5510","Production","01802","Sugar cane","2013","2013","t","4800","E","Estimated value",""
"QCL","Crops and livestock products","212","Dominica","5510","Production","01802","Sugar cane","2014","2014","t","4802.15","I","Value imputed by a receiving agency",""
"QCL","Crops and livestock products","212","Dominica","5510","Production","01802","Sugar cane","2015","2015","t","4836.07","I","Value imputed by a receiving agency",""
"QCL","Crops and livestock products","212","Dominica","5510","Production","01802","Sugar cane","2016","2016","t","4852.7","I","Value imputed by a receiving agency",""
"QCL","Crops and livestock products","212","Dominica","5510","Production","01802","Sugar cane","2017","2017","t","4867.56","I","Value imputed by a receiving agency",""
"QCL","Crops and livestock products","212","Dominica","5510","Production","01802","Sugar cane","2018","2018","t","4868.98","I","Value imputed by a receiving agency",""
"QCL","Crops and livestock products","212","Dominica","5510","Production","01802","Sugar cane","2019","2019","t","4869.08","I","Value imputed by a receiving agency",""
"QCL","Crops and livestock products","212","Dominica","5510","Production","01802","Sugar cane","2020","2020","t","4873.07","I","Value imputed by a receiving agency",""
"QCL","Crops and livestock products","212","Dominica","5510","Production","01802","Sugar cane","2021","2021","t","4890.23","I","Value imputed by a receiving agency",""
"QCL","Crops and livestock products","212","Dominica","5510","Production","01802","Sugar cane","2022","2022","t","4894.28","I","Value imputed by a receiving agency",""
"QCL","Crops and livestock products","212","Dominica","5510","Production","01802","Sugar cane","2023","2023","t","4900.99","I","Value imputed by a receiving agency",""
"QCL","Crops and livestock products","214","Dominican Republic","5510","Production","01802","Sugar cane","2000","2000","t","4510705.98","A","Official figure",""
"QCL","Crops and livestock products","214","Dominican Republic","5510","Production","01802","Sugar cane","2001","2001","t","4830732.06","A","Official figure",""
"QCL","Crops and livestock products","214","Dominican Republic","5510","Production","01802","Sugar cane","2002","2002","t","5152499","A","Official figure",""
"QCL","Crops and livestock products","214","Dominican Republic","5510","Production","01802","Sugar cane","2003","2003","t","5019224","A","Official figure",""
"QCL","Crops and livestock products","214","Dominican Republic","5510","Production","01802","Sugar cane","2004","2004","t","5539762","A","Official figure",""
"QCL","Crops and livestock products","214","Dominican Republic","5510","Production","01802","Sugar cane","2005","2005","t","4858059","A","Official figure",""
"QCL","Crops and livestock products","214","Dominican Republic","5510","Production","01802","Sugar cane","2006","2006","t","4796548","A","Official figure",""
"QCL","Crops and livestock products","214","Dominican Republic","5510","Production","01802","Sugar cane","2007","2007","t","4964606","A","Official figure",""
"QCL","Crops and livestock products","214","Dominican Republic","5510","Production","01802","Sugar cane","2008","2008","t","4845736","A","Official figure",""
"QCL","Crops and livestock products","214","Dominican Republic","5510","Production","01802","Sugar cane","2009","2009","t","4621275","A","Official figure",""
"QCL","Crops and livestock products","214","Dominican Republic","5510","Production","01802","Sugar cane","2010","2010","t","4577122","A","Official figure",""
"QCL","Crops and livestock products","214","Dominican Republic","5510","Production","01802","Sugar cane","2011","2011","t","4644449","A","Official figure",""
"QCL","Crops and livestock products","214","Dominican Republic","5510","Production","01802","Sugar cane","2012","2012","t","4865576","A","Official figure",""
"QCL","Crops and livestock products","214","Dominican Republic","5510","Production","01802","Sugar cane","2013","2013","t","4771211","A","Official figure",""
"QCL","Crops and livestock products","214","Dominican Republic","5510","Production","01802","Sugar cane","2014","2014","t","5033601.02","A","Official figure",""
"QCL","Crops and livestock products","214","Dominican Republic","5510","Production","01802","Sugar cane","2015","2015","t","4535333","A","Official figure",""
"QCL","Crops and livestock products","214","Dominican Republic","5510","Production","01802","Sugar cane","2016","2016","t","3980684","A","Official figure",""
"QCL","Crops and livestock products","214","Dominican Republic","5510","Production","01802","Sugar cane","2017","2017","t","5460761","A","Official figure",""
"QCL","Crops and livestock products","214","Dominican Republic","5510","Production","01802","Sugar cane","2018","2018","t","5809353","A","Official figure",""
"QCL","Crops and livestock products","214","Dominican Republic","5510","Production","01802","Sugar cane","2019","2019","t","4895891","A","Official figure",""
"QCL","Crops and livestock products","214","Dominican Republic","5510","Production","01802","Sugar cane","2020","2020","t","5317273","A","Official figure",""
"QCL","Crops and livestock products","214","Dominican Republic","5510","Production","01802","Sugar cane","2021","2021","t","5505530","A","Official figure",""
"QCL","Crops and livestock products","214","Dominican Republic","5510","Production","01802","Sugar cane","2022","2022","t","5799880","A","Official figure",""
"QCL","Crops and livestock products","214","Dominican Republic","5510","Production","01802","Sugar cane","2023","2023","t","5669710.8","A","Official figure",""
"QCL","Crops and livestock products","218","Ecuador","5510","Production","01801","Sugar beet","2000","2000","t","2786","A","Official figure",""
"QCL","Crops and livestock products","218","Ecuador","5510","Production","01801","Sugar beet","2001","2001","t","2277","A","Official figure",""
"QCL","Crops and livestock products","218","Ecuador","5510","Production","01801","Sugar beet","2002","2002","t","4675","A","Official figure",""
"QCL","Crops and livestock products","218","Ecuador","5510","Production","01801","Sugar beet","2003","2003","t","4810","A","Official figure",""
"QCL","Crops and livestock products","218","Ecuador","5510","Production","01801","Sugar beet","2004","2004","t","3180","A","Official figure",""
"QCL","Crops and livestock products","218","Ecuador","5510","Production","01801","Sugar beet","2005","2005","t","3446","A","Official figure",""
"QCL","Crops and livestock products","218","Ecuador","5510","Production","01801","Sugar beet","2006","2006","t","3450","E","Estimated value",""
"QCL","Crops and livestock products","218","Ecuador","5510","Production","01801","Sugar beet","2007","2007","t","3850","E","Estimated value",""
"QCL","Crops and livestock products","218","Ecuador","5510","Production","01801","Sugar beet","2008","2008","t","3900","E","Estimated value",""
"QCL","Crops and livestock products","218","Ecuador","5510","Production","01801","Sugar beet","2009","2009","t","3900","E","Estimated value",""
"QCL","Crops and livestock products","218","Ecuador","5510","Production","01801","Sugar beet","2010","2010","t","4096.79","I","Value imputed by a receiving agency",""
"QCL","Crops and livestock products","218","Ecuador","5510","Production","01801","Sugar beet","2011","2011","t","4273.73","I","Value imputed by a receiving agency",""
"QCL","Crops and livestock products","218","Ecuador","5510","Production","01801","Sugar beet","2012","2012","t","4157.55","I","Value imputed by a receiving agency",""
"QCL","Crops and livestock products","218","Ecuador","5510","Production","01801","Sugar beet","2013","2013","t","4237.15","I","Value imputed by a receiving agency",""
"QCL","Crops and livestock products","218","Ecuador","5510","Production","01801","Sugar beet","2014","2014","t","4396.44","I","Value imputed by a receiving agency",""
"QCL","Crops and livestock products","218","Ecuador","5510","Production","01801","Sugar beet","2015","2015","t","4529.41","I","Value imputed by a receiving agency",""
"QCL","Crops and livestock products","218","Ecuador","5510","Production","01801","Sugar beet","2016","2016","t","4387.67","E","Estimated value",""
"QCL","Crops and livestock products","218","Ecuador","5510","Production","01801","Sugar beet","2017","2017","t","4620.94","I","Value imputed by a receiving agency",""
"QCL","Crops and livestock products","218","Ecuador","5510","Production","01801","Sugar beet","2018","2018","t","4736.96","I","Value imputed by a receiving agency",""
"QCL","Crops and livestock products","218","Ecuador","5510","Production","01801","Sugar beet","2019","2019","t","4581.86","E","Estimated value",""
"QCL","Crops and livestock products","218","Ecuador","5510","Production","01801","Sugar beet","2020","2020","t","4646.59","E","Estimated value",""
"QCL","Crops and livestock products","218","Ecuador","5510","Production","01801","Sugar beet","2021","2021","t","4655.14","E","Estimated value",""
"QCL","Crops and livestock products","218","Ecuador","5510","Production","01801","Sugar beet","2022","2022","t","4627.86","E","Estimated value",""
"QCL","Crops and livestock products","218","Ecuador","5510","Production","01801","Sugar beet","2023","2023","t","4643.2","E","Estimated value",""
"QCL","Crops and livestock products","218","Ecuador","5510","Production","01802","Sugar cane","2000","2000","t","5402376","A","Official figure",""
"QCL","Crops and livestock products","218","Ecuador","5510","Production","01802","Sugar cane","2001","2001","t","5653940","A","Official figure",""
"QCL","Crops and livestock products","218","Ecuador","5510","Production","01802","Sugar cane","2002","2002","t","5272647","A","Official figure",""
"QCL","Crops and livestock products","218","Ecuador","5510","Production","01802","Sugar cane","2003","2003","t","5834828","A","Official figure",""
"QCL","Crops and livestock products","218","Ecuador","5510","Production","01802","Sugar cane","2004","2004","t","6118706","A","Official figure",""
"QCL","Crops and livestock products","218","Ecuador","5510","Production","01802","Sugar cane","2005","2005","t","6834076","A","Official figure",""
"QCL","Crops and livestock products","218","Ecuador","5510","Production","01802","Sugar cane","2006","2006","t","6995613","A","Official figure",""
"QCL","Crops and livestock products","218","Ecuador","5510","Production","01802","Sugar cane","2007","2007","t","8360001","A","Official figure",""
"QCL","Crops and livestock products","218","Ecuador","5510","Production","01802","Sugar cane","2008","2008","t","9341095","A","Official figure",""
"QCL","Crops and livestock products","218","Ecuador","5510","Production","01802","Sugar cane","2009","2009","t","8473141","A","Official figure",""
"QCL","Crops and livestock products","218","Ecuador","5510","Production","01802","Sugar cane","2010","2010","t","8347182","A","Official figure",""
"QCL","Crops and livestock products","218","Ecuador","5510","Production","01802","Sugar cane","2011","2011","t","8131819","A","Official figure",""
"QCL","Crops and livestock products","218","Ecuador","5510","Production","01802","Sugar cane","2012","2012","t","7378922","A","Official figure",""
"QCL","Crops and livestock products","218","Ecuador","5510","Production","01802","Sugar cane","2013","2013","t","7158265","A","Official figure",""
"QCL","Crops and livestock products","218","Ecuador","5510","Production","01802","Sugar cane","2014","2014","t","8251305.86","A","Official figure",""
"QCL","Crops and livestock products","218","Ecuador","5510","Production","01802","Sugar cane","2015","2015","t","10106104.82","A","Official figure",""
"QCL","Crops and livestock products","218","Ecuador","5510","Production","01802","Sugar cane","2016","2016","t","8661609.27","A","Official figure",""
"QCL","Crops and livestock products","218","Ecuador","5510","Production","01802","Sugar cane","2017","2017","t","9030074","A","Official figure",""
"QCL","Crops and livestock products","218","Ecuador","5510","Production","01802","Sugar cane","2018","2018","t","7502251","A","Official figure",""
"QCL","Crops and livestock products","218","Ecuador","5510","Production","01802","Sugar cane","2019","2019","t","9257700.24","A","Official figure",""
"QCL","Crops and livestock products","218","Ecuador","5510","Production","01802","Sugar cane","2020","2020","t","11016167.04","A","Official figure",""
"QCL","Crops and livestock products","218","Ecuador","5510","Production","01802","Sugar cane","2021","2021","t","11372505.11","A","Official figure",""
"QCL","Crops and livestock products","218","Ecuador","5510","Production","01802","Sugar cane","2022","2022","t","7740492.1","A","Official figure",""
"QCL","Crops and livestock products","218","Ecuador","5510","Production","01802","Sugar cane","2023","2023","t","6253732.36","A","Official figure",""
"QCL","Crops and livestock products","818","Egypt","5510","Production","01801","Sugar beet","2000","2000","t","2890360","A","Official figure",""
"QCL","Crops and livestock products","818","Egypt","5510","Production","01801","Sugar beet","2001","2001","t","2857730","A","Official figure",""
"QCL","Crops and livestock products","818","Egypt","5510","Production","01801","Sugar beet","2002","2002","t","3168311","A","Official figure",""
"QCL","Crops and livestock products","818","Egypt","5510","Production","01801","Sugar beet","2003","2003","t","2691515","A","Official figure",""
"QCL","Crops and livestock products","818","Egypt","5510","Production","01801","Sugar beet","2004","2004","t","2860547","A","Official figure",""
"QCL","Crops and livestock products","818","Egypt","5510","Production","01801","Sugar beet","2005","2005","t","3429535","A","Official figure",""
"QCL","Crops and livestock products","818","Egypt","5510","Production","01801","Sugar beet","2006","2006","t","3904970","A","Official figure",""
"QCL","Crops and livestock products","818","Egypt","5510","Production","01801","Sugar beet","2007","2007","t","5458210","A","Official figure",""
"QCL","Crops and livestock products","818","Egypt","5510","Production","01801","Sugar beet","2008","2008","t","5132589","A","Official figure",""
"QCL","Crops and livestock products","818","Egypt","5510","Production","01801","Sugar beet","2009","2009","t","5333513","A","Official figure",""
"QCL","Crops and livestock products","818","Egypt","5510","Production","01801","Sugar beet","2010","2010","t","7840304","A","Official figure",""
"QCL","Crops and livestock products","818","Egypt","5510","Production","01801","Sugar beet","2011","2011","t","7486101","A","Official figure",""
"QCL","Crops and livestock products","818","Egypt","5510","Production","01801","Sugar beet","2012","2012","t","9126058","A","Official figure",""
"QCL","Crops and livestock products","818","Egypt","5510","Production","01801","Sugar beet","2013","2013","t","10044266","A","Official figure",""
"QCL","Crops and livestock products","818","Egypt","5510","Production","01801","Sugar beet","2014","2014","t","11045639","A","Official figure",""
"QCL","Crops and livestock products","818","Egypt","5510","Production","01801","Sugar beet","2015","2015","t","11982946","A","Official figure",""
"QCL","Crops and livestock products","818","Egypt","5510","Production","01801","Sugar beet","2016","2016","t","11209160","A","Official figure",""
"QCL","Crops and livestock products","818","Egypt","5510","Production","01801","Sugar beet","2017","2017","t","10860921","A","Official figure",""
"QCL","Crops and livestock products","818","Egypt","5510","Production","01801","Sugar beet","2018","2018","t","10377371","A","Official figure",""
"QCL","Crops and livestock products","818","Egypt","5510","Production","01801","Sugar beet","2019","2019","t","12247170","A","Official figure",""
"QCL","Crops and livestock products","818","Egypt","5510","Production","01801","Sugar beet","2020","2020","t","10284000","A","Official figure",""
"QCL","Crops and livestock products","818","Egypt","5510","Production","01801","Sugar beet","2021","2021","t","14195489","A","Official figure",""
"QCL","Crops and livestock products","818","Egypt","5510","Production","01801","Sugar beet","2022","2022","t","12534816","A","Official figure",""
"QCL","Crops and livestock products","818","Egypt","5510","Production","01801","Sugar beet","2023","2023","t","14058070","A","Official figure",""
"QCL","Crops and livestock products","818","Egypt","5510","Production","01802","Sugar cane","2000","2000","t","15705800","A","Official figure",""
"QCL","Crops and livestock products","818","Egypt","5510","Production","01802","Sugar cane","2001","2001","t","15571500","A","Official figure",""
"QCL","Crops and livestock products","818","Egypt","5510","Production","01802","Sugar cane","2002","2002","t","16016757","A","Official figure",""
"QCL","Crops and livestock products","818","Egypt","5510","Production","01802","Sugar cane","2003","2003","t","16245460","A","Official figure",""
"QCL","Crops and livestock products","818","Egypt","5510","Production","01802","Sugar cane","2004","2004","t","16230438","A","Official figure",""
"QCL","Crops and livestock products","818","Egypt","5510","Production","01802","Sugar cane","2005","2005","t","16317320","A","Official figure",""
"QCL","Crops and livestock products","818","Egypt","5510","Production","01802","Sugar cane","2006","2006","t","16656330","A","Official figure",""
"QCL","Crops and livestock products","818","Egypt","5510","Production","01802","Sugar cane","2007","2007","t","17014272","A","Official figure",""
"QCL","Crops and livestock products","818","Egypt","5510","Production","01802","Sugar cane","2008","2008","t","16470221","A","Official figure",""
"QCL","Crops and livestock products","818","Egypt","5510","Production","01802","Sugar cane","2009","2009","t","15482170","A","Official figure",""
"QCL","Crops and livestock products","818","Egypt","5510","Production","01802","Sugar cane","2010","2010","t","15708879","A","Official figure",""
"QCL","Crops and livestock products","818","Egypt","5510","Production","01802","Sugar cane","2011","2011","t","15765213","A","Official figure",""
"QCL","Crops and livestock products","818","Egypt","5510","Production","01802","Sugar cane","2012","2012","t","15550000","A","Official figure",""
"QCL","Crops and livestock products","818","Egypt","5510","Production","01802","Sugar cane","2013","2013","t","15780005","A","Official figure",""
"QCL","Crops and livestock products","818","Egypt","5510","Production","01802","Sugar cane","2014","2014","t","16055013","A","Official figure",""
"QCL","Crops and livestock products","818","Egypt","5510","Production","01802","Sugar cane","2015","2015","t","15903336","A","Official figure",""
"QCL","Crops and livestock products","818","Egypt","5510","Production","01802","Sugar cane","2016","2016","t","15557508","A","Official figure",""
"QCL","Crops and livestock products","818","Egypt","5510","Production","01802","Sugar cane","2017","2017","t","15382211","A","Official figure",""
"QCL","Crops and livestock products","818","Egypt","5510","Production","01802","Sugar cane","2018","2018","t","15823103","A","Official figure",""
"QCL","Crops and livestock products","818","Egypt","5510","Production","01802","Sugar cane","2019","2019","t","15335972","A","Official figure",""
"QCL","Crops and livestock products","818","Egypt","5510","Production","01802","Sugar cane","2020","2020","t","15860450","A","Official figure",""
"QCL","Crops and livestock products","818","Egypt","5510","Production","01802","Sugar cane","2021","2021","t","15959305","A","Official figure",""
"QCL","Crops and livestock products","818","Egypt","5510","Production","01802","Sugar cane","2022","2022","t","15564534","A","Official figure",""
"QCL","Crops and livestock products","818","Egypt","5510","Production","01802","Sugar cane","2023","2023","t","14252296","A","Official figure",""
"QCL","Crops and livestock products","222","El Salvador","5510","Production","01802","Sugar cane","2000","2000","t","5140322","A","Official figure",""
"QCL","Crops and livestock products","222","El Salvador","5510","Production","01802","Sugar cane","2001","2001","t","4877241","A","Official figure",""
"QCL","Crops and livestock products","222","El Salvador","5510","Production","01802","Sugar cane","2002","2002","t","4528167","A","Official figure",""
"QCL","Crops and livestock products","222","El Salvador","5510","Production","01802","Sugar cane","2003","2003","t","4531531","A","Official figure",""
"QCL","Crops and livestock products","222","El Salvador","5510","Production","01802","Sugar cane","2004","2004","t","5280400","A","Official figure",""
"QCL","Crops and livestock products","222","El Salvador","5510","Production","01802","Sugar cane","2005","2005","t","4404850","A","Official figure",""
"QCL","Crops and livestock products","222","El Salvador","5510","Production","01802","Sugar cane","2006","2006","t","4878039","A","Official figure",""
"QCL","Crops and livestock products","222","El Salvador","5510","Production","01802","Sugar cane","2007","2007","t","4956477","A","Official figure",""
"QCL","Crops and livestock products","222","El Salvador","5510","Production","01802","Sugar cane","2008","2008","t","5249939","A","Official figure",""
"QCL","Crops and livestock products","222","El Salvador","5510","Production","01802","Sugar cane","2009","2009","t","5736063","A","Official figure",""
"QCL","Crops and livestock products","222","El Salvador","5510","Production","01802","Sugar cane","2010","2010","t","5126693","A","Official figure",""
"QCL","Crops and livestock products","222","El Salvador","5510","Production","01802","Sugar cane","2011","2011","t","5832008","A","Official figure",""
"QCL","Crops and livestock products","222","El Salvador","5510","Production","01802","Sugar cane","2012","2012","t","6487423","A","Official figure",""
"QCL","Crops and livestock products","222","El Salvador","5510","Production","01802","Sugar cane","2013","2013","t","7162995","A","Official figure",""
"QCL","Crops and livestock products","222","El Salvador","5510","Production","01802","Sugar cane","2014","2014","t","6782795","A","Official figure",""
"QCL","Crops and livestock products","222","El Salvador","5510","Production","01802","Sugar cane","2015","2015","t","6578486","A","Official figure",""
"QCL","Crops and livestock products","222","El Salvador","5510","Production","01802","Sugar cane","2016","2016","t","7202141","A","Official figure",""
"QCL","Crops and livestock products","222","El Salvador","5510","Production","01802","Sugar cane","2017","2017","t","7078586","A","Official figure",""
"QCL","Crops and livestock products","222","El Salvador","5510","Production","01802","Sugar cane","2018","2018","t","7295505","A","Official figure",""
"QCL","Crops and livestock products","222","El Salvador","5510","Production","01802","Sugar cane","2019","2019","t","7681286","A","Official figure",""
"QCL","Crops and livestock products","222","El Salvador","5510","Production","01802","Sugar cane","2020","2020","t","7508772.96","A","Official figure",""
"QCL","Crops and livestock products","222","El Salvador","5510","Production","01802","Sugar cane","2021","2021","t","7681285.83","A","Official figure",""
"QCL","Crops and livestock products","222","El Salvador","5510","Production","01802","Sugar cane","2022","2022","t","7350297","A","Official figure",""
"QCL","Crops and livestock products","222","El Salvador","5510","Production","01802","Sugar cane","2023","2023","t","7200000","E","Estimated value",""
"QCL","Crops and livestock products","233","Estonia","5510","Production","01801","Sugar beet","2000","2000","t","","M","Missing value; data cannot exist",""
"QCL","Crops and livestock products","233","Estonia","5510","Production","01801","Sugar beet","2001","2001","t","","M","Missing value; data cannot exist",""
"QCL","Crops and livestock products","233","Estonia","5510","Production","01801","Sugar beet","2002","2002","t","","M","Missing value; data cannot exist",""
"QCL","Crops and livestock products","233","Estonia","5510","Production","01801","Sugar beet","2003","2003","t","","M","Missing value; data cannot exist",""
"QCL","Crops and livestock products","233","Estonia","5510","Production","01801","Sugar beet","2004","2004","t","","M","Missing value; data cannot exist",""
"QCL","Crops and livestock products","233","Estonia","5510","Production","01801","Sugar beet","2005","2005","t","","M","Missing value; data cannot exist",""
"QCL","Crops and livestock products","233","Estonia","5510","Production","01801","Sugar beet","2006","2006","t","","M","Missing value; data cannot exist",""
"QCL","Crops and livestock products","233","Estonia","5510","Production","01801","Sugar beet","2007","2007","t","","M","Missing value; data cannot exist",""
"QCL","Crops and livestock products","233","Estonia","5510","Production","01801","Sugar beet","2008","2008","t","","M","Missing value; data cannot exist",""
"QCL","Crops and livestock products","233","Estonia","5510","Production","01801","Sugar beet","2009","2009","t","","M","Missing value; data cannot exist",""
"QCL","Crops and livestock products","233","Estonia","5510","Production","01801","Sugar beet","2010","2010","t","","M","Missing value; data cannot exist",""
"QCL","Crops and livestock products","233","Estonia","5510","Production","01801","Sugar beet","2011","2011","t","","M","Missing value; data cannot exist",""
"QCL","Crops and livestock products","233","Estonia","5510","Production","01801","Sugar beet","2012","2012","t","","M","Missing value; data cannot exist",""
"QCL","Crops and livestock products","233","Estonia","5510","Production","01801","Sugar beet","2013","2013","t","","M","Missing value; data cannot exist",""
"QCL","Crops and livestock products","233","Estonia","5510","Production","01801","Sugar beet","2014","2014","t","","M","Missing value; data cannot exist",""
"QCL","Crops and livestock products","233","Estonia","5510","Production","01801","Sugar beet","2015","2015","t","","M","Missing value; data cannot exist",""
"QCL","Crops and livestock products","233","Estonia","5510","Production","01801","Sugar beet","2016","2016","t","","M","Missing value; data cannot exist",""
"QCL","Crops and livestock products","233","Estonia","5510","Production","01801","Sugar beet","2017","2017","t","","M","Missing value; data cannot exist",""
"QCL","Crops and livestock products","233","Estonia","5510","Production","01801","Sugar beet","2018","2018","t","0","A","Official figure",""
"QCL","Crops and livestock products","233","Estonia","5510","Production","01801","Sugar beet","2019","2019","t","0","A","Official figure",""
"QCL","Crops and livestock products","233","Estonia","5510","Production","01801","Sugar beet","2020","2020","t","0","A","Official figure",""
"QCL","Crops and livestock products","233","Estonia","5510","Production","01801","Sugar beet","2021","2021","t","0","A","Official figure",""
"QCL","Crops and livestock products","233","Estonia","5510","Production","01801","Sugar beet","2022","2022","t","0","A","Official figure",""
"QCL","Crops and livestock products","233","Estonia","5510","Production","01801","Sugar beet","2023","2023","t","0","A","Official figure",""
"QCL","Crops and livestock products","748","Eswatini","5510","Production","01802","Sugar cane","2000","2000","t","3884600","A","Official figure",""
"QCL","Crops and livestock products","748","Eswatini","5510","Production","01802","Sugar cane","2001","2001","t","4000000","E","Estimated value",""
"QCL","Crops and livestock products","748","Eswatini","5510","Production","01802","Sugar cane","2002","2002","t","4600000","E","Estimated value",""
"QCL","Crops and livestock products","748","Eswatini","5510","Production","01802","Sugar cane","2003","2003","t","4600000","E","Estimated value",""
"QCL","Crops and livestock products","748","Eswatini","5510","Production","01802","Sugar cane","2004","2004","t","4800000","E","Estimated value",""
"QCL","Crops and livestock products","748","Eswatini","5510","Production","01802","Sugar cane","2005","2005","t","5200000","A","Official figure",""
"QCL","Crops and livestock products","748","Eswatini","5510","Production","01802","Sugar cane","2006","2006","t","5000000","A","Official figure",""
"QCL","Crops and livestock products","748","Eswatini","5510","Production","01802","Sugar cane","2007","2007","t","5000000","E","Estimated value",""
"QCL","Crops and livestock products","748","Eswatini","5510","Production","01802","Sugar cane","2008","2008","t","5000000","E","Estimated value",""
"QCL","Crops and livestock products","748","Eswatini","5510","Production","01802","Sugar cane","2009","2009","t","5000000","E","Estimated value",""
"QCL","Crops and livestock products","748","Eswatini","5510","Production","01802","Sugar cane","2010","2010","t","5109864.01","I","Value imputed by a receiving agency",""
"QCL","Crops and livestock products","748","Eswatini","5510","Production","01802","Sugar cane","2011","2011","t","5288411.49","I","Value imputed by a receiving agency",""
"QCL","Crops and livestock products","748","Eswatini","5510","Production","01802","Sugar cane","2012","2012","t","5363066.22","I","Value imputed by a receiving agency",""
"QCL","Crops and livestock products","748","Eswatini","5510","Production","01802","Sugar cane","2013","2013","t","5437918.62","I","Value imputed by a receiving agency",""
"QCL","Crops and livestock products","748","Eswatini","5510","Production","01802","Sugar cane","2014","2014","t","5441921.55","I","Value imputed by a receiving agency",""
"QCL","Crops and livestock products","748","Eswatini","5510","Production","01802","Sugar cane","2015","2015","t","5516091.41","I","Value imputed by a receiving agency",""
"QCL","Crops and livestock products","748","Eswatini","5510","Production","01802","Sugar cane","2016","2016","t","5563925.68","I","Value imputed by a receiving agency",""
"QCL","Crops and livestock products","748","Eswatini","5510","Production","01802","Sugar cane","2017","2017","t","5614122.44","I","Value imputed by a receiving agency",""
"QCL","Crops and livestock products","748","Eswatini","5510","Production","01802","Sugar cane","2018","2018","t","5691560.97","I","Value imputed by a receiving agency",""
"QCL","Crops and livestock products","748","Eswatini","5510","Production","01802","Sugar cane","2019","2019","t","5690255","X","Figure from external organization","Unofficial figure"
"QCL","Crops and livestock products","748","Eswatini","5510","Production","01802","Sugar cane","2020","2020","t","5759016","X","Figure from external organization","Unofficial figure"
"QCL","Crops and livestock products","748","Eswatini","5510","Production","01802","Sugar cane","2021","2021","t","5266602","X","Figure from external organization","Unofficial figure"
"QCL","Crops and livestock products","748","Eswatini","5510","Production","01802","Sugar cane","2022","2022","t","5539396","X","Figure from external organization","Unofficial figure"
"QCL","Crops and livestock products","748","Eswatini","5510","Production","01802","Sugar cane","2023","2023","t","5220000","X","Figure from external organization","Unofficial figure"
"QCL","Crops and livestock products","231","Ethiopia","5510","Production","01802","Sugar cane","2000","2000","t","2176570","A","Official figure",""
"QCL","Crops and livestock products","231","Ethiopia","5510","Production","01802","Sugar cane","2001","2001","t","2232120","A","Official figure",""
"QCL","Crops and livestock products","231","Ethiopia","5510","Production","01802","Sugar cane","2002","2002","t","2232228","A","Official figure",""
"QCL","Crops and livestock products","231","Ethiopia","5510","Production","01802","Sugar cane","2003","2003","t","2400000","E","Estimated value",""
"QCL","Crops and livestock products","231","Ethiopia","5510","Production","01802","Sugar cane","2004","2004","t","2454276","A","Official figure",""
"QCL","Crops and livestock products","231","Ethiopia","5510","Production","01802","Sugar cane","2005","2005","t","2650000","E","Estimated value",""
"QCL","Crops and livestock products","231","Ethiopia","5510","Production","01802","Sugar cane","2006","2006","t","2750000","E","Estimated value",""
"QCL","Crops and livestock products","231","Ethiopia","5510","Production","01802","Sugar cane","2007","2007","t","1851890.08","A","Official figure",""
"QCL","Crops and livestock products","231","Ethiopia","5510","Production","01802","Sugar cane","2008","2008","t","457055.44","A","Official figure",""
"QCL","Crops and livestock products","231","Ethiopia","5510","Production","01802","Sugar cane","2009","2009","t","615776.03","A","Official figure",""
"QCL","Crops and livestock products","231","Ethiopia","5510","Production","01802","Sugar cane","2010","2010","t","892637.27","A","Official figure",""
"QCL","Crops and livestock products","231","Ethiopia","5510","Production","01802","Sugar cane","2011","2011","t","842267.59","A","Official figure",""
"QCL","Crops and livestock products","231","Ethiopia","5510","Production","01802","Sugar cane","2012","2012","t","512120.85","A","Official figure",""
"QCL","Crops and livestock products","231","Ethiopia","5510","Production","01802","Sugar cane","2013","2013","t","1401088.84","A","Official figure",""
"QCL","Crops and livestock products","231","Ethiopia","5510","Production","01802","Sugar cane","2014","2014","t","1556941.66","A","Official figure",""
"QCL","Crops and livestock products","231","Ethiopia","5510","Production","01802","Sugar cane","2015","2015","t","1376981.35","A","Official figure",""
"QCL","Crops and livestock products","231","Ethiopia","5510","Production","01802","Sugar cane","2016","2016","t","1407680.04","A","Official figure",""
"QCL","Crops and livestock products","231","Ethiopia","5510","Production","01802","Sugar cane","2017","2017","t","1136019.85","A","Official figure",""
"QCL","Crops and livestock products","231","Ethiopia","5510","Production","01802","Sugar cane","2018","2018","t","1294081.05","A","Official figure",""
"QCL","Crops and livestock products","231","Ethiopia","5510","Production","01802","Sugar cane","2019","2019","t","1499134.42","A","Official figure",""
"QCL","Crops and livestock products","231","Ethiopia","5510","Production","01802","Sugar cane","2020","2020","t","1345431.09","A","Official figure",""
"QCL","Crops and livestock products","231","Ethiopia","5510","Production","01802","Sugar cane","2021","2021","t","1092231.89","I","Value imputed by a receiving agency",""
"QCL","Crops and livestock products","231","Ethiopia","5510","Production","01802","Sugar cane","2022","2022","t","815326.91","A","Official figure",""
"QCL","Crops and livestock products","231","Ethiopia","5510","Production","01802","Sugar cane","2023","2023","t","1084329.96","E","Estimated value",""
"QCL","Crops and livestock products","242","Fiji","5510","Production","01802","Sugar cane","2000","2000","t","3598000","A","Official figure",""
"QCL","Crops and livestock products","242","Fiji","5510","Production","01802","Sugar cane","2001","2001","t","3077000","A","Official figure",""
"QCL","Crops and livestock products","242","Fiji","5510","Production","01802","Sugar cane","2002","2002","t","3216000","A","Official figure",""
"QCL","Crops and livestock products","242","Fiji","5510","Production","01802","Sugar cane","2003","2003","t","2817000","A","Official figure",""
"QCL","Crops and livestock products","242","Fiji","5510","Production","01802","Sugar cane","2004","2004","t","2971000","A","Official figure",""
"QCL","Crops and livestock products","242","Fiji","5510","Production","01802","Sugar cane","2005","2005","t","2826000","A","Official figure",""
"QCL","Crops and livestock products","242","Fiji","5510","Production","01802","Sugar cane","2006","2006","t","3192000","A","Official figure",""
"QCL","Crops and livestock products","242","Fiji","5510","Production","01802","Sugar cane","2007","2007","t","2513000","A","Official figure",""
"QCL","Crops and livestock products","242","Fiji","5510","Production","01802","Sugar cane","2008","2008","t","2322000","A","Official figure",""
"QCL","Crops and livestock products","242","Fiji","5510","Production","01802","Sugar cane","2009","2009","t","2089000","A","Official figure",""
"QCL","Crops and livestock products","242","Fiji","5510","Production","01802","Sugar cane","2010","2010","t","1751000","A","Official figure",""
"QCL","Crops and livestock products","242","Fiji","5510","Production","01802","Sugar cane","2011","2011","t","2115000","A","Official figure",""
"QCL","Crops and livestock products","242","Fiji","5510","Production","01802","Sugar cane","2012","2012","t","1546000","A","Official figure",""
"QCL","Crops and livestock products","242","Fiji","5510","Production","01802","Sugar cane","2013","2013","t","1610000","A","Official figure",""
"QCL","Crops and livestock products","242","Fiji","5510","Production","01802","Sugar cane","2014","2014","t","1832000","A","Official figure",""
"QCL","Crops and livestock products","242","Fiji","5510","Production","01802","Sugar cane","2015","2015","t","1845000","A","Official figure",""
"QCL","Crops and livestock products","242","Fiji","5510","Production","01802","Sugar cane","2016","2016","t","1387000","A","Official figure",""
"QCL","Crops and livestock products","242","Fiji","5510","Production","01802","Sugar cane","2017","2017","t","1631000","A","Official figure",""
"QCL","Crops and livestock products","242","Fiji","5510","Production","01802","Sugar cane","2018","2018","t","1697000","A","Official figure",""
"QCL","Crops and livestock products","242","Fiji","5510","Production","01802","Sugar cane","2019","2019","t","1806000","A","Official figure",""
"QCL","Crops and livestock products","242","Fiji","5510","Production","01802","Sugar cane","2020","2020","t","1726000","A","Official figure",""
"QCL","Crops and livestock products","242","Fiji","5510","Production","01802","Sugar cane","2021","2021","t","1417000","A","Official figure",""
"QCL","Crops and livestock products","242","Fiji","5510","Production","01802","Sugar cane","2022","2022","t","1639000","A","Official figure",""
"QCL","Crops and livestock products","242","Fiji","5510","Production","01802","Sugar cane","2023","2023","t","1565564","A","Official figure",""
"QCL","Crops and livestock products","246","Finland","5510","Production","01801","Sugar beet","2000","2000","t","1046000","A","Official figure",""
"QCL","Crops and livestock products","246","Finland","5510","Production","01801","Sugar beet","2001","2001","t","1105200","A","Official figure",""
"QCL","Crops and livestock products","246","Finland","5510","Production","01801","Sugar beet","2002","2002","t","1066300","A","Official figure",""
"QCL","Crops and livestock products","246","Finland","5510","Production","01801","Sugar beet","2003","2003","t","892300","A","Official figure",""
"QCL","Crops and livestock products","246","Finland","5510","Production","01801","Sugar beet","2004","2004","t","1063500","A","Official figure",""
"QCL","Crops and livestock products","246","Finland","5510","Production","01801","Sugar beet","2005","2005","t","1181300","A","Official figure",""
"QCL","Crops and livestock products","246","Finland","5510","Production","01801","Sugar beet","2006","2006","t","952000","A","Official figure",""
"QCL","Crops and livestock products","246","Finland","5510","Production","01801","Sugar beet","2007","2007","t","673100","A","Official figure",""
"QCL","Crops and livestock products","246","Finland","5510","Production","01801","Sugar beet","2008","2008","t","468000","A","Official figure",""
"QCL","Crops and livestock products","246","Finland","5510","Production","01801","Sugar beet","2009","2009","t","559000","A","Official figure",""
"QCL","Crops and livestock products","246","Finland","5510","Production","01801","Sugar beet","2010","2010","t","542100","A","Official figure",""
"QCL","Crops and livestock products","246","Finland","5510","Production","01801","Sugar beet","2011","2011","t","675700","A","Official figure",""
"QCL","Crops and livestock products","246","Finland","5510","Production","01801","Sugar beet","2012","2012","t","398700","A","Official figure",""
"QCL","Crops and livestock products","246","Finland","5510","Production","01801","Sugar beet","2013","2013","t","480400","A","Official figure",""
"QCL","Crops and livestock products","246","Finland","5510","Production","01801","Sugar beet","2014","2014","t","626300","A","Official figure",""
"QCL","Crops and livestock products","246","Finland","5510","Production","01801","Sugar beet","2015","2015","t","406500","A","Official figure",""
"QCL","Crops and livestock products","246","Finland","5510","Production","01801","Sugar beet","2016","2016","t","433600","A","Official figure",""
"QCL","Crops and livestock products","246","Finland","5510","Production","01801","Sugar beet","2017","2017","t","430300","A","Official figure",""
"QCL","Crops and livestock products","246","Finland","5510","Production","01801","Sugar beet","2018","2018","t","355400","A","Official figure",""
"QCL","Crops and livestock products","246","Finland","5510","Production","01801","Sugar beet","2019","2019","t","501400","A","Official figure",""
"QCL","Crops and livestock products","246","Finland","5510","Production","01801","Sugar beet","2020","2020","t","421500","A","Official figure",""
"QCL","Crops and livestock products","246","Finland","5510","Production","01801","Sugar beet","2021","2021","t","402960","A","Official figure",""
"QCL","Crops and livestock products","246","Finland","5510","Production","01801","Sugar beet","2022","2022","t","380200","A","Official figure",""
"QCL","Crops and livestock products","246","Finland","5510","Production","01801","Sugar beet","2023","2023","t","420900","A","Official figure",""
"QCL","Crops and livestock products","250","France","5510","Production","01801","Sugar beet","2000","2000","t","31120959.1","A","Official figure",""
"QCL","Crops and livestock products","250","France","5510","Production","01801","Sugar beet","2001","2001","t","26847120.7","A","Official figure",""
"QCL","Crops and livestock products","250","France","5510","Production","01801","Sugar beet","2002","2002","t","33463754.9","A","Official figure",""
"QCL","Crops and livestock products","250","France","5510","Production","01801","Sugar beet","2003","2003","t","29329540.6","A","Official figure",""
"QCL","Crops and livestock products","250","France","5510","Production","01801","Sugar beet","2004","2004","t","30788266","A","Official figure",""
"QCL","Crops and livestock products","250","France","5510","Production","01801","Sugar beet","2005","2005","t","31149552","A","Official figure",""
"QCL","Crops and livestock products","250","France","5510","Production","01801","Sugar beet","2006","2006","t","29871448.5","A","Official figure",""
"QCL","Crops and livestock products","250","France","5510","Production","01801","Sugar beet","2007","2007","t","33229782.1","A","Official figure",""
"QCL","Crops and livestock products","250","France","5510","Production","01801","Sugar beet","2008","2008","t","30321172","A","Official figure",""
"QCL","Crops and livestock products","250","France","5510","Production","01801","Sugar beet","2009","2009","t","35160333.3","A","Official figure",""
"QCL","Crops and livestock products","250","France","5510","Production","01801","Sugar beet","2010","2010","t","31874920.2","A","Official figure",""
"QCL","Crops and livestock products","250","France","5510","Production","01801","Sugar beet","2011","2011","t","37944863.9","A","Official figure",""
"QCL","Crops and livestock products","250","France","5510","Production","01801","Sugar beet","2012","2012","t","33077399.4","A","Official figure",""
"QCL","Crops and livestock products","250","France","5510","Production","01801","Sugar beet","2013","2013","t","33630536","A","Official figure",""
"QCL","Crops and livestock products","250","France","5510","Production","01801","Sugar beet","2014","2014","t","37844567","A","Official figure",""
"QCL","Crops and livestock products","250","France","5510","Production","01801","Sugar beet","2015","2015","t","33507670","A","Official figure",""
"QCL","Crops and livestock products","250","France","5510","Production","01801","Sugar beet","2016","2016","t","34573877","A","Official figure",""
"QCL","Crops and livestock products","250","France","5510","Production","01801","Sugar beet","2017","2017","t","46300141","A","Official figure",""
"QCL","Crops and livestock products","250","France","5510","Production","01801","Sugar beet","2018","2018","t","39914030","A","Official figure",""
"QCL","Crops and livestock products","250","France","5510","Production","01801","Sugar beet","2019","2019","t","38024390","A","Official figure",""
"QCL","Crops and livestock products","250","France","5510","Production","01801","Sugar beet","2020","2020","t","26163360","A","Official figure",""
"QCL","Crops and livestock products","250","France","5510","Production","01801","Sugar beet","2021","2021","t","34365390","A","Official figure",""
"QCL","Crops and livestock products","250","France","5510","Production","01801","Sugar beet","2022","2022","t","31496750","A","Official figure",""
"QCL","Crops and livestock products","250","France","5510","Production","01801","Sugar beet","2023","2023","t","30580680","A","Official figure",""
"QCL","Crops and livestock products","254","French Guiana","5510","Production","01802","Sugar cane","2000","2000","t","6200","E","Estimated value",""
"QCL","Crops and livestock products","254","French Guiana","5510","Production","01802","Sugar cane","2001","2001","t","5300","E","Estimated value",""
"QCL","Crops and livestock products","254","French Guiana","5510","Production","01802","Sugar cane","2002","2002","t","5350","E","Estimated value",""
"QCL","Crops and livestock products","254","French Guiana","5510","Production","01802","Sugar cane","2003","2003","t","6100","E","Estimated value",""
"QCL","Crops and livestock products","254","French Guiana","5510","Production","01802","Sugar cane","2004","2004","t","5350","E","Estimated value",""
"QCL","Crops and livestock products","254","French Guiana","5510","Production","01802","Sugar cane","2005","2005","t","5350","E","Estimated value",""
"QCL","Crops and livestock products","254","French Guiana","5510","Production","01802","Sugar cane","2006","2006","t","6967","A","Official figure",""
"QCL","Crops and livestock products","258","French Polynesia","5510","Production","01802","Sugar cane","2000","2000","t","3200","E","Estimated value",""
"QCL","Crops and livestock products","258","French Polynesia","5510","Production","01802","Sugar cane","2001","2001","t","3000","E","Estimated value",""
"QCL","Crops and livestock products","258","French Polynesia","5510","Production","01802","Sugar cane","2002","2002","t","3000","E","Estimated value",""
"QCL","Crops and livestock products","258","French Polynesia","5510","Production","01802","Sugar cane","2003","2003","t","3100","E","Estimated value",""
"QCL","Crops and livestock products","258","French Polynesia","5510","Production","01802","Sugar cane","2004","2004","t","3000","E","Estimated value",""
"QCL","Crops and livestock products","258","French Polynesia","5510","Production","01802","Sugar cane","2005","2005","t","3000","E","Estimated value",""
"QCL","Crops and livestock products","258","French Polynesia","5510","Production","01802","Sugar cane","2006","2006","t","3000","E","Estimated value",""
"QCL","Crops and livestock products","258","French Polynesia","5510","Production","01802","Sugar cane","2007","2007","t","3000","E","Estimated value",""
"QCL","Crops and livestock products","258","French Polynesia","5510","Production","01802","Sugar cane","2008","2008","t","3000","E","Estimated value",""
"QCL","Crops and livestock products","258","French Polynesia","5510","Production","01802","Sugar cane","2009","2009","t","3000","E","Estimated value",""
"QCL","Crops and livestock products","258","French Polynesia","5510","Production","01802","Sugar cane","2010","2010","t","3000","E","Estimated value",""
"QCL","Crops and livestock products","258","French Polynesia","5510","Production","01802","Sugar cane","2011","2011","t","3000","E","Estimated value",""
"QCL","Crops and livestock products","258","French Polynesia","5510","Production","01802","Sugar cane","2012","2012","t","3500","E","Estimated value",""
"QCL","Crops and livestock products","258","French Polynesia","5510","Production","01802","Sugar cane","2013","2013","t","3500","E","Estimated value",""
"QCL","Crops and livestock products","258","French Polynesia","5510","Production","01802","Sugar cane","2014","2014","t","3500","E","Estimated value",""
"QCL","Crops and livestock products","258","French Polynesia","5510","Production","01802","Sugar cane","2015","2015","t","3452.32","I","Value imputed by a receiving agency",""
"QCL","Crops and livestock products","258","French Polynesia","5510","Production","01802","Sugar cane","2016","2016","t","3425.04","I","Value imputed by a receiving agency",""
"QCL","Crops and livestock products","258","French Polynesia","5510","Production","01802","Sugar cane","2017","2017","t","3424.55","I","Value imputed by a receiving agency",""
"QCL","Crops and livestock products","258","French Polynesia","5510","Production","01802","Sugar cane","2018","2018","t","3437.62","I","Value imputed by a receiving agency",""
"QCL","Crops and livestock products","258","French Polynesia","5510","Production","01802","Sugar cane","2019","2019","t","3459.94","I","Value imputed by a receiving agency",""
"QCL","Crops and livestock products","258","French Polynesia","5510","Production","01802","Sugar cane","2020","2020","t","3493.26","I","Value imputed by a receiving agency",""
"QCL","Crops and livestock products","258","French Polynesia","5510","Production","01802","Sugar cane","2021","2021","t","3516.88","I","Value imputed by a receiving agency",""
"QCL","Crops and livestock products","258","French Polynesia","5510","Production","01802","Sugar cane","2022","2022","t","3535.18","I","Value imputed by a receiving agency",""
"QCL","Crops and livestock products","258","French Polynesia","5510","Production","01802","Sugar cane","2023","2023","t","3553.49","I","Value imputed by a receiving agency",""
"QCL","Crops and livestock products","266","Gabon","5510","Production","01802","Sugar cane","2000","2000","t","236475","A","Official figure",""
"QCL","Crops and livestock products","266","Gabon","5510","Production","01802","Sugar cane","2001","2001","t","235000","E","Estimated value",""
"QCL","Crops and livestock products","266","Gabon","5510","Production","01802","Sugar cane","2002","2002","t","235000","E","Estimated value",""
"QCL","Crops and livestock products","266","Gabon","5510","Production","01802","Sugar cane","2003","2003","t","190000","E","Estimated value",""
"QCL","Crops and livestock products","266","Gabon","5510","Production","01802","Sugar cane","2004","2004","t","190000","E","Estimated value",""
"QCL","Crops and livestock products","266","Gabon","5510","Production","01802","Sugar cane","2005","2005","t","210000","E","Estimated value",""
"QCL","Crops and livestock products","266","Gabon","5510","Production","01802","Sugar cane","2006","2006","t","215000","E","Estimated value",""
"QCL","Crops and livestock products","266","Gabon","5510","Production","01802","Sugar cane","2007","2007","t","220000","E","Estimated value",""
"QCL","Crops and livestock products","266","Gabon","5510","Production","01802","Sugar cane","2008","2008","t","220000","E","Estimated value",""
"QCL","Crops and livestock products","266","Gabon","5510","Production","01802","Sugar cane","2009","2009","t","240000","E","Estimated value",""
"QCL","Crops and livestock products","266","Gabon","5510","Production","01802","Sugar cane","2010","2010","t","247277.11","I","Value imputed by a receiving agency",""
"QCL","Crops and livestock products","266","Gabon","5510","Production","01802","Sugar cane","2011","2011","t","272753.55","I","Value imputed by a receiving agency",""
"QCL","Crops and livestock products","266","Gabon","5510","Production","01802","Sugar cane","2012","2012","t","272714.21","I","Value imputed by a receiving agency",""
"QCL","Crops and livestock products","266","Gabon","5510","Production","01802","Sugar cane","2013","2013","t","292191.34","I","Value imputed by a receiving agency",""
"QCL","Crops and livestock products","266","Gabon","5510","Production","01802","Sugar cane","2014","2014","t","281646.91","I","Value imputed by a receiving agency",""
"QCL","Crops and livestock products","266","Gabon","5510","Production","01802","Sugar cane","2015","2015","t","278236.43","I","Value imputed by a receiving agency",""
"QCL","Crops and livestock products","266","Gabon","5510","Production","01802","Sugar cane","2016","2016","t","279914.6","I","Value imputed by a receiving agency",""
"QCL","Crops and livestock products","266","Gabon","5510","Production","01802","Sugar cane","2017","2017","t","286452.94","I","Value imputed by a receiving agency",""
"QCL","Crops and livestock products","266","Gabon","5510","Production","01802","Sugar cane","2018","2018","t","290504.15","I","Value imputed by a receiving agency",""
"QCL","Crops and livestock products","266","Gabon","5510","Production","01802","Sugar cane","2019","2019","t","282442.26","I","Value imputed by a receiving agency",""
"QCL","Crops and livestock products","266","Gabon","5510","Production","01802","Sugar cane","2020","2020","t","272735.96","I","Value imputed by a receiving agency",""
"QCL","Crops and livestock products","266","Gabon","5510","Production","01802","Sugar cane","2021","2021","t","264099.88","I","Value imputed by a receiving agency",""
"QCL","Crops and livestock products","266","Gabon","5510","Production","01802","Sugar cane","2022","2022","t","223500","E","Estimated value",""
"QCL","Crops and livestock products","266","Gabon","5510","Production","01802","Sugar cane","2023","2023","t","251867.04","I","Value imputed by a receiving agency",""
"QCL","Crops and livestock products","268","Georgia","5510","Production","01801","Sugar beet","2000","2000","t","300","E","Estimated value",""
"QCL","Crops and livestock products","268","Georgia","5510","Production","01801","Sugar beet","2001","2001","t","352","A","Official figure",""
"QCL","Crops and livestock products","268","Georgia","5510","Production","01801","Sugar beet","2002","2002","t","300","E","Estimated value",""
"QCL","Crops and livestock products","268","Georgia","5510","Production","01801","Sugar beet","2003","2003","t","150","A","Official figure",""
"QCL","Crops and livestock products","268","Georgia","5510","Production","01801","Sugar beet","2004","2004","t","0","A","Official figure",""
"QCL","Crops and livestock products","268","Georgia","5510","Production","01801","Sugar beet","2005","2005","t","0","A","Official figure",""
"QCL","Crops and livestock products","268","Georgia","5510","Production","01801","Sugar beet","2006","2006","t","0","E","Estimated value",""
"QCL","Crops and livestock products","268","Georgia","5510","Production","01801","Sugar beet","2007","2007","t","0","E","Estimated value",""
"QCL","Crops and livestock products","268","Georgia","5510","Production","01801","Sugar beet","2008","2008","t","","M","Missing value; data cannot exist",""
"QCL","Crops and livestock products","268","Georgia","5510","Production","01801","Sugar beet","2009","2009","t","","M","Missing value; data cannot exist",""
"QCL","Crops and livestock products","268","Georgia","5510","Production","01801","Sugar beet","2010","2010","t","","M","Missing value; data cannot exist",""
"QCL","Crops and livestock products","268","Georgia","5510","Production","01801","Sugar beet","2011","2011","t","","M","Missing value; data cannot exist",""
"QCL","Crops and livestock products","268","Georgia","5510","Production","01801","Sugar beet","2012","2012","t","","M","Missing value; data cannot exist",""
"QCL","Crops and livestock products","268","Georgia","5510","Production","01801","Sugar beet","2013","2013","t","","M","Missing value; data cannot exist",""
"QCL","Crops and livestock products","268","Georgia","5510","Production","01801","Sugar beet","2014","2014","t","","M","Missing value; data cannot exist",""
"QCL","Crops and livestock products","268","Georgia","5510","Production","01801","Sugar beet","2015","2015","t","","M","Missing value; data cannot exist",""
"QCL","Crops and livestock products","268","Georgia","5510","Production","01801","Sugar beet","2016","2016","t","","M","Missing value; data cannot exist",""
"QCL","Crops and livestock products","268","Georgia","5510","Production","01801","Sugar beet","2017","2017","t","","M","Missing value; data cannot exist",""
"QCL","Crops and livestock products","268","Georgia","5510","Production","01801","Sugar beet","2018","2018","t","","M","Missing value; data cannot exist",""
"QCL","Crops and livestock products","268","Georgia","5510","Production","01801","Sugar beet","2019","2019","t","","M","Missing value; data cannot exist",""
"QCL","Crops and livestock products","268","Georgia","5510","Production","01801","Sugar beet","2020","2020","t","","M","Missing value; data cannot exist",""
"QCL","Crops and livestock products","268","Georgia","5510","Production","01801","Sugar beet","2021","2021","t","","M","Missing value; data cannot exist",""
"QCL","Crops and livestock products","268","Georgia","5510","Production","01801","Sugar beet","2022","2022","t","","M","Missing value; data cannot exist",""
"QCL","Crops and livestock products","268","Georgia","5510","Production","01801","Sugar beet","2023","2023","t","","M","Missing value; data cannot exist",""
"QCL","Crops and livestock products","276","Germany","5510","Production","01801","Sugar beet","2000","2000","t","27870100","A","Official figure",""
"QCL","Crops and livestock products","276","Germany","5510","Production","01801","Sugar beet","2001","2001","t","24729921","A","Official figure",""
"QCL","Crops and livestock products","276","Germany","5510","Production","01801","Sugar beet","2002","2002","t","26794334","A","Official figure",""
"QCL","Crops and livestock products","276","Germany","5510","Production","01801","Sugar beet","2003","2003","t","23715735","A","Official figure",""
"QCL","Crops and livestock products","276","Germany","5510","Production","01801","Sugar beet","2004","2004","t","27158966","A","Official figure",""
"QCL","Crops and livestock products","276","Germany","5510","Production","01801","Sugar beet","2005","2005","t","25284700","A","Official figure",""
"QCL","Crops and livestock products","276","Germany","5510","Production","01801","Sugar beet","2006","2006","t","20646600","A","Official figure",""
"QCL","Crops and livestock products","276","Germany","5510","Production","01801","Sugar beet","2007","2007","t","25139137","A","Official figure",""
"QCL","Crops and livestock products","276","Germany","5510","Production","01801","Sugar beet","2008","2008","t","23002600","A","Official figure",""
"QCL","Crops and livestock products","276","Germany","5510","Production","01801","Sugar beet","2009","2009","t","25919041","A","Official figure",""
"QCL","Crops and livestock products","276","Germany","5510","Production","01801","Sugar beet","2010","2010","t","23431929","A","Official figure",""
"QCL","Crops and livestock products","276","Germany","5510","Production","01801","Sugar beet","2011","2011","t","29577500","A","Official figure",""
"QCL","Crops and livestock products","276","Germany","5510","Production","01801","Sugar beet","2012","2012","t","27686800","A","Official figure",""
"QCL","Crops and livestock products","276","Germany","5510","Production","01801","Sugar beet","2013","2013","t","22828700","A","Official figure",""
"QCL","Crops and livestock products","276","Germany","5510","Production","01801","Sugar beet","2014","2014","t","29748100","A","Official figure",""
"QCL","Crops and livestock products","276","Germany","5510","Production","01801","Sugar beet","2015","2015","t","22572000","A","Official figure",""
"QCL","Crops and livestock products","276","Germany","5510","Production","01801","Sugar beet","2016","2016","t","27065500","A","Official figure",""
"QCL","Crops and livestock products","276","Germany","5510","Production","01801","Sugar beet","2017","2017","t","34059900","A","Official figure",""
"QCL","Crops and livestock products","276","Germany","5510","Production","01801","Sugar beet","2018","2018","t","26191400","A","Official figure",""
"QCL","Crops and livestock products","276","Germany","5510","Production","01801","Sugar beet","2019","2019","t","29728300","A","Official figure",""
"QCL","Crops and livestock products","276","Germany","5510","Production","01801","Sugar beet","2020","2020","t","28618100","A","Official figure",""
"QCL","Crops and livestock products","276","Germany","5510","Production","01801","Sugar beet","2021","2021","t","31945400","A","Official figure",""
"QCL","Crops and livestock products","276","Germany","5510","Production","01801","Sugar beet","2022","2022","t","28201400","A","Official figure",""
"QCL","Crops and livestock products","276","Germany","5510","Production","01801","Sugar beet","2023","2023","t","31558200","A","Official figure",""
"QCL","Crops and livestock products","288","Ghana","5510","Production","01802","Sugar cane","2000","2000","t","140000","E","Estimated value",""
"QCL","Crops and livestock products","288","Ghana","5510","Production","01802","Sugar cane","2001","2001","t","140000","E","Estimated value",""
"QCL","Crops and livestock products","288","Ghana","5510","Production","01802","Sugar cane","2002","2002","t","140000","E","Estimated value",""
"QCL","Crops and livestock products","288","Ghana","5510","Production","01802","Sugar cane","2003","2003","t","140000","E","Estimated value",""
"QCL","Crops and livestock products","288","Ghana","5510","Production","01802","Sugar cane","2004","2004","t","140000","E","Estimated value",""
"QCL","Crops and livestock products","288","Ghana","5510","Production","01802","Sugar cane","2005","2005","t","140000","E","Estimated value",""
"QCL","Crops and livestock products","288","Ghana","5510","Production","01802","Sugar cane","2006","2006","t","140000","E","Estimated value",""
"QCL","Crops and livestock products","288","Ghana","5510","Production","01802","Sugar cane","2007","2007","t","145000","E","Estimated value",""
"QCL","Crops and livestock products","288","Ghana","5510","Production","01802","Sugar cane","2008","2008","t","145000","E","Estimated value",""
"QCL","Crops and livestock products","288","Ghana","5510","Production","01802","Sugar cane","2009","2009","t","145000","E","Estimated value",""
"QCL","Crops and livestock products","288","Ghana","5510","Production","01802","Sugar cane","2010","2010","t","145000","E","Estimated value",""
"QCL","Crops and livestock products","288","Ghana","5510","Production","01802","Sugar cane","2011","2011","t","145000","E","Estimated value",""
"QCL","Crops and livestock products","288","Ghana","5510","Production","01802","Sugar cane","2012","2012","t","148000","E","Estimated value",""
"QCL","Crops and livestock products","288","Ghana","5510","Production","01802","Sugar cane","2013","2013","t","150000","E","Estimated value",""
"QCL","Crops and livestock products","288","Ghana","5510","Production","01802","Sugar cane","2014","2014","t","149000","E","Estimated value",""
"QCL","Crops and livestock products","288","Ghana","5510","Production","01802","Sugar cane","2015","2015","t","149595.84","I","Value imputed by a receiving agency",""
"QCL","Crops and livestock products","288","Ghana","5510","Production","01802","Sugar cane","2016","2016","t","150620.66","I","Value imputed by a receiving agency",""
"QCL","Crops and livestock products","288","Ghana","5510","Production","01802","Sugar cane","2017","2017","t","151605.17","I","Value imputed by a receiving agency",""
"QCL","Crops and livestock products","288","Ghana","5510","Production","01802","Sugar cane","2018","2018","t","152724.32","I","Value imputed by a receiving agency",""
"QCL","Crops and livestock products","288","Ghana","5510","Production","01802","Sugar cane","2019","2019","t","153812.97","I","Value imputed by a receiving agency",""
"QCL","Crops and livestock products","288","Ghana","5510","Production","01802","Sugar cane","2020","2020","t","154675.26","I","Value imputed by a receiving agency",""
"QCL","Crops and livestock products","288","Ghana","5510","Production","01802","Sugar cane","2021","2021","t","155610.71","I","Value imputed by a receiving agency",""
"QCL","Crops and livestock products","288","Ghana","5510","Production","01802","Sugar cane","2022","2022","t","155609.1","I","Value imputed by a receiving agency",""
"QCL","Crops and livestock products","288","Ghana","5510","Production","01802","Sugar cane","2023","2023","t","156165.99","I","Value imputed by a receiving agency",""
"QCL","Crops and livestock products","300","Greece","5510","Production","01801","Sugar beet","2000","2000","t","3010974.54","A","Official figure",""
"QCL","Crops and livestock products","300","Greece","5510","Production","01801","Sugar beet","2001","2001","t","2890672.11","A","Official figure",""
"QCL","Crops and livestock products","300","Greece","5510","Production","01801","Sugar beet","2002","2002","t","2833639.7","A","Official figure",""
"QCL","Crops and livestock products","300","Greece","5510","Production","01801","Sugar beet","2003","2003","t","2206309.67","A","Official figure",""
"QCL","Crops and livestock products","300","Greece","5510","Production","01801","Sugar beet","2004","2004","t","2290950","A","Official figure",""
"QCL","Crops and livestock products","300","Greece","5510","Production","01801","Sugar beet","2005","2005","t","2552671.07","A","Official figure",""
"QCL","Crops and livestock products","300","Greece","5510","Production","01801","Sugar beet","2006","2006","t","1904788","A","Official figure",""
"QCL","Crops and livestock products","300","Greece","5510","Production","01801","Sugar beet","2007","2007","t","854141.29","A","Official figure",""
"QCL","Crops and livestock products","300","Greece","5510","Production","01801","Sugar beet","2008","2008","t","828024.64","A","Official figure",""
"QCL","Crops and livestock products","300","Greece","5510","Production","01801","Sugar beet","2009","2009","t","1409250.31","A","Official figure",""
"QCL","Crops and livestock products","300","Greece","5510","Production","01801","Sugar beet","2010","2010","t","889400.32","A","Official figure",""
"QCL","Crops and livestock products","300","Greece","5510","Production","01801","Sugar beet","2011","2011","t","581483.08","A","Official figure",""
"QCL","Crops and livestock products","300","Greece","5510","Production","01801","Sugar beet","2012","2012","t","647827","A","Official figure",""
"QCL","Crops and livestock products","300","Greece","5510","Production","01801","Sugar beet","2013","2013","t","453916.45","A","Official figure",""
"QCL","Crops and livestock products","300","Greece","5510","Production","01801","Sugar beet","2014","2014","t","455972.84","A","Official figure",""
"QCL","Crops and livestock products","300","Greece","5510","Production","01801","Sugar beet","2015","2015","t","353079.92","A","Official figure",""
"QCL","Crops and livestock products","300","Greece","5510","Production","01801","Sugar beet","2016","2016","t","313889.58","A","Official figure",""
"QCL","Crops and livestock products","300","Greece","5510","Production","01801","Sugar beet","2017","2017","t","392263","A","Official figure",""
"QCL","Crops and livestock products","300","Greece","5510","Production","01801","Sugar beet","2018","2018","t","64270","A","Official figure",""
"QCL","Crops and livestock products","300","Greece","5510","Production","01801","Sugar beet","2019","2019","t","79370","A","Official figure",""
"QCL","Crops and livestock products","300","Greece","5510","Production","01801","Sugar beet","2020","2020","t","89000","A","Official figure",""
"QCL","Crops and livestock products","300","Greece","5510","Production","01801","Sugar beet","2021","2021","t","26850","A","Official figure",""
"QCL","Crops and livestock products","300","Greece","5510","Production","01801","Sugar beet","2022","2022","t","4950","A","Official figure",""
"QCL","Crops and livestock products","300","Greece","5510","Production","01801","Sugar beet","2023","2023","t","1180","A","Official figure",""
"QCL","Crops and livestock products","308","Grenada","5510","Production","01802","Sugar cane","2000","2000","t","6700","E","Estimated value",""
"QCL","Crops and livestock products","308","Grenada","5510","Production","01802","Sugar cane","2001","2001","t","6750","E","Estimated value",""
"QCL","Crops and livestock products","308","Grenada","5510","Production","01802","Sugar cane","2002","2002","t","6750","E","Estimated value",""
"QCL","Crops and livestock products","308","Grenada","5510","Production","01802","Sugar cane","2003","2003","t","6800","E","Estimated value",""
"QCL","Crops and livestock products","308","Grenada","5510","Production","01802","Sugar cane","2004","2004","t","6800","E","Estimated value",""
"QCL","Crops and livestock products","308","Grenada","5510","Production","01802","Sugar cane","2005","2005","t","6800","E","Estimated value",""
"QCL","Crops and livestock products","308","Grenada","5510","Production","01802","Sugar cane","2006","2006","t","7200","E","Estimated value",""
"QCL","Crops and livestock products","308","Grenada","5510","Production","01802","Sugar cane","2007","2007","t","7200","E","Estimated value",""
"QCL","Crops and livestock products","308","Grenada","5510","Production","01802","Sugar cane","2008","2008","t","7200","E","Estimated value",""
"QCL","Crops and livestock products","308","Grenada","5510","Production","01802","Sugar cane","2009","2009","t","7200","E","Estimated value",""
"QCL","Crops and livestock products","308","Grenada","5510","Production","01802","Sugar cane","2010","2010","t","7200","E","Estimated value",""
"QCL","Crops and livestock products","308","Grenada","5510","Production","01802","Sugar cane","2011","2011","t","7200","E","Estimated value",""
"QCL","Crops and livestock products","308","Grenada","5510","Production","01802","Sugar cane","2012","2012","t","7200","E","Estimated value",""
"QCL","Crops and livestock products","308","Grenada","5510","Production","01802","Sugar cane","2013","2013","t","7200","E","Estimated value",""
"QCL","Crops and livestock products","308","Grenada","5510","Production","01802","Sugar cane","2014","2014","t","7253.99","I","Value imputed by a receiving agency",""
"QCL","Crops and livestock products","308","Grenada","5510","Production","01802","Sugar cane","2015","2015","t","7315.06","I","Value imputed by a receiving agency",""
"QCL","Crops and livestock products","308","Grenada","5510","Production","01802","Sugar cane","2016","2016","t","7339.48","I","Value imputed by a receiving agency",""
"QCL","Crops and livestock products","308","Grenada","5510","Production","01802","Sugar cane","2017","2017","t","6498.67","I","Value imputed by a receiving agency",""
"QCL","Crops and livestock products","308","Grenada","5510","Production","01802","Sugar cane","2018","2018","t","5827.83","I","Value imputed by a receiving agency",""
"QCL","Crops and livestock products","308","Grenada","5510","Production","01802","Sugar cane","2019","2019","t","4858","A","Official figure",""
"QCL","Crops and livestock products","308","Grenada","5510","Production","01802","Sugar cane","2020","2020","t","3282","A","Official figure",""
"QCL","Crops and livestock products","308","Grenada","5510","Production","01802","Sugar cane","2021","2021","t","5618","A","Official figure",""
"QCL","Crops and livestock products","308","Grenada","5510","Production","01802","Sugar cane","2022","2022","t","6276","A","Official figure",""
"QCL","Crops and livestock products","308","Grenada","5510","Production","01802","Sugar cane","2023","2023","t","8664","A","Official figure",""
"QCL","Crops and livestock products","312","Guadeloupe","5510","Production","01802","Sugar cane","2000","2000","t","749932","A","Official figure",""
"QCL","Crops and livestock products","312","Guadeloupe","5510","Production","01802","Sugar cane","2001","2001","t","587193","A","Official figure",""
"QCL","Crops and livestock products","312","Guadeloupe","5510","Production","01802","Sugar cane","2002","2002","t","749113","A","Official figure",""
"QCL","Crops and livestock products","312","Guadeloupe","5510","Production","01802","Sugar cane","2003","2003","t","636418","A","Official figure",""
"QCL","Crops and livestock products","312","Guadeloupe","5510","Production","01802","Sugar cane","2004","2004","t","903903","A","Official figure",""
"QCL","Crops and livestock products","312","Guadeloupe","5510","Production","01802","Sugar cane","2005","2005","t","902223","A","Official figure",""
"QCL","Crops and livestock products","312","Guadeloupe","5510","Production","01802","Sugar cane","2006","2006","t","787286","A","Official figure",""
"QCL","Crops and livestock products","320","Guatemala","5510","Production","01802","Sugar cane","2000","2000","t","16552400","A","Official figure",""
"QCL","Crops and livestock products","320","Guatemala","5510","Production","01802","Sugar cane","2001","2001","t","16934900","A","Official figure",""
"QCL","Crops and livestock products","320","Guatemala","5510","Production","01802","Sugar cane","2002","2002","t","17489900","A","Official figure",""
"QCL","Crops and livestock products","320","Guatemala","5510","Production","01802","Sugar cane","2003","2003","t","17400000","E","Estimated value",""
"QCL","Crops and livestock products","320","Guatemala","5510","Production","01802","Sugar cane","2004","2004","t","20000000","E","Estimated value",""
"QCL","Crops and livestock products","320","Guatemala","5510","Production","01802","Sugar cane","2005","2005","t","18007620","A","Official figure",""
"QCL","Crops and livestock products","320","Guatemala","5510","Production","01802","Sugar cane","2006","2006","t","17631588","A","Official figure",""
"QCL","Crops and livestock products","320","Guatemala","5510","Production","01802","Sugar cane","2007","2007","t","20312464","A","Official figure",""
"QCL","Crops and livestock products","320","Guatemala","5510","Production","01802","Sugar cane","2008","2008","t","20311940","A","Official figure",""
"QCL","Crops and livestock products","320","Guatemala","5510","Production","01802","Sugar cane","2009","2009","t","21525684","A","Official figure",""
"QCL","Crops and livestock products","320","Guatemala","5510","Production","01802","Sugar cane","2010","2010","t","22313828","A","Official figure",""
"QCL","Crops and livestock products","320","Guatemala","5510","Production","01802","Sugar cane","2011","2011","t","20586052","A","Official figure",""
"QCL","Crops and livestock products","320","Guatemala","5510","Production","01802","Sugar cane","2012","2012","t","24289900","A","Official figure",""
"QCL","Crops and livestock products","320","Guatemala","5510","Production","01802","Sugar cane","2013","2013","t","26913622","A","Official figure",""
"QCL","Crops and livestock products","320","Guatemala","5510","Production","01802","Sugar cane","2014","2014","t","33239195.97","A","Official figure",""
"QCL","Crops and livestock products","320","Guatemala","5510","Production","01802","Sugar cane","2015","2015","t","33869276.94","A","Official figure",""
"QCL","Crops and livestock products","320","Guatemala","5510","Production","01802","Sugar cane","2016","2016","t","33533402.78","A","Official figure",""
"QCL","Crops and livestock products","320","Guatemala","5510","Production","01802","Sugar cane","2017","2017","t","25951271","A","Official figure",""
"QCL","Crops and livestock products","320","Guatemala","5510","Production","01802","Sugar cane","2018","2018","t","27665415","A","Official figure",""
"QCL","Crops and livestock products","320","Guatemala","5510","Production","01802","Sugar cane","2019","2019","t","29865166","A","Official figure",""
"QCL","Crops and livestock products","320","Guatemala","5510","Production","01802","Sugar cane","2020","2020","t","27669110","A","Official figure",""
"QCL","Crops and livestock products","320","Guatemala","5510","Production","01802","Sugar cane","2021","2021","t","25525851","A","Official figure",""
"QCL","Crops and livestock products","320","Guatemala","5510","Production","01802","Sugar cane","2022","2022","t","25845178","A","Official figure",""
"QCL","Crops and livestock products","320","Guatemala","5510","Production","01802","Sugar cane","2023","2023","t","23971750","A","Official figure",""
"QCL","Crops and livestock products","324","Guinea","5510","Production","01802","Sugar cane","2000","2000","t","270000","E","Estimated value",""
"QCL","Crops and livestock products","324","Guinea","5510","Production","01802","Sugar cane","2001","2001","t","270000","E","Estimated value",""
"QCL","Crops and livestock products","324","Guinea","5510","Production","01802","Sugar cane","2002","2002","t","270000","E","Estimated value",""
"QCL","Crops and livestock products","324","Guinea","5510","Production","01802","Sugar cane","2003","2003","t","280000","E","Estimated value",""
"QCL","Crops and livestock products","324","Guinea","5510","Production","01802","Sugar cane","2004","2004","t","280000","E","Estimated value",""
"QCL","Crops and livestock products","324","Guinea","5510","Production","01802","Sugar cane","2005","2005","t","280000","E","Estimated value",""
"QCL","Crops and livestock products","324","Guinea","5510","Production","01802","Sugar cane","2006","2006","t","281000","E","Estimated value",""
"QCL","Crops and livestock products","324","Guinea","5510","Production","01802","Sugar cane","2007","2007","t","283000","E","Estimated value",""
"QCL","Crops and livestock products","324","Guinea","5510","Production","01802","Sugar cane","2008","2008","t","283000","E","Estimated value",""
"QCL","Crops and livestock products","324","Guinea","5510","Production","01802","Sugar cane","2009","2009","t","283000","E","Estimated value",""
"QCL","Crops and livestock products","324","Guinea","5510","Production","01802","Sugar cane","2010","2010","t","283000","E","Estimated value",""
"QCL","Crops and livestock products","324","Guinea","5510","Production","01802","Sugar cane","2011","2011","t","283000","E","Estimated value",""
"QCL","Crops and livestock products","324","Guinea","5510","Production","01802","Sugar cane","2012","2012","t","295000","E","Estimated value",""
"QCL","Crops and livestock products","324","Guinea","5510","Production","01802","Sugar cane","2013","2013","t","300000","E","Estimated value",""
"QCL","Crops and livestock products","324","Guinea","5510","Production","01802","Sugar cane","2014","2014","t","299972.75","I","Value imputed by a receiving agency",""
"QCL","Crops and livestock products","324","Guinea","5510","Production","01802","Sugar cane","2015","2015","t","305134.46","I","Value imputed by a receiving agency",""
"QCL","Crops and livestock products","324","Guinea","5510","Production","01802","Sugar cane","2016","2016","t","306135.25","I","Value imputed by a receiving agency",""
"QCL","Crops and livestock products","324","Guinea","5510","Production","01802","Sugar cane","2017","2017","t","308554.99","I","Value imputed by a receiving agency",""
"QCL","Crops and livestock products","324","Guinea","5510","Production","01802","Sugar cane","2018","2018","t","311691.34","I","Value imputed by a receiving agency",""
"QCL","Crops and livestock products","324","Guinea","5510","Production","01802","Sugar cane","2019","2019","t","314435.64","I","Value imputed by a receiving agency",""
"QCL","Crops and livestock products","324","Guinea","5510","Production","01802","Sugar cane","2020","2020","t","316024.09","I","Value imputed by a receiving agency",""
"QCL","Crops and livestock products","324","Guinea","5510","Production","01802","Sugar cane","2021","2021","t","320664.56","I","Value imputed by a receiving agency",""
"QCL","Crops and livestock products","324","Guinea","5510","Production","01802","Sugar cane","2022","2022","t","321503.01","I","Value imputed by a receiving agency",""
"QCL","Crops and livestock products","324","Guinea","5510","Production","01802","Sugar cane","2023","2023","t","323595.59","I","Value imputed by a receiving agency",""
"QCL","Crops and livestock products","624","Guinea-Bissau","5510","Production","01802","Sugar cane","2000","2000","t","5500","E","Estimated value",""
"QCL","Crops and livestock products","624","Guinea-Bissau","5510","Production","01802","Sugar cane","2001","2001","t","5500","E","Estimated value",""
"QCL","Crops and livestock products","624","Guinea-Bissau","5510","Production","01802","Sugar cane","2002","2002","t","5500","E","Estimated value",""
"QCL","Crops and livestock products","624","Guinea-Bissau","5510","Production","01802","Sugar cane","2003","2003","t","5500","E","Estimated value",""
"QCL","Crops and livestock products","624","Guinea-Bissau","5510","Production","01802","Sugar cane","2004","2004","t","5500","A","Official figure",""
"QCL","Crops and livestock products","624","Guinea-Bissau","5510","Production","01802","Sugar cane","2005","2005","t","5500","A","Official figure",""
"QCL","Crops and livestock products","624","Guinea-Bissau","5510","Production","01802","Sugar cane","2006","2006","t","5500","A","Official figure",""
"QCL","Crops and livestock products","624","Guinea-Bissau","5510","Production","01802","Sugar cane","2007","2007","t","5500","E","Estimated value",""
"QCL","Crops and livestock products","624","Guinea-Bissau","5510","Production","01802","Sugar cane","2008","2008","t","6000","E","Estimated value",""
"QCL","Crops and livestock products","624","Guinea-Bissau","5510","Production","01802","Sugar cane","2009","2009","t","6000","E","Estimated value",""
"QCL","Crops and livestock products","624","Guinea-Bissau","5510","Production","01802","Sugar cane","2010","2010","t","6300","E","Estimated value",""
"QCL","Crops and livestock products","624","Guinea-Bissau","5510","Production","01802","Sugar cane","2011","2011","t","6300","E","Estimated value",""
"QCL","Crops and livestock products","624","Guinea-Bissau","5510","Production","01802","Sugar cane","2012","2012","t","6350","E","Estimated value",""
"QCL","Crops and livestock products","624","Guinea-Bissau","5510","Production","01802","Sugar cane","2013","2013","t","6350","E","Estimated value",""
"QCL","Crops and livestock products","624","Guinea-Bissau","5510","Production","01802","Sugar cane","2014","2014","t","6444.04","I","Value imputed by a receiving agency",""
"QCL","Crops and livestock products","624","Guinea-Bissau","5510","Production","01802","Sugar cane","2015","2015","t","6614.28","I","Value imputed by a receiving agency",""
"QCL","Crops and livestock products","624","Guinea-Bissau","5510","Production","01802","Sugar cane","2016","2016","t","6677.54","I","Value imputed by a receiving agency",""
"QCL","Crops and livestock products","624","Guinea-Bissau","5510","Production","01802","Sugar cane","2017","2017","t","6755.52","I","Value imputed by a receiving agency",""
"QCL","Crops and livestock products","624","Guinea-Bissau","5510","Production","01802","Sugar cane","2018","2018","t","6790.45","I","Value imputed by a receiving agency",""
"QCL","Crops and livestock products","624","Guinea-Bissau","5510","Production","01802","Sugar cane","2019","2019","t","6842.76","I","Value imputed by a receiving agency",""
"QCL","Crops and livestock products","624","Guinea-Bissau","5510","Production","01802","Sugar cane","2020","2020","t","6882.27","I","Value imputed by a receiving agency",""
"QCL","Crops and livestock products","624","Guinea-Bissau","5510","Production","01802","Sugar cane","2021","2021","t","6986.88","I","Value imputed by a receiving agency",""
"QCL","Crops and livestock products","624","Guinea-Bissau","5510","Production","01802","Sugar cane","2022","2022","t","7059.9","I","Value imputed by a receiving agency",""
"QCL","Crops and livestock products","624","Guinea-Bissau","5510","Production","01802","Sugar cane","2023","2023","t","6976.35","E","Estimated value",""
"QCL","Crops and livestock products","328","Guyana","5510","Production","01802","Sugar cane","2000","2000","t","2709700","A","Official figure",""
"QCL","Crops and livestock products","328","Guyana","5510","Production","01802","Sugar cane","2001","2001","t","3141000","A","Official figure",""
"QCL","Crops and livestock products","328","Guyana","5510","Production","01802","Sugar cane","2002","2002","t","3708000","A","Official figure",""
"QCL","Crops and livestock products","328","Guyana","5510","Production","01802","Sugar cane","2003","2003","t","3382500","A","Official figure",""
"QCL","Crops and livestock products","328","Guyana","5510","Production","01802","Sugar cane","2004","2004","t","3744200","A","Official figure",""
"QCL","Crops and livestock products","328","Guyana","5510","Production","01802","Sugar cane","2005","2005","t","3005800","A","Official figure",""
"QCL","Crops and livestock products","328","Guyana","5510","Production","01802","Sugar cane","2006","2006","t","2975000","A","Official figure",""
"QCL","Crops and livestock products","328","Guyana","5510","Production","01802","Sugar cane","2007","2007","t","3099200","A","Official figure",""
"QCL","Crops and livestock products","328","Guyana","5510","Production","01802","Sugar cane","2008","2008","t","2766500","A","Official figure",""
"QCL","Crops and livestock products","328","Guyana","5510","Production","01802","Sugar cane","2009","2009","t","2766000","A","Official figure",""
"QCL","Crops and livestock products","328","Guyana","5510","Production","01802","Sugar cane","2010","2010","t","2762262","A","Official figure",""
"QCL","Crops and livestock products","328","Guyana","5510","Production","01802","Sugar cane","2011","2011","t","3195690","A","Official figure",""
"QCL","Crops and livestock products","328","Guyana","5510","Production","01802","Sugar cane","2012","2012","t","2710243","A","Official figure",""
"QCL","Crops and livestock products","328","Guyana","5510","Production","01802","Sugar cane","2013","2013","t","2461079","A","Official figure",""
"QCL","Crops and livestock products","328","Guyana","5510","Production","01802","Sugar cane","2014","2014","t","2836896","A","Official figure",""
"QCL","Crops and livestock products","328","Guyana","5510","Production","01802","Sugar cane","2015","2015","t","2815616.44","A","Official figure",""
"QCL","Crops and livestock products","328","Guyana","5510","Production","01802","Sugar cane","2016","2016","t","2366995.17","A","Official figure",""
"QCL","Crops and livestock products","328","Guyana","5510","Production","01802","Sugar cane","2017","2017","t","1859037.27","A","Official figure",""
"QCL","Crops and livestock products","328","Guyana","5510","Production","01802","Sugar cane","2018","2018","t","1214495.3","A","Official figure",""
"QCL","Crops and livestock products","328","Guyana","5510","Production","01802","Sugar cane","2019","2019","t","1119149","A","Official figure",""
"QCL","Crops and livestock products","328","Guyana","5510","Production","01802","Sugar cane","2020","2020","t","1217154","A","Official figure",""
"QCL","Crops and livestock products","328","Guyana","5510","Production","01802","Sugar cane","2021","2021","t","830526","A","Official figure",""
"QCL","Crops and livestock products","328","Guyana","5510","Production","01802","Sugar cane","2022","2022","t","700149","A","Official figure",""
"QCL","Crops and livestock products","328","Guyana","5510","Production","01802","Sugar cane","2023","2023","t","678479.93","E","Estimated value",""
"QCL","Crops and livestock products","332","Haiti","5510","Production","01802","Sugar cane","2000","2000","t","800000","A","Official figure",""
"QCL","Crops and livestock products","332","Haiti","5510","Production","01802","Sugar cane","2001","2001","t","1008100","A","Official figure",""
"QCL","Crops and livestock products","332","Haiti","5510","Production","01802","Sugar cane","2002","2002","t","595000","A","Official figure",""
"QCL","Crops and livestock products","332","Haiti","5510","Production","01802","Sugar cane","2003","2003","t","600000","A","Official figure",""
"QCL","Crops and livestock products","332","Haiti","5510","Production","01802","Sugar cane","2004","2004","t","1050000","A","Official figure",""
"QCL","Crops and livestock products","332","Haiti","5510","Production","01802","Sugar cane","2005","2005","t","1050000","A","Official figure",""
"QCL","Crops and livestock products","332","Haiti","5510","Production","01802","Sugar cane","2006","2006","t","1075000","A","Official figure",""
"QCL","Crops and livestock products","332","Haiti","5510","Production","01802","Sugar cane","2007","2007","t","1100000","A","Official figure",""
"QCL","Crops and livestock products","332","Haiti","5510","Production","01802","Sugar cane","2008","2008","t","1110000","A","Official figure",""
"QCL","Crops and livestock products","332","Haiti","5510","Production","01802","Sugar cane","2009","2009","t","1110000","E","Estimated value",""
"QCL","Crops and livestock products","332","Haiti","5510","Production","01802","Sugar cane","2010","2010","t","1220126.39","I","Value imputed by a receiving agency",""
"QCL","Crops and livestock products","332","Haiti","5510","Production","01802","Sugar cane","2011","2011","t","1291816.91","I","Value imputed by a receiving agency",""
"QCL","Crops and livestock products","332","Haiti","5510","Production","01802","Sugar cane","2012","2012","t","1418191.04","A","Official figure",""
"QCL","Crops and livestock products","332","Haiti","5510","Production","01802","Sugar cane","2013","2013","t","1488533","A","Official figure",""
"QCL","Crops and livestock products","332","Haiti","5510","Production","01802","Sugar cane","2014","2014","t","1522741.87","I","Value imputed by a receiving agency",""
"QCL","Crops and livestock products","332","Haiti","5510","Production","01802","Sugar cane","2015","2015","t","1503445.61","I","Value imputed by a receiving agency",""
"QCL","Crops and livestock products","332","Haiti","5510","Production","01802","Sugar cane","2016","2016","t","1498207.21","I","Value imputed by a receiving agency",""
"QCL","Crops and livestock products","332","Haiti","5510","Production","01802","Sugar cane","2017","2017","t","1500940.23","I","Value imputed by a receiving agency",""
"QCL","Crops and livestock products","332","Haiti","5510","Production","01802","Sugar cane","2018","2018","t","1490408.47","I","Value imputed by a receiving agency",""
"QCL","Crops and livestock products","332","Haiti","5510","Production","01802","Sugar cane","2019","2019","t","1509395.11","I","Value imputed by a receiving agency",""
"QCL","Crops and livestock products","332","Haiti","5510","Production","01802","Sugar cane","2020","2020","t","1528183.79","I","Value imputed by a receiving agency",""
"QCL","Crops and livestock products","332","Haiti","5510","Production","01802","Sugar cane","2021","2021","t","1552170.87","I","Value imputed by a receiving agency",""
"QCL","Crops and livestock products","332","Haiti","5510","Production","01802","Sugar cane","2022","2022","t","1529916.59","E","Estimated value",""
"QCL","Crops and livestock products","332","Haiti","5510","Production","01802","Sugar cane","2023","2023","t","1536757.08","E","Estimated value",""
"QCL","Crops and livestock products","340","Honduras","5510","Production","01802","Sugar cane","2000","2000","t","3974000","A","Official figure",""
"QCL","Crops and livestock products","340","Honduras","5510","Production","01802","Sugar cane","2001","2001","t","4117000","A","Official figure",""
"QCL","Crops and livestock products","340","Honduras","5510","Production","01802","Sugar cane","2002","2002","t","3660000","E","Estimated value",""
"QCL","Crops and livestock products","340","Honduras","5510","Production","01802","Sugar cane","2003","2003","t","5362753","A","Official figure",""
"QCL","Crops and livestock products","340","Honduras","5510","Production","01802","Sugar cane","2004","2004","t","5465850","A","Official figure",""
"QCL","Crops and livestock products","340","Honduras","5510","Production","01802","Sugar cane","2005","2005","t","5625450","A","Official figure",""
"QCL","Crops and livestock products","340","Honduras","5510","Production","01802","Sugar cane","2006","2006","t","5570000","A","Official figure",""
"QCL","Crops and livestock products","340","Honduras","5510","Production","01802","Sugar cane","2007","2007","t","6080910","A","Official figure",""
"QCL","Crops and livestock products","340","Honduras","5510","Production","01802","Sugar cane","2008","2008","t","6141719","A","Official figure",""
"QCL","Crops and livestock products","340","Honduras","5510","Production","01802","Sugar cane","2009","2009","t","6895340","A","Official figure",""
"QCL","Crops and livestock products","340","Honduras","5510","Production","01802","Sugar cane","2010","2010","t","4444000","A","Official figure",""
"QCL","Crops and livestock products","340","Honduras","5510","Production","01802","Sugar cane","2011","2011","t","4360000","A","Official figure",""
"QCL","Crops and livestock products","340","Honduras","5510","Production","01802","Sugar cane","2012","2012","t","4963000","A","Official figure",""
"QCL","Crops and livestock products","340","Honduras","5510","Production","01802","Sugar cane","2013","2013","t","5150700","A","Official figure",""
"QCL","Crops and livestock products","340","Honduras","5510","Production","01802","Sugar cane","2014","2014","t","5391100","A","Official figure",""
"QCL","Crops and livestock products","340","Honduras","5510","Production","01802","Sugar cane","2015","2015","t","5170800","A","Official figure",""
"QCL","Crops and livestock products","340","Honduras","5510","Production","01802","Sugar cane","2016","2016","t","5356026","A","Official figure",""
"QCL","Crops and livestock products","340","Honduras","5510","Production","01802","Sugar cane","2017","2017","t","5379869","A","Official figure",""
"QCL","Crops and livestock products","340","Honduras","5510","Production","01802","Sugar cane","2018","2018","t","5526000.34","A","Official figure",""
"QCL","Crops and livestock products","340","Honduras","5510","Production","01802","Sugar cane","2019","2019","t","5409014.07","A","Official figure",""
"QCL","Crops and livestock products","340","Honduras","5510","Production","01802","Sugar cane","2020","2020","t","5030353.74","A","Official figure",""
"QCL","Crops and livestock products","340","Honduras","5510","Production","01802","Sugar cane","2021","2021","t","4815043.45","A","Official figure",""
"QCL","Crops and livestock products","340","Honduras","5510","Production","01802","Sugar cane","2022","2022","t","5507700","A","Official figure",""
"QCL","Crops and livestock products","340","Honduras","5510","Production","01802","Sugar cane","2023","2023","t","5376500","A","Official figure",""
"QCL","Crops and livestock products","348","Hungary","5510","Production","01801","Sugar beet","2000","2000","t","1976192","A","Official figure",""
"QCL","Crops and livestock products","348","Hungary","5510","Production","01801","Sugar beet","2001","2001","t","2903000","A","Official figure",""
"QCL","Crops and livestock products","348","Hungary","5510","Production","01801","Sugar beet","2002","2002","t","2273845","A","Official figure",""
"QCL","Crops and livestock products","348","Hungary","5510","Production","01801","Sugar beet","2003","2003","t","1812422","A","Official figure",""
"QCL","Crops and livestock products","348","Hungary","5510","Production","01801","Sugar beet","2004","2004","t","3527105","A","Official figure",""
"QCL","Crops and livestock products","348","Hungary","5510","Production","01801","Sugar beet","2005","2005","t","3515865","A","Official figure",""
"QCL","Crops and livestock products","348","Hungary","5510","Production","01801","Sugar beet","2006","2006","t","2454225","A","Official figure",""
"QCL","Crops and livestock products","348","Hungary","5510","Production","01801","Sugar beet","2007","2007","t","1692800","A","Official figure",""
"QCL","Crops and livestock products","348","Hungary","5510","Production","01801","Sugar beet","2008","2008","t","573160","A","Official figure",""
"QCL","Crops and livestock products","348","Hungary","5510","Production","01801","Sugar beet","2009","2009","t","737014","A","Official figure",""
"QCL","Crops and livestock products","348","Hungary","5510","Production","01801","Sugar beet","2010","2010","t","818941","A","Official figure",""
"QCL","Crops and livestock products","348","Hungary","5510","Production","01801","Sugar beet","2011","2011","t","856368","A","Official figure",""
"QCL","Crops and livestock products","348","Hungary","5510","Production","01801","Sugar beet","2012","2012","t","881720","A","Official figure",""
"QCL","Crops and livestock products","348","Hungary","5510","Production","01801","Sugar beet","2013","2013","t","990710","A","Official figure",""
"QCL","Crops and livestock products","348","Hungary","5510","Production","01801","Sugar beet","2014","2014","t","1066750","A","Official figure",""
"QCL","Crops and livestock products","348","Hungary","5510","Production","01801","Sugar beet","2015","2015","t","910915","A","Official figure",""
"QCL","Crops and livestock products","348","Hungary","5510","Production","01801","Sugar beet","2016","2016","t","1121247","A","Official figure",""
"QCL","Crops and livestock products","348","Hungary","5510","Production","01801","Sugar beet","2017","2017","t","1075625","A","Official figure",""
"QCL","Crops and livestock products","348","Hungary","5510","Production","01801","Sugar beet","2018","2018","t","958080","A","Official figure",""
"QCL","Crops and livestock products","348","Hungary","5510","Production","01801","Sugar beet","2019","2019","t","823500","A","Official figure",""
"QCL","Crops and livestock products","348","Hungary","5510","Production","01801","Sugar beet","2020","2020","t","780460","A","Official figure",""
"QCL","Crops and livestock products","348","Hungary","5510","Production","01801","Sugar beet","2021","2021","t","678010","A","Official figure",""
"QCL","Crops and livestock products","348","Hungary","5510","Production","01801","Sugar beet","2022","2022","t","470220","A","Official figure",""
"QCL","Crops and livestock products","348","Hungary","5510","Production","01801","Sugar beet","2023","2023","t","875970","A","Official figure",""
"QCL","Crops and livestock products","356","India","5510","Production","01802","Sugar cane","2000","2000","t","299323904","A","Official figure",""
"QCL","Crops and livestock products","356","India","5510","Production","01802","Sugar cane","2001","2001","t","295956000","A","Official figure",""
"QCL","Crops and livestock products","356","India","5510","Production","01802","Sugar cane","2002","2002","t","297207808","A","Official figure",""
"QCL","Crops and livestock products","356","India","5510","Production","01802","Sugar cane","2003","2003","t","287383200","A","Official figure",""
"QCL","Crops and livestock products","356","India","5510","Production","01802","Sugar cane","2004","2004","t","233861792","A","Official figure",""
"QCL","Crops and livestock products","356","India","5510","Production","01802","Sugar cane","2005","2005","t","237088400","A","Official figure",""
"QCL","Crops and livestock products","356","India","5510","Production","01802","Sugar cane","2006","2006","t","281171808","A","Official figure",""
"QCL","Crops and livestock products","356","India","5510","Production","01802","Sugar cane","2007","2007","t","355519712","A","Official figure",""
"QCL","Crops and livestock products","356","India","5510","Production","01802","Sugar cane","2008","2008","t","348187904","A","Official figure",""
"QCL","Crops and livestock products","356","India","5510","Production","01802","Sugar cane","2009","2009","t","285029312","A","Official figure",""
"QCL","Crops and livestock products","356","India","5510","Production","01802","Sugar cane","2010","2010","t","292301600","A","Official figure",""
"QCL","Crops and livestock products","356","India","5510","Production","01802","Sugar cane","2011","2011","t","342382016","A","Official figure",""
"QCL","Crops and livestock products","356","India","5510","Production","01802","Sugar cane","2012","2012","t","361036992","A","Official figure",""
"QCL","Crops and livestock products","356","India","5510","Production","01802","Sugar cane","2013","2013","t","341200000","A","Official figure",""
"QCL","Crops and livestock products","356","India","5510","Production","01802","Sugar cane","2014","2014","t","352142000","A","Official figure",""
"QCL","Crops and livestock products","356","India","5510","Production","01802","Sugar cane","2015","2015","t","362333000","A","Official figure",""
"QCL","Crops and livestock products","356","India","5510","Production","01802","Sugar cane","2016","2016","t","348448000","A","Official figure",""
"QCL","Crops and livestock products","356","India","5510","Production","01802","Sugar cane","2017","2017","t","306069000","A","Official figure",""
"QCL","Crops and livestock products","356","India","5510","Production","01802","Sugar cane","2018","2018","t","379904850","A","Official figure",""
"QCL","Crops and livestock products","356","India","5510","Production","01802","Sugar cane","2019","2019","t","405416180","A","Official figure",""
"QCL","Crops and livestock products","356","India","5510","Production","01802","Sugar cane","2020","2020","t","370500300","A","Official figure",""
"QCL","Crops and livestock products","356","India","5510","Production","01802","Sugar cane","2021","2021","t","405398710","A","Official figure",""
"QCL","Crops and livestock products","356","India","5510","Production","01802","Sugar cane","2022","2022","t","439424890","A","Official figure",""
"QCL","Crops and livestock products","356","India","5510","Production","01802","Sugar cane","2023","2023","t","490533351.06","A","Official figure",""
"QCL","Crops and livestock products","360","Indonesia","5510","Production","01802","Sugar cane","2000","2000","t","23900000","X","Figure from external organization","Unofficial figure"
"QCL","Crops and livestock products","360","Indonesia","5510","Production","01802","Sugar cane","2001","2001","t","25185000","X","Figure from external organization","Unofficial figure"
"QCL","Crops and livestock products","360","Indonesia","5510","Production","01802","Sugar cane","2002","2002","t","25530000","X","Figure from external organization","Unofficial figure"
"QCL","Crops and livestock products","360","Indonesia","5510","Production","01802","Sugar cane","2003","2003","t","24500000","X","Figure from external organization","Unofficial figure"
"QCL","Crops and livestock products","360","Indonesia","5510","Production","01802","Sugar cane","2004","2004","t","26750000","X","Figure from external organization","Unofficial figure"
"QCL","Crops and livestock products","360","Indonesia","5510","Production","01802","Sugar cane","2005","2005","t","29300000","X","Figure from external organization","Unofficial figure"
"QCL","Crops and livestock products","360","Indonesia","5510","Production","01802","Sugar cane","2006","2006","t","29200000","X","Figure from external organization","Unofficial figure"
"QCL","Crops and livestock products","360","Indonesia","5510","Production","01802","Sugar cane","2007","2007","t","25200000","X","Figure from external organization","Unofficial figure"
"QCL","Crops and livestock products","360","Indonesia","5510","Production","01802","Sugar cane","2008","2008","t","25600000","X","Figure from external organization","Unofficial figure"
"QCL","Crops and livestock products","360","Indonesia","5510","Production","01802","Sugar cane","2009","2009","t","26400000","X","Figure from external organization","Unofficial figure"
"QCL","Crops and livestock products","360","Indonesia","5510","Production","01802","Sugar cane","2010","2010","t","26600000","X","Figure from external organization","Unofficial figure"
"QCL","Crops and livestock products","360","Indonesia","5510","Production","01802","Sugar cane","2011","2011","t","24000000","X","Figure from external organization","Unofficial figure"
"QCL","Crops and livestock products","360","Indonesia","5510","Production","01802","Sugar cane","2012","2012","t","28700000","X","Figure from external organization","Unofficial figure"
"QCL","Crops and livestock products","360","Indonesia","5510","Production","01802","Sugar cane","2013","2013","t","28400000","X","Figure from external organization","Unofficial figure"
"QCL","Crops and livestock products","360","Indonesia","5510","Production","01802","Sugar cane","2014","2014","t","27100000","X","Figure from external organization","Unofficial figure"
"QCL","Crops and livestock products","360","Indonesia","5510","Production","01802","Sugar cane","2015","2015","t","27000000","X","Figure from external organization","Unofficial figure"
"QCL","Crops and livestock products","360","Indonesia","5510","Production","01802","Sugar cane","2016","2016","t","28000000","X","Figure from external organization","Unofficial figure"
"QCL","Crops and livestock products","360","Indonesia","5510","Production","01802","Sugar cane","2017","2017","t","28000000","X","Figure from external organization","Unofficial figure"
"QCL","Crops and livestock products","360","Indonesia","5510","Production","01802","Sugar cane","2018","2018","t","29500000","X","Figure from external organization","Unofficial figure"
"QCL","Crops and livestock products","360","Indonesia","5510","Production","01802","Sugar cane","2019","2019","t","29100000","X","Figure from external organization","Unofficial figure"
"QCL","Crops and livestock products","360","Indonesia","5510","Production","01802","Sugar cane","2020","2020","t","29300000","X","Figure from external organization","Unofficial figure"
"QCL","Crops and livestock products","360","Indonesia","5510","Production","01802","Sugar cane","2021","2021","t","32200000","X","Figure from external organization","Unofficial figure"
"QCL","Crops and livestock products","360","Indonesia","5510","Production","01802","Sugar cane","2022","2022","t","32400000","X","Figure from external organization","Unofficial figure"
"QCL","Crops and livestock products","360","Indonesia","5510","Production","01802","Sugar cane","2023","2023","t","31000000","X","Figure from external organization","Unofficial figure"
"QCL","Crops and livestock products","364","Iran (Islamic Republic of)","5510","Production","01801","Sugar beet","2000","2000","t","4332172","A","Official figure",""
"QCL","Crops and livestock products","364","Iran (Islamic Republic of)","5510","Production","01801","Sugar beet","2001","2001","t","4649017","A","Official figure",""
"QCL","Crops and livestock products","364","Iran (Islamic Republic of)","5510","Production","01801","Sugar beet","2002","2002","t","6097532","A","Official figure",""
"QCL","Crops and livestock products","364","Iran (Islamic Republic of)","5510","Production","01801","Sugar beet","2003","2003","t","5933174","A","Official figure",""
"QCL","Crops and livestock products","364","Iran (Islamic Republic of)","5510","Production","01801","Sugar beet","2004","2004","t","4916336","A","Official figure",""
"QCL","Crops and livestock products","364","Iran (Islamic Republic of)","5510","Production","01801","Sugar beet","2005","2005","t","4902387","A","Official figure",""
"QCL","Crops and livestock products","364","Iran (Islamic Republic of)","5510","Production","01801","Sugar beet","2006","2006","t","6709112.5","A","Official figure",""
"QCL","Crops and livestock products","364","Iran (Islamic Republic of)","5510","Production","01801","Sugar beet","2007","2007","t","5407236","A","Official figure",""
"QCL","Crops and livestock products","364","Iran (Islamic Republic of)","5510","Production","01801","Sugar beet","2008","2008","t","1713654.3","A","Official figure",""
"QCL","Crops and livestock products","364","Iran (Islamic Republic of)","5510","Production","01801","Sugar beet","2009","2009","t","2014908.8","A","Official figure",""
"QCL","Crops and livestock products","364","Iran (Islamic Republic of)","5510","Production","01801","Sugar beet","2010","2010","t","3866498.6","A","Official figure",""
"QCL","Crops and livestock products","364","Iran (Islamic Republic of)","5510","Production","01801","Sugar beet","2011","2011","t","4702825","A","Official figure",""
"QCL","Crops and livestock products","364","Iran (Islamic Republic of)","5510","Production","01801","Sugar beet","2012","2012","t","4069845","A","Official figure",""
"QCL","Crops and livestock products","364","Iran (Islamic Republic of)","5510","Production","01801","Sugar beet","2013","2013","t","3467395","A","Official figure",""
"QCL","Crops and livestock products","364","Iran (Islamic Republic of)","5510","Production","01801","Sugar beet","2014","2014","t","4730995.4","A","Official figure",""
"QCL","Crops and livestock products","364","Iran (Islamic Republic of)","5510","Production","01801","Sugar beet","2015","2015","t","5594240","A","Official figure",""
"QCL","Crops and livestock products","364","Iran (Islamic Republic of)","5510","Production","01801","Sugar beet","2016","2016","t","5965628","A","Official figure",""
"QCL","Crops and livestock products","364","Iran (Islamic Republic of)","5510","Production","01801","Sugar beet","2017","2017","t","8388452","A","Official figure",""
"QCL","Crops and livestock products","364","Iran (Islamic Republic of)","5510","Production","01801","Sugar beet","2018","2018","t","6290598.84","A","Official figure",""
"QCL","Crops and livestock products","364","Iran (Islamic Republic of)","5510","Production","01801","Sugar beet","2019","2019","t","5473363.19","I","Value imputed by a receiving agency",""
"QCL","Crops and livestock products","364","Iran (Islamic Republic of)","5510","Production","01801","Sugar beet","2020","2020","t","5432626.31","I","Value imputed by a receiving agency",""
"QCL","Crops and livestock products","364","Iran (Islamic Republic of)","5510","Production","01801","Sugar beet","2021","2021","t","5435172.42","A","Official figure",""
"QCL","Crops and livestock products","364","Iran (Islamic Republic of)","5510","Production","01801","Sugar beet","2022","2022","t","5146924.8","A","Official figure",""
"QCL","Crops and livestock products","364","Iran (Islamic Republic of)","5510","Production","01801","Sugar beet","2023","2023","t","5011676.01","I","Value imputed by a receiving agency",""
"QCL","Crops and livestock products","364","Iran (Islamic Republic of)","5510","Production","01802","Sugar cane","2000","2000","t","2367015","A","Official figure",""
"QCL","Crops and livestock products","364","Iran (Islamic Republic of)","5510","Production","01802","Sugar cane","2001","2001","t","3195431","A","Official figure",""
"QCL","Crops and livestock products","364","Iran (Islamic Republic of)","5510","Production","01802","Sugar cane","2002","2002","t","3712429.2","A","Official figure",""
"QCL","Crops and livestock products","364","Iran (Islamic Republic of)","5510","Production","01802","Sugar cane","2003","2003","t","5196000","X","Figure from external organization","Unofficial figure"
"QCL","Crops and livestock products","364","Iran (Islamic Republic of)","5510","Production","01802","Sugar cane","2004","2004","t","5910996.6","A","Official figure",""
"QCL","Crops and livestock products","364","Iran (Islamic Republic of)","5510","Production","01802","Sugar cane","2005","2005","t","5530425","A","Official figure",""
"QCL","Crops and livestock products","364","Iran (Islamic Republic of)","5510","Production","01802","Sugar cane","2006","2006","t","4959391","A","Official figure",""
"QCL","Crops and livestock products","364","Iran (Islamic Republic of)","5510","Production","01802","Sugar cane","2007","2007","t","5314825","A","Official figure",""
"QCL","Crops and livestock products","364","Iran (Islamic Republic of)","5510","Production","01802","Sugar cane","2008","2008","t","3822682.6","A","Official figure",""
"QCL","Crops and livestock products","364","Iran (Islamic Republic of)","5510","Production","01802","Sugar cane","2009","2009","t","2821883.2","A","Official figure",""
"QCL","Crops and livestock products","364","Iran (Islamic Republic of)","5510","Production","01802","Sugar cane","2010","2010","t","5647794.7","A","Official figure",""
"QCL","Crops and livestock products","364","Iran (Islamic Republic of)","5510","Production","01802","Sugar cane","2011","2011","t","5643371","A","Official figure",""
"QCL","Crops and livestock products","364","Iran (Islamic Republic of)","5510","Production","01802","Sugar cane","2012","2012","t","5361416","A","Official figure",""
"QCL","Crops and livestock products","364","Iran (Islamic Republic of)","5510","Production","01802","Sugar cane","2013","2013","t","6536976","A","Official figure",""
"QCL","Crops and livestock products","364","Iran (Islamic Republic of)","5510","Production","01802","Sugar cane","2014","2014","t","6588634.1","A","Official figure",""
"QCL","Crops and livestock products","364","Iran (Islamic Republic of)","5510","Production","01802","Sugar cane","2015","2015","t","7406990","A","Official figure",""
"QCL","Crops and livestock products","364","Iran (Islamic Republic of)","5510","Production","01802","Sugar cane","2016","2016","t","7479606","A","Official figure",""
"QCL","Crops and livestock products","364","Iran (Islamic Republic of)","5510","Production","01802","Sugar cane","2017","2017","t","7631923","A","Official figure",""
"QCL","Crops and livestock products","364","Iran (Islamic Republic of)","5510","Production","01802","Sugar cane","2018","2018","t","9100206.34","A","Official figure",""
"QCL","Crops and livestock products","364","Iran (Islamic Republic of)","5510","Production","01802","Sugar cane","2019","2019","t","8572287.4","I","Value imputed by a receiving agency",""
"QCL","Crops and livestock products","364","Iran (Islamic Republic of)","5510","Production","01802","Sugar cane","2020","2020","t","8256208.98","I","Value imputed by a receiving agency",""
"QCL","Crops and livestock products","364","Iran (Islamic Republic of)","5510","Production","01802","Sugar cane","2021","2021","t","7840012.15","A","Official figure",""
"QCL","Crops and livestock products","364","Iran (Islamic Republic of)","5510","Production","01802","Sugar cane","2022","2022","t","8258192.84","A","Official figure",""
"QCL","Crops and livestock products","364","Iran (Islamic Republic of)","5510","Production","01802","Sugar cane","2023","2023","t","8633207.01","I","Value imputed by a receiving agency",""
"QCL","Crops and livestock products","368","Iraq","5510","Production","01801","Sugar beet","2000","2000","t","2262.02","I","Value imputed by a receiving agency",""
"QCL","Crops and livestock products","368","Iraq","5510","Production","01801","Sugar beet","2001","2001","t","2403.34","I","Value imputed by a receiving agency",""
"QCL","Crops and livestock products","368","Iraq","5510","Production","01801","Sugar beet","2002","2002","t","674.64","I","Value imputed by a receiving agency",""
"QCL","Crops and livestock products","368","Iraq","5510","Production","01801","Sugar beet","2003","2003","t","65","A","Official figure",""
"QCL","Crops and livestock products","368","Iraq","5510","Production","01801","Sugar beet","2004","2004","t","70","A","Official figure",""
"QCL","Crops and livestock products","368","Iraq","5510","Production","01801","Sugar beet","2005","2005","t","70","A","Official figure",""
"QCL","Crops and livestock products","368","Iraq","5510","Production","01801","Sugar beet","2006","2006","t","19000","A","Official figure",""
"QCL","Crops and livestock products","368","Iraq","5510","Production","01801","Sugar beet","2007","2007","t","18000","A","Official figure",""
"QCL","Crops and livestock products","368","Iraq","5510","Production","01801","Sugar beet","2008","2008","t","17000","A","Official figure",""
"QCL","Crops and livestock products","368","Iraq","5510","Production","01801","Sugar beet","2009","2009","t","18000","E","Estimated value",""
"QCL","Crops and livestock products","368","Iraq","5510","Production","01801","Sugar beet","2010","2010","t","19541.58","I","Value imputed by a receiving agency",""
"QCL","Crops and livestock products","368","Iraq","5510","Production","01801","Sugar beet","2011","2011","t","24826.68","I","Value imputed by a receiving agency",""
"QCL","Crops and livestock products","368","Iraq","5510","Production","01801","Sugar beet","2012","2012","t","27546.99","I","Value imputed by a receiving agency",""
"QCL","Crops and livestock products","368","Iraq","5510","Production","01801","Sugar beet","2013","2013","t","30321.68","I","Value imputed by a receiving agency",""
"QCL","Crops and livestock products","368","Iraq","5510","Production","01801","Sugar beet","2014","2014","t","31041.83","I","Value imputed by a receiving agency",""
"QCL","Crops and livestock products","368","Iraq","5510","Production","01801","Sugar beet","2015","2015","t","31025.41","I","Value imputed by a receiving agency",""
"QCL","Crops and livestock products","368","Iraq","5510","Production","01801","Sugar beet","2016","2016","t","31269.1","I","Value imputed by a receiving agency",""
"QCL","Crops and livestock products","368","Iraq","5510","Production","01801","Sugar beet","2017","2017","t","32105.65","I","Value imputed by a receiving agency",""
"QCL","Crops and livestock products","368","Iraq","5510","Production","01801","Sugar beet","2018","2018","t","32692.16","I","Value imputed by a receiving agency",""
"QCL","Crops and livestock products","368","Iraq","5510","Production","01801","Sugar beet","2019","2019","t","38040","A","Official figure",""
"QCL","Crops and livestock products","368","Iraq","5510","Production","01801","Sugar beet","2020","2020","t","31720","A","Official figure",""
"QCL","Crops and livestock products","368","Iraq","5510","Production","01801","Sugar beet","2021","2021","t","31600","A","Official figure",""
"QCL","Crops and livestock products","368","Iraq","5510","Production","01801","Sugar beet","2022","2022","t","32138.84","I","Value imputed by a receiving agency",""
"QCL","Crops and livestock products","368","Iraq","5510","Production","01801","Sugar beet","2023","2023","t","35099.89","I","Value imputed by a receiving agency",""
"QCL","Crops and livestock products","368","Iraq","5510","Production","01802","Sugar cane","2000","2000","t","65000","X","Figure from external organization","Unofficial figure"
"QCL","Crops and livestock products","368","Iraq","5510","Production","01802","Sugar cane","2001","2001","t","65000","E","Estimated value",""
"QCL","Crops and livestock products","368","Iraq","5510","Production","01802","Sugar cane","2002","2002","t","70000","E","Estimated value",""
"QCL","Crops and livestock products","368","Iraq","5510","Production","01802","Sugar cane","2003","2003","t","0","X","Figure from external organization","Unofficial figure"
"QCL","Crops and livestock products","368","Iraq","5510","Production","01802","Sugar cane","2004","2004","t","0","X","Figure from external organization","Unofficial figure"
"QCL","Crops and livestock products","368","Iraq","5510","Production","01802","Sugar cane","2005","2005","t","0","X","Figure from external organization","Unofficial figure"
"QCL","Crops and livestock products","368","Iraq","5510","Production","01802","Sugar cane","2006","2006","t","0","X","Figure from external organization","Unofficial figure"
"QCL","Crops and livestock products","368","Iraq","5510","Production","01802","Sugar cane","2007","2007","t","0","X","Figure from external organization","Unofficial figure"
"QCL","Crops and livestock products","368","Iraq","5510","Production","01802","Sugar cane","2008","2008","t","3720","A","Official figure",""
"QCL","Crops and livestock products","368","Iraq","5510","Production","01802","Sugar cane","2009","2009","t","6276","A","Official figure",""
"QCL","Crops and livestock products","368","Iraq","5510","Production","01802","Sugar cane","2010","2010","t","12500","A","Official figure",""
"QCL","Crops and livestock products","368","Iraq","5510","Production","01802","Sugar cane","2011","2011","t","10795","A","Official figure",""
"QCL","Crops and livestock products","368","Iraq","5510","Production","01802","Sugar cane","2012","2012","t","10000","A","Official figure",""
"QCL","Crops and livestock products","368","Iraq","5510","Production","01802","Sugar cane","2013","2013","t","8168","A","Official figure",""
"QCL","Crops and livestock products","368","Iraq","5510","Production","01802","Sugar cane","2014","2014","t","8732","A","Official figure",""
"QCL","Crops and livestock products","368","Iraq","5510","Production","01802","Sugar cane","2015","2015","t","12170","A","Official figure",""
"QCL","Crops and livestock products","368","Iraq","5510","Production","01802","Sugar cane","2016","2016","t","11670","A","Official figure",""
"QCL","Crops and livestock products","368","Iraq","5510","Production","01802","Sugar cane","2017","2017","t","7000","A","Official figure",""
"QCL","Crops and livestock products","368","Iraq","5510","Production","01802","Sugar cane","2018","2018","t","0","A","Official figure",""
"QCL","Crops and livestock products","368","Iraq","5510","Production","01802","Sugar cane","2019","2019","t","0","A","Official figure",""
"QCL","Crops and livestock products","368","Iraq","5510","Production","01802","Sugar cane","2020","2020","t","0","A","Official figure",""
"QCL","Crops and livestock products","368","Iraq","5510","Production","01802","Sugar cane","2021","2021","t","0","A","Official figure",""
"QCL","Crops and livestock products","368","Iraq","5510","Production","01802","Sugar cane","2022","2022","t","","M","Missing value; data cannot exist",""
"QCL","Crops and livestock products","368","Iraq","5510","Production","01802","Sugar cane","2023","2023","t","","M","Missing value; data cannot exist",""
"QCL","Crops and livestock products","372","Ireland","5510","Production","01801","Sugar beet","2000","2000","t","1829000","A","Official figure",""
"QCL","Crops and livestock products","372","Ireland","5510","Production","01801","Sugar beet","2001","2001","t","1498000","A","Official figure",""
"QCL","Crops and livestock products","372","Ireland","5510","Production","01801","Sugar beet","2002","2002","t","1300700","A","Official figure",""
"QCL","Crops and livestock products","372","Ireland","5510","Production","01801","Sugar beet","2003","2003","t","1505200","A","Official figure",""
"QCL","Crops and livestock products","372","Ireland","5510","Production","01801","Sugar beet","2004","2004","t","1861400","A","Official figure",""
"QCL","Crops and livestock products","372","Ireland","5510","Production","01801","Sugar beet","2005","2005","t","1380000","A","Official figure",""
"QCL","Crops and livestock products","372","Ireland","5510","Production","01801","Sugar beet","2006","2006","t","75600","A","Official figure",""
"QCL","Crops and livestock products","372","Ireland","5510","Production","01801","Sugar beet","2007","2007","t","45000","A","Official figure",""
"QCL","Crops and livestock products","372","Ireland","5510","Production","01801","Sugar beet","2008","2008","t","80000","E","Estimated value",""
"QCL","Crops and livestock products","372","Ireland","5510","Production","01801","Sugar beet","2009","2009","t","60000","E","Estimated value",""
"QCL","Crops and livestock products","372","Ireland","5510","Production","01801","Sugar beet","2010","2010","t","50431.55","I","Value imputed by a receiving agency",""
"QCL","Crops and livestock products","372","Ireland","5510","Production","01801","Sugar beet","2011","2011","t","107177.06","I","Value imputed by a receiving agency",""
"QCL","Crops and livestock products","372","Ireland","5510","Production","01801","Sugar beet","2012","2012","t","98268.52","I","Value imputed by a receiving agency",""
"QCL","Crops and livestock products","372","Ireland","5510","Production","01801","Sugar beet","2013","2013","t","89359.99","I","Value imputed by a receiving agency",""
"QCL","Crops and livestock products","372","Ireland","5510","Production","01801","Sugar beet","2014","2014","t","85509.77","I","Value imputed by a receiving agency",""
"QCL","Crops and livestock products","372","Ireland","5510","Production","01801","Sugar beet","2015","2015","t","78317.7","I","Value imputed by a receiving agency",""
"QCL","Crops and livestock products","372","Ireland","5510","Production","01801","Sugar beet","2016","2016","t","72000","E","Estimated value",""
"QCL","Crops and livestock products","372","Ireland","5510","Production","01801","Sugar beet","2017","2017","t","75000","E","Estimated value",""
"QCL","Crops and livestock products","372","Ireland","5510","Production","01801","Sugar beet","2018","2018","t","0","A","Official figure",""
"QCL","Crops and livestock products","372","Ireland","5510","Production","01801","Sugar beet","2019","2019","t","0","A","Official figure",""
"QCL","Crops and livestock products","372","Ireland","5510","Production","01801","Sugar beet","2020","2020","t","0","A","Official figure",""
"QCL","Crops and livestock products","372","Ireland","5510","Production","01801","Sugar beet","2021","2021","t","0","A","Official figure",""
"QCL","Crops and livestock products","372","Ireland","5510","Production","01801","Sugar beet","2022","2022","t","0","A","Official figure",""
"QCL","Crops and livestock products","372","Ireland","5510","Production","01801","Sugar beet","2023","2023","t","0","A","Official figure",""
"QCL","Crops and livestock products","376","Israel","5510","Production","01801","Sugar beet","2000","2000","t","0","I","Value imputed by a receiving agency",""
"QCL","Crops and livestock products","376","Israel","5510","Production","01801","Sugar beet","2001","2001","t","0","I","Value imputed by a receiving agency",""
"QCL","Crops and livestock products","376","Israel","5510","Production","01801","Sugar beet","2002","2002","t","0","I","Value imputed by a receiving agency",""
"QCL","Crops and livestock products","376","Israel","5510","Production","01801","Sugar beet","2003","2003","t","0","I","Value imputed by a receiving agency",""
"QCL","Crops and livestock products","376","Israel","5510","Production","01801","Sugar beet","2004","2004","t","0","I","Value imputed by a receiving agency",""
"QCL","Crops and livestock products","376","Israel","5510","Production","01801","Sugar beet","2005","2005","t","0","I","Value imputed by a receiving agency",""
"QCL","Crops and livestock products","376","Israel","5510","Production","01801","Sugar beet","2006","2006","t","0","E","Estimated value",""
"QCL","Crops and livestock products","376","Israel","5510","Production","01801","Sugar beet","2007","2007","t","0","I","Value imputed by a receiving agency",""
"QCL","Crops and livestock products","376","Israel","5510","Production","01801","Sugar beet","2008","2008","t","0","I","Value imputed by a receiving agency",""
"QCL","Crops and livestock products","376","Israel","5510","Production","01801","Sugar beet","2009","2009","t","0","I","Value imputed by a receiving agency",""
"QCL","Crops and livestock products","376","Israel","5510","Production","01801","Sugar beet","2010","2010","t","","M","Missing value; data cannot exist",""
"QCL","Crops and livestock products","376","Israel","5510","Production","01801","Sugar beet","2011","2011","t","","M","Missing value; data cannot exist",""
"QCL","Crops and livestock products","376","Israel","5510","Production","01801","Sugar beet","2012","2012","t","","M","Missing value; data cannot exist",""
"QCL","Crops and livestock products","376","Israel","5510","Production","01801","Sugar beet","2013","2013","t","","M","Missing value; data cannot exist",""
"QCL","Crops and livestock products","376","Israel","5510","Production","01801","Sugar beet","2014","2014","t","","M","Missing value; data cannot exist",""
"QCL","Crops and livestock products","376","Israel","5510","Production","01801","Sugar beet","2015","2015","t","","M","Missing value; data cannot exist",""
"QCL","Crops and livestock products","376","Israel","5510","Production","01801","Sugar beet","2016","2016","t","","M","Missing value; data cannot exist",""
"QCL","Crops and livestock products","376","Israel","5510","Production","01801","Sugar beet","2017","2017","t","","M","Missing value; data cannot exist",""
"QCL","Crops and livestock products","376","Israel","5510","Production","01801","Sugar beet","2018","2018","t","","M","Missing value; data cannot exist",""
"QCL","Crops and livestock products","376","Israel","5510","Production","01801","Sugar beet","2019","2019","t","","M","Missing value; data cannot exist",""
"QCL","Crops and livestock products","376","Israel","5510","Production","01801","Sugar beet","2020","2020","t","","M","Missing value; data cannot exist",""
"QCL","Crops and livestock products","376","Israel","5510","Production","01801","Sugar beet","2021","2021","t","","M","Missing value; data cannot exist",""
"QCL","Crops and livestock products","376","Israel","5510","Production","01801","Sugar beet","2022","2022","t","","M","Missing value; data cannot exist",""
"QCL","Crops and livestock products","376","Israel","5510","Production","01801","Sugar beet","2023","2023","t","","M","Missing value; data cannot exist",""
"QCL","Crops and livestock products","380","Italy","5510","Production","01801","Sugar beet","2000","2000","t","12370000","A","Official figure",""
"QCL","Crops and livestock products","380","Italy","5510","Production","01801","Sugar beet","2001","2001","t","9916000","A","Official figure",""
"QCL","Crops and livestock products","380","Italy","5510","Production","01801","Sugar beet","2002","2002","t","12726038","A","Official figure",""
"QCL","Crops and livestock products","380","Italy","5510","Production","01801","Sugar beet","2003","2003","t","7136499","A","Official figure",""
"QCL","Crops and livestock products","380","Italy","5510","Production","01801","Sugar beet","2004","2004","t","8473024","A","Official figure",""
"QCL","Crops and livestock products","380","Italy","5510","Production","01801","Sugar beet","2005","2005","t","14155683","A","Official figure",""
"QCL","Crops and livestock products","380","Italy","5510","Production","01801","Sugar beet","2006","2006","t","4769614","A","Official figure",""
"QCL","Crops and livestock products","380","Italy","5510","Production","01801","Sugar beet","2007","2007","t","4670302","A","Official figure",""
"QCL","Crops and livestock products","380","Italy","5510","Production","01801","Sugar beet","2008","2008","t","3520855","A","Official figure",""
"QCL","Crops and livestock products","380","Italy","5510","Production","01801","Sugar beet","2009","2009","t","3307681","A","Official figure",""
"QCL","Crops and livestock products","380","Italy","5510","Production","01801","Sugar beet","2010","2010","t","3550100","A","Official figure",""
"QCL","Crops and livestock products","380","Italy","5510","Production","01801","Sugar beet","2011","2011","t","3547946.5","A","Official figure",""
"QCL","Crops and livestock products","380","Italy","5510","Production","01801","Sugar beet","2012","2012","t","2492465.6","A","Official figure",""
"QCL","Crops and livestock products","380","Italy","5510","Production","01801","Sugar beet","2013","2013","t","2159381","A","Official figure",""
"QCL","Crops and livestock products","380","Italy","5510","Production","01801","Sugar beet","2014","2014","t","3784434.7","A","Official figure",""
"QCL","Crops and livestock products","380","Italy","5510","Production","01801","Sugar beet","2015","2015","t","2183878.1","A","Official figure",""
"QCL","Crops and livestock products","380","Italy","5510","Production","01801","Sugar beet","2016","2016","t","2046297","A","Official figure",""
"QCL","Crops and livestock products","380","Italy","5510","Production","01801","Sugar beet","2017","2017","t","2453568","A","Official figure",""
"QCL","Crops and livestock products","380","Italy","5510","Production","01801","Sugar beet","2018","2018","t","1941480","A","Official figure",""
"QCL","Crops and livestock products","380","Italy","5510","Production","01801","Sugar beet","2019","2019","t","1779130","A","Official figure",""
"QCL","Crops and livestock products","380","Italy","5510","Production","01801","Sugar beet","2020","2020","t","1831090","A","Official figure",""
"QCL","Crops and livestock products","380","Italy","5510","Production","01801","Sugar beet","2021","2021","t","1510710","A","Official figure",""
"QCL","Crops and livestock products","380","Italy","5510","Production","01801","Sugar beet","2022","2022","t","1110280","A","Official figure",""
"QCL","Crops and livestock products","380","Italy","5510","Production","01801","Sugar beet","2023","2023","t","1398540","A","Official figure",""
"QCL","Crops and livestock products","388","Jamaica","5510","Production","01802","Sugar cane","2000","2000","t","2025000","A","Official figure",""
"QCL","Crops and livestock products","388","Jamaica","5510","Production","01802","Sugar cane","2001","2001","t","2231000","A","Official figure",""
"QCL","Crops and livestock products","388","Jamaica","5510","Production","01802","Sugar cane","2002","2002","t","1965500","A","Official figure",""
"QCL","Crops and livestock products","388","Jamaica","5510","Production","01802","Sugar cane","2003","2003","t","1775700","A","Official figure",""
"QCL","Crops and livestock products","388","Jamaica","5510","Production","01802","Sugar cane","2004","2004","t","1993100","A","Official figure",""
"QCL","Crops and livestock products","388","Jamaica","5510","Production","01802","Sugar cane","2005","2005","t","1368700","A","Official figure",""
"QCL","Crops and livestock products","388","Jamaica","5510","Production","01802","Sugar cane","2006","2006","t","1745300","A","Official figure",""
"QCL","Crops and livestock products","388","Jamaica","5510","Production","01802","Sugar cane","2007","2007","t","1968000","A","Official figure",""
"QCL","Crops and livestock products","388","Jamaica","5510","Production","01802","Sugar cane","2008","2008","t","1652000","A","Official figure",""
"QCL","Crops and livestock products","388","Jamaica","5510","Production","01802","Sugar cane","2009","2009","t","1334600","A","Official figure",""
"QCL","Crops and livestock products","388","Jamaica","5510","Production","01802","Sugar cane","2010","2010","t","1390100","A","Official figure",""
"QCL","Crops and livestock products","388","Jamaica","5510","Production","01802","Sugar cane","2011","2011","t","1518300","A","Official figure",""
"QCL","Crops and livestock products","388","Jamaica","5510","Production","01802","Sugar cane","2012","2012","t","1475200","A","Official figure",""
"QCL","Crops and livestock products","388","Jamaica","5510","Production","01802","Sugar cane","2013","2013","t","1402600","A","Official figure",""
"QCL","Crops and livestock products","388","Jamaica","5510","Production","01802","Sugar cane","2014","2014","t","1779300","A","Official figure",""
"QCL","Crops and livestock products","388","Jamaica","5510","Production","01802","Sugar cane","2015","2015","t","1572400","A","Official figure",""
"QCL","Crops and livestock products","388","Jamaica","5510","Production","01802","Sugar cane","2016","2016","t","1127100","A","Official figure",""
"QCL","Crops and livestock products","388","Jamaica","5510","Production","01802","Sugar cane","2017","2017","t","1131200","A","Official figure",""
"QCL","Crops and livestock products","388","Jamaica","5510","Production","01802","Sugar cane","2018","2018","t","1028400","A","Official figure",""
"QCL","Crops and livestock products","388","Jamaica","5510","Production","01802","Sugar cane","2019","2019","t","744165","A","Official figure",""
"QCL","Crops and livestock products","388","Jamaica","5510","Production","01802","Sugar cane","2020","2020","t","522503","A","Official figure",""
"QCL","Crops and livestock products","388","Jamaica","5510","Production","01802","Sugar cane","2021","2021","t","499044","A","Official figure",""
"QCL","Crops and livestock products","388","Jamaica","5510","Production","01802","Sugar cane","2022","2022","t","479957","A","Official figure",""
"QCL","Crops and livestock products","388","Jamaica","5510","Production","01802","Sugar cane","2023","2023","t","414769","A","Official figure",""
"QCL","Crops and livestock products","392","Japan","5510","Production","01801","Sugar beet","2000","2000","t","3673000","A","Official figure",""
"QCL","Crops and livestock products","392","Japan","5510","Production","01801","Sugar beet","2001","2001","t","3796000","A","Official figure",""
"QCL","Crops and livestock products","392","Japan","5510","Production","01801","Sugar beet","2002","2002","t","4098000","A","Official figure",""
"QCL","Crops and livestock products","392","Japan","5510","Production","01801","Sugar beet","2003","2003","t","4161000","A","Official figure",""
"QCL","Crops and livestock products","392","Japan","5510","Production","01801","Sugar beet","2004","2004","t","4656000","A","Official figure",""
"QCL","Crops and livestock products","392","Japan","5510","Production","01801","Sugar beet","2005","2005","t","4201000","A","Official figure",""
"QCL","Crops and livestock products","392","Japan","5510","Production","01801","Sugar beet","2006","2006","t","3923000","A","Official figure",""
"QCL","Crops and livestock products","392","Japan","5510","Production","01801","Sugar beet","2007","2007","t","4297000","A","Official figure",""
"QCL","Crops and livestock products","392","Japan","5510","Production","01801","Sugar beet","2008","2008","t","4248000","A","Official figure",""
"QCL","Crops and livestock products","392","Japan","5510","Production","01801","Sugar beet","2009","2009","t","3649000","A","Official figure",""
"QCL","Crops and livestock products","392","Japan","5510","Production","01801","Sugar beet","2010","2010","t","3090000","A","Official figure",""
"QCL","Crops and livestock products","392","Japan","5510","Production","01801","Sugar beet","2011","2011","t","3547000","A","Official figure",""
"QCL","Crops and livestock products","392","Japan","5510","Production","01801","Sugar beet","2012","2012","t","3758000","A","Official figure",""
"QCL","Crops and livestock products","392","Japan","5510","Production","01801","Sugar beet","2013","2013","t","3435000","A","Official figure",""
"QCL","Crops and livestock products","392","Japan","5510","Production","01801","Sugar beet","2014","2014","t","3567000","A","Official figure",""
"QCL","Crops and livestock products","392","Japan","5510","Production","01801","Sugar beet","2015","2015","t","3925000","A","Official figure",""
"QCL","Crops and livestock products","392","Japan","5510","Production","01801","Sugar beet","2016","2016","t","3189000","A","Official figure",""
"QCL","Crops and livestock products","392","Japan","5510","Production","01801","Sugar beet","2017","2017","t","3901000","A","Official figure",""
"QCL","Crops and livestock products","392","Japan","5510","Production","01801","Sugar beet","2018","2018","t","3611000","A","Official figure",""
"QCL","Crops and livestock products","392","Japan","5510","Production","01801","Sugar beet","2019","2019","t","3986000","A","Official figure",""
"QCL","Crops and livestock products","392","Japan","5510","Production","01801","Sugar beet","2020","2020","t","3912000","A","Official figure",""
"QCL","Crops and livestock products","392","Japan","5510","Production","01801","Sugar beet","2021","2021","t","4061000","A","Official figure",""
"QCL","Crops and livestock products","392","Japan","5510","Production","01801","Sugar beet","2022","2022","t","3545000","A","Official figure",""
"QCL","Crops and livestock products","392","Japan","5510","Production","01801","Sugar beet","2023","2023","t","3403000","A","Official figure",""
"QCL","Crops and livestock products","392","Japan","5510","Production","01802","Sugar cane","2000","2000","t","1395000","A","Official figure",""
"QCL","Crops and livestock products","392","Japan","5510","Production","01802","Sugar cane","2001","2001","t","1499000","A","Official figure",""
"QCL","Crops and livestock products","392","Japan","5510","Production","01802","Sugar cane","2002","2002","t","1328000","A","Official figure",""
"QCL","Crops and livestock products","392","Japan","5510","Production","01802","Sugar cane","2003","2003","t","1389000","A","Official figure",""
"QCL","Crops and livestock products","392","Japan","5510","Production","01802","Sugar cane","2004","2004","t","1187000","A","Official figure",""
"QCL","Crops and livestock products","392","Japan","5510","Production","01802","Sugar cane","2005","2005","t","1214000","A","Official figure",""
"QCL","Crops and livestock products","392","Japan","5510","Production","01802","Sugar cane","2006","2006","t","1310000","A","Official figure",""
"QCL","Crops and livestock products","392","Japan","5510","Production","01802","Sugar cane","2007","2007","t","1500000","A","Official figure",""
"QCL","Crops and livestock products","392","Japan","5510","Production","01802","Sugar cane","2008","2008","t","1598000","A","Official figure",""
"QCL","Crops and livestock products","392","Japan","5510","Production","01802","Sugar cane","2009","2009","t","1515000","A","Official figure",""
"QCL","Crops and livestock products","392","Japan","5510","Production","01802","Sugar cane","2010","2010","t","1469000","A","Official figure",""
"QCL","Crops and livestock products","392","Japan","5510","Production","01802","Sugar cane","2011","2011","t","1000000","A","Official figure",""
"QCL","Crops and livestock products","392","Japan","5510","Production","01802","Sugar cane","2012","2012","t","1108000","A","Official figure",""
"QCL","Crops and livestock products","392","Japan","5510","Production","01802","Sugar cane","2013","2013","t","1191000","A","Official figure",""
"QCL","Crops and livestock products","392","Japan","5510","Production","01802","Sugar cane","2014","2014","t","1159000","A","Official figure",""
"QCL","Crops and livestock products","392","Japan","5510","Production","01802","Sugar cane","2015","2015","t","1260000","A","Official figure",""
"QCL","Crops and livestock products","392","Japan","5510","Production","01802","Sugar cane","2016","2016","t","1574000","A","Official figure",""
"QCL","Crops and livestock products","392","Japan","5510","Production","01802","Sugar cane","2017","2017","t","1297000","A","Official figure",""
"QCL","Crops and livestock products","392","Japan","5510","Production","01802","Sugar cane","2018","2018","t","1196000","A","Official figure",""
"QCL","Crops and livestock products","392","Japan","5510","Production","01802","Sugar cane","2019","2019","t","1174000","A","Official figure",""
"QCL","Crops and livestock products","392","Japan","5510","Production","01802","Sugar cane","2020","2020","t","1336000","A","Official figure",""
"QCL","Crops and livestock products","392","Japan","5510","Production","01802","Sugar cane","2021","2021","t","1359000","A","Official figure",""
"QCL","Crops and livestock products","392","Japan","5510","Production","01802","Sugar cane","2022","2022","t","1272000","A","Official figure",""
"QCL","Crops and livestock products","392","Japan","5510","Production","01802","Sugar cane","2023","2023","t","1182000","A","Official figure",""
"QCL","Crops and livestock products","398","Kazakhstan","5510","Production","01801","Sugar beet","2000","2000","t","272680","A","Official figure",""
"QCL","Crops and livestock products","398","Kazakhstan","5510","Production","01801","Sugar beet","2001","2001","t","282470","A","Official figure",""
"QCL","Crops and livestock products","398","Kazakhstan","5510","Production","01801","Sugar beet","2002","2002","t","372210","A","Official figure",""
"QCL","Crops and livestock products","398","Kazakhstan","5510","Production","01801","Sugar beet","2003","2003","t","423630","A","Official figure",""
"QCL","Crops and livestock products","398","Kazakhstan","5510","Production","01801","Sugar beet","2004","2004","t","397910","A","Official figure",""
"QCL","Crops and livestock products","398","Kazakhstan","5510","Production","01801","Sugar beet","2005","2005","t","310840","A","Official figure",""
"QCL","Crops and livestock products","398","Kazakhstan","5510","Production","01801","Sugar beet","2006","2006","t","338980","A","Official figure",""
"QCL","Crops and livestock products","398","Kazakhstan","5510","Production","01801","Sugar beet","2007","2007","t","309380","A","Official figure",""
"QCL","Crops and livestock products","398","Kazakhstan","5510","Production","01801","Sugar beet","2008","2008","t","130200","A","Official figure",""
"QCL","Crops and livestock products","398","Kazakhstan","5510","Production","01801","Sugar beet","2009","2009","t","181270","A","Official figure",""
"QCL","Crops and livestock products","398","Kazakhstan","5510","Production","01801","Sugar beet","2010","2010","t","151970","A","Official figure",""
"QCL","Crops and livestock products","398","Kazakhstan","5510","Production","01801","Sugar beet","2011","2011","t","200414.6","A","Official figure",""
"QCL","Crops and livestock products","398","Kazakhstan","5510","Production","01801","Sugar beet","2012","2012","t","151663.22","A","Official figure",""
"QCL","Crops and livestock products","398","Kazakhstan","5510","Production","01801","Sugar beet","2013","2013","t","64608.9","A","Official figure",""
"QCL","Crops and livestock products","398","Kazakhstan","5510","Production","01801","Sugar beet","2014","2014","t","23882","A","Official figure",""
"QCL","Crops and livestock products","398","Kazakhstan","5510","Production","01801","Sugar beet","2015","2015","t","174140","A","Official figure",""
"QCL","Crops and livestock products","398","Kazakhstan","5510","Production","01801","Sugar beet","2016","2016","t","345020","A","Official figure",""
"QCL","Crops and livestock products","398","Kazakhstan","5510","Production","01801","Sugar beet","2017","2017","t","463197","A","Official figure",""
"QCL","Crops and livestock products","398","Kazakhstan","5510","Production","01801","Sugar beet","2018","2018","t","504541.48","A","Official figure",""
"QCL","Crops and livestock products","398","Kazakhstan","5510","Production","01801","Sugar beet","2019","2019","t","485498.61","A","Official figure",""
"QCL","Crops and livestock products","398","Kazakhstan","5510","Production","01801","Sugar beet","2020","2020","t","466307.6","A","Official figure",""
"QCL","Crops and livestock products","398","Kazakhstan","5510","Production","01801","Sugar beet","2021","2021","t","332180.51","A","Official figure",""
"QCL","Crops and livestock products","398","Kazakhstan","5510","Production","01801","Sugar beet","2022","2022","t","305653.47","A","Official figure",""
"QCL","Crops and livestock products","398","Kazakhstan","5510","Production","01801","Sugar beet","2023","2023","t","510225.8","A","Official figure",""
"QCL","Crops and livestock products","404","Kenya","5510","Production","01802","Sugar cane","2000","2000","t","3941524","A","Official figure",""
"QCL","Crops and livestock products","404","Kenya","5510","Production","01802","Sugar cane","2001","2001","t","3550792","A","Official figure",""
"QCL","Crops and livestock products","404","Kenya","5510","Production","01802","Sugar cane","2002","2002","t","4501363","A","Official figure",""
"QCL","Crops and livestock products","404","Kenya","5510","Production","01802","Sugar cane","2003","2003","t","4204055","A","Official figure",""
"QCL","Crops and livestock products","404","Kenya","5510","Production","01802","Sugar cane","2004","2004","t","4660995","A","Official figure",""
"QCL","Crops and livestock products","404","Kenya","5510","Production","01802","Sugar cane","2005","2005","t","4800820","A","Official figure",""
"QCL","Crops and livestock products","404","Kenya","5510","Production","01802","Sugar cane","2006","2006","t","4932839","A","Official figure",""
"QCL","Crops and livestock products","404","Kenya","5510","Production","01802","Sugar cane","2007","2007","t","5204214","A","Official figure",""
"QCL","Crops and livestock products","404","Kenya","5510","Production","01802","Sugar cane","2008","2008","t","5112000","A","Official figure",""
"QCL","Crops and livestock products","404","Kenya","5510","Production","01802","Sugar cane","2009","2009","t","5610702","A","Official figure",""
"QCL","Crops and livestock products","404","Kenya","5510","Production","01802","Sugar cane","2010","2010","t","5709586","A","Official figure",""
"QCL","Crops and livestock products","404","Kenya","5510","Production","01802","Sugar cane","2011","2011","t","5307341","A","Official figure",""
"QCL","Crops and livestock products","404","Kenya","5510","Production","01802","Sugar cane","2012","2012","t","5823964","A","Official figure",""
"QCL","Crops and livestock products","404","Kenya","5510","Production","01802","Sugar cane","2013","2013","t","6673725","A","Official figure",""
"QCL","Crops and livestock products","404","Kenya","5510","Production","01802","Sugar cane","2014","2014","t","6409929","A","Official figure",""
"QCL","Crops and livestock products","404","Kenya","5510","Production","01802","Sugar cane","2015","2015","t","7164790","A","Official figure",""
"QCL","Crops and livestock products","404","Kenya","5510","Production","01802","Sugar cane","2016","2016","t","7094619","A","Official figure",""
"QCL","Crops and livestock products","404","Kenya","5510","Production","01802","Sugar cane","2017","2017","t","4751605.24","A","Official figure",""
"QCL","Crops and livestock products","404","Kenya","5510","Production","01802","Sugar cane","2018","2018","t","5262157","A","Official figure",""
"QCL","Crops and livestock products","404","Kenya","5510","Production","01802","Sugar cane","2019","2019","t","4606100","A","Official figure",""
"QCL","Crops and livestock products","404","Kenya","5510","Production","01802","Sugar cane","2020","2020","t","6810898","A","Official figure",""
"QCL","Crops and livestock products","404","Kenya","5510","Production","01802","Sugar cane","2021","2021","t","7659100","A","Official figure",""
"QCL","Crops and livestock products","404","Kenya","5510","Production","01802","Sugar cane","2022","2022","t","8799800","A","Official figure",""
"QCL","Crops and livestock products","404","Kenya","5510","Production","01802","Sugar cane","2023","2023","t","5556100","A","Official figure",""
"QCL","Crops and livestock products","414","Kuwait","5510","Production","01802","Sugar cane","2020","2020","t","","M","Missing value; data cannot exist",""
"QCL","Crops and livestock products","414","Kuwait","5510","Production","01802","Sugar cane","2021","2021","t","2","A","Official figure",""
"QCL","Crops and livestock products","414","Kuwait","5510","Production","01802","Sugar cane","2022","2022","t","2","A","Official figure",""
"QCL","Crops and livestock products","414","Kuwait","5510","Production","01802","Sugar cane","2023","2023","t","3","A","Official figure",""
"QCL","Crops and livestock products","417","Kyrgyzstan","5510","Production","01801","Sugar beet","2000","2000","t","449800","A","Official figure",""
"QCL","Crops and livestock products","417","Kyrgyzstan","5510","Production","01801","Sugar beet","2001","2001","t","286640","A","Official figure",""
"QCL","Crops and livestock products","417","Kyrgyzstan","5510","Production","01801","Sugar beet","2002","2002","t","521485","A","Official figure",""
"QCL","Crops and livestock products","417","Kyrgyzstan","5510","Production","01801","Sugar beet","2003","2003","t","812265","A","Official figure",""
"QCL","Crops and livestock products","417","Kyrgyzstan","5510","Production","01801","Sugar beet","2004","2004","t","642392","A","Official figure",""
"QCL","Crops and livestock products","417","Kyrgyzstan","5510","Production","01801","Sugar beet","2005","2005","t","288834","A","Official figure",""
"QCL","Crops and livestock products","417","Kyrgyzstan","5510","Production","01801","Sugar beet","2006","2006","t","225993","A","Official figure",""
"QCL","Crops and livestock products","417","Kyrgyzstan","5510","Production","01801","Sugar beet","2007","2007","t","155432","A","Official figure",""
"QCL","Crops and livestock products","417","Kyrgyzstan","5510","Production","01801","Sugar beet","2008","2008","t","98000","E","Estimated value",""
"QCL","Crops and livestock products","417","Kyrgyzstan","5510","Production","01801","Sugar beet","2009","2009","t","54000","A","Official figure",""
"QCL","Crops and livestock products","417","Kyrgyzstan","5510","Production","01801","Sugar beet","2010","2010","t","139174","A","Official figure",""
"QCL","Crops and livestock products","417","Kyrgyzstan","5510","Production","01801","Sugar beet","2011","2011","t","158818","A","Official figure",""
"QCL","Crops and livestock products","417","Kyrgyzstan","5510","Production","01801","Sugar beet","2012","2012","t","102010","A","Official figure",""
"QCL","Crops and livestock products","417","Kyrgyzstan","5510","Production","01801","Sugar beet","2013","2013","t","195415","A","Official figure",""
"QCL","Crops and livestock products","417","Kyrgyzstan","5510","Production","01801","Sugar beet","2014","2014","t","173609","A","Official figure",""
"QCL","Crops and livestock products","417","Kyrgyzstan","5510","Production","01801","Sugar beet","2015","2015","t","183226","A","Official figure",""
"QCL","Crops and livestock products","417","Kyrgyzstan","5510","Production","01801","Sugar beet","2016","2016","t","705182.5","A","Official figure",""
"QCL","Crops and livestock products","417","Kyrgyzstan","5510","Production","01801","Sugar beet","2017","2017","t","712278.1","A","Official figure",""
"QCL","Crops and livestock products","417","Kyrgyzstan","5510","Production","01801","Sugar beet","2018","2018","t","773034","A","Official figure",""
"QCL","Crops and livestock products","417","Kyrgyzstan","5510","Production","01801","Sugar beet","2019","2019","t","741128","A","Official figure",""
"QCL","Crops and livestock products","417","Kyrgyzstan","5510","Production","01801","Sugar beet","2020","2020","t","448771.5","A","Official figure",""
"QCL","Crops and livestock products","417","Kyrgyzstan","5510","Production","01801","Sugar beet","2021","2021","t","365588","A","Official figure",""
"QCL","Crops and livestock products","417","Kyrgyzstan","5510","Production","01801","Sugar beet","2022","2022","t","468093","A","Official figure",""
"QCL","Crops and livestock products","417","Kyrgyzstan","5510","Production","01801","Sugar beet","2023","2023","t","621001","A","Official figure",""
"QCL","Crops and livestock products","418","Lao People's Democratic Republic","5510","Production","01802","Sugar cane","2000","2000","t","296960","A","Official figure",""
"QCL","Crops and livestock products","418","Lao People's Democratic Republic","5510","Production","01802","Sugar cane","2001","2001","t","208850","A","Official figure",""
"QCL","Crops and livestock products","418","Lao People's Democratic Republic","5510","Production","01802","Sugar cane","2002","2002","t","222036","A","Official figure",""
"QCL","Crops and livestock products","418","Lao People's Democratic Republic","5510","Production","01802","Sugar cane","2003","2003","t","308417","A","Official figure",""
"QCL","Crops and livestock products","418","Lao People's Democratic Republic","5510","Production","01802","Sugar cane","2004","2004","t","223300","A","Official figure",""
"QCL","Crops and livestock products","418","Lao People's Democratic Republic","5510","Production","01802","Sugar cane","2005","2005","t","196100","A","Official figure",""
"QCL","Crops and livestock products","418","Lao People's Democratic Republic","5510","Production","01802","Sugar cane","2006","2006","t","218430","A","Official figure",""
"QCL","Crops and livestock products","418","Lao People's Democratic Republic","5510","Production","01802","Sugar cane","2007","2007","t","323875","A","Official figure",""
"QCL","Crops and livestock products","418","Lao People's Democratic Republic","5510","Production","01802","Sugar cane","2008","2008","t","416730","A","Official figure",""
"QCL","Crops and livestock products","418","Lao People's Democratic Republic","5510","Production","01802","Sugar cane","2009","2009","t","433500","A","Official figure",""
"QCL","Crops and livestock products","418","Lao People's Democratic Republic","5510","Production","01802","Sugar cane","2010","2010","t","818675","A","Official figure",""
"QCL","Crops and livestock products","418","Lao People's Democratic Republic","5510","Production","01802","Sugar cane","2011","2011","t","1222000","A","Official figure",""
"QCL","Crops and livestock products","418","Lao People's Democratic Republic","5510","Production","01802","Sugar cane","2012","2012","t","1055675","A","Official figure",""
"QCL","Crops and livestock products","418","Lao People's Democratic Republic","5510","Production","01802","Sugar cane","2013","2013","t","865130","A","Official figure",""
"QCL","Crops and livestock products","418","Lao People's Democratic Republic","5510","Production","01802","Sugar cane","2014","2014","t","1840465","A","Official figure",""
"QCL","Crops and livestock products","418","Lao People's Democratic Republic","5510","Production","01802","Sugar cane","2015","2015","t","2018655","A","Official figure",""
"QCL","Crops and livestock products","418","Lao People's Democratic Republic","5510","Production","01802","Sugar cane","2016","2016","t","2019000","A","Official figure",""
"QCL","Crops and livestock products","418","Lao People's Democratic Republic","5510","Production","01802","Sugar cane","2017","2017","t","1764390","A","Official figure",""
"QCL","Crops and livestock products","418","Lao People's Democratic Republic","5510","Production","01802","Sugar cane","2018","2018","t","1834525","A","Official figure",""
"QCL","Crops and livestock products","418","Lao People's Democratic Republic","5510","Production","01802","Sugar cane","2019","2019","t","1490470","A","Official figure",""
"QCL","Crops and livestock products","418","Lao People's Democratic Republic","5510","Production","01802","Sugar cane","2020","2020","t","1337329.14","I","Value imputed by a receiving agency",""
"QCL","Crops and livestock products","418","Lao People's Democratic Republic","5510","Production","01802","Sugar cane","2021","2021","t","1141200","A","Official figure",""
"QCL","Crops and livestock products","418","Lao People's Democratic Republic","5510","Production","01802","Sugar cane","2022","2022","t","1502200","A","Official figure",""
"QCL","Crops and livestock products","418","Lao People's Democratic Republic","5510","Production","01802","Sugar cane","2023","2023","t","1653980","A","Official figure",""
"QCL","Crops and livestock products","428","Latvia","5510","Production","01801","Sugar beet","2000","2000","t","407700","A","Official figure",""
"QCL","Crops and livestock products","428","Latvia","5510","Production","01801","Sugar beet","2001","2001","t","491200","A","Official figure",""
"QCL","Crops and livestock products","428","Latvia","5510","Production","01801","Sugar beet","2002","2002","t","622300","A","Official figure",""
"QCL","Crops and livestock products","428","Latvia","5510","Production","01801","Sugar beet","2003","2003","t","532400","A","Official figure",""
"QCL","Crops and livestock products","428","Latvia","5510","Production","01801","Sugar beet","2004","2004","t","505600","A","Official figure",""
"QCL","Crops and livestock products","428","Latvia","5510","Production","01801","Sugar beet","2005","2005","t","519900","A","Official figure",""
"QCL","Crops and livestock products","428","Latvia","5510","Production","01801","Sugar beet","2006","2006","t","473900","A","Official figure",""
"QCL","Crops and livestock products","428","Latvia","5510","Production","01801","Sugar beet","2007","2007","t","267488.42","I","Value imputed by a receiving agency",""
"QCL","Crops and livestock products","428","Latvia","5510","Production","01801","Sugar beet","2008","2008","t","0","A","Official figure",""
"QCL","Crops and livestock products","428","Latvia","5510","Production","01801","Sugar beet","2009","2009","t","0","A","Official figure",""
"QCL","Crops and livestock products","428","Latvia","5510","Production","01801","Sugar beet","2010","2010","t","0","A","Official figure",""
"QCL","Crops and livestock products","428","Latvia","5510","Production","01801","Sugar beet","2011","2011","t","0","A","Official figure",""
"QCL","Crops and livestock products","428","Latvia","5510","Production","01801","Sugar beet","2012","2012","t","0","A","Official figure",""
"QCL","Crops and livestock products","428","Latvia","5510","Production","01801","Sugar beet","2013","2013","t","0","A","Official figure",""
"QCL","Crops and livestock products","428","Latvia","5510","Production","01801","Sugar beet","2014","2014","t","0","A","Official figure",""
"QCL","Crops and livestock products","428","Latvia","5510","Production","01801","Sugar beet","2015","2015","t","0","A","Official figure",""
"QCL","Crops and livestock products","428","Latvia","5510","Production","01801","Sugar beet","2016","2016","t","0","A","Official figure",""
"QCL","Crops and livestock products","428","Latvia","5510","Production","01801","Sugar beet","2017","2017","t","0","A","Official figure",""
"QCL","Crops and livestock products","428","Latvia","5510","Production","01801","Sugar beet","2018","2018","t","0","A","Official figure",""
"QCL","Crops and livestock products","428","Latvia","5510","Production","01801","Sugar beet","2019","2019","t","0","A","Official figure",""
"QCL","Crops and livestock products","428","Latvia","5510","Production","01801","Sugar beet","2020","2020","t","0","A","Official figure",""
"QCL","Crops and livestock products","428","Latvia","5510","Production","01801","Sugar beet","2021","2021","t","0","A","Official figure",""
"QCL","Crops and livestock products","428","Latvia","5510","Production","01801","Sugar beet","2022","2022","t","0","A","Official figure",""
"QCL","Crops and livestock products","428","Latvia","5510","Production","01801","Sugar beet","2023","2023","t","0","A","Official figure",""
"QCL","Crops and livestock products","422","Lebanon","5510","Production","01801","Sugar beet","2000","2000","t","341700","A","Official figure",""
"QCL","Crops and livestock products","422","Lebanon","5510","Production","01801","Sugar beet","2001","2001","t","15200","A","Official figure",""
"QCL","Crops and livestock products","422","Lebanon","5510","Production","01801","Sugar beet","2002","2002","t","0","A","Official figure",""
"QCL","Crops and livestock products","422","Lebanon","5510","Production","01801","Sugar beet","2003","2003","t","0","A","Official figure",""
"QCL","Crops and livestock products","422","Lebanon","5510","Production","01801","Sugar beet","2004","2004","t","84800","A","Official figure",""
"QCL","Crops and livestock products","422","Lebanon","5510","Production","01801","Sugar beet","2005","2005","t","79200","A","Official figure",""
"QCL","Crops and livestock products","422","Lebanon","5510","Production","01801","Sugar beet","2006","2006","t","35000","A","Official figure",""
"QCL","Crops and livestock products","422","Lebanon","5510","Production","01801","Sugar beet","2007","2007","t","37000","A","Official figure",""
"QCL","Crops and livestock products","422","Lebanon","5510","Production","01801","Sugar beet","2008","2008","t","30900","A","Official figure",""
"QCL","Crops and livestock products","422","Lebanon","5510","Production","01801","Sugar beet","2009","2009","t","1000","A","Official figure",""
"QCL","Crops and livestock products","422","Lebanon","5510","Production","01801","Sugar beet","2010","2010","t","1595.5","I","Value imputed by a receiving agency",""
"QCL","Crops and livestock products","422","Lebanon","5510","Production","01801","Sugar beet","2011","2011","t","10198.76","I","Value imputed by a receiving agency",""
"QCL","Crops and livestock products","422","Lebanon","5510","Production","01801","Sugar beet","2012","2012","t","7597.6","I","Value imputed by a receiving agency",""
"QCL","Crops and livestock products","422","Lebanon","5510","Production","01801","Sugar beet","2013","2013","t","1300","A","Official figure",""
"QCL","Crops and livestock products","422","Lebanon","5510","Production","01801","Sugar beet","2014","2014","t","5700","A","Official figure",""
"QCL","Crops and livestock products","422","Lebanon","5510","Production","01801","Sugar beet","2015","2015","t","9871.67","I","Value imputed by a receiving agency",""
"QCL","Crops and livestock products","422","Lebanon","5510","Production","01801","Sugar beet","2016","2016","t","10297.67","I","Value imputed by a receiving agency",""
"QCL","Crops and livestock products","422","Lebanon","5510","Production","01801","Sugar beet","2017","2017","t","10653.66","I","Value imputed by a receiving agency",""
"QCL","Crops and livestock products","422","Lebanon","5510","Production","01801","Sugar beet","2018","2018","t","10653.66","I","Value imputed by a receiving agency",""
"QCL","Crops and livestock products","422","Lebanon","5510","Production","01801","Sugar beet","2019","2019","t","10653.66","I","Value imputed by a receiving agency",""
"QCL","Crops and livestock products","422","Lebanon","5510","Production","01801","Sugar beet","2020","2020","t","10420.75","I","Value imputed by a receiving agency",""
"QCL","Crops and livestock products","422","Lebanon","5510","Production","01801","Sugar beet","2021","2021","t","10496.26","I","Value imputed by a receiving agency",""
"QCL","Crops and livestock products","422","Lebanon","5510","Production","01801","Sugar beet","2022","2022","t","10579.88","I","Value imputed by a receiving agency",""
"QCL","Crops and livestock products","422","Lebanon","5510","Production","01801","Sugar beet","2023","2023","t","10382.62","I","Value imputed by a receiving agency",""
"QCL","Crops and livestock products","422","Lebanon","5510","Production","01802","Sugar cane","2000","2000","t","4700","E","Estimated value",""
"QCL","Crops and livestock products","422","Lebanon","5510","Production","01802","Sugar cane","2001","2001","t","0","A","Official figure",""
"QCL","Crops and livestock products","422","Lebanon","5510","Production","01802","Sugar cane","2002","2002","t","0","A","Official figure",""
"QCL","Crops and livestock products","422","Lebanon","5510","Production","01802","Sugar cane","2003","2003","t","0","A","Official figure",""
"QCL","Crops and livestock products","422","Lebanon","5510","Production","01802","Sugar cane","2004","2004","t","0","E","Estimated value",""
"QCL","Crops and livestock products","422","Lebanon","5510","Production","01802","Sugar cane","2005","2005","t","0","E","Estimated value",""
"QCL","Crops and livestock products","422","Lebanon","5510","Production","01802","Sugar cane","2006","2006","t","0","E","Estimated value",""
"QCL","Crops and livestock products","422","Lebanon","5510","Production","01802","Sugar cane","2007","2007","t","0","E","Estimated value",""
"QCL","Crops and livestock products","422","Lebanon","5510","Production","01802","Sugar cane","2008","2008","t","","M","Missing value; data cannot exist",""
"QCL","Crops and livestock products","422","Lebanon","5510","Production","01802","Sugar cane","2016","2016","t","","M","Missing value; data cannot exist",""
"QCL","Crops and livestock products","422","Lebanon","5510","Production","01802","Sugar cane","2017","2017","t","","M","Missing value; data cannot exist",""
"QCL","Crops and livestock products","422","Lebanon","5510","Production","01802","Sugar cane","2018","2018","t","","M","Missing value; data cannot exist",""
"QCL","Crops and livestock products","422","Lebanon","5510","Production","01802","Sugar cane","2019","2019","t","","M","Missing value; data cannot exist",""
"QCL","Crops and livestock products","422","Lebanon","5510","Production","01802","Sugar cane","2020","2020","t","","M","Missing value; data cannot exist",""
"QCL","Crops and livestock products","422","Lebanon","5510","Production","01802","Sugar cane","2021","2021","t","","M","Missing value; data cannot exist",""
"QCL","Crops and livestock products","422","Lebanon","5510","Production","01802","Sugar cane","2022","2022","t","","M","Missing value; data cannot exist",""
"QCL","Crops and livestock products","422","Lebanon","5510","Production","01802","Sugar cane","2023","2023","t","","M","Missing value; data cannot exist",""
"QCL","Crops and livestock products","430","Liberia","5510","Production","01802","Sugar cane","2000","2000","t","250000","E","Estimated value",""
"QCL","Crops and livestock products","430","Liberia","5510","Production","01802","Sugar cane","2001","2001","t","255000","E","Estimated value",""
"QCL","Crops and livestock products","430","Liberia","5510","Production","01802","Sugar cane","2002","2002","t","255000","E","Estimated value",""
"QCL","Crops and livestock products","430","Liberia","5510","Production","01802","Sugar cane","2003","2003","t","255000","E","Estimated value",""
"QCL","Crops and livestock products","430","Liberia","5510","Production","01802","Sugar cane","2004","2004","t","255000","E","Estimated value",""
"QCL","Crops and livestock products","430","Liberia","5510","Production","01802","Sugar cane","2005","2005","t","255000","E","Estimated value",""
"QCL","Crops and livestock products","430","Liberia","5510","Production","01802","Sugar cane","2006","2006","t","255000","E","Estimated value",""
"QCL","Crops and livestock products","430","Liberia","5510","Production","01802","Sugar cane","2007","2007","t","265000","E","Estimated value",""
"QCL","Crops and livestock products","430","Liberia","5510","Production","01802","Sugar cane","2008","2008","t","265000","E","Estimated value",""
"QCL","Crops and livestock products","430","Liberia","5510","Production","01802","Sugar cane","2009","2009","t","265000","E","Estimated value",""
"QCL","Crops and livestock products","430","Liberia","5510","Production","01802","Sugar cane","2010","2010","t","265000","E","Estimated value",""
"QCL","Crops and livestock products","430","Liberia","5510","Production","01802","Sugar cane","2011","2011","t","265000","E","Estimated value",""
"QCL","Crops and livestock products","430","Liberia","5510","Production","01802","Sugar cane","2012","2012","t","265000","E","Estimated value",""
"QCL","Crops and livestock products","430","Liberia","5510","Production","01802","Sugar cane","2013","2013","t","265000","E","Estimated value",""
"QCL","Crops and livestock products","430","Liberia","5510","Production","01802","Sugar cane","2014","2014","t","265746.93","I","Value imputed by a receiving agency",""
"QCL","Crops and livestock products","430","Liberia","5510","Production","01802","Sugar cane","2015","2015","t","269556.86","I","Value imputed by a receiving agency",""
"QCL","Crops and livestock products","430","Liberia","5510","Production","01802","Sugar cane","2016","2016","t","271855.04","I","Value imputed by a receiving agency",""
"QCL","Crops and livestock products","430","Liberia","5510","Production","01802","Sugar cane","2017","2017","t","273293.47","I","Value imputed by a receiving agency",""
"QCL","Crops and livestock products","430","Liberia","5510","Production","01802","Sugar cane","2018","2018","t","274326.32","I","Value imputed by a receiving agency",""
"QCL","Crops and livestock products","430","Liberia","5510","Production","01802","Sugar cane","2019","2019","t","275111.12","I","Value imputed by a receiving agency",""
"QCL","Crops and livestock products","430","Liberia","5510","Production","01802","Sugar cane","2020","2020","t","275802.19","I","Value imputed by a receiving agency",""
"QCL","Crops and livestock products","430","Liberia","5510","Production","01802","Sugar cane","2021","2021","t","277423.05","I","Value imputed by a receiving agency",""
"QCL","Crops and livestock products","430","Liberia","5510","Production","01802","Sugar cane","2022","2022","t","277971.07","I","Value imputed by a receiving agency",""
"QCL","Crops and livestock products","430","Liberia","5510","Production","01802","Sugar cane","2023","2023","t","278830.69","I","Value imputed by a receiving agency",""
"QCL","Crops and livestock products","440","Lithuania","5510","Production","01801","Sugar beet","2000","2000","t","881600","A","Official figure",""
"QCL","Crops and livestock products","440","Lithuania","5510","Production","01801","Sugar beet","2001","2001","t","880400","A","Official figure",""
"QCL","Crops and livestock products","440","Lithuania","5510","Production","01801","Sugar beet","2002","2002","t","1052400","A","Official figure",""
"QCL","Crops and livestock products","440","Lithuania","5510","Production","01801","Sugar beet","2003","2003","t","977400","A","Official figure",""
"QCL","Crops and livestock products","440","Lithuania","5510","Production","01801","Sugar beet","2004","2004","t","904900","A","Official figure",""
"QCL","Crops and livestock products","440","Lithuania","5510","Production","01801","Sugar beet","2005","2005","t","798500","A","Official figure",""
"QCL","Crops and livestock products","440","Lithuania","5510","Production","01801","Sugar beet","2006","2006","t","717100","A","Official figure",""
"QCL","Crops and livestock products","440","Lithuania","5510","Production","01801","Sugar beet","2007","2007","t","799900","A","Official figure",""
"QCL","Crops and livestock products","440","Lithuania","5510","Production","01801","Sugar beet","2008","2008","t","339100","A","Official figure",""
"QCL","Crops and livestock products","440","Lithuania","5510","Production","01801","Sugar beet","2009","2009","t","682000","A","Official figure",""
"QCL","Crops and livestock products","440","Lithuania","5510","Production","01801","Sugar beet","2010","2010","t","706700","A","Official figure",""
"QCL","Crops and livestock products","440","Lithuania","5510","Production","01801","Sugar beet","2011","2011","t","877800","A","Official figure",""
"QCL","Crops and livestock products","440","Lithuania","5510","Production","01801","Sugar beet","2012","2012","t","1003000","A","Official figure",""
"QCL","Crops and livestock products","440","Lithuania","5510","Production","01801","Sugar beet","2013","2013","t","967100","A","Official figure",""
"QCL","Crops and livestock products","440","Lithuania","5510","Production","01801","Sugar beet","2014","2014","t","1014400","A","Official figure",""
"QCL","Crops and livestock products","440","Lithuania","5510","Production","01801","Sugar beet","2015","2015","t","619482","A","Official figure",""
"QCL","Crops and livestock products","440","Lithuania","5510","Production","01801","Sugar beet","2016","2016","t","933512","A","Official figure",""
"QCL","Crops and livestock products","440","Lithuania","5510","Production","01801","Sugar beet","2017","2017","t","956947","A","Official figure",""
"QCL","Crops and livestock products","440","Lithuania","5510","Production","01801","Sugar beet","2018","2018","t","888620","A","Official figure",""
"QCL","Crops and livestock products","440","Lithuania","5510","Production","01801","Sugar beet","2019","2019","t","1001610","A","Official figure",""
"QCL","Crops and livestock products","440","Lithuania","5510","Production","01801","Sugar beet","2020","2020","t","948480","A","Official figure",""
"QCL","Crops and livestock products","440","Lithuania","5510","Production","01801","Sugar beet","2021","2021","t","856470","A","Official figure",""
"QCL","Crops and livestock products","440","Lithuania","5510","Production","01801","Sugar beet","2022","2022","t","728060","A","Official figure",""
"QCL","Crops and livestock products","440","Lithuania","5510","Production","01801","Sugar beet","2023","2023","t","1041210","A","Official figure",""
"QCL","Crops and livestock products","442","Luxembourg","5510","Production","01801","Sugar beet","2018","2018","t","0","A","Official figure",""
"QCL","Crops and livestock products","442","Luxembourg","5510","Production","01801","Sugar beet","2019","2019","t","0","A","Official figure",""
"QCL","Crops and livestock products","442","Luxembourg","5510","Production","01801","Sugar beet","2020","2020","t","0","A","Official figure",""
"QCL","Crops and livestock products","442","Luxembourg","5510","Production","01801","Sugar beet","2021","2021","t","0","A","Official figure",""
"QCL","Crops and livestock products","442","Luxembourg","5510","Production","01801","Sugar beet","2022","2022","t","0","A","Official figure",""
"QCL","Crops and livestock products","442","Luxembourg","5510","Production","01801","Sugar beet","2023","2023","t","550","A","Official figure",""
"QCL","Crops and livestock products","450","Madagascar","5510","Production","01802","Sugar cane","2000","2000","t","2188630","A","Official figure",""
"QCL","Crops and livestock products","450","Madagascar","5510","Production","01802","Sugar cane","2001","2001","t","2208450","A","Official figure",""
"QCL","Crops and livestock products","450","Madagascar","5510","Production","01802","Sugar cane","2002","2002","t","2223400","A","Official figure",""
"QCL","Crops and livestock products","450","Madagascar","5510","Production","01802","Sugar cane","2003","2003","t","2236000","A","Official figure",""
"QCL","Crops and livestock products","450","Madagascar","5510","Production","01802","Sugar cane","2004","2004","t","2224000","A","Official figure",""
"QCL","Crops and livestock products","450","Madagascar","5510","Production","01802","Sugar cane","2005","2005","t","2446259","A","Official figure",""
"QCL","Crops and livestock products","450","Madagascar","5510","Production","01802","Sugar cane","2006","2006","t","2690885","A","Official figure",""
"QCL","Crops and livestock products","450","Madagascar","5510","Production","01802","Sugar cane","2007","2007","t","2600000","E","Estimated value",""
"QCL","Crops and livestock products","450","Madagascar","5510","Production","01802","Sugar cane","2008","2008","t","2500000","E","Estimated value",""
"QCL","Crops and livestock products","450","Madagascar","5510","Production","01802","Sugar cane","2009","2009","t","3000000","E","Estimated value",""
"QCL","Crops and livestock products","450","Madagascar","5510","Production","01802","Sugar cane","2010","2010","t","2905554.17","I","Value imputed by a receiving agency",""
"QCL","Crops and livestock products","450","Madagascar","5510","Production","01802","Sugar cane","2011","2011","t","2805181.93","I","Value imputed by a receiving agency",""
"QCL","Crops and livestock products","450","Madagascar","5510","Production","01802","Sugar cane","2012","2012","t","2858682.98","I","Value imputed by a receiving agency",""
"QCL","Crops and livestock products","450","Madagascar","5510","Production","01802","Sugar cane","2013","2013","t","2895271.94","I","Value imputed by a receiving agency",""
"QCL","Crops and livestock products","450","Madagascar","5510","Production","01802","Sugar cane","2014","2014","t","2948453.5","I","Value imputed by a receiving agency",""
"QCL","Crops and livestock products","450","Madagascar","5510","Production","01802","Sugar cane","2015","2015","t","3006576.7","I","Value imputed by a receiving agency",""
"QCL","Crops and livestock products","450","Madagascar","5510","Production","01802","Sugar cane","2016","2016","t","3054149.92","I","Value imputed by a receiving agency",""
"QCL","Crops and livestock products","450","Madagascar","5510","Production","01802","Sugar cane","2017","2017","t","3098346.3","I","Value imputed by a receiving agency",""
"QCL","Crops and livestock products","450","Madagascar","5510","Production","01802","Sugar cane","2018","2018","t","3116580.26","I","Value imputed by a receiving agency",""
"QCL","Crops and livestock products","450","Madagascar","5510","Production","01802","Sugar cane","2019","2019","t","3147189.2","I","Value imputed by a receiving agency",""
"QCL","Crops and livestock products","450","Madagascar","5510","Production","01802","Sugar cane","2020","2020","t","3193429.84","I","Value imputed by a receiving agency",""
"QCL","Crops and livestock products","450","Madagascar","5510","Production","01802","Sugar cane","2021","2021","t","3152399.77","E","Estimated value",""
"QCL","Crops and livestock products","450","Madagascar","5510","Production","01802","Sugar cane","2022","2022","t","3164339.6","E","Estimated value",""
"QCL","Crops and livestock products","450","Madagascar","5510","Production","01802","Sugar cane","2023","2023","t","3170056.4","E","Estimated value",""
"QCL","Crops and livestock products","454","Malawi","5510","Production","01802","Sugar cane","2000","2000","t","2100000","E","Estimated value",""
"QCL","Crops and livestock products","454","Malawi","5510","Production","01802","Sugar cane","2001","2001","t","2200000","E","Estimated value",""
"QCL","Crops and livestock products","454","Malawi","5510","Production","01802","Sugar cane","2002","2002","t","2600000","E","Estimated value",""
"QCL","Crops and livestock products","454","Malawi","5510","Production","01802","Sugar cane","2003","2003","t","2100000","A","Official figure",""
"QCL","Crops and livestock products","454","Malawi","5510","Production","01802","Sugar cane","2004","2004","t","2100000","A","Official figure",""
"QCL","Crops and livestock products","454","Malawi","5510","Production","01802","Sugar cane","2005","2005","t","2400000","E","Estimated value",""
"QCL","Crops and livestock products","454","Malawi","5510","Production","01802","Sugar cane","2006","2006","t","2450000","E","Estimated value",""
"QCL","Crops and livestock products","454","Malawi","5510","Production","01802","Sugar cane","2007","2007","t","2500000","E","Estimated value",""
"QCL","Crops and livestock products","454","Malawi","5510","Production","01802","Sugar cane","2008","2008","t","2750000","E","Estimated value",""
"QCL","Crops and livestock products","454","Malawi","5510","Production","01802","Sugar cane","2009","2009","t","2600000","E","Estimated value",""
"QCL","Crops and livestock products","454","Malawi","5510","Production","01802","Sugar cane","2010","2010","t","2700000","E","Estimated value",""
"QCL","Crops and livestock products","454","Malawi","5510","Production","01802","Sugar cane","2011","2011","t","2700000","E","Estimated value",""
"QCL","Crops and livestock products","454","Malawi","5510","Production","01802","Sugar cane","2012","2012","t","3100000","E","Estimated value",""
"QCL","Crops and livestock products","454","Malawi","5510","Production","01802","Sugar cane","2013","2013","t","3200000","E","Estimated value",""
"QCL","Crops and livestock products","454","Malawi","5510","Production","01802","Sugar cane","2014","2014","t","3263000","E","Estimated value",""
"QCL","Crops and livestock products","454","Malawi","5510","Production","01802","Sugar cane","2015","2015","t","3216000","E","Estimated value",""
"QCL","Crops and livestock products","454","Malawi","5510","Production","01802","Sugar cane","2016","2016","t","3000000","E","Estimated value",""
"QCL","Crops and livestock products","454","Malawi","5510","Production","01802","Sugar cane","2017","2017","t","2755000","E","Estimated value",""
"QCL","Crops and livestock products","454","Malawi","5510","Production","01802","Sugar cane","2018","2018","t","2903000","E","Estimated value",""
"QCL","Crops and livestock products","454","Malawi","5510","Production","01802","Sugar cane","2019","2019","t","2881000","E","Estimated value",""
"QCL","Crops and livestock products","454","Malawi","5510","Production","01802","Sugar cane","2020","2020","t","2958780.26","I","Value imputed by a receiving agency",""
"QCL","Crops and livestock products","454","Malawi","5510","Production","01802","Sugar cane","2021","2021","t","2970230.52","I","Value imputed by a receiving agency",""
"QCL","Crops and livestock products","454","Malawi","5510","Production","01802","Sugar cane","2022","2022","t","2896300","E","Estimated value",""
"QCL","Crops and livestock products","454","Malawi","5510","Production","01802","Sugar cane","2023","2023","t","2648500","E","Estimated value",""
"QCL","Crops and livestock products","458","Malaysia","5510","Production","01802","Sugar cane","2000","2000","t","1100000","E","Estimated value",""
"QCL","Crops and livestock products","458","Malaysia","5510","Production","01802","Sugar cane","2001","2001","t","1000000","E","Estimated value",""
"QCL","Crops and livestock products","458","Malaysia","5510","Production","01802","Sugar cane","2002","2002","t","1000000","E","Estimated value",""
"QCL","Crops and livestock products","458","Malaysia","5510","Production","01802","Sugar cane","2003","2003","t","650000","E","Estimated value",""
"QCL","Crops and livestock products","458","Malaysia","5510","Production","01802","Sugar cane","2004","2004","t","500000","E","Estimated value",""
"QCL","Crops and livestock products","458","Malaysia","5510","Production","01802","Sugar cane","2005","2005","t","500000","E","Estimated value",""
"QCL","Crops and livestock products","458","Malaysia","5510","Production","01802","Sugar cane","2006","2006","t","450000","E","Estimated value",""
"QCL","Crops and livestock products","458","Malaysia","5510","Production","01802","Sugar cane","2007","2007","t","520000","E","Estimated value",""
"QCL","Crops and livestock products","458","Malaysia","5510","Production","01802","Sugar cane","2008","2008","t","500000","E","Estimated value",""
"QCL","Crops and livestock products","458","Malaysia","5510","Production","01802","Sugar cane","2009","2009","t","350000","E","Estimated value",""
"QCL","Crops and livestock products","458","Malaysia","5510","Production","01802","Sugar cane","2010","2010","t","200700","A","Official figure",""
"QCL","Crops and livestock products","458","Malaysia","5510","Production","01802","Sugar cane","2011","2011","t","194084","A","Official figure",""
"QCL","Crops and livestock products","458","Malaysia","5510","Production","01802","Sugar cane","2012","2012","t","146164","A","Official figure",""
"QCL","Crops and livestock products","458","Malaysia","5510","Production","01802","Sugar cane","2013","2013","t","98885.18","I","Value imputed by a receiving agency",""
"QCL","Crops and livestock products","458","Malaysia","5510","Production","01802","Sugar cane","2014","2014","t","9147","A","Official figure",""
"QCL","Crops and livestock products","458","Malaysia","5510","Production","01802","Sugar cane","2015","2015","t","30271","A","Official figure",""
"QCL","Crops and livestock products","458","Malaysia","5510","Production","01802","Sugar cane","2016","2016","t","28038","A","Official figure",""
"QCL","Crops and livestock products","458","Malaysia","5510","Production","01802","Sugar cane","2017","2017","t","29990","A","Official figure",""
"QCL","Crops and livestock products","458","Malaysia","5510","Production","01802","Sugar cane","2018","2018","t","23475.04","A","Official figure",""
"QCL","Crops and livestock products","458","Malaysia","5510","Production","01802","Sugar cane","2019","2019","t","20761.12","A","Official figure",""
"QCL","Crops and livestock products","458","Malaysia","5510","Production","01802","Sugar cane","2020","2020","t","23519.41","A","Official figure",""
"QCL","Crops and livestock products","458","Malaysia","5510","Production","01802","Sugar cane","2021","2021","t","25591.06","A","Official figure",""
"QCL","Crops and livestock products","458","Malaysia","5510","Production","01802","Sugar cane","2022","2022","t","25032.38","A","Official figure",""
"QCL","Crops and livestock products","458","Malaysia","5510","Production","01802","Sugar cane","2023","2023","t","20364.2","A","Official figure",""
"QCL","Crops and livestock products","466","Mali","5510","Production","01801","Sugar beet","2000","2000","t","","M","Missing value; data cannot exist",""
"QCL","Crops and livestock products","466","Mali","5510","Production","01801","Sugar beet","2001","2001","t","","M","Missing value; data cannot exist",""
"QCL","Crops and livestock products","466","Mali","5510","Production","01801","Sugar beet","2002","2002","t","","M","Missing value; data cannot exist",""
"QCL","Crops and livestock products","466","Mali","5510","Production","01801","Sugar beet","2003","2003","t","","M","Missing value; data cannot exist",""
"QCL","Crops and livestock products","466","Mali","5510","Production","01801","Sugar beet","2004","2004","t","","M","Missing value; data cannot exist",""
"QCL","Crops and livestock products","466","Mali","5510","Production","01801","Sugar beet","2005","2005","t","","M","Missing value; data cannot exist",""
"QCL","Crops and livestock products","466","Mali","5510","Production","01801","Sugar beet","2006","2006","t","","M","Missing value; data cannot exist",""
"QCL","Crops and livestock products","466","Mali","5510","Production","01801","Sugar beet","2007","2007","t","3735","A","Official figure",""
"QCL","Crops and livestock products","466","Mali","5510","Production","01801","Sugar beet","2008","2008","t","3800","E","Estimated value",""
"QCL","Crops and livestock products","466","Mali","5510","Production","01801","Sugar beet","2009","2009","t","3900","E","Estimated value",""
"QCL","Crops and livestock products","466","Mali","5510","Production","01801","Sugar beet","2010","2010","t","3900","E","Estimated value",""
"QCL","Crops and livestock products","466","Mali","5510","Production","01801","Sugar beet","2011","2011","t","3967","A","Official figure",""
"QCL","Crops and livestock products","466","Mali","5510","Production","01801","Sugar beet","2012","2012","t","4500","A","Official figure",""
"QCL","Crops and livestock products","466","Mali","5510","Production","01801","Sugar beet","2013","2013","t","3800","A","Official figure",""
"QCL","Crops and livestock products","466","Mali","5510","Production","01801","Sugar beet","2014","2014","t","4042","A","Official figure",""
"QCL","Crops and livestock products","466","Mali","5510","Production","01801","Sugar beet","2015","2015","t","5625","A","Official figure",""
"QCL","Crops and livestock products","466","Mali","5510","Production","01801","Sugar beet","2016","2016","t","6277","A","Official figure",""
"QCL","Crops and livestock products","466","Mali","5510","Production","01801","Sugar beet","2017","2017","t","6649","A","Official figure",""
"QCL","Crops and livestock products","466","Mali","5510","Production","01801","Sugar beet","2018","2018","t","11955","A","Official figure",""
"QCL","Crops and livestock products","466","Mali","5510","Production","01801","Sugar beet","2019","2019","t","11632","A","Official figure",""
"QCL","Crops and livestock products","466","Mali","5510","Production","01801","Sugar beet","2020","2020","t","8223.46","A","Official figure",""
"QCL","Crops and livestock products","466","Mali","5510","Production","01801","Sugar beet","2021","2021","t","10382","A","Official figure",""
"QCL","Crops and livestock products","466","Mali","5510","Production","01801","Sugar beet","2022","2022","t","11191","A","Official figure",""
"QCL","Crops and livestock products","466","Mali","5510","Production","01801","Sugar beet","2023","2023","t","9958","A","Official figure",""
"QCL","Crops and livestock products","466","Mali","5510","Production","01802","Sugar cane","2000","2000","t","312992","A","Official figure",""
"QCL","Crops and livestock products","466","Mali","5510","Production","01802","Sugar cane","2001","2001","t","285235","A","Official figure",""
"QCL","Crops and livestock products","466","Mali","5510","Production","01802","Sugar cane","2002","2002","t","333286","A","Official figure",""
"QCL","Crops and livestock products","466","Mali","5510","Production","01802","Sugar cane","2003","2003","t","336000","A","Official figure",""
"QCL","Crops and livestock products","466","Mali","5510","Production","01802","Sugar cane","2004","2004","t","347939","A","Official figure",""
"QCL","Crops and livestock products","466","Mali","5510","Production","01802","Sugar cane","2005","2005","t","344312","A","Official figure",""
"QCL","Crops and livestock products","466","Mali","5510","Production","01802","Sugar cane","2006","2006","t","319529","A","Official figure",""
"QCL","Crops and livestock products","466","Mali","5510","Production","01802","Sugar cane","2007","2007","t","341845","A","Official figure",""
"QCL","Crops and livestock products","466","Mali","5510","Production","01802","Sugar cane","2008","2008","t","360000","E","Estimated value",""
"QCL","Crops and livestock products","466","Mali","5510","Production","01802","Sugar cane","2009","2009","t","377000","A","Official figure",""
"QCL","Crops and livestock products","466","Mali","5510","Production","01802","Sugar cane","2010","2010","t","359000","A","Official figure",""
"QCL","Crops and livestock products","466","Mali","5510","Production","01802","Sugar cane","2011","2011","t","358000","E","Estimated value",""
"QCL","Crops and livestock products","466","Mali","5510","Production","01802","Sugar cane","2012","2012","t","387000","E","Estimated value",""
"QCL","Crops and livestock products","466","Mali","5510","Production","01802","Sugar cane","2013","2013","t","335690","A","Official figure",""
"QCL","Crops and livestock products","466","Mali","5510","Production","01802","Sugar cane","2014","2014","t","355624.92","I","Value imputed by a receiving agency",""
"QCL","Crops and livestock products","466","Mali","5510","Production","01802","Sugar cane","2015","2015","t","357640.04","I","Value imputed by a receiving agency",""
"QCL","Crops and livestock products","466","Mali","5510","Production","01802","Sugar cane","2016","2016","t","478287.3","I","Value imputed by a receiving agency",""
"QCL","Crops and livestock products","466","Mali","5510","Production","01802","Sugar cane","2017","2017","t","531235.87","I","Value imputed by a receiving agency",""
"QCL","Crops and livestock products","466","Mali","5510","Production","01802","Sugar cane","2018","2018","t","584159.11","I","Value imputed by a receiving agency",""
"QCL","Crops and livestock products","466","Mali","5510","Production","01802","Sugar cane","2019","2019","t","650000","E","Estimated value",""
"QCL","Crops and livestock products","466","Mali","5510","Production","01802","Sugar cane","2020","2020","t","660000","E","Estimated value",""
"QCL","Crops and livestock products","466","Mali","5510","Production","01802","Sugar cane","2021","2021","t","665000","E","Estimated value",""
"QCL","Crops and livestock products","466","Mali","5510","Production","01802","Sugar cane","2022","2022","t","665000","E","Estimated value",""
"QCL","Crops and livestock products","466","Mali","5510","Production","01802","Sugar cane","2023","2023","t","605000","E","Estimated value",""
"QCL","Crops and livestock products","470","Malta","5510","Production","01801","Sugar beet","2018","2018","t","0","A","Official figure",""
"QCL","Crops and livestock products","470","Malta","5510","Production","01801","Sugar beet","2019","2019","t","0","A","Official figure",""
"QCL","Crops and livestock products","470","Malta","5510","Production","01801","Sugar beet","2020","2020","t","0","A","Official figure",""
"QCL","Crops and livestock products","470","Malta","5510","Production","01801","Sugar beet","2021","2021","t","0","A","Official figure",""
"QCL","Crops and livestock products","470","Malta","5510","Production","01801","Sugar beet","2022","2022","t","0","A","Official figure",""
"QCL","Crops and livestock products","470","Malta","5510","Production","01801","Sugar beet","2023","2023","t","0","A","Official figure",""
"QCL","Crops and livestock products","474","Martinique","5510","Production","01802","Sugar cane","2000","2000","t","235403","A","Official figure",""
"QCL","Crops and livestock products","474","Martinique","5510","Production","01802","Sugar cane","2001","2001","t","207189","A","Official figure",""
"QCL","Crops and livestock products","474","Martinique","5510","Production","01802","Sugar cane","2002","2002","t","243453","A","Official figure",""
"QCL","Crops and livestock products","474","Martinique","5510","Production","01802","Sugar cane","2003","2003","t","184374","A","Official figure",""
"QCL","Crops and livestock products","474","Martinique","5510","Production","01802","Sugar cane","2004","2004","t","227152","A","Official figure",""
"QCL","Crops and livestock products","474","Martinique","5510","Production","01802","Sugar cane","2005","2005","t","213144","A","Official figure",""
"QCL","Crops and livestock products","474","Martinique","5510","Production","01802","Sugar cane","2006","2006","t","165101","A","Official figure",""
"QCL","Crops and livestock products","480","Mauritius","5510","Production","01802","Sugar cane","2000","2000","t","5109500","A","Official figure",""
"QCL","Crops and livestock products","480","Mauritius","5510","Production","01802","Sugar cane","2001","2001","t","5792300","A","Official figure",""
"QCL","Crops and livestock products","480","Mauritius","5510","Production","01802","Sugar cane","2002","2002","t","4873900","A","Official figure",""
"QCL","Crops and livestock products","480","Mauritius","5510","Production","01802","Sugar cane","2003","2003","t","5199384","A","Official figure",""
"QCL","Crops and livestock products","480","Mauritius","5510","Production","01802","Sugar cane","2004","2004","t","5280370","A","Official figure",""
"QCL","Crops and livestock products","480","Mauritius","5510","Production","01802","Sugar cane","2005","2005","t","4984058","A","Official figure",""
"QCL","Crops and livestock products","480","Mauritius","5510","Production","01802","Sugar cane","2006","2006","t","4748973","A","Official figure",""
"QCL","Crops and livestock products","480","Mauritius","5510","Production","01802","Sugar cane","2007","2007","t","4235849","A","Official figure",""
"QCL","Crops and livestock products","480","Mauritius","5510","Production","01802","Sugar cane","2008","2008","t","4533000","A","Official figure",""
"QCL","Crops and livestock products","480","Mauritius","5510","Production","01802","Sugar cane","2009","2009","t","4667235","A","Official figure",""
"QCL","Crops and livestock products","480","Mauritius","5510","Production","01802","Sugar cane","2010","2010","t","4365833","A","Official figure",""
"QCL","Crops and livestock products","480","Mauritius","5510","Production","01802","Sugar cane","2011","2011","t","4230173","A","Official figure",""
"QCL","Crops and livestock products","480","Mauritius","5510","Production","01802","Sugar cane","2012","2012","t","3947285","A","Official figure",""
"QCL","Crops and livestock products","480","Mauritius","5510","Production","01802","Sugar cane","2013","2013","t","3815782","A","Official figure",""
"QCL","Crops and livestock products","480","Mauritius","5510","Production","01802","Sugar cane","2014","2014","t","4044422","A","Official figure",""
"QCL","Crops and livestock products","480","Mauritius","5510","Production","01802","Sugar cane","2015","2015","t","4009232","A","Official figure",""
"QCL","Crops and livestock products","480","Mauritius","5510","Production","01802","Sugar cane","2016","2016","t","3798448","A","Official figure",""
"QCL","Crops and livestock products","480","Mauritius","5510","Production","01802","Sugar cane","2017","2017","t","3713331","A","Official figure",""
"QCL","Crops and livestock products","480","Mauritius","5510","Production","01802","Sugar cane","2018","2018","t","3154515","A","Official figure",""
"QCL","Crops and livestock products","480","Mauritius","5510","Production","01802","Sugar cane","2019","2019","t","3405250","A","Official figure",""
"QCL","Crops and livestock products","480","Mauritius","5510","Production","01802","Sugar cane","2020","2020","t","2620874","A","Official figure",""
"QCL","Crops and livestock products","480","Mauritius","5510","Production","01802","Sugar cane","2021","2021","t","2669667","A","Official figure",""
"QCL","Crops and livestock products","480","Mauritius","5510","Production","01802","Sugar cane","2022","2022","t","2256806","A","Official figure",""
"QCL","Crops and livestock products","480","Mauritius","5510","Production","01802","Sugar cane","2023","2023","t","2452653","A","Official figure",""
"QCL","Crops and livestock products","484","Mexico","5510","Production","01801","Sugar beet","2000","2000","t","537.19","I","Value imputed by a receiving agency",""
"QCL","Crops and livestock products","484","Mexico","5510","Production","01801","Sugar beet","2001","2001","t","555.72","I","Value imputed by a receiving agency",""
"QCL","Crops and livestock products","484","Mexico","5510","Production","01801","Sugar beet","2002","2002","t","575.37","I","Value imputed by a receiving agency",""
"QCL","Crops and livestock products","484","Mexico","5510","Production","01801","Sugar beet","2003","2003","t","594.68","I","Value imputed by a receiving agency",""
"QCL","Crops and livestock products","484","Mexico","5510","Production","01801","Sugar beet","2004","2004","t","613.89","I","Value imputed by a receiving agency",""
"QCL","Crops and livestock products","484","Mexico","5510","Production","01801","Sugar beet","2005","2005","t","633.57","I","Value imputed by a receiving agency",""
"QCL","Crops and livestock products","484","Mexico","5510","Production","01801","Sugar beet","2006","2006","t","650.14","I","Value imputed by a receiving agency",""
"QCL","Crops and livestock products","484","Mexico","5510","Production","01801","Sugar beet","2007","2007","t","668.72","I","Value imputed by a receiving agency",""
"QCL","Crops and livestock products","484","Mexico","5510","Production","01801","Sugar beet","2008","2008","t","687.58","I","Value imputed by a receiving agency",""
"QCL","Crops and livestock products","484","Mexico","5510","Production","01801","Sugar beet","2009","2009","t","706.49","I","Value imputed by a receiving agency",""
"QCL","Crops and livestock products","484","Mexico","5510","Production","01801","Sugar beet","2010","2010","t","725.38","I","Value imputed by a receiving agency",""
"QCL","Crops and livestock products","484","Mexico","5510","Production","01801","Sugar beet","2011","2011","t","750","A","Official figure",""
"QCL","Crops and livestock products","484","Mexico","5510","Production","01801","Sugar beet","2012","2012","t","720","A","Official figure",""
"QCL","Crops and livestock products","484","Mexico","5510","Production","01801","Sugar beet","2013","2013","t","840","A","Official figure",""
"QCL","Crops and livestock products","484","Mexico","5510","Production","01801","Sugar beet","2014","2014","t","824.75","I","Value imputed by a receiving agency",""
"QCL","Crops and livestock products","484","Mexico","5510","Production","01801","Sugar beet","2015","2015","t","834.19","I","Value imputed by a receiving agency",""
"QCL","Crops and livestock products","484","Mexico","5510","Production","01801","Sugar beet","2016","2016","t","853.15","I","Value imputed by a receiving agency",""
"QCL","Crops and livestock products","484","Mexico","5510","Production","01801","Sugar beet","2017","2017","t","871.53","I","Value imputed by a receiving agency",""
"QCL","Crops and livestock products","484","Mexico","5510","Production","01801","Sugar beet","2018","2018","t","892.14","I","Value imputed by a receiving agency",""
"QCL","Crops and livestock products","484","Mexico","5510","Production","01801","Sugar beet","2019","2019","t","911.07","I","Value imputed by a receiving agency",""
"QCL","Crops and livestock products","484","Mexico","5510","Production","01801","Sugar beet","2020","2020","t","891.58","E","Estimated value",""
"QCL","Crops and livestock products","484","Mexico","5510","Production","01801","Sugar beet","2021","2021","t","898.26","E","Estimated value",""
"QCL","Crops and livestock products","484","Mexico","5510","Production","01801","Sugar beet","2022","2022","t","900.3","E","Estimated value",""
"QCL","Crops and livestock products","484","Mexico","5510","Production","01801","Sugar beet","2023","2023","t","896.71","E","Estimated value",""
"QCL","Crops and livestock products","484","Mexico","5510","Production","01802","Sugar cane","2000","2000","t","44100000","E","Estimated value",""
"QCL","Crops and livestock products","484","Mexico","5510","Production","01802","Sugar cane","2001","2001","t","47250000","E","Estimated value",""
"QCL","Crops and livestock products","484","Mexico","5510","Production","01802","Sugar cane","2002","2002","t","45635300","A","Official figure",""
"QCL","Crops and livestock products","484","Mexico","5510","Production","01802","Sugar cane","2003","2003","t","47483984","A","Official figure",""
"QCL","Crops and livestock products","484","Mexico","5510","Production","01802","Sugar cane","2004","2004","t","48662244","A","Official figure",""
"QCL","Crops and livestock products","484","Mexico","5510","Production","01802","Sugar cane","2005","2005","t","51645544","A","Official figure",""
"QCL","Crops and livestock products","484","Mexico","5510","Production","01802","Sugar cane","2006","2006","t","50675820","A","Official figure",""
"QCL","Crops and livestock products","484","Mexico","5510","Production","01802","Sugar cane","2007","2007","t","52089356","A","Official figure",""
"QCL","Crops and livestock products","484","Mexico","5510","Production","01802","Sugar cane","2008","2008","t","51090720","A","Official figure",""
"QCL","Crops and livestock products","484","Mexico","5510","Production","01802","Sugar cane","2009","2009","t","49492696","A","Official figure",""
"QCL","Crops and livestock products","484","Mexico","5510","Production","01802","Sugar cane","2010","2010","t","50421620","A","Official figure",""
"QCL","Crops and livestock products","484","Mexico","5510","Production","01802","Sugar cane","2011","2011","t","49735272","A","Official figure",""
"QCL","Crops and livestock products","484","Mexico","5510","Production","01802","Sugar cane","2012","2012","t","50946484","A","Official figure",""
"QCL","Crops and livestock products","484","Mexico","5510","Production","01802","Sugar cane","2013","2013","t","61182076","A","Official figure",""
"QCL","Crops and livestock products","484","Mexico","5510","Production","01802","Sugar cane","2014","2014","t","56672828.91","A","Official figure",""
"QCL","Crops and livestock products","484","Mexico","5510","Production","01802","Sugar cane","2015","2015","t","55396061.34","A","Official figure",""
"QCL","Crops and livestock products","484","Mexico","5510","Production","01802","Sugar cane","2016","2016","t","56446821.06","A","Official figure",""
"QCL","Crops and livestock products","484","Mexico","5510","Production","01802","Sugar cane","2017","2017","t","56954992.68","A","Official figure",""
"QCL","Crops and livestock products","484","Mexico","5510","Production","01802","Sugar cane","2018","2018","t","56841522.67","A","Official figure",""
"QCL","Crops and livestock products","484","Mexico","5510","Production","01802","Sugar cane","2019","2019","t","59334058.9","A","Official figure",""
"QCL","Crops and livestock products","484","Mexico","5510","Production","01802","Sugar cane","2020","2020","t","53841556.79","A","Official figure",""
"QCL","Crops and livestock products","484","Mexico","5510","Production","01802","Sugar cane","2021","2021","t","55247516.08","A","Official figure",""
"QCL","Crops and livestock products","484","Mexico","5510","Production","01802","Sugar cane","2022","2022","t","55556083.44","A","Official figure",""
"QCL","Crops and livestock products","484","Mexico","5510","Production","01802","Sugar cane","2023","2023","t","55589515.48","A","Official figure",""
"QCL","Crops and livestock products","504","Morocco","5510","Production","01801","Sugar beet","2000","2000","t","2883400","A","Official figure",""
"QCL","Crops and livestock products","504","Morocco","5510","Production","01801","Sugar beet","2001","2001","t","2835930","A","Official figure",""
"QCL","Crops and livestock products","504","Morocco","5510","Production","01801","Sugar beet","2002","2002","t","2986850","A","Official figure",""
"QCL","Crops and livestock products","504","Morocco","5510","Production","01801","Sugar beet","2003","2003","t","3428500","A","Official figure",""
"QCL","Crops and livestock products","504","Morocco","5510","Production","01801","Sugar beet","2004","2004","t","3190010","A","Official figure",""
"QCL","Crops and livestock products","504","Morocco","5510","Production","01801","Sugar beet","2005","2005","t","3301540","A","Official figure",""
"QCL","Crops and livestock products","504","Morocco","5510","Production","01801","Sugar beet","2006","2006","t","2551690","A","Official figure",""
"QCL","Crops and livestock products","504","Morocco","5510","Production","01801","Sugar beet","2007","2007","t","2484000","A","Official figure",""
"QCL","Crops and livestock products","504","Morocco","5510","Production","01801","Sugar beet","2008","2008","t","2925700","A","Official figure",""
"QCL","Crops and livestock products","504","Morocco","5510","Production","01801","Sugar beet","2009","2009","t","2753370","A","Official figure",""
"QCL","Crops and livestock products","504","Morocco","5510","Production","01801","Sugar beet","2010","2010","t","2435910","A","Official figure",""
"QCL","Crops and livestock products","504","Morocco","5510","Production","01801","Sugar beet","2011","2011","t","3035143","A","Official figure",""
"QCL","Crops and livestock products","504","Morocco","5510","Production","01801","Sugar beet","2012","2012","t","1626670","A","Official figure",""
"QCL","Crops and livestock products","504","Morocco","5510","Production","01801","Sugar beet","2013","2013","t","2142221","A","Official figure",""
"QCL","Crops and livestock products","504","Morocco","5510","Production","01801","Sugar beet","2014","2014","t","3208616.54","A","Official figure",""
"QCL","Crops and livestock products","504","Morocco","5510","Production","01801","Sugar beet","2015","2015","t","3875637.5","A","Official figure",""
"QCL","Crops and livestock products","504","Morocco","5510","Production","01801","Sugar beet","2016","2016","t","4218922.51","A","Official figure",""
"QCL","Crops and livestock products","504","Morocco","5510","Production","01801","Sugar beet","2017","2017","t","3741437.62","A","Official figure",""
"QCL","Crops and livestock products","504","Morocco","5510","Production","01801","Sugar beet","2018","2018","t","3710513.52","A","Official figure",""
"QCL","Crops and livestock products","504","Morocco","5510","Production","01801","Sugar beet","2019","2019","t","3692884","A","Official figure",""
"QCL","Crops and livestock products","504","Morocco","5510","Production","01801","Sugar beet","2020","2020","t","3631553.6","A","Official figure",""
"QCL","Crops and livestock products","504","Morocco","5510","Production","01801","Sugar beet","2021","2021","t","2573991","A","Official figure",""
"QCL","Crops and livestock products","504","Morocco","5510","Production","01801","Sugar beet","2022","2022","t","1898039.55","A","Official figure",""
"QCL","Crops and livestock products","504","Morocco","5510","Production","01801","Sugar beet","2023","2023","t","1469789","A","Official figure",""
"QCL","Crops and livestock products","504","Morocco","5510","Production","01802","Sugar cane","2000","2000","t","1435931","A","Official figure",""
"QCL","Crops and livestock products","504","Morocco","5510","Production","01802","Sugar cane","2001","2001","t","1114008","A","Official figure",""
"QCL","Crops and livestock products","504","Morocco","5510","Production","01802","Sugar cane","2002","2002","t","949080","A","Official figure",""
"QCL","Crops and livestock products","504","Morocco","5510","Production","01802","Sugar cane","2003","2003","t","898620","A","Official figure",""
"QCL","Crops and livestock products","504","Morocco","5510","Production","01802","Sugar cane","2004","2004","t","872180","A","Official figure",""
"QCL","Crops and livestock products","504","Morocco","5510","Production","01802","Sugar cane","2005","2005","t","782290","A","Official figure",""
"QCL","Crops and livestock products","504","Morocco","5510","Production","01802","Sugar cane","2006","2006","t","997000","A","Official figure",""
"QCL","Crops and livestock products","504","Morocco","5510","Production","01802","Sugar cane","2007","2007","t","933850","A","Official figure",""
"QCL","Crops and livestock products","504","Morocco","5510","Production","01802","Sugar cane","2008","2008","t","912600","A","Official figure",""
"QCL","Crops and livestock products","504","Morocco","5510","Production","01802","Sugar cane","2009","2009","t","813040","A","Official figure",""
"QCL","Crops and livestock products","504","Morocco","5510","Production","01802","Sugar cane","2010","2010","t","632280","A","Official figure",""
"QCL","Crops and livestock products","504","Morocco","5510","Production","01802","Sugar cane","2011","2011","t","763913","A","Official figure",""
"QCL","Crops and livestock products","504","Morocco","5510","Production","01802","Sugar cane","2012","2012","t","540985","A","Official figure",""
"QCL","Crops and livestock products","504","Morocco","5510","Production","01802","Sugar cane","2013","2013","t","619561","A","Official figure",""
"QCL","Crops and livestock products","504","Morocco","5510","Production","01802","Sugar cane","2014","2014","t","278551","A","Official figure",""
"QCL","Crops and livestock products","504","Morocco","5510","Production","01802","Sugar cane","2015","2015","t","395316","A","Official figure",""
"QCL","Crops and livestock products","504","Morocco","5510","Production","01802","Sugar cane","2016","2016","t","426503","A","Official figure",""
"QCL","Crops and livestock products","504","Morocco","5510","Production","01802","Sugar cane","2017","2017","t","553115","A","Official figure",""
"QCL","Crops and livestock products","504","Morocco","5510","Production","01802","Sugar cane","2018","2018","t","616113.59","A","Official figure",""
"QCL","Crops and livestock products","504","Morocco","5510","Production","01802","Sugar cane","2019","2019","t","518956","A","Official figure",""
"QCL","Crops and livestock products","504","Morocco","5510","Production","01802","Sugar cane","2020","2020","t","792492","A","Official figure",""
"QCL","Crops and livestock products","504","Morocco","5510","Production","01802","Sugar cane","2021","2021","t","613254","A","Official figure",""
"QCL","Crops and livestock products","504","Morocco","5510","Production","01802","Sugar cane","2022","2022","t","571894.35","A","Official figure",""
"QCL","Crops and livestock products","504","Morocco","5510","Production","01802","Sugar cane","2023","2023","t","385310","A","Official figure",""
"QCL","Crops and livestock products","508","Mozambique","5510","Production","01802","Sugar cane","2000","2000","t","397276","A","Official figure",""
"QCL","Crops and livestock products","508","Mozambique","5510","Production","01802","Sugar cane","2001","2001","t","675623","A","Official figure",""
"QCL","Crops and livestock products","508","Mozambique","5510","Production","01802","Sugar cane","2002","2002","t","1586260","A","Official figure",""
"QCL","Crops and livestock products","508","Mozambique","5510","Production","01802","Sugar cane","2003","2003","t","1940799","A","Official figure",""
"QCL","Crops and livestock products","508","Mozambique","5510","Production","01802","Sugar cane","2004","2004","t","1873262","A","Official figure",""
"QCL","Crops and livestock products","508","Mozambique","5510","Production","01802","Sugar cane","2005","2005","t","2246985","A","Official figure",""
"QCL","Crops and livestock products","508","Mozambique","5510","Production","01802","Sugar cane","2006","2006","t","2060317","A","Official figure",""
"QCL","Crops and livestock products","508","Mozambique","5510","Production","01802","Sugar cane","2007","2007","t","2060667","A","Official figure",""
"QCL","Crops and livestock products","508","Mozambique","5510","Production","01802","Sugar cane","2008","2008","t","2451170","A","Official figure",""
"QCL","Crops and livestock products","508","Mozambique","5510","Production","01802","Sugar cane","2009","2009","t","2207000","A","Official figure",""
"QCL","Crops and livestock products","508","Mozambique","5510","Production","01802","Sugar cane","2010","2010","t","2720400","A","Official figure",""
"QCL","Crops and livestock products","508","Mozambique","5510","Production","01802","Sugar cane","2011","2011","t","3396334","A","Official figure",""
"QCL","Crops and livestock products","508","Mozambique","5510","Production","01802","Sugar cane","2012","2012","t","3393904","A","Official figure",""
"QCL","Crops and livestock products","508","Mozambique","5510","Production","01802","Sugar cane","2013","2013","t","3166000","A","Official figure",""
"QCL","Crops and livestock products","508","Mozambique","5510","Production","01802","Sugar cane","2014","2014","t","3619509","A","Official figure",""
"QCL","Crops and livestock products","508","Mozambique","5510","Production","01802","Sugar cane","2015","2015","t","3084487","A","Official figure",""
"QCL","Crops and livestock products","508","Mozambique","5510","Production","01802","Sugar cane","2016","2016","t","2761505","A","Official figure",""
"QCL","Crops and livestock products","508","Mozambique","5510","Production","01802","Sugar cane","2017","2017","t","2900397","A","Official figure",""
"QCL","Crops and livestock products","508","Mozambique","5510","Production","01802","Sugar cane","2018","2018","t","3139000","A","Official figure",""
"QCL","Crops and livestock products","508","Mozambique","5510","Production","01802","Sugar cane","2019","2019","t","3913000","A","Official figure",""
"QCL","Crops and livestock products","508","Mozambique","5510","Production","01802","Sugar cane","2020","2020","t","2737556","A","Official figure",""
"QCL","Crops and livestock products","508","Mozambique","5510","Production","01802","Sugar cane","2021","2021","t","2781587","A","Official figure",""
"QCL","Crops and livestock products","508","Mozambique","5510","Production","01802","Sugar cane","2022","2022","t","2969375","A","Official figure",""
"QCL","Crops and livestock products","508","Mozambique","5510","Production","01802","Sugar cane","2023","2023","t","1621251","A","Official figure",""
"QCL","Crops and livestock products","104","Myanmar","5510","Production","01802","Sugar cane","2000","2000","t","5800500","A","Official figure",""
"QCL","Crops and livestock products","104","Myanmar","5510","Production","01802","Sugar cane","2001","2001","t","7003800","A","Official figure",""
"QCL","Crops and livestock products","104","Myanmar","5510","Production","01802","Sugar cane","2002","2002","t","6327300","A","Official figure",""
"QCL","Crops and livestock products","104","Myanmar","5510","Production","01802","Sugar cane","2003","2003","t","6804290","A","Official figure",""
"QCL","Crops and livestock products","104","Myanmar","5510","Production","01802","Sugar cane","2004","2004","t","7194900","A","Official figure",""
"QCL","Crops and livestock products","104","Myanmar","5510","Production","01802","Sugar cane","2005","2005","t","7073000","A","Official figure",""
"QCL","Crops and livestock products","104","Myanmar","5510","Production","01802","Sugar cane","2006","2006","t","8038900","A","Official figure",""
"QCL","Crops and livestock products","104","Myanmar","5510","Production","01802","Sugar cane","2007","2007","t","9677700","A","Official figure",""
"QCL","Crops and livestock products","104","Myanmar","5510","Production","01802","Sugar cane","2008","2008","t","9744200","A","Official figure",""
"QCL","Crops and livestock products","104","Myanmar","5510","Production","01802","Sugar cane","2009","2009","t","9562000","A","Official figure",""
"QCL","Crops and livestock products","104","Myanmar","5510","Production","01802","Sugar cane","2010","2010","t","9249500","A","Official figure",""
"QCL","Crops and livestock products","104","Myanmar","5510","Production","01802","Sugar cane","2011","2011","t","9537400","A","Official figure",""
"QCL","Crops and livestock products","104","Myanmar","5510","Production","01802","Sugar cane","2012","2012","t","9413100","A","Official figure",""
"QCL","Crops and livestock products","104","Myanmar","5510","Production","01802","Sugar cane","2013","2013","t","10307400","A","Official figure",""
"QCL","Crops and livestock products","104","Myanmar","5510","Production","01802","Sugar cane","2014","2014","t","11128400","A","Official figure",""
"QCL","Crops and livestock products","104","Myanmar","5510","Production","01802","Sugar cane","2015","2015","t","10142400","A","Official figure",""
"QCL","Crops and livestock products","104","Myanmar","5510","Production","01802","Sugar cane","2016","2016","t","10437058","A","Official figure",""
"QCL","Crops and livestock products","104","Myanmar","5510","Production","01802","Sugar cane","2017","2017","t","10370042","A","Official figure",""
"QCL","Crops and livestock products","104","Myanmar","5510","Production","01802","Sugar cane","2018","2018","t","11397183","A","Official figure",""
"QCL","Crops and livestock products","104","Myanmar","5510","Production","01802","Sugar cane","2019","2019","t","11846176","A","Official figure",""
"QCL","Crops and livestock products","104","Myanmar","5510","Production","01802","Sugar cane","2020","2020","t","11551111","A","Official figure",""
"QCL","Crops and livestock products","104","Myanmar","5510","Production","01802","Sugar cane","2021","2021","t","11333345","A","Official figure",""
"QCL","Crops and livestock products","104","Myanmar","5510","Production","01802","Sugar cane","2022","2022","t","10880602","A","Official figure",""
"QCL","Crops and livestock products","104","Myanmar","5510","Production","01802","Sugar cane","2023","2023","t","11035062.34","I","Value imputed by a receiving agency",""
"QCL","Crops and livestock products","524","Nepal","5510","Production","01802","Sugar cane","2000","2000","t","2103426","A","Official figure",""
"QCL","Crops and livestock products","524","Nepal","5510","Production","01802","Sugar cane","2001","2001","t","2211781","A","Official figure",""
"QCL","Crops and livestock products","524","Nepal","5510","Production","01802","Sugar cane","2002","2002","t","2247990","A","Official figure",""
"QCL","Crops and livestock products","524","Nepal","5510","Production","01802","Sugar cane","2003","2003","t","2343054","A","Official figure",""
"QCL","Crops and livestock products","524","Nepal","5510","Production","01802","Sugar cane","2004","2004","t","2305326","A","Official figure",""
"QCL","Crops and livestock products","524","Nepal","5510","Production","01802","Sugar cane","2005","2005","t","2376103","A","Official figure",""
"QCL","Crops and livestock products","524","Nepal","5510","Production","01802","Sugar cane","2006","2006","t","2462574","A","Official figure",""
"QCL","Crops and livestock products","524","Nepal","5510","Production","01802","Sugar cane","2007","2007","t","2599789","A","Official figure",""
"QCL","Crops and livestock products","524","Nepal","5510","Production","01802","Sugar cane","2008","2008","t","2485437","A","Official figure",""
"QCL","Crops and livestock products","524","Nepal","5510","Production","01802","Sugar cane","2009","2009","t","2354412","A","Official figure",""
"QCL","Crops and livestock products","524","Nepal","5510","Production","01802","Sugar cane","2010","2010","t","2592500","A","Official figure",""
"QCL","Crops and livestock products","524","Nepal","5510","Production","01802","Sugar cane","2011","2011","t","2718226","A","Official figure",""
"QCL","Crops and livestock products","524","Nepal","5510","Production","01802","Sugar cane","2012","2012","t","2930047","A","Official figure",""
"QCL","Crops and livestock products","524","Nepal","5510","Production","01802","Sugar cane","2013","2013","t","2930000","A","Official figure",""
"QCL","Crops and livestock products","524","Nepal","5510","Production","01802","Sugar cane","2014","2014","t","2998000","A","Official figure",""
"QCL","Crops and livestock products","524","Nepal","5510","Production","01802","Sugar cane","2015","2015","t","3063000","A","Official figure",""
"QCL","Crops and livestock products","524","Nepal","5510","Production","01802","Sugar cane","2016","2016","t","4346753.86","A","Official figure",""
"QCL","Crops and livestock products","524","Nepal","5510","Production","01802","Sugar cane","2017","2017","t","3234711.25","A","Official figure",""
"QCL","Crops and livestock products","524","Nepal","5510","Production","01802","Sugar cane","2018","2018","t","3558182","A","Official figure",""
"QCL","Crops and livestock products","524","Nepal","5510","Production","01802","Sugar cane","2019","2019","t","3557934","A","Official figure",""
"QCL","Crops and livestock products","524","Nepal","5510","Production","01802","Sugar cane","2020","2020","t","3400176","A","Official figure",""
"QCL","Crops and livestock products","524","Nepal","5510","Production","01802","Sugar cane","2021","2021","t","3183943","A","Official figure",""
"QCL","Crops and livestock products","524","Nepal","5510","Production","01802","Sugar cane","2022","2022","t","3159634","A","Official figure",""
"QCL","Crops and livestock products","524","Nepal","5510","Production","01802","Sugar cane","2023","2023","t","3130108.53","A","Official figure",""
"QCL","Crops and livestock products","528","Netherlands (Kingdom of the)","5510","Production","01801","Sugar beet","2000","2000","t","6798000","A","Official figure",""
"QCL","Crops and livestock products","528","Netherlands (Kingdom of the)","5510","Production","01801","Sugar beet","2001","2001","t","5996000","A","Official figure",""
"QCL","Crops and livestock products","528","Netherlands (Kingdom of the)","5510","Production","01801","Sugar beet","2002","2002","t","6250195","A","Official figure",""
"QCL","Crops and livestock products","528","Netherlands (Kingdom of the)","5510","Production","01801","Sugar beet","2003","2003","t","6209800","A","Official figure",""
"QCL","Crops and livestock products","528","Netherlands (Kingdom of the)","5510","Production","01801","Sugar beet","2004","2004","t","6292200","A","Official figure",""
"QCL","Crops and livestock products","528","Netherlands (Kingdom of the)","5510","Production","01801","Sugar beet","2005","2005","t","5931000","A","Official figure",""
"QCL","Crops and livestock products","528","Netherlands (Kingdom of the)","5510","Production","01801","Sugar beet","2006","2006","t","5414100","A","Official figure",""
"QCL","Crops and livestock products","528","Netherlands (Kingdom of the)","5510","Production","01801","Sugar beet","2007","2007","t","5511500","A","Official figure",""
"QCL","Crops and livestock products","528","Netherlands (Kingdom of the)","5510","Production","01801","Sugar beet","2008","2008","t","5218500","A","Official figure",""
"QCL","Crops and livestock products","528","Netherlands (Kingdom of the)","5510","Production","01801","Sugar beet","2009","2009","t","5734969","A","Official figure",""
"QCL","Crops and livestock products","528","Netherlands (Kingdom of the)","5510","Production","01801","Sugar beet","2010","2010","t","5280433","A","Official figure",""
"QCL","Crops and livestock products","528","Netherlands (Kingdom of the)","5510","Production","01801","Sugar beet","2011","2011","t","5857980","A","Official figure",""
"QCL","Crops and livestock products","528","Netherlands (Kingdom of the)","5510","Production","01801","Sugar beet","2012","2012","t","5728000","A","Official figure",""
"QCL","Crops and livestock products","528","Netherlands (Kingdom of the)","5510","Production","01801","Sugar beet","2013","2013","t","5727418","A","Official figure",""
"QCL","Crops and livestock products","528","Netherlands (Kingdom of the)","5510","Production","01801","Sugar beet","2014","2014","t","6821774","A","Official figure",""
"QCL","Crops and livestock products","528","Netherlands (Kingdom of the)","5510","Production","01801","Sugar beet","2015","2015","t","4868255","A","Official figure",""
"QCL","Crops and livestock products","528","Netherlands (Kingdom of the)","5510","Production","01801","Sugar beet","2016","2016","t","5502200","A","Official figure",""
"QCL","Crops and livestock products","528","Netherlands (Kingdom of the)","5510","Production","01801","Sugar beet","2017","2017","t","7959266","A","Official figure",""
"QCL","Crops and livestock products","528","Netherlands (Kingdom of the)","5510","Production","01801","Sugar beet","2018","2018","t","6506310","A","Official figure",""
"QCL","Crops and livestock products","528","Netherlands (Kingdom of the)","5510","Production","01801","Sugar beet","2019","2019","t","6644710","A","Official figure",""
"QCL","Crops and livestock products","528","Netherlands (Kingdom of the)","5510","Production","01801","Sugar beet","2020","2020","t","6691360","A","Official figure",""
"QCL","Crops and livestock products","528","Netherlands (Kingdom of the)","5510","Production","01801","Sugar beet","2021","2021","t","6555960","A","Official figure",""
"QCL","Crops and livestock products","528","Netherlands (Kingdom of the)","5510","Production","01801","Sugar beet","2022","2022","t","7256600","A","Official figure",""
"QCL","Crops and livestock products","528","Netherlands (Kingdom of the)","5510","Production","01801","Sugar beet","2023","2023","t","6942510","A","Official figure",""
"QCL","Crops and livestock products","558","Nicaragua","5510","Production","01802","Sugar cane","2000","2000","t","3524355","A","Official figure",""
"QCL","Crops and livestock products","558","Nicaragua","5510","Production","01802","Sugar cane","2001","2001","t","3144591","A","Official figure",""
"QCL","Crops and livestock products","558","Nicaragua","5510","Production","01802","Sugar cane","2002","2002","t","3119360","A","Official figure",""
"QCL","Crops and livestock products","558","Nicaragua","5510","Production","01802","Sugar cane","2003","2003","t","4100500","A","Official figure",""
"QCL","Crops and livestock products","558","Nicaragua","5510","Production","01802","Sugar cane","2004","2004","t","4027000","A","Official figure",""
"QCL","Crops and livestock products","558","Nicaragua","5510","Production","01802","Sugar cane","2005","2005","t","3816573","A","Official figure",""
"QCL","Crops and livestock products","558","Nicaragua","5510","Production","01802","Sugar cane","2006","2006","t","4505036","A","Official figure",""
"QCL","Crops and livestock products","558","Nicaragua","5510","Production","01802","Sugar cane","2007","2007","t","4480873","A","Official figure",""
"QCL","Crops and livestock products","558","Nicaragua","5510","Production","01802","Sugar cane","2008","2008","t","4304855","A","Official figure",""
"QCL","Crops and livestock products","558","Nicaragua","5510","Production","01802","Sugar cane","2009","2009","t","5115536.5","A","Official figure",""
"QCL","Crops and livestock products","558","Nicaragua","5510","Production","01802","Sugar cane","2010","2010","t","4893927.5","A","Official figure",""
"QCL","Crops and livestock products","558","Nicaragua","5510","Production","01802","Sugar cane","2011","2011","t","5442573.5","A","Official figure",""
"QCL","Crops and livestock products","558","Nicaragua","5510","Production","01802","Sugar cane","2012","2012","t","6732334.5","A","Official figure",""
"QCL","Crops and livestock products","558","Nicaragua","5510","Production","01802","Sugar cane","2013","2013","t","6728134.71","A","Official figure",""
"QCL","Crops and livestock products","558","Nicaragua","5510","Production","01802","Sugar cane","2014","2014","t","6997631.77","A","Official figure",""
"QCL","Crops and livestock products","558","Nicaragua","5510","Production","01802","Sugar cane","2015","2015","t","6375625.24","A","Official figure",""
"QCL","Crops and livestock products","558","Nicaragua","5510","Production","01802","Sugar cane","2016","2016","t","6149614.55","A","Official figure",""
"QCL","Crops and livestock products","558","Nicaragua","5510","Production","01802","Sugar cane","2017","2017","t","7096373.01","A","Official figure",""
"QCL","Crops and livestock products","558","Nicaragua","5510","Production","01802","Sugar cane","2018","2018","t","7314735.33","A","Official figure",""
"QCL","Crops and livestock products","558","Nicaragua","5510","Production","01802","Sugar cane","2019","2019","t","7042714.88","A","Official figure",""
"QCL","Crops and livestock products","558","Nicaragua","5510","Production","01802","Sugar cane","2020","2020","t","6992540.52","A","Official figure",""
"QCL","Crops and livestock products","558","Nicaragua","5510","Production","01802","Sugar cane","2021","2021","t","6829944.43","A","Official figure",""
"QCL","Crops and livestock products","558","Nicaragua","5510","Production","01802","Sugar cane","2022","2022","t","7351420.91","A","Official figure",""
"QCL","Crops and livestock products","558","Nicaragua","5510","Production","01802","Sugar cane","2023","2023","t","6964836.59","A","Official figure",""
"QCL","Crops and livestock products","562","Niger","5510","Production","01802","Sugar cane","2000","2000","t","200047","A","Official figure",""
"QCL","Crops and livestock products","562","Niger","5510","Production","01802","Sugar cane","2001","2001","t","211354","A","Official figure",""
"QCL","Crops and livestock products","562","Niger","5510","Production","01802","Sugar cane","2002","2002","t","220000","E","Estimated value",""
"QCL","Crops and livestock products","562","Niger","5510","Production","01802","Sugar cane","2003","2003","t","220000","E","Estimated value",""
"QCL","Crops and livestock products","562","Niger","5510","Production","01802","Sugar cane","2004","2004","t","220000","E","Estimated value",""
"QCL","Crops and livestock products","562","Niger","5510","Production","01802","Sugar cane","2005","2005","t","220000","E","Estimated value",""
"QCL","Crops and livestock products","562","Niger","5510","Production","01802","Sugar cane","2006","2006","t","240000","E","Estimated value",""
"QCL","Crops and livestock products","562","Niger","5510","Production","01802","Sugar cane","2007","2007","t","240000","A","Official figure",""
"QCL","Crops and livestock products","562","Niger","5510","Production","01802","Sugar cane","2008","2008","t","187752","A","Official figure",""
"QCL","Crops and livestock products","562","Niger","5510","Production","01802","Sugar cane","2009","2009","t","211864","A","Official figure",""
"QCL","Crops and livestock products","562","Niger","5510","Production","01802","Sugar cane","2010","2010","t","222457","A","Official figure",""
"QCL","Crops and livestock products","562","Niger","5510","Production","01802","Sugar cane","2011","2011","t","176677","A","Official figure",""
"QCL","Crops and livestock products","562","Niger","5510","Production","01802","Sugar cane","2012","2012","t","194582","A","Official figure",""
"QCL","Crops and livestock products","562","Niger","5510","Production","01802","Sugar cane","2013","2013","t","194582","A","Official figure",""
"QCL","Crops and livestock products","562","Niger","5510","Production","01802","Sugar cane","2014","2014","t","226927.98","A","Official figure",""
"QCL","Crops and livestock products","562","Niger","5510","Production","01802","Sugar cane","2015","2015","t","330947","A","Official figure",""
"QCL","Crops and livestock products","562","Niger","5510","Production","01802","Sugar cane","2016","2016","t","216036.81","A","Official figure",""
"QCL","Crops and livestock products","562","Niger","5510","Production","01802","Sugar cane","2017","2017","t","252854","A","Official figure",""
"QCL","Crops and livestock products","562","Niger","5510","Production","01802","Sugar cane","2018","2018","t","258090.73","A","Official figure",""
"QCL","Crops and livestock products","562","Niger","5510","Production","01802","Sugar cane","2019","2019","t","320660.85","A","Official figure",""
"QCL","Crops and livestock products","562","Niger","5510","Production","01802","Sugar cane","2020","2020","t","436995.38","A","Official figure",""
"QCL","Crops and livestock products","562","Niger","5510","Production","01802","Sugar cane","2021","2021","t","653355.12","A","Official figure",""
"QCL","Crops and livestock products","562","Niger","5510","Production","01802","Sugar cane","2022","2022","t","650000","E","Estimated value",""
"QCL","Crops and livestock products","562","Niger","5510","Production","01802","Sugar cane","2023","2023","t","543187.74","A","Official figure",""
"QCL","Crops and livestock products","566","Nigeria","5510","Production","01802","Sugar cane","2000","2000","t","695000","A","Official figure",""
"QCL","Crops and livestock products","566","Nigeria","5510","Production","01802","Sugar cane","2001","2001","t","705000","A","Official figure",""
"QCL","Crops and livestock products","566","Nigeria","5510","Production","01802","Sugar cane","2002","2002","t","750000","A","Official figure",""
"QCL","Crops and livestock products","566","Nigeria","5510","Production","01802","Sugar cane","2003","2003","t","798000","A","Official figure",""
"QCL","Crops and livestock products","566","Nigeria","5510","Production","01802","Sugar cane","2004","2004","t","854000","A","Official figure",""
"QCL","Crops and livestock products","566","Nigeria","5510","Production","01802","Sugar cane","2005","2005","t","914000","A","Official figure",""
"QCL","Crops and livestock products","566","Nigeria","5510","Production","01802","Sugar cane","2006","2006","t","987000","A","Official figure",""
"QCL","Crops and livestock products","566","Nigeria","5510","Production","01802","Sugar cane","2007","2007","t","1506000","A","Official figure",""
"QCL","Crops and livestock products","566","Nigeria","5510","Production","01802","Sugar cane","2008","2008","t","1412070","A","Official figure",""
"QCL","Crops and livestock products","566","Nigeria","5510","Production","01802","Sugar cane","2009","2009","t","1401680","A","Official figure",""
"QCL","Crops and livestock products","566","Nigeria","5510","Production","01802","Sugar cane","2010","2010","t","1009000","E","Estimated value",""
"QCL","Crops and livestock products","566","Nigeria","5510","Production","01802","Sugar cane","2011","2011","t","988794.09","I","Value imputed by a receiving agency",""
"QCL","Crops and livestock products","566","Nigeria","5510","Production","01802","Sugar cane","2012","2012","t","1180913.52","I","Value imputed by a receiving agency",""
"QCL","Crops and livestock products","566","Nigeria","5510","Production","01802","Sugar cane","2013","2013","t","1301531.28","I","Value imputed by a receiving agency",""
"QCL","Crops and livestock products","566","Nigeria","5510","Production","01802","Sugar cane","2014","2014","t","1413512","A","Official figure",""
"QCL","Crops and livestock products","566","Nigeria","5510","Production","01802","Sugar cane","2015","2015","t","1449963","A","Official figure",""
"QCL","Crops and livestock products","566","Nigeria","5510","Production","01802","Sugar cane","2016","2016","t","1487173","A","Official figure",""
"QCL","Crops and livestock products","566","Nigeria","5510","Production","01802","Sugar cane","2017","2017","t","1496330.15","I","Value imputed by a receiving agency",""
"QCL","Crops and livestock products","566","Nigeria","5510","Production","01802","Sugar cane","2018","2018","t","1499275.6","I","Value imputed by a receiving agency",""
"QCL","Crops and livestock products","566","Nigeria","5510","Production","01802","Sugar cane","2019","2019","t","1503575.52","I","Value imputed by a receiving agency",""
"QCL","Crops and livestock products","566","Nigeria","5510","Production","01802","Sugar cane","2020","2020","t","1517600.38","I","Value imputed by a receiving agency",""
"QCL","Crops and livestock products","566","Nigeria","5510","Production","01802","Sugar cane","2021","2021","t","1506817.17","E","Estimated value",""
"QCL","Crops and livestock products","566","Nigeria","5510","Production","01802","Sugar cane","2022","2022","t","1509331.02","E","Estimated value",""
"QCL","Crops and livestock products","566","Nigeria","5510","Production","01802","Sugar cane","2023","2023","t","1511249.52","E","Estimated value",""
"QCL","Crops and livestock products","807","North Macedonia","5510","Production","01801","Sugar beet","2000","2000","t","56450","A","Official figure",""
"QCL","Crops and livestock products","807","North Macedonia","5510","Production","01801","Sugar beet","2001","2001","t","38000","A","Official figure",""
"QCL","Crops and livestock products","807","North Macedonia","5510","Production","01801","Sugar beet","2002","2002","t","43800","A","Official figure",""
"QCL","Crops and livestock products","807","North Macedonia","5510","Production","01801","Sugar beet","2003","2003","t","38904","A","Official figure",""
"QCL","Crops and livestock products","807","North Macedonia","5510","Production","01801","Sugar beet","2004","2004","t","52199","A","Official figure",""
"QCL","Crops and livestock products","807","North Macedonia","5510","Production","01801","Sugar beet","2005","2005","t","57836","A","Official figure",""
"QCL","Crops and livestock products","807","North Macedonia","5510","Production","01801","Sugar beet","2006","2006","t","25000","X","Figure from external organization","Unofficial figure"
"QCL","Crops and livestock products","807","North Macedonia","5510","Production","01801","Sugar beet","2007","2007","t","7852","A","Official figure",""
"QCL","Crops and livestock products","807","North Macedonia","5510","Production","01801","Sugar beet","2008","2008","t","8000","E","Estimated value",""
"QCL","Crops and livestock products","807","North Macedonia","5510","Production","01801","Sugar beet","2009","2009","t","7800","E","Estimated value",""
"QCL","Crops and livestock products","807","North Macedonia","5510","Production","01801","Sugar beet","2010","2010","t","9112.27","I","Value imputed by a receiving agency",""
"QCL","Crops and livestock products","807","North Macedonia","5510","Production","01801","Sugar beet","2011","2011","t","10268.97","I","Value imputed by a receiving agency",""
"QCL","Crops and livestock products","807","North Macedonia","5510","Production","01801","Sugar beet","2012","2012","t","8374.04","I","Value imputed by a receiving agency",""
"QCL","Crops and livestock products","807","North Macedonia","5510","Production","01801","Sugar beet","2013","2013","t","6706.89","I","Value imputed by a receiving agency",""
"QCL","Crops and livestock products","807","North Macedonia","5510","Production","01801","Sugar beet","2014","2014","t","4661.7","I","Value imputed by a receiving agency",""
"QCL","Crops and livestock products","807","North Macedonia","5510","Production","01801","Sugar beet","2015","2015","t","3153.67","I","Value imputed by a receiving agency",""
"QCL","Crops and livestock products","807","North Macedonia","5510","Production","01801","Sugar beet","2016","2016","t","4840.75","E","Estimated value",""
"QCL","Crops and livestock products","807","North Macedonia","5510","Production","01801","Sugar beet","2017","2017","t","4218.71","E","Estimated value",""
"QCL","Crops and livestock products","807","North Macedonia","5510","Production","01801","Sugar beet","2018","2018","t","4071.04","E","Estimated value",""
"QCL","Crops and livestock products","807","North Macedonia","5510","Production","01801","Sugar beet","2019","2019","t","4376.83","E","Estimated value",""
"QCL","Crops and livestock products","807","North Macedonia","5510","Production","01801","Sugar beet","2020","2020","t","4222.19","E","Estimated value",""
"QCL","Crops and livestock products","807","North Macedonia","5510","Production","01801","Sugar beet","2021","2021","t","4223.36","E","Estimated value",""
"QCL","Crops and livestock products","807","North Macedonia","5510","Production","01801","Sugar beet","2022","2022","t","4274.13","E","Estimated value",""
"QCL","Crops and livestock products","807","North Macedonia","5510","Production","01801","Sugar beet","2023","2023","t","4239.89","E","Estimated value",""
"QCL","Crops and livestock products","512","Oman","5510","Production","01802","Sugar cane","2000","2000","t","","M","Missing value; data cannot exist",""
"QCL","Crops and livestock products","512","Oman","5510","Production","01802","Sugar cane","2001","2001","t","","M","Missing value; data cannot exist",""
"QCL","Crops and livestock products","512","Oman","5510","Production","01802","Sugar cane","2002","2002","t","","M","Missing value; data cannot exist",""
"QCL","Crops and livestock products","512","Oman","5510","Production","01802","Sugar cane","2003","2003","t","1470","A","Official figure",""
"QCL","Crops and livestock products","512","Oman","5510","Production","01802","Sugar cane","2004","2004","t","1710","A","Official figure",""
"QCL","Crops and livestock products","512","Oman","5510","Production","01802","Sugar cane","2005","2005","t","626","A","Official figure",""
"QCL","Crops and livestock products","512","Oman","5510","Production","01802","Sugar cane","2006","2006","t","519","A","Official figure",""
"QCL","Crops and livestock products","512","Oman","5510","Production","01802","Sugar cane","2007","2007","t","952","A","Official figure",""
"QCL","Crops and livestock products","512","Oman","5510","Production","01802","Sugar cane","2008","2008","t","1130","A","Official figure",""
"QCL","Crops and livestock products","512","Oman","5510","Production","01802","Sugar cane","2009","2009","t","1150","E","Estimated value",""
"QCL","Crops and livestock products","512","Oman","5510","Production","01802","Sugar cane","2010","2010","t","1130","A","Official figure",""
"QCL","Crops and livestock products","512","Oman","5510","Production","01802","Sugar cane","2011","2011","t","1150","A","Official figure",""
"QCL","Crops and livestock products","512","Oman","5510","Production","01802","Sugar cane","2012","2012","t","1200","A","Official figure",""
"QCL","Crops and livestock products","512","Oman","5510","Production","01802","Sugar cane","2013","2013","t","1250","A","Official figure",""
"QCL","Crops and livestock products","512","Oman","5510","Production","01802","Sugar cane","2014","2014","t","1650","A","Official figure",""
"QCL","Crops and livestock products","512","Oman","5510","Production","01802","Sugar cane","2015","2015","t","1650","A","Official figure",""
"QCL","Crops and livestock products","512","Oman","5510","Production","01802","Sugar cane","2016","2016","t","1650","A","Official figure",""
"QCL","Crops and livestock products","512","Oman","5510","Production","01802","Sugar cane","2017","2017","t","1650","A","Official figure",""
"QCL","Crops and livestock products","512","Oman","5510","Production","01802","Sugar cane","2018","2018","t","1650","A","Official figure",""
"QCL","Crops and livestock products","512","Oman","5510","Production","01802","Sugar cane","2019","2019","t","1650","A","Official figure",""
"QCL","Crops and livestock products","512","Oman","5510","Production","01802","Sugar cane","2020","2020","t","1500","A","Official figure",""
"QCL","Crops and livestock products","512","Oman","5510","Production","01802","Sugar cane","2021","2021","t","1610.47","I","Value imputed by a receiving agency",""
"QCL","Crops and livestock products","512","Oman","5510","Production","01802","Sugar cane","2022","2022","t","1704.39","I","Value imputed by a receiving agency",""
"QCL","Crops and livestock products","512","Oman","5510","Production","01802","Sugar cane","2023","2023","t","1713.94","I","Value imputed by a receiving agency",""
"QCL","Crops and livestock products","586","Pakistan","5510","Production","01801","Sugar beet","2000","2000","t","159329","A","Official figure",""
"QCL","Crops and livestock products","586","Pakistan","5510","Production","01801","Sugar beet","2001","2001","t","132100","A","Official figure",""
"QCL","Crops and livestock products","586","Pakistan","5510","Production","01801","Sugar beet","2002","2002","t","87100","A","Official figure",""
"QCL","Crops and livestock products","586","Pakistan","5510","Production","01801","Sugar beet","2003","2003","t","215411","A","Official figure",""
"QCL","Crops and livestock products","586","Pakistan","5510","Production","01801","Sugar beet","2004","2004","t","250169","A","Official figure",""
"QCL","Crops and livestock products","586","Pakistan","5510","Production","01801","Sugar beet","2005","2005","t","120902","A","Official figure",""
"QCL","Crops and livestock products","586","Pakistan","5510","Production","01801","Sugar beet","2006","2006","t","93345","A","Official figure",""
"QCL","Crops and livestock products","586","Pakistan","5510","Production","01801","Sugar beet","2007","2007","t","83600","A","Official figure",""
"QCL","Crops and livestock products","586","Pakistan","5510","Production","01801","Sugar beet","2008","2008","t","64095","A","Official figure",""
"QCL","Crops and livestock products","586","Pakistan","5510","Production","01801","Sugar beet","2009","2009","t","93010","X","Figure from external organization","Unofficial figure"
"QCL","Crops and livestock products","586","Pakistan","5510","Production","01801","Sugar beet","2010","2010","t","0","A","Official figure",""
"QCL","Crops and livestock products","586","Pakistan","5510","Production","01801","Sugar beet","2011","2011","t","400","A","Official figure",""
"QCL","Crops and livestock products","586","Pakistan","5510","Production","01801","Sugar beet","2012","2012","t","1300","A","Official figure",""
"QCL","Crops and livestock products","586","Pakistan","5510","Production","01801","Sugar beet","2013","2013","t","1300","A","Official figure",""
"QCL","Crops and livestock products","586","Pakistan","5510","Production","01801","Sugar beet","2014","2014","t","1300","A","Official figure",""
"QCL","Crops and livestock products","586","Pakistan","5510","Production","01801","Sugar beet","2015","2015","t","16900","A","Official figure",""
"QCL","Crops and livestock products","586","Pakistan","5510","Production","01801","Sugar beet","2016","2016","t","21400","A","Official figure",""
"QCL","Crops and livestock products","586","Pakistan","5510","Production","01801","Sugar beet","2017","2017","t","26630","A","Official figure",""
"QCL","Crops and livestock products","586","Pakistan","5510","Production","01801","Sugar beet","2018","2018","t","29468","A","Official figure",""
"QCL","Crops and livestock products","586","Pakistan","5510","Production","01801","Sugar beet","2019","2019","t","38620","A","Official figure",""
"QCL","Crops and livestock products","586","Pakistan","5510","Production","01801","Sugar beet","2020","2020","t","17383","A","Official figure",""
"QCL","Crops and livestock products","586","Pakistan","5510","Production","01801","Sugar beet","2021","2021","t","24383","A","Official figure",""
"QCL","Crops and livestock products","586","Pakistan","5510","Production","01801","Sugar beet","2022","2022","t","28797","A","Official figure",""
"QCL","Crops and livestock products","586","Pakistan","5510","Production","01801","Sugar beet","2023","2023","t","32454","A","Official figure",""
"QCL","Crops and livestock products","586","Pakistan","5510","Production","01802","Sugar cane","2000","2000","t","46332600","A","Official figure",""
"QCL","Crops and livestock products","586","Pakistan","5510","Production","01802","Sugar cane","2001","2001","t","43606300","A","Official figure",""
"QCL","Crops and livestock products","586","Pakistan","5510","Production","01802","Sugar cane","2002","2002","t","48041600","A","Official figure",""
"QCL","Crops and livestock products","586","Pakistan","5510","Production","01802","Sugar cane","2003","2003","t","52055800","A","Official figure",""
"QCL","Crops and livestock products","586","Pakistan","5510","Production","01802","Sugar cane","2004","2004","t","53820000","A","Official figure",""
"QCL","Crops and livestock products","586","Pakistan","5510","Production","01802","Sugar cane","2005","2005","t","47244100","A","Official figure",""
"QCL","Crops and livestock products","586","Pakistan","5510","Production","01802","Sugar cane","2006","2006","t","44665500","A","Official figure",""
"QCL","Crops and livestock products","586","Pakistan","5510","Production","01802","Sugar cane","2007","2007","t","54741600","A","Official figure",""
"QCL","Crops and livestock products","586","Pakistan","5510","Production","01802","Sugar cane","2008","2008","t","63920000","A","Official figure",""
"QCL","Crops and livestock products","586","Pakistan","5510","Production","01802","Sugar cane","2009","2009","t","50045400","A","Official figure",""
"QCL","Crops and livestock products","586","Pakistan","5510","Production","01802","Sugar cane","2010","2010","t","49372900","A","Official figure",""
"QCL","Crops and livestock products","586","Pakistan","5510","Production","01802","Sugar cane","2011","2011","t","55308500","A","Official figure",""
"QCL","Crops and livestock products","586","Pakistan","5510","Production","01802","Sugar cane","2012","2012","t","58397000","A","Official figure",""
"QCL","Crops and livestock products","586","Pakistan","5510","Production","01802","Sugar cane","2013","2013","t","67460094","A","Official figure",""
"QCL","Crops and livestock products","586","Pakistan","5510","Production","01802","Sugar cane","2014","2014","t","62826458","A","Official figure",""
"QCL","Crops and livestock products","586","Pakistan","5510","Production","01802","Sugar cane","2015","2015","t","65482334","A","Official figure",""
"QCL","Crops and livestock products","586","Pakistan","5510","Production","01802","Sugar cane","2016","2016","t","75482253","A","Official figure",""
"QCL","Crops and livestock products","586","Pakistan","5510","Production","01802","Sugar cane","2017","2017","t","83332740","A","Official figure",""
"QCL","Crops and livestock products","586","Pakistan","5510","Production","01802","Sugar cane","2018","2018","t","67173975","A","Official figure",""
"QCL","Crops and livestock products","586","Pakistan","5510","Production","01802","Sugar cane","2019","2019","t","66379581","A","Official figure",""
"QCL","Crops and livestock products","586","Pakistan","5510","Production","01802","Sugar cane","2020","2020","t","81009261","A","Official figure",""
"QCL","Crops and livestock products","586","Pakistan","5510","Production","01802","Sugar cane","2021","2021","t","88650593","A","Official figure",""
"QCL","Crops and livestock products","586","Pakistan","5510","Production","01802","Sugar cane","2022","2022","t","87981135","A","Official figure",""
"QCL","Crops and livestock products","586","Pakistan","5510","Production","01802","Sugar cane","2023","2023","t","87637669","A","Official figure",""
"QCL","Crops and livestock products","275","Palestine","5510","Production","01801","Sugar beet","2000","2000","t","100","E","Estimated value",""
"QCL","Crops and livestock products","275","Palestine","5510","Production","01801","Sugar beet","2001","2001","t","","M","Missing value; data cannot exist",""
"QCL","Crops and livestock products","275","Palestine","5510","Production","01801","Sugar beet","2002","2002","t","","M","Missing value; data cannot exist",""
"QCL","Crops and livestock products","275","Palestine","5510","Production","01801","Sugar beet","2003","2003","t","","M","Missing value; data cannot exist",""
"QCL","Crops and livestock products","275","Palestine","5510","Production","01801","Sugar beet","2004","2004","t","","M","Missing value; data cannot exist",""
"QCL","Crops and livestock products","275","Palestine","5510","Production","01801","Sugar beet","2005","2005","t","","M","Missing value; data cannot exist",""
"QCL","Crops and livestock products","275","Palestine","5510","Production","01801","Sugar beet","2006","2006","t","","M","Missing value; data cannot exist",""
"QCL","Crops and livestock products","275","Palestine","5510","Production","01801","Sugar beet","2007","2007","t","","M","Missing value; data cannot exist",""
"QCL","Crops and livestock products","275","Palestine","5510","Production","01801","Sugar beet","2008","2008","t","","M","Missing value; data cannot exist",""
"QCL","Crops and livestock products","275","Palestine","5510","Production","01801","Sugar beet","2009","2009","t","","M","Missing value; data cannot exist",""
"QCL","Crops and livestock products","275","Palestine","5510","Production","01801","Sugar beet","2010","2010","t","","M","Missing value; data cannot exist",""
"QCL","Crops and livestock products","275","Palestine","5510","Production","01801","Sugar beet","2011","2011","t","","M","Missing value; data cannot exist",""
"QCL","Crops and livestock products","275","Palestine","5510","Production","01801","Sugar beet","2012","2012","t","","M","Missing value; data cannot exist",""
"QCL","Crops and livestock products","275","Palestine","5510","Production","01801","Sugar beet","2013","2013","t","","M","Missing value; data cannot exist",""
"QCL","Crops and livestock products","275","Palestine","5510","Production","01801","Sugar beet","2014","2014","t","","M","Missing value; data cannot exist",""
"QCL","Crops and livestock products","275","Palestine","5510","Production","01801","Sugar beet","2015","2015","t","","M","Missing value; data cannot exist",""
"QCL","Crops and livestock products","275","Palestine","5510","Production","01801","Sugar beet","2016","2016","t","","M","Missing value; data cannot exist",""
"QCL","Crops and livestock products","275","Palestine","5510","Production","01801","Sugar beet","2017","2017","t","","M","Missing value; data cannot exist",""
"QCL","Crops and livestock products","275","Palestine","5510","Production","01801","Sugar beet","2018","2018","t","","M","Missing value; data cannot exist",""
"QCL","Crops and livestock products","275","Palestine","5510","Production","01801","Sugar beet","2019","2019","t","","M","Missing value; data cannot exist",""
"QCL","Crops and livestock products","275","Palestine","5510","Production","01801","Sugar beet","2020","2020","t","","M","Missing value; data cannot exist",""
"QCL","Crops and livestock products","275","Palestine","5510","Production","01801","Sugar beet","2021","2021","t","","M","Missing value; data cannot exist",""
"QCL","Crops and livestock products","275","Palestine","5510","Production","01801","Sugar beet","2022","2022","t","","M","Missing value; data cannot exist",""
"QCL","Crops and livestock products","591","Panama","5510","Production","01802","Sugar cane","2000","2000","t","1788509","A","Official figure",""
"QCL","Crops and livestock products","591","Panama","5510","Production","01802","Sugar cane","2001","2001","t","1438670","A","Official figure",""
"QCL","Crops and livestock products","591","Panama","5510","Production","01802","Sugar cane","2002","2002","t","1601281","A","Official figure",""
"QCL","Crops and livestock products","591","Panama","5510","Production","01802","Sugar cane","2003","2003","t","1572050","A","Official figure",""
"QCL","Crops and livestock products","591","Panama","5510","Production","01802","Sugar cane","2004","2004","t","1749490.8","A","Official figure",""
"QCL","Crops and livestock products","591","Panama","5510","Production","01802","Sugar cane","2005","2005","t","1766086.2","A","Official figure",""
"QCL","Crops and livestock products","591","Panama","5510","Production","01802","Sugar cane","2006","2006","t","1771500","A","Official figure",""
"QCL","Crops and livestock products","591","Panama","5510","Production","01802","Sugar cane","2007","2007","t","1797503","A","Official figure",""
"QCL","Crops and livestock products","591","Panama","5510","Production","01802","Sugar cane","2008","2008","t","1724662","A","Official figure",""
"QCL","Crops and livestock products","591","Panama","5510","Production","01802","Sugar cane","2009","2009","t","1774930","A","Official figure",""
"QCL","Crops and livestock products","591","Panama","5510","Production","01802","Sugar cane","2010","2010","t","1913854","A","Official figure",""
"QCL","Crops and livestock products","591","Panama","5510","Production","01802","Sugar cane","2011","2011","t","2229031","A","Official figure",""
"QCL","Crops and livestock products","591","Panama","5510","Production","01802","Sugar cane","2012","2012","t","2263890","A","Official figure",""
"QCL","Crops and livestock products","591","Panama","5510","Production","01802","Sugar cane","2013","2013","t","2275579","A","Official figure",""
"QCL","Crops and livestock products","591","Panama","5510","Production","01802","Sugar cane","2014","2014","t","2482224","A","Official figure",""
"QCL","Crops and livestock products","591","Panama","5510","Production","01802","Sugar cane","2015","2015","t","2380811","A","Official figure",""
"QCL","Crops and livestock products","591","Panama","5510","Production","01802","Sugar cane","2016","2016","t","2419680","A","Official figure",""
"QCL","Crops and livestock products","591","Panama","5510","Production","01802","Sugar cane","2017","2017","t","2444500","A","Official figure",""
"QCL","Crops and livestock products","591","Panama","5510","Production","01802","Sugar cane","2018","2018","t","2659360","A","Official figure",""
"QCL","Crops and livestock products","591","Panama","5510","Production","01802","Sugar cane","2019","2019","t","2423049","A","Official figure",""
"QCL","Crops and livestock products","591","Panama","5510","Production","01802","Sugar cane","2020","2020","t","2521268","A","Official figure",""
"QCL","Crops and livestock products","591","Panama","5510","Production","01802","Sugar cane","2021","2021","t","2190705","A","Official figure",""
"QCL","Crops and livestock products","591","Panama","5510","Production","01802","Sugar cane","2022","2022","t","1800000","A","Official figure",""
"QCL","Crops and livestock products","591","Panama","5510","Production","01802","Sugar cane","2023","2023","t","1750000","A","Official figure",""
"QCL","Crops and livestock products","598","Papua New Guinea","5510","Production","01802","Sugar cane","2000","2000","t","383000","X","Figure from external organization","Unofficial figure"
"QCL","Crops and livestock products","598","Papua New Guinea","5510","Production","01802","Sugar cane","2001","2001","t","450000","X","Figure from external organization","Unofficial figure"
"QCL","Crops and livestock products","598","Papua New Guinea","5510","Production","01802","Sugar cane","2002","2002","t","425000","X","Figure from external organization","Unofficial figure"
"QCL","Crops and livestock products","598","Papua New Guinea","5510","Production","01802","Sugar cane","2003","2003","t","445000","E","Estimated value",""
"QCL","Crops and livestock products","598","Papua New Guinea","5510","Production","01802","Sugar cane","2004","2004","t","442000","E","Estimated value",""
"QCL","Crops and livestock products","598","Papua New Guinea","5510","Production","01802","Sugar cane","2005","2005","t","368000","E","Estimated value",""
"QCL","Crops and livestock products","598","Papua New Guinea","5510","Production","01802","Sugar cane","2006","2006","t","320000","E","Estimated value",""
"QCL","Crops and livestock products","598","Papua New Guinea","5510","Production","01802","Sugar cane","2007","2007","t","320000","E","Estimated value",""
"QCL","Crops and livestock products","598","Papua New Guinea","5510","Production","01802","Sugar cane","2008","2008","t","330000","E","Estimated value",""
"QCL","Crops and livestock products","598","Papua New Guinea","5510","Production","01802","Sugar cane","2009","2009","t","330000","E","Estimated value",""
"QCL","Crops and livestock products","598","Papua New Guinea","5510","Production","01802","Sugar cane","2010","2010","t","380000","E","Estimated value",""
"QCL","Crops and livestock products","598","Papua New Guinea","5510","Production","01802","Sugar cane","2011","2011","t","380000","E","Estimated value",""
"QCL","Crops and livestock products","598","Papua New Guinea","5510","Production","01802","Sugar cane","2012","2012","t","370000","E","Estimated value",""
"QCL","Crops and livestock products","598","Papua New Guinea","5510","Production","01802","Sugar cane","2013","2013","t","320000","E","Estimated value",""
"QCL","Crops and livestock products","598","Papua New Guinea","5510","Production","01802","Sugar cane","2014","2014","t","350000","E","Estimated value",""
"QCL","Crops and livestock products","598","Papua New Guinea","5510","Production","01802","Sugar cane","2015","2015","t","350000","E","Estimated value",""
"QCL","Crops and livestock products","598","Papua New Guinea","5510","Production","01802","Sugar cane","2016","2016","t","350000","E","Estimated value",""
"QCL","Crops and livestock products","598","Papua New Guinea","5510","Production","01802","Sugar cane","2017","2017","t","350000","E","Estimated value",""
"QCL","Crops and livestock products","598","Papua New Guinea","5510","Production","01802","Sugar cane","2018","2018","t","350000","E","Estimated value",""
"QCL","Crops and livestock products","598","Papua New Guinea","5510","Production","01802","Sugar cane","2019","2019","t","350000","E","Estimated value",""
"QCL","Crops and livestock products","598","Papua New Guinea","5510","Production","01802","Sugar cane","2020","2020","t","351133.21","I","Value imputed by a receiving agency",""
"QCL","Crops and livestock products","598","Papua New Guinea","5510","Production","01802","Sugar cane","2021","2021","t","354000","E","Estimated value",""
"QCL","Crops and livestock products","598","Papua New Guinea","5510","Production","01802","Sugar cane","2022","2022","t","319000","E","Estimated value",""
"QCL","Crops and livestock products","598","Papua New Guinea","5510","Production","01802","Sugar cane","2023","2023","t","300000","E","Estimated value",""
"QCL","Crops and livestock products","600","Paraguay","5510","Production","01802","Sugar cane","2000","2000","t","2244900","A","Official figure",""
"QCL","Crops and livestock products","600","Paraguay","5510","Production","01802","Sugar cane","2001","2001","t","2396180","A","Official figure",""
"QCL","Crops and livestock products","600","Paraguay","5510","Production","01802","Sugar cane","2002","2002","t","2976290","A","Official figure",""
"QCL","Crops and livestock products","600","Paraguay","5510","Production","01802","Sugar cane","2003","2003","t","3260475","A","Official figure",""
"QCL","Crops and livestock products","600","Paraguay","5510","Production","01802","Sugar cane","2004","2004","t","3637000","A","Official figure",""
"QCL","Crops and livestock products","600","Paraguay","5510","Production","01802","Sugar cane","2005","2005","t","3020000","A","Official figure",""
"QCL","Crops and livestock products","600","Paraguay","5510","Production","01802","Sugar cane","2006","2006","t","3200000","A","Official figure",""
"QCL","Crops and livestock products","600","Paraguay","5510","Production","01802","Sugar cane","2007","2007","t","4100000","A","Official figure",""
"QCL","Crops and livestock products","600","Paraguay","5510","Production","01802","Sugar cane","2008","2008","t","5079612","A","Official figure",""
"QCL","Crops and livestock products","600","Paraguay","5510","Production","01802","Sugar cane","2009","2009","t","4800000","A","Official figure",""
"QCL","Crops and livestock products","600","Paraguay","5510","Production","01802","Sugar cane","2010","2010","t","5130941","A","Official figure",""
"QCL","Crops and livestock products","600","Paraguay","5510","Production","01802","Sugar cane","2011","2011","t","5339010","A","Official figure",""
"QCL","Crops and livestock products","600","Paraguay","5510","Production","01802","Sugar cane","2012","2012","t","4186000","A","Official figure",""
"QCL","Crops and livestock products","600","Paraguay","5510","Production","01802","Sugar cane","2013","2013","t","5544797","A","Official figure",""
"QCL","Crops and livestock products","600","Paraguay","5510","Production","01802","Sugar cane","2014","2014","t","6372000","A","Official figure",""
"QCL","Crops and livestock products","600","Paraguay","5510","Production","01802","Sugar cane","2015","2015","t","6701433","A","Official figure",""
"QCL","Crops and livestock products","600","Paraguay","5510","Production","01802","Sugar cane","2016","2016","t","6708000","A","Official figure",""
"QCL","Crops and livestock products","600","Paraguay","5510","Production","01802","Sugar cane","2017","2017","t","6608000","A","Official figure",""
"QCL","Crops and livestock products","600","Paraguay","5510","Production","01802","Sugar cane","2018","2018","t","6160000","A","Official figure",""
"QCL","Crops and livestock products","600","Paraguay","5510","Production","01802","Sugar cane","2019","2019","t","5819500","A","Official figure",""
"QCL","Crops and livestock products","600","Paraguay","5510","Production","01802","Sugar cane","2020","2020","t","7430975","A","Official figure",""
"QCL","Crops and livestock products","600","Paraguay","5510","Production","01802","Sugar cane","2021","2021","t","7221100","A","Official figure",""
"QCL","Crops and livestock products","600","Paraguay","5510","Production","01802","Sugar cane","2022","2022","t","5048888","A","Official figure",""
"QCL","Crops and livestock products","600","Paraguay","5510","Production","01802","Sugar cane","2023","2023","t","6858400","A","Official figure",""
"QCL","Crops and livestock products","604","Peru","5510","Production","01802","Sugar cane","2000","2000","t","7535150","X","Figure from external organization","Unofficial figure"
"QCL","Crops and livestock products","604","Peru","5510","Production","01802","Sugar cane","2001","2001","t","7795950","X","Figure from external organization","Unofficial figure"
"QCL","Crops and livestock products","604","Peru","5510","Production","01802","Sugar cane","2002","2002","t","8869810","X","Figure from external organization","Unofficial figure"
"QCL","Crops and livestock products","604","Peru","5510","Production","01802","Sugar cane","2003","2003","t","9363960","X","Figure from external organization","Unofficial figure"
"QCL","Crops and livestock products","604","Peru","5510","Production","01802","Sugar cane","2004","2004","t","7496873","X","Figure from external organization","Unofficial figure"
"QCL","Crops and livestock products","604","Peru","5510","Production","01802","Sugar cane","2005","2005","t","6804126","X","Figure from external organization","Unofficial figure"
"QCL","Crops and livestock products","604","Peru","5510","Production","01802","Sugar cane","2006","2006","t","7251260","A","Official figure",""
"QCL","Crops and livestock products","604","Peru","5510","Production","01802","Sugar cane","2007","2007","t","8228623","A","Official figure",""
"QCL","Crops and livestock products","604","Peru","5510","Production","01802","Sugar cane","2008","2008","t","9395959","A","Official figure",""
"QCL","Crops and livestock products","604","Peru","5510","Production","01802","Sugar cane","2009","2009","t","10786945","E","Estimated value",""
"QCL","Crops and livestock products","604","Peru","5510","Production","01802","Sugar cane","2010","2010","t","10729961","E","Estimated value",""
"QCL","Crops and livestock products","604","Peru","5510","Production","01802","Sugar cane","2011","2011","t","12322936","E","Estimated value",""
"QCL","Crops and livestock products","604","Peru","5510","Production","01802","Sugar cane","2012","2012","t","12559921.51","A","Official figure",""
"QCL","Crops and livestock products","604","Peru","5510","Production","01802","Sugar cane","2013","2013","t","13689858.66","A","Official figure",""
"QCL","Crops and livestock products","604","Peru","5510","Production","01802","Sugar cane","2014","2014","t","13775759.59","A","Official figure",""
"QCL","Crops and livestock products","604","Peru","5510","Production","01802","Sugar cane","2015","2015","t","10211856","A","Official figure",""
"QCL","Crops and livestock products","604","Peru","5510","Production","01802","Sugar cane","2016","2016","t","11884724.7","A","Official figure",""
"QCL","Crops and livestock products","604","Peru","5510","Production","01802","Sugar cane","2017","2017","t","11127472.88","A","Official figure",""
"QCL","Crops and livestock products","604","Peru","5510","Production","01802","Sugar cane","2018","2018","t","11715260.05","A","Official figure",""
"QCL","Crops and livestock products","604","Peru","5510","Production","01802","Sugar cane","2019","2019","t","13468207.44","A","Official figure",""
"QCL","Crops and livestock products","604","Peru","5510","Production","01802","Sugar cane","2020","2020","t","12846609.67","A","Official figure",""
"QCL","Crops and livestock products","604","Peru","5510","Production","01802","Sugar cane","2021","2021","t","12344084.51","A","Official figure",""
"QCL","Crops and livestock products","604","Peru","5510","Production","01802","Sugar cane","2022","2022","t","11968230.66","A","Official figure",""
"QCL","Crops and livestock products","604","Peru","5510","Production","01802","Sugar cane","2023","2023","t","11919221","A","Official figure",""
"QCL","Crops and livestock products","608","Philippines","5510","Production","01802","Sugar cane","2000","2000","t","21223438.2","A","Official figure",""
"QCL","Crops and livestock products","608","Philippines","5510","Production","01802","Sugar cane","2001","2001","t","21708721.87","A","Official figure",""
"QCL","Crops and livestock products","608","Philippines","5510","Production","01802","Sugar cane","2002","2002","t","21417288.45","A","Official figure",""
"QCL","Crops and livestock products","608","Philippines","5510","Production","01802","Sugar cane","2003","2003","t","23978373.03","A","Official figure",""
"QCL","Crops and livestock products","608","Philippines","5510","Production","01802","Sugar cane","2004","2004","t","25579213.93","A","Official figure",""
"QCL","Crops and livestock products","608","Philippines","5510","Production","01802","Sugar cane","2005","2005","t","22917673.67","A","Official figure",""
"QCL","Crops and livestock products","608","Philippines","5510","Production","01802","Sugar cane","2006","2006","t","24345106.04","A","Official figure",""
"QCL","Crops and livestock products","608","Philippines","5510","Production","01802","Sugar cane","2007","2007","t","22235296.61","A","Official figure",""
"QCL","Crops and livestock products","608","Philippines","5510","Production","01802","Sugar cane","2008","2008","t","26601383.81","A","Official figure",""
"QCL","Crops and livestock products","608","Philippines","5510","Production","01802","Sugar cane","2009","2009","t","22932818.93","A","Official figure",""
"QCL","Crops and livestock products","608","Philippines","5510","Production","01802","Sugar cane","2010","2010","t","17929269.47","A","Official figure",""
"QCL","Crops and livestock products","608","Philippines","5510","Production","01802","Sugar cane","2011","2011","t","28376517.84","A","Official figure",""
"QCL","Crops and livestock products","608","Philippines","5510","Production","01802","Sugar cane","2012","2012","t","26395914.59","A","Official figure",""
"QCL","Crops and livestock products","608","Philippines","5510","Production","01802","Sugar cane","2013","2013","t","24584841.5","A","Official figure",""
"QCL","Crops and livestock products","608","Philippines","5510","Production","01802","Sugar cane","2014","2014","t","25029880.01","A","Official figure",""
"QCL","Crops and livestock products","608","Philippines","5510","Production","01802","Sugar cane","2015","2015","t","22926437","A","Official figure",""
"QCL","Crops and livestock products","608","Philippines","5510","Production","01802","Sugar cane","2016","2016","t","22370546.22","A","Official figure",""
"QCL","Crops and livestock products","608","Philippines","5510","Production","01802","Sugar cane","2017","2017","t","29286893.18","A","Official figure",""
"QCL","Crops and livestock products","608","Philippines","5510","Production","01802","Sugar cane","2018","2018","t","24730819.95","A","Official figure",""
"QCL","Crops and livestock products","608","Philippines","5510","Production","01802","Sugar cane","2019","2019","t","20719291.05","A","Official figure",""
"QCL","Crops and livestock products","608","Philippines","5510","Production","01802","Sugar cane","2020","2020","t","24398941.25","A","Official figure",""
"QCL","Crops and livestock products","608","Philippines","5510","Production","01802","Sugar cane","2021","2021","t","26277401.74","A","Official figure",""
"QCL","Crops and livestock products","608","Philippines","5510","Production","01802","Sugar cane","2022","2022","t","23455403.5","A","Official figure",""
"QCL","Crops and livestock products","608","Philippines","5510","Production","01802","Sugar cane","2023","2023","t","21650937.9","A","Official figure",""
"QCL","Crops and livestock products","616","Poland","5510","Production","01801","Sugar beet","2000","2000","t","13134383","A","Official figure",""
"QCL","Crops and livestock products","616","Poland","5510","Production","01801","Sugar beet","2001","2001","t","11363907","A","Official figure",""
"QCL","Crops and livestock products","616","Poland","5510","Production","01801","Sugar beet","2002","2002","t","13433900","A","Official figure",""
"QCL","Crops and livestock products","616","Poland","5510","Production","01801","Sugar beet","2003","2003","t","11739509","A","Official figure",""
"QCL","Crops and livestock products","616","Poland","5510","Production","01801","Sugar beet","2004","2004","t","12730366","A","Official figure",""
"QCL","Crops and livestock products","616","Poland","5510","Production","01801","Sugar beet","2005","2005","t","11730554","A","Official figure",""
"QCL","Crops and livestock products","616","Poland","5510","Production","01801","Sugar beet","2006","2006","t","11474820","A","Official figure",""
"QCL","Crops and livestock products","616","Poland","5510","Production","01801","Sugar beet","2007","2007","t","12681555","A","Official figure",""
"QCL","Crops and livestock products","616","Poland","5510","Production","01801","Sugar beet","2008","2008","t","8715120","A","Official figure",""
"QCL","Crops and livestock products","616","Poland","5510","Production","01801","Sugar beet","2009","2009","t","10849200","A","Official figure",""
"QCL","Crops and livestock products","616","Poland","5510","Production","01801","Sugar beet","2010","2010","t","9972598","A","Official figure",""
"QCL","Crops and livestock products","616","Poland","5510","Production","01801","Sugar beet","2011","2011","t","11674153","A","Official figure",""
"QCL","Crops and livestock products","616","Poland","5510","Production","01801","Sugar beet","2012","2012","t","12349546","A","Official figure",""
"QCL","Crops and livestock products","616","Poland","5510","Production","01801","Sugar beet","2013","2013","t","11234194","A","Official figure",""
"QCL","Crops and livestock products","616","Poland","5510","Production","01801","Sugar beet","2014","2014","t","13488875","A","Official figure",""
"QCL","Crops and livestock products","616","Poland","5510","Production","01801","Sugar beet","2015","2015","t","9364467","A","Official figure",""
"QCL","Crops and livestock products","616","Poland","5510","Production","01801","Sugar beet","2016","2016","t","13523781","A","Official figure",""
"QCL","Crops and livestock products","616","Poland","5510","Production","01801","Sugar beet","2017","2017","t","15732952","A","Official figure",""
"QCL","Crops and livestock products","616","Poland","5510","Production","01801","Sugar beet","2018","2018","t","14302910","A","Official figure",""
"QCL","Crops and livestock products","616","Poland","5510","Production","01801","Sugar beet","2019","2019","t","13836620","A","Official figure",""
"QCL","Crops and livestock products","616","Poland","5510","Production","01801","Sugar beet","2020","2020","t","14947210","A","Official figure",""
"QCL","Crops and livestock products","616","Poland","5510","Production","01801","Sugar beet","2021","2021","t","15273850","A","Official figure",""
"QCL","Crops and livestock products","616","Poland","5510","Production","01801","Sugar beet","2022","2022","t","14154120","A","Official figure",""
"QCL","Crops and livestock products","616","Poland","5510","Production","01801","Sugar beet","2023","2023","t","16940820","A","Official figure",""
"QCL","Crops and livestock products","620","Portugal","5510","Production","01801","Sugar beet","2000","2000","t","461735","A","Official figure",""
"QCL","Crops and livestock products","620","Portugal","5510","Production","01801","Sugar beet","2001","2001","t","280888","A","Official figure",""
"QCL","Crops and livestock products","620","Portugal","5510","Production","01801","Sugar beet","2002","2002","t","643859","A","Official figure",""
"QCL","Crops and livestock products","620","Portugal","5510","Production","01801","Sugar beet","2003","2003","t","484149","A","Official figure",""
"QCL","Crops and livestock products","620","Portugal","5510","Production","01801","Sugar beet","2004","2004","t","626562","A","Official figure",""
"QCL","Crops and livestock products","620","Portugal","5510","Production","01801","Sugar beet","2005","2005","t","604879","A","Official figure",""
"QCL","Crops and livestock products","620","Portugal","5510","Production","01801","Sugar beet","2006","2006","t","320039","A","Official figure",""
"QCL","Crops and livestock products","620","Portugal","5510","Production","01801","Sugar beet","2007","2007","t","251573","A","Official figure",""
"QCL","Crops and livestock products","620","Portugal","5510","Production","01801","Sugar beet","2008","2008","t","137001","A","Official figure",""
"QCL","Crops and livestock products","620","Portugal","5510","Production","01801","Sugar beet","2009","2009","t","6612","A","Official figure",""
"QCL","Crops and livestock products","620","Portugal","5510","Production","01801","Sugar beet","2010","2010","t","4163","A","Official figure",""
"QCL","Crops and livestock products","620","Portugal","5510","Production","01801","Sugar beet","2011","2011","t","7955","A","Official figure",""
"QCL","Crops and livestock products","620","Portugal","5510","Production","01801","Sugar beet","2012","2012","t","18894","A","Official figure",""
"QCL","Crops and livestock products","620","Portugal","5510","Production","01801","Sugar beet","2013","2013","t","9891","A","Official figure",""
"QCL","Crops and livestock products","620","Portugal","5510","Production","01801","Sugar beet","2014","2014","t","13320","A","Official figure",""
"QCL","Crops and livestock products","620","Portugal","5510","Production","01801","Sugar beet","2015","2015","t","5761","A","Official figure",""
"QCL","Crops and livestock products","620","Portugal","5510","Production","01801","Sugar beet","2016","2016","t","9657.33","E","Estimated value",""
"QCL","Crops and livestock products","620","Portugal","5510","Production","01801","Sugar beet","2017","2017","t","10098.92","I","Value imputed by a receiving agency",""
"QCL","Crops and livestock products","620","Portugal","5510","Production","01801","Sugar beet","2018","2018","t","0","A","Official figure",""
"QCL","Crops and livestock products","620","Portugal","5510","Production","01801","Sugar beet","2019","2019","t","0","A","Official figure",""
"QCL","Crops and livestock products","620","Portugal","5510","Production","01801","Sugar beet","2020","2020","t","0","A","Official figure",""
"QCL","Crops and livestock products","620","Portugal","5510","Production","01801","Sugar beet","2023","2023","t","0","A","Official figure",""
"QCL","Crops and livestock products","620","Portugal","5510","Production","01802","Sugar cane","2000","2000","t","4000","E","Estimated value",""
"QCL","Crops and livestock products","620","Portugal","5510","Production","01802","Sugar cane","2001","2001","t","4000","E","Estimated value",""
"QCL","Crops and livestock products","620","Portugal","5510","Production","01802","Sugar cane","2002","2002","t","4000","E","Estimated value",""
"QCL","Crops and livestock products","620","Portugal","5510","Production","01802","Sugar cane","2003","2003","t","4000","E","Estimated value",""
"QCL","Crops and livestock products","620","Portugal","5510","Production","01802","Sugar cane","2004","2004","t","4000","E","Estimated value",""
"QCL","Crops and livestock products","620","Portugal","5510","Production","01802","Sugar cane","2005","2005","t","4000","E","Estimated value",""
"QCL","Crops and livestock products","620","Portugal","5510","Production","01802","Sugar cane","2006","2006","t","5000","E","Estimated value",""
"QCL","Crops and livestock products","620","Portugal","5510","Production","01802","Sugar cane","2007","2007","t","5100","E","Estimated value",""
"QCL","Crops and livestock products","620","Portugal","5510","Production","01802","Sugar cane","2008","2008","t","5100","E","Estimated value",""
"QCL","Crops and livestock products","620","Portugal","5510","Production","01802","Sugar cane","2009","2009","t","5150","E","Estimated value",""
"QCL","Crops and livestock products","620","Portugal","5510","Production","01802","Sugar cane","2010","2010","t","5100","E","Estimated value",""
"QCL","Crops and livestock products","620","Portugal","5510","Production","01802","Sugar cane","2011","2011","t","5200","E","Estimated value",""
"QCL","Crops and livestock products","620","Portugal","5510","Production","01802","Sugar cane","2012","2012","t","5300","E","Estimated value",""
"QCL","Crops and livestock products","620","Portugal","5510","Production","01802","Sugar cane","2013","2013","t","5350","E","Estimated value",""
"QCL","Crops and livestock products","620","Portugal","5510","Production","01802","Sugar cane","2014","2014","t","5354.7","I","Value imputed by a receiving agency",""
"QCL","Crops and livestock products","620","Portugal","5510","Production","01802","Sugar cane","2015","2015","t","5404.13","I","Value imputed by a receiving agency",""
"QCL","Crops and livestock products","620","Portugal","5510","Production","01802","Sugar cane","2016","2016","t","5455.44","I","Value imputed by a receiving agency",""
"QCL","Crops and livestock products","620","Portugal","5510","Production","01802","Sugar cane","2017","2017","t","5499.63","I","Value imputed by a receiving agency",""
"QCL","Crops and livestock products","630","Puerto Rico","5510","Production","01802","Sugar cane","2000","2000","t","64000","A","Official figure",""
"QCL","Crops and livestock products","630","Puerto Rico","5510","Production","01802","Sugar cane","2001","2001","t","17000","A","Official figure",""
"QCL","Crops and livestock products","630","Puerto Rico","5510","Production","01802","Sugar cane","2002","2002","t","40000","A","Official figure",""
"QCL","Crops and livestock products","630","Puerto Rico","5510","Production","01802","Sugar cane","2003","2003","t","","M","Missing value; data cannot exist",""
"QCL","Crops and livestock products","630","Puerto Rico","5510","Production","01802","Sugar cane","2004","2004","t","","M","Missing value; data cannot exist",""
"QCL","Crops and livestock products","630","Puerto Rico","5510","Production","01802","Sugar cane","2005","2005","t","","M","Missing value; data cannot exist",""
"QCL","Crops and livestock products","630","Puerto Rico","5510","Production","01802","Sugar cane","2006","2006","t","","M","Missing value; data cannot exist",""
"QCL","Crops and livestock products","630","Puerto Rico","5510","Production","01802","Sugar cane","2007","2007","t","","M","Missing value; data cannot exist",""
"QCL","Crops and livestock products","630","Puerto Rico","5510","Production","01802","Sugar cane","2008","2008","t","","M","Missing value; data cannot exist",""
"QCL","Crops and livestock products","630","Puerto Rico","5510","Production","01802","Sugar cane","2009","2009","t","","M","Missing value; data cannot exist",""
"QCL","Crops and livestock products","630","Puerto Rico","5510","Production","01802","Sugar cane","2010","2010","t","","M","Missing value; data cannot exist",""
"QCL","Crops and livestock products","630","Puerto Rico","5510","Production","01802","Sugar cane","2011","2011","t","","M","Missing value; data cannot exist",""
"QCL","Crops and livestock products","630","Puerto Rico","5510","Production","01802","Sugar cane","2012","2012","t","","M","Missing value; data cannot exist",""
"QCL","Crops and livestock products","630","Puerto Rico","5510","Production","01802","Sugar cane","2013","2013","t","","M","Missing value; data cannot exist",""
"QCL","Crops and livestock products","630","Puerto Rico","5510","Production","01802","Sugar cane","2014","2014","t","","M","Missing value; data cannot exist",""
"QCL","Crops and livestock products","630","Puerto Rico","5510","Production","01802","Sugar cane","2015","2015","t","","M","Missing value; data cannot exist",""
"QCL","Crops and livestock products","630","Puerto Rico","5510","Production","01802","Sugar cane","2016","2016","t","","M","Missing value; data cannot exist",""
"QCL","Crops and livestock products","630","Puerto Rico","5510","Production","01802","Sugar cane","2017","2017","t","","M","Missing value; data cannot exist",""
"QCL","Crops and livestock products","630","Puerto Rico","5510","Production","01802","Sugar cane","2018","2018","t","","M","Missing value; data cannot exist",""
"QCL","Crops and livestock products","630","Puerto Rico","5510","Production","01802","Sugar cane","2019","2019","t","","M","Missing value; data cannot exist",""
"QCL","Crops and livestock products","630","Puerto Rico","5510","Production","01802","Sugar cane","2020","2020","t","","M","Missing value; data cannot exist",""
"QCL","Crops and livestock products","630","Puerto Rico","5510","Production","01802","Sugar cane","2021","2021","t","","M","Missing value; data cannot exist",""
"QCL","Crops and livestock products","630","Puerto Rico","5510","Production","01802","Sugar cane","2022","2022","t","","M","Missing value; data cannot exist",""
"QCL","Crops and livestock products","630","Puerto Rico","5510","Production","01802","Sugar cane","2023","2023","t","","M","Missing value; data cannot exist",""
"QCL","Crops and livestock products","498","Republic of Moldova","5510","Production","01801","Sugar beet","2000","2000","t","943463","A","Official figure",""
"QCL","Crops and livestock products","498","Republic of Moldova","5510","Production","01801","Sugar beet","2001","2001","t","1084955","A","Official figure",""
"QCL","Crops and livestock products","498","Republic of Moldova","5510","Production","01801","Sugar beet","2002","2002","t","1129380","A","Official figure",""
"QCL","Crops and livestock products","498","Republic of Moldova","5510","Production","01801","Sugar beet","2003","2003","t","656800","A","Official figure",""
"QCL","Crops and livestock products","498","Republic of Moldova","5510","Production","01801","Sugar beet","2004","2004","t","911264","A","Official figure",""
"QCL","Crops and livestock products","498","Republic of Moldova","5510","Production","01801","Sugar beet","2005","2005","t","991197","A","Official figure",""
"QCL","Crops and livestock products","498","Republic of Moldova","5510","Production","01801","Sugar beet","2006","2006","t","1177305","A","Official figure",""
"QCL","Crops and livestock products","498","Republic of Moldova","5510","Production","01801","Sugar beet","2007","2007","t","612298","A","Official figure",""
"QCL","Crops and livestock products","498","Republic of Moldova","5510","Production","01801","Sugar beet","2008","2008","t","960712","A","Official figure",""
"QCL","Crops and livestock products","498","Republic of Moldova","5510","Production","01801","Sugar beet","2009","2009","t","337442","A","Official figure",""
"QCL","Crops and livestock products","498","Republic of Moldova","5510","Production","01801","Sugar beet","2010","2010","t","837624","A","Official figure",""
"QCL","Crops and livestock products","498","Republic of Moldova","5510","Production","01801","Sugar beet","2011","2011","t","588634","A","Official figure",""
"QCL","Crops and livestock products","498","Republic of Moldova","5510","Production","01801","Sugar beet","2012","2012","t","587019","A","Official figure",""
"QCL","Crops and livestock products","498","Republic of Moldova","5510","Production","01801","Sugar beet","2013","2013","t","1009038","A","Official figure",""
"QCL","Crops and livestock products","498","Republic of Moldova","5510","Production","01801","Sugar beet","2014","2014","t","1356233","A","Official figure",""
"QCL","Crops and livestock products","498","Republic of Moldova","5510","Production","01801","Sugar beet","2015","2015","t","537545","A","Official figure",""
"QCL","Crops and livestock products","498","Republic of Moldova","5510","Production","01801","Sugar beet","2016","2016","t","664796","A","Official figure",""
"QCL","Crops and livestock products","498","Republic of Moldova","5510","Production","01801","Sugar beet","2017","2017","t","876277","A","Official figure",""
"QCL","Crops and livestock products","498","Republic of Moldova","5510","Production","01801","Sugar beet","2018","2018","t","707137","A","Official figure",""
"QCL","Crops and livestock products","498","Republic of Moldova","5510","Production","01801","Sugar beet","2019","2019","t","606994","A","Official figure",""
"QCL","Crops and livestock products","498","Republic of Moldova","5510","Production","01801","Sugar beet","2020","2020","t","423235","A","Official figure",""
"QCL","Crops and livestock products","498","Republic of Moldova","5510","Production","01801","Sugar beet","2021","2021","t","757834","A","Official figure",""
"QCL","Crops and livestock products","498","Republic of Moldova","5510","Production","01801","Sugar beet","2022","2022","t","478204","A","Official figure",""
"QCL","Crops and livestock products","498","Republic of Moldova","5510","Production","01801","Sugar beet","2023","2023","t","428257","A","Official figure",""
"QCL","Crops and livestock products","638","Réunion","5510","Production","01802","Sugar cane","2000","2000","t","1844974","A","Official figure",""
"QCL","Crops and livestock products","638","Réunion","5510","Production","01802","Sugar cane","2001","2001","t","1835467","A","Official figure",""
"QCL","Crops and livestock products","638","Réunion","5510","Production","01802","Sugar cane","2002","2002","t","1829592","A","Official figure",""
"QCL","Crops and livestock products","638","Réunion","5510","Production","01802","Sugar cane","2003","2003","t","1916790","A","Official figure",""
"QCL","Crops and livestock products","638","Réunion","5510","Production","01802","Sugar cane","2004","2004","t","1968890","A","Official figure",""
"QCL","Crops and livestock products","638","Réunion","5510","Production","01802","Sugar cane","2005","2005","t","1816950","A","Official figure",""
"QCL","Crops and livestock products","638","Réunion","5510","Production","01802","Sugar cane","2006","2006","t","1882261","A","Official figure",""
"QCL","Crops and livestock products","642","Romania","5510","Production","01801","Sugar beet","2000","2000","t","666870","A","Official figure",""
"QCL","Crops and livestock products","642","Romania","5510","Production","01801","Sugar beet","2001","2001","t","875485","A","Official figure",""
"QCL","Crops and livestock products","642","Romania","5510","Production","01801","Sugar beet","2002","2002","t","954630","A","Official figure",""
"QCL","Crops and livestock products","642","Romania","5510","Production","01801","Sugar beet","2003","2003","t","764475","A","Official figure",""
"QCL","Crops and livestock products","642","Romania","5510","Production","01801","Sugar beet","2004","2004","t","672723","A","Official figure",""
"QCL","Crops and livestock products","642","Romania","5510","Production","01801","Sugar beet","2005","2005","t","729658","A","Official figure",""
"QCL","Crops and livestock products","642","Romania","5510","Production","01801","Sugar beet","2006","2006","t","1152200","A","Official figure",""
"QCL","Crops and livestock products","642","Romania","5510","Production","01801","Sugar beet","2007","2007","t","748839","A","Official figure",""
"QCL","Crops and livestock products","642","Romania","5510","Production","01801","Sugar beet","2008","2008","t","706660","A","Official figure",""
"QCL","Crops and livestock products","642","Romania","5510","Production","01801","Sugar beet","2009","2009","t","816814","A","Official figure",""
"QCL","Crops and livestock products","642","Romania","5510","Production","01801","Sugar beet","2010","2010","t","837895","A","Official figure",""
"QCL","Crops and livestock products","642","Romania","5510","Production","01801","Sugar beet","2011","2011","t","660497","A","Official figure",""
"QCL","Crops and livestock products","642","Romania","5510","Production","01801","Sugar beet","2012","2012","t","719788","A","Official figure",""
"QCL","Crops and livestock products","642","Romania","5510","Production","01801","Sugar beet","2013","2013","t","1029209","A","Official figure",""
"QCL","Crops and livestock products","642","Romania","5510","Production","01801","Sugar beet","2014","2014","t","1398570","A","Official figure",""
"QCL","Crops and livestock products","642","Romania","5510","Production","01801","Sugar beet","2015","2015","t","1040827","A","Official figure",""
"QCL","Crops and livestock products","642","Romania","5510","Production","01801","Sugar beet","2016","2016","t","1012186","A","Official figure",""
"QCL","Crops and livestock products","642","Romania","5510","Production","01801","Sugar beet","2017","2017","t","1174502","A","Official figure",""
"QCL","Crops and livestock products","642","Romania","5510","Production","01801","Sugar beet","2018","2018","t","978270","A","Official figure",""
"QCL","Crops and livestock products","642","Romania","5510","Production","01801","Sugar beet","2019","2019","t","917160","A","Official figure",""
"QCL","Crops and livestock products","642","Romania","5510","Production","01801","Sugar beet","2020","2020","t","718480","A","Official figure",""
"QCL","Crops and livestock products","642","Romania","5510","Production","01801","Sugar beet","2021","2021","t","783530","A","Official figure",""
"QCL","Crops and livestock products","642","Romania","5510","Production","01801","Sugar beet","2022","2022","t","281330","A","Official figure",""
"QCL","Crops and livestock products","642","Romania","5510","Production","01801","Sugar beet","2023","2023","t","403670","A","Official figure",""
"QCL","Crops and livestock products","643","Russian Federation","5510","Production","01801","Sugar beet","2000","2000","t","14050869","A","Official figure",""
"QCL","Crops and livestock products","643","Russian Federation","5510","Production","01801","Sugar beet","2001","2001","t","14552677","A","Official figure",""
"QCL","Crops and livestock products","643","Russian Federation","5510","Production","01801","Sugar beet","2002","2002","t","15658832","A","Official figure",""
"QCL","Crops and livestock products","643","Russian Federation","5510","Production","01801","Sugar beet","2003","2003","t","19355316","A","Official figure",""
"QCL","Crops and livestock products","643","Russian Federation","5510","Production","01801","Sugar beet","2004","2004","t","21809390","A","Official figure",""
"QCL","Crops and livestock products","643","Russian Federation","5510","Production","01801","Sugar beet","2005","2005","t","21275534","A","Official figure",""
"QCL","Crops and livestock products","643","Russian Federation","5510","Production","01801","Sugar beet","2006","2006","t","30672874","A","Official figure",""
"QCL","Crops and livestock products","643","Russian Federation","5510","Production","01801","Sugar beet","2007","2007","t","28836189","A","Official figure",""
"QCL","Crops and livestock products","643","Russian Federation","5510","Production","01801","Sugar beet","2008","2008","t","28995280","A","Official figure",""
"QCL","Crops and livestock products","643","Russian Federation","5510","Production","01801","Sugar beet","2009","2009","t","24892024","A","Official figure",""
"QCL","Crops and livestock products","643","Russian Federation","5510","Production","01801","Sugar beet","2010","2010","t","22255939","A","Official figure",""
"QCL","Crops and livestock products","643","Russian Federation","5510","Production","01801","Sugar beet","2011","2011","t","47643272","A","Official figure",""
"QCL","Crops and livestock products","643","Russian Federation","5510","Production","01801","Sugar beet","2012","2012","t","45056852","A","Official figure",""
"QCL","Crops and livestock products","643","Russian Federation","5510","Production","01801","Sugar beet","2013","2013","t","39321161","A","Official figure",""
"QCL","Crops and livestock products","643","Russian Federation","5510","Production","01801","Sugar beet","2014","2014","t","33513368.5","A","Official figure",""
"QCL","Crops and livestock products","643","Russian Federation","5510","Production","01801","Sugar beet","2015","2015","t","39030505.4","A","Official figure",""
"QCL","Crops and livestock products","643","Russian Federation","5510","Production","01801","Sugar beet","2016","2016","t","51324953","A","Official figure",""
"QCL","Crops and livestock products","643","Russian Federation","5510","Production","01801","Sugar beet","2017","2017","t","51913442","A","Official figure",""
"QCL","Crops and livestock products","643","Russian Federation","5510","Production","01801","Sugar beet","2018","2018","t","42065957","A","Official figure",""
"QCL","Crops and livestock products","643","Russian Federation","5510","Production","01801","Sugar beet","2019","2019","t","54350115","A","Official figure",""
"QCL","Crops and livestock products","643","Russian Federation","5510","Production","01801","Sugar beet","2020","2020","t","33915085.9","A","Official figure",""
"QCL","Crops and livestock products","643","Russian Federation","5510","Production","01801","Sugar beet","2021","2021","t","41201668.6","A","Official figure",""
"QCL","Crops and livestock products","643","Russian Federation","5510","Production","01801","Sugar beet","2022","2022","t","48907752.66","A","Official figure",""
"QCL","Crops and livestock products","643","Russian Federation","5510","Production","01801","Sugar beet","2023","2023","t","49583543.62","I","Value imputed by a receiving agency",""
"QCL","Crops and livestock products","646","Rwanda","5510","Production","01802","Sugar cane","2000","2000","t","40000","E","Estimated value",""
"QCL","Crops and livestock products","646","Rwanda","5510","Production","01802","Sugar cane","2001","2001","t","40000","E","Estimated value",""
"QCL","Crops and livestock products","646","Rwanda","5510","Production","01802","Sugar cane","2002","2002","t","45000","E","Estimated value",""
"QCL","Crops and livestock products","646","Rwanda","5510","Production","01802","Sugar cane","2003","2003","t","50000","E","Estimated value",""
"QCL","Crops and livestock products","646","Rwanda","5510","Production","01802","Sugar cane","2004","2004","t","60000","E","Estimated value",""
"QCL","Crops and livestock products","646","Rwanda","5510","Production","01802","Sugar cane","2005","2005","t","58665","A","Official figure",""
"QCL","Crops and livestock products","646","Rwanda","5510","Production","01802","Sugar cane","2006","2006","t","58011","A","Official figure",""
"QCL","Crops and livestock products","646","Rwanda","5510","Production","01802","Sugar cane","2007","2007","t","97010","A","Official figure",""
"QCL","Crops and livestock products","646","Rwanda","5510","Production","01802","Sugar cane","2008","2008","t","63000","A","Official figure",""
"QCL","Crops and livestock products","646","Rwanda","5510","Production","01802","Sugar cane","2009","2009","t","100663","A","Official figure",""
"QCL","Crops and livestock products","646","Rwanda","5510","Production","01802","Sugar cane","2010","2010","t","115304","A","Official figure",""
"QCL","Crops and livestock products","646","Rwanda","5510","Production","01802","Sugar cane","2011","2011","t","95907.93","I","Value imputed by a receiving agency",""
"QCL","Crops and livestock products","646","Rwanda","5510","Production","01802","Sugar cane","2012","2012","t","96824.63","I","Value imputed by a receiving agency",""
"QCL","Crops and livestock products","646","Rwanda","5510","Production","01802","Sugar cane","2013","2013","t","98664.91","I","Value imputed by a receiving agency",""
"QCL","Crops and livestock products","646","Rwanda","5510","Production","01802","Sugar cane","2014","2014","t","101080.18","I","Value imputed by a receiving agency",""
"QCL","Crops and livestock products","646","Rwanda","5510","Production","01802","Sugar cane","2015","2015","t","102578.48","I","Value imputed by a receiving agency",""
"QCL","Crops and livestock products","646","Rwanda","5510","Production","01802","Sugar cane","2016","2016","t","93823.36","A","Official figure",""
"QCL","Crops and livestock products","646","Rwanda","5510","Production","01802","Sugar cane","2017","2017","t","99160.67","E","Estimated value",""
"QCL","Crops and livestock products","646","Rwanda","5510","Production","01802","Sugar cane","2018","2018","t","98520.84","E","Estimated value",""
"QCL","Crops and livestock products","646","Rwanda","5510","Production","01802","Sugar cane","2019","2019","t","101576.39","I","Value imputed by a receiving agency",""
"QCL","Crops and livestock products","646","Rwanda","5510","Production","01802","Sugar cane","2020","2020","t","109992.42","I","Value imputed by a receiving agency",""
"QCL","Crops and livestock products","646","Rwanda","5510","Production","01802","Sugar cane","2021","2021","t","112051.16","I","Value imputed by a receiving agency",""
"QCL","Crops and livestock products","646","Rwanda","5510","Production","01802","Sugar cane","2022","2022","t","113956.41","I","Value imputed by a receiving agency",""
"QCL","Crops and livestock products","646","Rwanda","5510","Production","01802","Sugar cane","2023","2023","t","101979","A","Official figure",""
"QCL","Crops and livestock products","659","Saint Kitts and Nevis","5510","Production","01802","Sugar cane","2000","2000","t","191387","A","Official figure",""
"QCL","Crops and livestock products","659","Saint Kitts and Nevis","5510","Production","01802","Sugar cane","2001","2001","t","191400","E","Estimated value",""
"QCL","Crops and livestock products","659","Saint Kitts and Nevis","5510","Production","01802","Sugar cane","2002","2002","t","193000","E","Estimated value",""
"QCL","Crops and livestock products","659","Saint Kitts and Nevis","5510","Production","01802","Sugar cane","2003","2003","t","193000","E","Estimated value",""
"QCL","Crops and livestock products","659","Saint Kitts and Nevis","5510","Production","01802","Sugar cane","2004","2004","t","260000","E","Estimated value",""
"QCL","Crops and livestock products","659","Saint Kitts and Nevis","5510","Production","01802","Sugar cane","2005","2005","t","100000","A","Official figure",""
"QCL","Crops and livestock products","659","Saint Kitts and Nevis","5510","Production","01802","Sugar cane","2006","2006","t","0","A","Official figure",""
"QCL","Crops and livestock products","659","Saint Kitts and Nevis","5510","Production","01802","Sugar cane","2007","2007","t","","M","Missing value; data cannot exist",""
"QCL","Crops and livestock products","659","Saint Kitts and Nevis","5510","Production","01802","Sugar cane","2008","2008","t","","M","Missing value; data cannot exist",""
"QCL","Crops and livestock products","659","Saint Kitts and Nevis","5510","Production","01802","Sugar cane","2009","2009","t","","M","Missing value; data cannot exist",""
"QCL","Crops and livestock products","659","Saint Kitts and Nevis","5510","Production","01802","Sugar cane","2010","2010","t","","M","Missing value; data cannot exist",""
"QCL","Crops and livestock products","659","Saint Kitts and Nevis","5510","Production","01802","Sugar cane","2011","2011","t","","M","Missing value; data cannot exist",""
"QCL","Crops and livestock products","659","Saint Kitts and Nevis","5510","Production","01802","Sugar cane","2012","2012","t","","M","Missing value; data cannot exist",""
"QCL","Crops and livestock products","659","Saint Kitts and Nevis","5510","Production","01802","Sugar cane","2013","2013","t","","M","Missing value; data cannot exist",""
"QCL","Crops and livestock products","659","Saint Kitts and Nevis","5510","Production","01802","Sugar cane","2014","2014","t","","M","Missing value; data cannot exist",""
"QCL","Crops and livestock products","659","Saint Kitts and Nevis","5510","Production","01802","Sugar cane","2015","2015","t","","M","Missing value; data cannot exist",""
"QCL","Crops and livestock products","659","Saint Kitts and Nevis","5510","Production","01802","Sugar cane","2016","2016","t","","M","Missing value; data cannot exist",""
"QCL","Crops and livestock products","659","Saint Kitts and Nevis","5510","Production","01802","Sugar cane","2017","2017","t","","M","Missing value; data cannot exist",""
"QCL","Crops and livestock products","659","Saint Kitts and Nevis","5510","Production","01802","Sugar cane","2018","2018","t","","M","Missing value; data cannot exist",""
"QCL","Crops and livestock products","659","Saint Kitts and Nevis","5510","Production","01802","Sugar cane","2019","2019","t","","M","Missing value; data cannot exist",""
"QCL","Crops and livestock products","659","Saint Kitts and Nevis","5510","Production","01802","Sugar cane","2020","2020","t","","M","Missing value; data cannot exist",""
"QCL","Crops and livestock products","659","Saint Kitts and Nevis","5510","Production","01802","Sugar cane","2021","2021","t","","M","Missing value; data cannot exist",""
"QCL","Crops and livestock products","659","Saint Kitts and Nevis","5510","Production","01802","Sugar cane","2022","2022","t","","M","Missing value; data cannot exist",""
"QCL","Crops and livestock products","659","Saint Kitts and Nevis","5510","Production","01802","Sugar cane","2023","2023","t","","M","Missing value; data cannot exist",""
"QCL","Crops and livestock products","662","Saint Lucia","5510","Production","01802","Sugar cane","2000","2000","t","","M","Missing value; data cannot exist",""
"QCL","Crops and livestock products","662","Saint Lucia","5510","Production","01802","Sugar cane","2001","2001","t","","M","Missing value; data cannot exist",""
"QCL","Crops and livestock products","662","Saint Lucia","5510","Production","01802","Sugar cane","2002","2002","t","","M","Missing value; data cannot exist",""
"QCL","Crops and livestock products","662","Saint Lucia","5510","Production","01802","Sugar cane","2003","2003","t","","M","Missing value; data cannot exist",""
"QCL","Crops and livestock products","662","Saint Lucia","5510","Production","01802","Sugar cane","2004","2004","t","","M","Missing value; data cannot exist",""
"QCL","Crops and livestock products","662","Saint Lucia","5510","Production","01802","Sugar cane","2005","2005","t","","M","Missing value; data cannot exist",""
"QCL","Crops and livestock products","662","Saint Lucia","5510","Production","01802","Sugar cane","2006","2006","t","","M","Missing value; data cannot exist",""
"QCL","Crops and livestock products","662","Saint Lucia","5510","Production","01802","Sugar cane","2007","2007","t","","M","Missing value; data cannot exist",""
"QCL","Crops and livestock products","662","Saint Lucia","5510","Production","01802","Sugar cane","2008","2008","t","","M","Missing value; data cannot exist",""
"QCL","Crops and livestock products","662","Saint Lucia","5510","Production","01802","Sugar cane","2009","2009","t","","M","Missing value; data cannot exist",""
"QCL","Crops and livestock products","662","Saint Lucia","5510","Production","01802","Sugar cane","2010","2010","t","","M","Missing value; data cannot exist",""
"QCL","Crops and livestock products","662","Saint Lucia","5510","Production","01802","Sugar cane","2011","2011","t","","M","Missing value; data cannot exist",""
"QCL","Crops and livestock products","662","Saint Lucia","5510","Production","01802","Sugar cane","2012","2012","t","","M","Missing value; data cannot exist",""
"QCL","Crops and livestock products","662","Saint Lucia","5510","Production","01802","Sugar cane","2013","2013","t","","M","Missing value; data cannot exist",""
"QCL","Crops and livestock products","662","Saint Lucia","5510","Production","01802","Sugar cane","2014","2014","t","","M","Missing value; data cannot exist",""
"QCL","Crops and livestock products","662","Saint Lucia","5510","Production","01802","Sugar cane","2015","2015","t","","M","Missing value; data cannot exist",""
"QCL","Crops and livestock products","662","Saint Lucia","5510","Production","01802","Sugar cane","2016","2016","t","","M","Missing value; data cannot exist",""
"QCL","Crops and livestock products","662","Saint Lucia","5510","Production","01802","Sugar cane","2017","2017","t","","M","Missing value; data cannot exist",""
"QCL","Crops and livestock products","662","Saint Lucia","5510","Production","01802","Sugar cane","2018","2018","t","","M","Missing value; data cannot exist",""
"QCL","Crops and livestock products","662","Saint Lucia","5510","Production","01802","Sugar cane","2019","2019","t","","M","Missing value; data cannot exist",""
"QCL","Crops and livestock products","662","Saint Lucia","5510","Production","01802","Sugar cane","2020","2020","t","","M","Missing value; data cannot exist",""
"QCL","Crops and livestock products","662","Saint Lucia","5510","Production","01802","Sugar cane","2021","2021","t","","M","Missing value; data cannot exist",""
"QCL","Crops and livestock products","662","Saint Lucia","5510","Production","01802","Sugar cane","2022","2022","t","","M","Missing value; data cannot exist",""
"QCL","Crops and livestock products","662","Saint Lucia","5510","Production","01802","Sugar cane","2023","2023","t","","M","Missing value; data cannot exist",""
"QCL","Crops and livestock products","882","Samoa","5510","Production","01802","Sugar cane","2000","2000","t","12","E","Estimated value",""
"QCL","Crops and livestock products","882","Samoa","5510","Production","01802","Sugar cane","2001","2001","t","12","E","Estimated value",""
"QCL","Crops and livestock products","882","Samoa","5510","Production","01802","Sugar cane","2002","2002","t","12","E","Estimated value",""
"QCL","Crops and livestock products","882","Samoa","5510","Production","01802","Sugar cane","2003","2003","t","12","E","Estimated value",""
"QCL","Crops and livestock products","882","Samoa","5510","Production","01802","Sugar cane","2004","2004","t","12","E","Estimated value",""
"QCL","Crops and livestock products","882","Samoa","5510","Production","01802","Sugar cane","2005","2005","t","12","E","Estimated value",""
"QCL","Crops and livestock products","882","Samoa","5510","Production","01802","Sugar cane","2006","2006","t","12","E","Estimated value",""
"QCL","Crops and livestock products","882","Samoa","5510","Production","01802","Sugar cane","2007","2007","t","12","E","Estimated value",""
"QCL","Crops and livestock products","882","Samoa","5510","Production","01802","Sugar cane","2008","2008","t","12","E","Estimated value",""
"QCL","Crops and livestock products","882","Samoa","5510","Production","01802","Sugar cane","2009","2009","t","12","E","Estimated value",""
"QCL","Crops and livestock products","882","Samoa","5510","Production","01802","Sugar cane","2010","2010","t","12","E","Estimated value",""
"QCL","Crops and livestock products","882","Samoa","5510","Production","01802","Sugar cane","2011","2011","t","12","E","Estimated value",""
"QCL","Crops and livestock products","882","Samoa","5510","Production","01802","Sugar cane","2012","2012","t","12","E","Estimated value",""
"QCL","Crops and livestock products","882","Samoa","5510","Production","01802","Sugar cane","2013","2013","t","12","E","Estimated value",""
"QCL","Crops and livestock products","882","Samoa","5510","Production","01802","Sugar cane","2014","2014","t","11.94","I","Value imputed by a receiving agency",""
"QCL","Crops and livestock products","882","Samoa","5510","Production","01802","Sugar cane","2015","2015","t","11.95","I","Value imputed by a receiving agency",""
"QCL","Crops and livestock products","882","Samoa","5510","Production","01802","Sugar cane","2016","2016","t","11.93","I","Value imputed by a receiving agency",""
"QCL","Crops and livestock products","882","Samoa","5510","Production","01802","Sugar cane","2017","2017","t","11.92","I","Value imputed by a receiving agency",""
"QCL","Crops and livestock products","882","Samoa","5510","Production","01802","Sugar cane","2018","2018","t","11.92","I","Value imputed by a receiving agency",""
"QCL","Crops and livestock products","882","Samoa","5510","Production","01802","Sugar cane","2019","2019","t","11.91","I","Value imputed by a receiving agency",""
"QCL","Crops and livestock products","882","Samoa","5510","Production","01802","Sugar cane","2020","2020","t","11.9","I","Value imputed by a receiving agency",""
"QCL","Crops and livestock products","882","Samoa","5510","Production","01802","Sugar cane","2021","2021","t","11.91","I","Value imputed by a receiving agency",""
"QCL","Crops and livestock products","882","Samoa","5510","Production","01802","Sugar cane","2022","2022","t","11.94","I","Value imputed by a receiving agency",""
"QCL","Crops and livestock products","882","Samoa","5510","Production","01802","Sugar cane","2023","2023","t","11.93","I","Value imputed by a receiving agency",""
"QCL","Crops and livestock products","686","Senegal","5510","Production","01802","Sugar cane","2000","2000","t","850000","E","Estimated value",""
"QCL","Crops and livestock products","686","Senegal","5510","Production","01802","Sugar cane","2001","2001","t","840109","A","Official figure",""
"QCL","Crops and livestock products","686","Senegal","5510","Production","01802","Sugar cane","2002","2002","t","819713","A","Official figure",""
"QCL","Crops and livestock products","686","Senegal","5510","Production","01802","Sugar cane","2003","2003","t","829604","A","Official figure",""
"QCL","Crops and livestock products","686","Senegal","5510","Production","01802","Sugar cane","2004","2004","t","828533","A","Official figure",""
"QCL","Crops and livestock products","686","Senegal","5510","Production","01802","Sugar cane","2005","2005","t","829000","E","Estimated value",""
"QCL","Crops and livestock products","686","Senegal","5510","Production","01802","Sugar cane","2006","2006","t","829500","E","Estimated value",""
"QCL","Crops and livestock products","686","Senegal","5510","Production","01802","Sugar cane","2007","2007","t","836000","E","Estimated value",""
"QCL","Crops and livestock products","686","Senegal","5510","Production","01802","Sugar cane","2008","2008","t","836000","E","Estimated value",""
"QCL","Crops and livestock products","686","Senegal","5510","Production","01802","Sugar cane","2009","2009","t","836000","E","Estimated value",""
"QCL","Crops and livestock products","686","Senegal","5510","Production","01802","Sugar cane","2010","2010","t","899000","E","Estimated value",""
"QCL","Crops and livestock products","686","Senegal","5510","Production","01802","Sugar cane","2011","2011","t","930000","E","Estimated value",""
"QCL","Crops and livestock products","686","Senegal","5510","Production","01802","Sugar cane","2012","2012","t","951000","E","Estimated value",""
"QCL","Crops and livestock products","686","Senegal","5510","Production","01802","Sugar cane","2013","2013","t","941000","E","Estimated value",""
"QCL","Crops and livestock products","686","Senegal","5510","Production","01802","Sugar cane","2014","2014","t","992000","E","Estimated value",""
"QCL","Crops and livestock products","686","Senegal","5510","Production","01802","Sugar cane","2015","2015","t","1151000","E","Estimated value",""
"QCL","Crops and livestock products","686","Senegal","5510","Production","01802","Sugar cane","2016","2016","t","1205000","E","Estimated value",""
"QCL","Crops and livestock products","686","Senegal","5510","Production","01802","Sugar cane","2017","2017","t","1355000","E","Estimated value",""
"QCL","Crops and livestock products","686","Senegal","5510","Production","01802","Sugar cane","2018","2018","t","1378000","E","Estimated value",""
"QCL","Crops and livestock products","686","Senegal","5510","Production","01802","Sugar cane","2019","2019","t","1390000","E","Estimated value",""
"QCL","Crops and livestock products","686","Senegal","5510","Production","01802","Sugar cane","2020","2020","t","1300000","E","Estimated value",""
"QCL","Crops and livestock products","686","Senegal","5510","Production","01802","Sugar cane","2021","2021","t","1260000","E","Estimated value",""
"QCL","Crops and livestock products","686","Senegal","5510","Production","01802","Sugar cane","2022","2022","t","1271000","E","Estimated value",""
"QCL","Crops and livestock products","686","Senegal","5510","Production","01802","Sugar cane","2023","2023","t","1280176.15","I","Value imputed by a receiving agency",""
"QCL","Crops and livestock products","688","Serbia","5510","Production","01801","Sugar beet","2006","2006","t","3188905","A","Official figure",""
"QCL","Crops and livestock products","688","Serbia","5510","Production","01801","Sugar beet","2007","2007","t","3206380","A","Official figure",""
"QCL","Crops and livestock products","688","Serbia","5510","Production","01801","Sugar beet","2008","2008","t","2299770","A","Official figure",""
"QCL","Crops and livestock products","688","Serbia","5510","Production","01801","Sugar beet","2009","2009","t","2797596","A","Official figure",""
"QCL","Crops and livestock products","688","Serbia","5510","Production","01801","Sugar beet","2010","2010","t","3324847","A","Official figure",""
"QCL","Crops and livestock products","688","Serbia","5510","Production","01801","Sugar beet","2011","2011","t","2821919","A","Official figure",""
"QCL","Crops and livestock products","688","Serbia","5510","Production","01801","Sugar beet","2012","2012","t","2482962.2","A","Official figure",""
"QCL","Crops and livestock products","688","Serbia","5510","Production","01801","Sugar beet","2013","2013","t","3180008.05","A","Official figure",""
"QCL","Crops and livestock products","688","Serbia","5510","Production","01801","Sugar beet","2014","2014","t","3507440.99","A","Official figure",""
"QCL","Crops and livestock products","688","Serbia","5510","Production","01801","Sugar beet","2015","2015","t","2183194","A","Official figure",""
"QCL","Crops and livestock products","688","Serbia","5510","Production","01801","Sugar beet","2016","2016","t","2683860","A","Official figure",""
"QCL","Crops and livestock products","688","Serbia","5510","Production","01801","Sugar beet","2017","2017","t","2513495","A","Official figure",""
"QCL","Crops and livestock products","688","Serbia","5510","Production","01801","Sugar beet","2018","2018","t","2325303","A","Official figure",""
"QCL","Crops and livestock products","688","Serbia","5510","Production","01801","Sugar beet","2019","2019","t","2305316.03","A","Official figure",""
"QCL","Crops and livestock products","688","Serbia","5510","Production","01801","Sugar beet","2020","2020","t","2018214.67","A","Official figure",""
"QCL","Crops and livestock products","688","Serbia","5510","Production","01801","Sugar beet","2021","2021","t","2048190","A","Official figure",""
"QCL","Crops and livestock products","688","Serbia","5510","Production","01801","Sugar beet","2022","2022","t","1667107","A","Official figure",""
"QCL","Crops and livestock products","688","Serbia","5510","Production","01801","Sugar beet","2023","2023","t","2040624","A","Official figure",""
"QCL","Crops and livestock products","891","Serbia and Montenegro","5510","Production","01801","Sugar beet","2000","2000","t","1070033","A","Official figure",""
"QCL","Crops and livestock products","891","Serbia and Montenegro","5510","Production","01801","Sugar beet","2001","2001","t","1806425","A","Official figure",""
"QCL","Crops and livestock products","891","Serbia and Montenegro","5510","Production","01801","Sugar beet","2002","2002","t","2098080","A","Official figure",""
"QCL","Crops and livestock products","891","Serbia and Montenegro","5510","Production","01801","Sugar beet","2003","2003","t","1738044","A","Official figure",""
"QCL","Crops and livestock products","891","Serbia and Montenegro","5510","Production","01801","Sugar beet","2004","2004","t","2643034","A","Official figure",""
"QCL","Crops and livestock products","891","Serbia and Montenegro","5510","Production","01801","Sugar beet","2005","2005","t","3101176","A","Official figure",""
"QCL","Crops and livestock products","694","Sierra Leone","5510","Production","01802","Sugar cane","2000","2000","t","81000","E","Estimated value",""
"QCL","Crops and livestock products","694","Sierra Leone","5510","Production","01802","Sugar cane","2001","2001","t","69000","E","Estimated value",""
"QCL","Crops and livestock products","694","Sierra Leone","5510","Production","01802","Sugar cane","2002","2002","t","69000","E","Estimated value",""
"QCL","Crops and livestock products","694","Sierra Leone","5510","Production","01802","Sugar cane","2003","2003","t","69000","E","Estimated value",""
"QCL","Crops and livestock products","694","Sierra Leone","5510","Production","01802","Sugar cane","2004","2004","t","70000","E","Estimated value",""
"QCL","Crops and livestock products","694","Sierra Leone","5510","Production","01802","Sugar cane","2005","2005","t","70000","E","Estimated value",""
"QCL","Crops and livestock products","694","Sierra Leone","5510","Production","01802","Sugar cane","2006","2006","t","70000","E","Estimated value",""
"QCL","Crops and livestock products","694","Sierra Leone","5510","Production","01802","Sugar cane","2007","2007","t","70000","E","Estimated value",""
"QCL","Crops and livestock products","694","Sierra Leone","5510","Production","01802","Sugar cane","2008","2008","t","70000","E","Estimated value",""
"QCL","Crops and livestock products","694","Sierra Leone","5510","Production","01802","Sugar cane","2009","2009","t","70000","E","Estimated value",""
"QCL","Crops and livestock products","694","Sierra Leone","5510","Production","01802","Sugar cane","2010","2010","t","76000","E","Estimated value",""
"QCL","Crops and livestock products","694","Sierra Leone","5510","Production","01802","Sugar cane","2011","2011","t","77000","E","Estimated value",""
"QCL","Crops and livestock products","694","Sierra Leone","5510","Production","01802","Sugar cane","2012","2012","t","77000","E","Estimated value",""
"QCL","Crops and livestock products","694","Sierra Leone","5510","Production","01802","Sugar cane","2013","2013","t","77000","E","Estimated value",""
"QCL","Crops and livestock products","694","Sierra Leone","5510","Production","01802","Sugar cane","2014","2014","t","77846.84","I","Value imputed by a receiving agency",""
"QCL","Crops and livestock products","694","Sierra Leone","5510","Production","01802","Sugar cane","2015","2015","t","78947.81","I","Value imputed by a receiving agency",""
"QCL","Crops and livestock products","694","Sierra Leone","5510","Production","01802","Sugar cane","2016","2016","t","79719.48","I","Value imputed by a receiving agency",""
"QCL","Crops and livestock products","694","Sierra Leone","5510","Production","01802","Sugar cane","2017","2017","t","80397.51","I","Value imputed by a receiving agency",""
"QCL","Crops and livestock products","694","Sierra Leone","5510","Production","01802","Sugar cane","2018","2018","t","80932.58","I","Value imputed by a receiving agency",""
"QCL","Crops and livestock products","694","Sierra Leone","5510","Production","01802","Sugar cane","2019","2019","t","81661.85","I","Value imputed by a receiving agency",""
"QCL","Crops and livestock products","694","Sierra Leone","5510","Production","01802","Sugar cane","2020","2020","t","82219.75","I","Value imputed by a receiving agency",""
"QCL","Crops and livestock products","694","Sierra Leone","5510","Production","01802","Sugar cane","2021","2021","t","83253.72","I","Value imputed by a receiving agency",""
"QCL","Crops and livestock products","694","Sierra Leone","5510","Production","01802","Sugar cane","2022","2022","t","82204.31","I","Value imputed by a receiving agency",""
"QCL","Crops and livestock products","694","Sierra Leone","5510","Production","01802","Sugar cane","2023","2023","t","82687.47","I","Value imputed by a receiving agency",""
"QCL","Crops and livestock products","702","Singapore","5510","Production","01802","Sugar cane","2000","2000","t","","M","Missing value; data cannot exist",""
"QCL","Crops and livestock products","702","Singapore","5510","Production","01802","Sugar cane","2001","2001","t","","M","Missing value; data cannot exist",""
"QCL","Crops and livestock products","702","Singapore","5510","Production","01802","Sugar cane","2002","2002","t","","M","Missing value; data cannot exist",""
"QCL","Crops and livestock products","702","Singapore","5510","Production","01802","Sugar cane","2003","2003","t","","M","Missing value; data cannot exist",""
"QCL","Crops and livestock products","702","Singapore","5510","Production","01802","Sugar cane","2004","2004","t","","M","Missing value; data cannot exist",""
"QCL","Crops and livestock products","702","Singapore","5510","Production","01802","Sugar cane","2005","2005","t","","M","Missing value; data cannot exist",""
"QCL","Crops and livestock products","702","Singapore","5510","Production","01802","Sugar cane","2006","2006","t","","M","Missing value; data cannot exist",""
"QCL","Crops and livestock products","702","Singapore","5510","Production","01802","Sugar cane","2007","2007","t","","M","Missing value; data cannot exist",""
"QCL","Crops and livestock products","702","Singapore","5510","Production","01802","Sugar cane","2008","2008","t","","M","Missing value; data cannot exist",""
"QCL","Crops and livestock products","702","Singapore","5510","Production","01802","Sugar cane","2009","2009","t","","M","Missing value; data cannot exist",""
"QCL","Crops and livestock products","702","Singapore","5510","Production","01802","Sugar cane","2010","2010","t","","M","Missing value; data cannot exist",""
"QCL","Crops and livestock products","702","Singapore","5510","Production","01802","Sugar cane","2011","2011","t","","M","Missing value; data cannot exist",""
"QCL","Crops and livestock products","702","Singapore","5510","Production","01802","Sugar cane","2012","2012","t","","M","Missing value; data cannot exist",""
"QCL","Crops and livestock products","702","Singapore","5510","Production","01802","Sugar cane","2013","2013","t","","M","Missing value; data cannot exist",""
"QCL","Crops and livestock products","702","Singapore","5510","Production","01802","Sugar cane","2014","2014","t","","M","Missing value; data cannot exist",""
"QCL","Crops and livestock products","702","Singapore","5510","Production","01802","Sugar cane","2015","2015","t","","M","Missing value; data cannot exist",""
"QCL","Crops and livestock products","702","Singapore","5510","Production","01802","Sugar cane","2016","2016","t","","M","Missing value; data cannot exist",""
"QCL","Crops and livestock products","702","Singapore","5510","Production","01802","Sugar cane","2017","2017","t","","M","Missing value; data cannot exist",""
"QCL","Crops and livestock products","702","Singapore","5510","Production","01802","Sugar cane","2018","2018","t","","M","Missing value; data cannot exist",""
"QCL","Crops and livestock products","702","Singapore","5510","Production","01802","Sugar cane","2019","2019","t","","M","Missing value; data cannot exist",""
"QCL","Crops and livestock products","702","Singapore","5510","Production","01802","Sugar cane","2020","2020","t","","M","Missing value; data cannot exist",""
"QCL","Crops and livestock products","702","Singapore","5510","Production","01802","Sugar cane","2021","2021","t","","M","Missing value; data cannot exist",""
"QCL","Crops and livestock products","702","Singapore","5510","Production","01802","Sugar cane","2022","2022","t","","M","Missing value; data cannot exist",""
"QCL","Crops and livestock products","702","Singapore","5510","Production","01802","Sugar cane","2023","2023","t","","M","Missing value; data cannot exist",""
"QCL","Crops and livestock products","703","Slovakia","5510","Production","01801","Sugar beet","2000","2000","t","961465","A","Official figure",""
"QCL","Crops and livestock products","703","Slovakia","5510","Production","01801","Sugar beet","2001","2001","t","1286800","A","Official figure",""
"QCL","Crops and livestock products","703","Slovakia","5510","Production","01801","Sugar beet","2002","2002","t","1346158","A","Official figure",""
"QCL","Crops and livestock products","703","Slovakia","5510","Production","01801","Sugar beet","2003","2003","t","1171718","A","Official figure",""
"QCL","Crops and livestock products","703","Slovakia","5510","Production","01801","Sugar beet","2004","2004","t","1598773","A","Official figure",""
"QCL","Crops and livestock products","703","Slovakia","5510","Production","01801","Sugar beet","2005","2005","t","1734612","A","Official figure",""
"QCL","Crops and livestock products","703","Slovakia","5510","Production","01801","Sugar beet","2006","2006","t","1370908","A","Official figure",""
"QCL","Crops and livestock products","703","Slovakia","5510","Production","01801","Sugar beet","2007","2007","t","846500","A","Official figure",""
"QCL","Crops and livestock products","703","Slovakia","5510","Production","01801","Sugar beet","2008","2008","t","678915","A","Official figure",""
"QCL","Crops and livestock products","703","Slovakia","5510","Production","01801","Sugar beet","2009","2009","t","898807","A","Official figure",""
"QCL","Crops and livestock products","703","Slovakia","5510","Production","01801","Sugar beet","2010","2010","t","977694","A","Official figure",""
"QCL","Crops and livestock products","703","Slovakia","5510","Production","01801","Sugar beet","2011","2011","t","1160701","A","Official figure",""
"QCL","Crops and livestock products","703","Slovakia","5510","Production","01801","Sugar beet","2012","2012","t","894455","A","Official figure",""
"QCL","Crops and livestock products","703","Slovakia","5510","Production","01801","Sugar beet","2013","2013","t","1144605","A","Official figure",""
"QCL","Crops and livestock products","703","Slovakia","5510","Production","01801","Sugar beet","2014","2014","t","1550218.3","A","Official figure",""
"QCL","Crops and livestock products","703","Slovakia","5510","Production","01801","Sugar beet","2015","2015","t","1205450","A","Official figure",""
"QCL","Crops and livestock products","703","Slovakia","5510","Production","01801","Sugar beet","2016","2016","t","1506939","A","Official figure",""
"QCL","Crops and livestock products","703","Slovakia","5510","Production","01801","Sugar beet","2017","2017","t","1230793","A","Official figure",""
"QCL","Crops and livestock products","703","Slovakia","5510","Production","01801","Sugar beet","2018","2018","t","1311970","A","Official figure",""
"QCL","Crops and livestock products","703","Slovakia","5510","Production","01801","Sugar beet","2019","2019","t","1251670","A","Official figure",""
"QCL","Crops and livestock products","703","Slovakia","5510","Production","01801","Sugar beet","2020","2020","t","1272970","A","Official figure",""
"QCL","Crops and livestock products","703","Slovakia","5510","Production","01801","Sugar beet","2021","2021","t","1364380","A","Official figure",""
"QCL","Crops and livestock products","703","Slovakia","5510","Production","01801","Sugar beet","2022","2022","t","1096750","A","Official figure",""
"QCL","Crops and livestock products","703","Slovakia","5510","Production","01801","Sugar beet","2023","2023","t","1407730","A","Official figure",""
"QCL","Crops and livestock products","705","Slovenia","5510","Production","01801","Sugar beet","2000","2000","t","349065","A","Official figure",""
"QCL","Crops and livestock products","705","Slovenia","5510","Production","01801","Sugar beet","2001","2001","t","185732","A","Official figure",""
"QCL","Crops and livestock products","705","Slovenia","5510","Production","01801","Sugar beet","2002","2002","t","232209","A","Official figure",""
"QCL","Crops and livestock products","705","Slovenia","5510","Production","01801","Sugar beet","2003","2003","t","202077","A","Official figure",""
"QCL","Crops and livestock products","705","Slovenia","5510","Production","01801","Sugar beet","2004","2004","t","213092","A","Official figure",""
"QCL","Crops and livestock products","705","Slovenia","5510","Production","01801","Sugar beet","2005","2005","t","260095","A","Official figure",""
"QCL","Crops and livestock products","705","Slovenia","5510","Production","01801","Sugar beet","2006","2006","t","262031","A","Official figure",""
"QCL","Crops and livestock products","705","Slovenia","5510","Production","01801","Sugar beet","2007","2007","t","0","E","Estimated value",""
"QCL","Crops and livestock products","705","Slovenia","5510","Production","01801","Sugar beet","2008","2008","t","0","E","Estimated value",""
"QCL","Crops and livestock products","705","Slovenia","5510","Production","01801","Sugar beet","2009","2009","t","0","E","Estimated value",""
"QCL","Crops and livestock products","705","Slovenia","5510","Production","01801","Sugar beet","2010","2010","t","0","E","Estimated value",""
"QCL","Crops and livestock products","705","Slovenia","5510","Production","01801","Sugar beet","2011","2011","t","0","E","Estimated value",""
"QCL","Crops and livestock products","705","Slovenia","5510","Production","01801","Sugar beet","2012","2012","t","","M","Missing value; data cannot exist",""
"QCL","Crops and livestock products","705","Slovenia","5510","Production","01801","Sugar beet","2013","2013","t","","M","Missing value; data cannot exist",""
"QCL","Crops and livestock products","705","Slovenia","5510","Production","01801","Sugar beet","2014","2014","t","","M","Missing value; data cannot exist",""
"QCL","Crops and livestock products","705","Slovenia","5510","Production","01801","Sugar beet","2015","2015","t","","M","Missing value; data cannot exist",""
"QCL","Crops and livestock products","705","Slovenia","5510","Production","01801","Sugar beet","2016","2016","t","","M","Missing value; data cannot exist",""
"QCL","Crops and livestock products","705","Slovenia","5510","Production","01801","Sugar beet","2017","2017","t","","M","Missing value; data cannot exist",""
"QCL","Crops and livestock products","705","Slovenia","5510","Production","01801","Sugar beet","2019","2019","t","11280","A","Official figure",""
"QCL","Crops and livestock products","705","Slovenia","5510","Production","01801","Sugar beet","2020","2020","t","7430","A","Official figure",""
"QCL","Crops and livestock products","705","Slovenia","5510","Production","01801","Sugar beet","2021","2021","t","8450","A","Official figure",""
"QCL","Crops and livestock products","705","Slovenia","5510","Production","01801","Sugar beet","2022","2022","t","4420","A","Official figure",""
"QCL","Crops and livestock products","705","Slovenia","5510","Production","01801","Sugar beet","2023","2023","t","6970","A","Official figure",""
"QCL","Crops and livestock products","706","Somalia","5510","Production","01802","Sugar cane","2000","2000","t","220000","E","Estimated value",""
"QCL","Crops and livestock products","706","Somalia","5510","Production","01802","Sugar cane","2001","2001","t","200000","E","Estimated value",""
"QCL","Crops and livestock products","706","Somalia","5510","Production","01802","Sugar cane","2002","2002","t","210000","E","Estimated value",""
"QCL","Crops and livestock products","706","Somalia","5510","Production","01802","Sugar cane","2003","2003","t","230000","E","Estimated value",""
"QCL","Crops and livestock products","706","Somalia","5510","Production","01802","Sugar cane","2004","2004","t","200000","X","Figure from external organization","Unofficial figure"
"QCL","Crops and livestock products","706","Somalia","5510","Production","01802","Sugar cane","2005","2005","t","150000","E","Estimated value",""
"QCL","Crops and livestock products","706","Somalia","5510","Production","01802","Sugar cane","2006","2006","t","200000","E","Estimated value",""
"QCL","Crops and livestock products","706","Somalia","5510","Production","01802","Sugar cane","2007","2007","t","200000","E","Estimated value",""
"QCL","Crops and livestock products","706","Somalia","5510","Production","01802","Sugar cane","2008","2008","t","200000","E","Estimated value",""
"QCL","Crops and livestock products","706","Somalia","5510","Production","01802","Sugar cane","2009","2009","t","230000","E","Estimated value",""
"QCL","Crops and livestock products","706","Somalia","5510","Production","01802","Sugar cane","2010","2010","t","230000","E","Estimated value",""
"QCL","Crops and livestock products","706","Somalia","5510","Production","01802","Sugar cane","2011","2011","t","230000","E","Estimated value",""
"QCL","Crops and livestock products","706","Somalia","5510","Production","01802","Sugar cane","2012","2012","t","220000","E","Estimated value",""
"QCL","Crops and livestock products","706","Somalia","5510","Production","01802","Sugar cane","2013","2013","t","220000","E","Estimated value",""
"QCL","Crops and livestock products","706","Somalia","5510","Production","01802","Sugar cane","2014","2014","t","230000","E","Estimated value",""
"QCL","Crops and livestock products","706","Somalia","5510","Production","01802","Sugar cane","2015","2015","t","230000","E","Estimated value",""
"QCL","Crops and livestock products","706","Somalia","5510","Production","01802","Sugar cane","2016","2016","t","220000","E","Estimated value",""
"QCL","Crops and livestock products","706","Somalia","5510","Production","01802","Sugar cane","2017","2017","t","220000","E","Estimated value",""
"QCL","Crops and livestock products","706","Somalia","5510","Production","01802","Sugar cane","2018","2018","t","230000","E","Estimated value",""
"QCL","Crops and livestock products","706","Somalia","5510","Production","01802","Sugar cane","2019","2019","t","233000","E","Estimated value",""
"QCL","Crops and livestock products","706","Somalia","5510","Production","01802","Sugar cane","2020","2020","t","213000","E","Estimated value",""
"QCL","Crops and livestock products","706","Somalia","5510","Production","01802","Sugar cane","2021","2021","t","242200","E","Estimated value",""
"QCL","Crops and livestock products","706","Somalia","5510","Production","01802","Sugar cane","2022","2022","t","254000","E","Estimated value",""
"QCL","Crops and livestock products","706","Somalia","5510","Production","01802","Sugar cane","2023","2023","t","213000","E","Estimated value",""
"QCL","Crops and livestock products","710","South Africa","5510","Production","01802","Sugar cane","2000","2000","t","23876162","A","Official figure",""
"QCL","Crops and livestock products","710","South Africa","5510","Production","01802","Sugar cane","2001","2001","t","21156536","A","Official figure",""
"QCL","Crops and livestock products","710","South Africa","5510","Production","01802","Sugar cane","2002","2002","t","23012554","A","Official figure",""
"QCL","Crops and livestock products","710","South Africa","5510","Production","01802","Sugar cane","2003","2003","t","20418932","A","Official figure",""
"QCL","Crops and livestock products","710","South Africa","5510","Production","01802","Sugar cane","2004","2004","t","19094760","A","Official figure",""
"QCL","Crops and livestock products","710","South Africa","5510","Production","01802","Sugar cane","2005","2005","t","21052266","A","Official figure",""
"QCL","Crops and livestock products","710","South Africa","5510","Production","01802","Sugar cane","2006","2006","t","20278603","A","Official figure",""
"QCL","Crops and livestock products","710","South Africa","5510","Production","01802","Sugar cane","2007","2007","t","19723916","A","Official figure",""
"QCL","Crops and livestock products","710","South Africa","5510","Production","01802","Sugar cane","2008","2008","t","19255404","A","Official figure",""
"QCL","Crops and livestock products","710","South Africa","5510","Production","01802","Sugar cane","2009","2009","t","18655088","A","Official figure",""
"QCL","Crops and livestock products","710","South Africa","5510","Production","01802","Sugar cane","2010","2010","t","16015649","A","Official figure",""
"QCL","Crops and livestock products","710","South Africa","5510","Production","01802","Sugar cane","2011","2011","t","16800277","A","Official figure",""
"QCL","Crops and livestock products","710","South Africa","5510","Production","01802","Sugar cane","2012","2012","t","17278000","A","Official figure",""
"QCL","Crops and livestock products","710","South Africa","5510","Production","01802","Sugar cane","2013","2013","t","20032969","A","Official figure",""
"QCL","Crops and livestock products","710","South Africa","5510","Production","01802","Sugar cane","2014","2014","t","17755537","A","Official figure",""
"QCL","Crops and livestock products","710","South Africa","5510","Production","01802","Sugar cane","2015","2015","t","14861401","A","Official figure",""
"QCL","Crops and livestock products","710","South Africa","5510","Production","01802","Sugar cane","2016","2016","t","15074610","A","Official figure",""
"QCL","Crops and livestock products","710","South Africa","5510","Production","01802","Sugar cane","2017","2017","t","17388177","A","Official figure",""
"QCL","Crops and livestock products","710","South Africa","5510","Production","01802","Sugar cane","2018","2018","t","19301688","A","Official figure",""
"QCL","Crops and livestock products","710","South Africa","5510","Production","01802","Sugar cane","2019","2019","t","19242000","A","Official figure",""
"QCL","Crops and livestock products","710","South Africa","5510","Production","01802","Sugar cane","2020","2020","t","18220000","A","Official figure",""
"QCL","Crops and livestock products","710","South Africa","5510","Production","01802","Sugar cane","2021","2021","t","17199000","A","Official figure",""
"QCL","Crops and livestock products","710","South Africa","5510","Production","01802","Sugar cane","2022","2022","t","17911000","A","Official figure",""
"QCL","Crops and livestock products","710","South Africa","5510","Production","01802","Sugar cane","2023","2023","t","17944000","A","Official figure",""
"QCL","Crops and livestock products","724","Spain","5510","Production","01801","Sugar beet","2000","2000","t","7929700","A","Official figure",""
"QCL","Crops and livestock products","724","Spain","5510","Production","01801","Sugar beet","2001","2001","t","6755103","A","Official figure",""
"QCL","Crops and livestock products","724","Spain","5510","Production","01801","Sugar beet","2002","2002","t","8197289","A","Official figure",""
"QCL","Crops and livestock products","724","Spain","5510","Production","01801","Sugar beet","2003","2003","t","6365142","A","Official figure",""
"QCL","Crops and livestock products","724","Spain","5510","Production","01801","Sugar beet","2004","2004","t","7174942","A","Official figure",""
"QCL","Crops and livestock products","724","Spain","5510","Production","01801","Sugar beet","2005","2005","t","7291092","A","Official figure",""
"QCL","Crops and livestock products","724","Spain","5510","Production","01801","Sugar beet","2006","2006","t","5827031","A","Official figure",""
"QCL","Crops and livestock products","724","Spain","5510","Production","01801","Sugar beet","2007","2007","t","4909958","A","Official figure",""
"QCL","Crops and livestock products","724","Spain","5510","Production","01801","Sugar beet","2008","2008","t","3987500","A","Official figure",""
"QCL","Crops and livestock products","724","Spain","5510","Production","01801","Sugar beet","2009","2009","t","4225433","A","Official figure",""
"QCL","Crops and livestock products","724","Spain","5510","Production","01801","Sugar beet","2010","2010","t","3534517","A","Official figure",""
"QCL","Crops and livestock products","724","Spain","5510","Production","01801","Sugar beet","2011","2011","t","4188535","A","Official figure",""
"QCL","Crops and livestock products","724","Spain","5510","Production","01801","Sugar beet","2012","2012","t","3460230","A","Official figure",""
"QCL","Crops and livestock products","724","Spain","5510","Production","01801","Sugar beet","2013","2013","t","2468700","A","Official figure",""
"QCL","Crops and livestock products","724","Spain","5510","Production","01801","Sugar beet","2014","2014","t","3723309","A","Official figure",""
"QCL","Crops and livestock products","724","Spain","5510","Production","01801","Sugar beet","2015","2015","t","3605112","A","Official figure",""
"QCL","Crops and livestock products","724","Spain","5510","Production","01801","Sugar beet","2016","2016","t","3014358","A","Official figure",""
"QCL","Crops and livestock products","724","Spain","5510","Production","01801","Sugar beet","2017","2017","t","3292750","A","Official figure",""
"QCL","Crops and livestock products","724","Spain","5510","Production","01801","Sugar beet","2018","2018","t","2870910","A","Official figure",""
"QCL","Crops and livestock products","724","Spain","5510","Production","01801","Sugar beet","2019","2019","t","2752710","A","Official figure",""
"QCL","Crops and livestock products","724","Spain","5510","Production","01801","Sugar beet","2020","2020","t","2432840","A","Official figure",""
"QCL","Crops and livestock products","724","Spain","5510","Production","01801","Sugar beet","2021","2021","t","2506290","A","Official figure",""
"QCL","Crops and livestock products","724","Spain","5510","Production","01801","Sugar beet","2022","2022","t","2001040","A","Official figure",""
"QCL","Crops and livestock products","724","Spain","5510","Production","01801","Sugar beet","2023","2023","t","2890250","A","Official figure",""
"QCL","Crops and livestock products","724","Spain","5510","Production","01802","Sugar cane","2000","2000","t","106178","A","Official figure",""
"QCL","Crops and livestock products","724","Spain","5510","Production","01802","Sugar cane","2001","2001","t","85845","A","Official figure",""
"QCL","Crops and livestock products","724","Spain","5510","Production","01802","Sugar cane","2002","2002","t","78604","A","Official figure",""
"QCL","Crops and livestock products","724","Spain","5510","Production","01802","Sugar cane","2003","2003","t","83349","A","Official figure",""
"QCL","Crops and livestock products","724","Spain","5510","Production","01802","Sugar cane","2004","2004","t","66810","A","Official figure",""
"QCL","Crops and livestock products","724","Spain","5510","Production","01802","Sugar cane","2005","2005","t","43405","A","Official figure",""
"QCL","Crops and livestock products","724","Spain","5510","Production","01802","Sugar cane","2006","2006","t","16425","A","Official figure",""
"QCL","Crops and livestock products","724","Spain","5510","Production","01802","Sugar cane","2007","2007","t","522","A","Official figure",""
"QCL","Crops and livestock products","724","Spain","5510","Production","01802","Sugar cane","2008","2008","t","0","A","Official figure",""
"QCL","Crops and livestock products","724","Spain","5510","Production","01802","Sugar cane","2009","2009","t","147.29","I","Value imputed by a receiving agency",""
"QCL","Crops and livestock products","724","Spain","5510","Production","01802","Sugar cane","2010","2010","t","220","A","Official figure",""
"QCL","Crops and livestock products","724","Spain","5510","Production","01802","Sugar cane","2011","2011","t","100","A","Official figure",""
"QCL","Crops and livestock products","724","Spain","5510","Production","01802","Sugar cane","2012","2012","t","285","A","Official figure",""
"QCL","Crops and livestock products","724","Spain","5510","Production","01802","Sugar cane","2013","2013","t","390","A","Official figure",""
"QCL","Crops and livestock products","724","Spain","5510","Production","01802","Sugar cane","2014","2014","t","258.33","E","Estimated value",""
"QCL","Crops and livestock products","724","Spain","5510","Production","01802","Sugar cane","2015","2015","t","311.11","E","Estimated value",""
"QCL","Crops and livestock products","724","Spain","5510","Production","01802","Sugar cane","2016","2016","t","480","A","Official figure",""
"QCL","Crops and livestock products","724","Spain","5510","Production","01802","Sugar cane","2017","2017","t","1100","A","Official figure",""
"QCL","Crops and livestock products","144","Sri Lanka","5510","Production","01802","Sugar cane","2000","2000","t","1065520","A","Official figure",""
"QCL","Crops and livestock products","144","Sri Lanka","5510","Production","01802","Sugar cane","2001","2001","t","1005850","A","Official figure",""
"QCL","Crops and livestock products","144","Sri Lanka","5510","Production","01802","Sugar cane","2002","2002","t","963050","A","Official figure",""
"QCL","Crops and livestock products","144","Sri Lanka","5510","Production","01802","Sugar cane","2003","2003","t","1015480","A","Official figure",""
"QCL","Crops and livestock products","144","Sri Lanka","5510","Production","01802","Sugar cane","2004","2004","t","990430","A","Official figure",""
"QCL","Crops and livestock products","144","Sri Lanka","5510","Production","01802","Sugar cane","2005","2005","t","991550","A","Official figure",""
"QCL","Crops and livestock products","144","Sri Lanka","5510","Production","01802","Sugar cane","2006","2006","t","1136600","A","Official figure",""
"QCL","Crops and livestock products","144","Sri Lanka","5510","Production","01802","Sugar cane","2007","2007","t","782510","A","Official figure",""
"QCL","Crops and livestock products","144","Sri Lanka","5510","Production","01802","Sugar cane","2008","2008","t","799450","A","Official figure",""
"QCL","Crops and livestock products","144","Sri Lanka","5510","Production","01802","Sugar cane","2009","2009","t","919530","A","Official figure",""
"QCL","Crops and livestock products","144","Sri Lanka","5510","Production","01802","Sugar cane","2010","2010","t","914850","A","Official figure",""
"QCL","Crops and livestock products","144","Sri Lanka","5510","Production","01802","Sugar cane","2011","2011","t","729010","A","Official figure",""
"QCL","Crops and livestock products","144","Sri Lanka","5510","Production","01802","Sugar cane","2012","2012","t","673470","A","Official figure",""
"QCL","Crops and livestock products","144","Sri Lanka","5510","Production","01802","Sugar cane","2013","2013","t","960270","A","Official figure",""
"QCL","Crops and livestock products","144","Sri Lanka","5510","Production","01802","Sugar cane","2014","2014","t","960392","A","Official figure",""
"QCL","Crops and livestock products","144","Sri Lanka","5510","Production","01802","Sugar cane","2015","2015","t","718685","A","Official figure",""
"QCL","Crops and livestock products","144","Sri Lanka","5510","Production","01802","Sugar cane","2016","2016","t","815312","A","Official figure",""
"QCL","Crops and livestock products","144","Sri Lanka","5510","Production","01802","Sugar cane","2017","2017","t","654522","A","Official figure",""
"QCL","Crops and livestock products","144","Sri Lanka","5510","Production","01802","Sugar cane","2018","2018","t","644785","A","Official figure",""
"QCL","Crops and livestock products","144","Sri Lanka","5510","Production","01802","Sugar cane","2019","2019","t","653053","A","Official figure",""
"QCL","Crops and livestock products","144","Sri Lanka","5510","Production","01802","Sugar cane","2020","2020","t","855045.3","A","Official figure",""
"QCL","Crops and livestock products","144","Sri Lanka","5510","Production","01802","Sugar cane","2021","2021","t","825541","A","Official figure",""
"QCL","Crops and livestock products","144","Sri Lanka","5510","Production","01802","Sugar cane","2022","2022","t","876660","A","Official figure",""
"QCL","Crops and livestock products","144","Sri Lanka","5510","Production","01802","Sugar cane","2023","2023","t","805616.4","A","Official figure",""
"QCL","Crops and livestock products","729","Sudan","5510","Production","01802","Sugar cane","2012","2012","t","6172671","A","Official figure",""
"QCL","Crops and livestock products","729","Sudan","5510","Production","01802","Sugar cane","2013","2013","t","6797900","A","Official figure",""
"QCL","Crops and livestock products","729","Sudan","5510","Production","01802","Sugar cane","2014","2014","t","5807500","A","Official figure",""
"QCL","Crops and livestock products","729","Sudan","5510","Production","01802","Sugar cane","2015","2015","t","5900000","E","Estimated value",""
"QCL","Crops and livestock products","729","Sudan","5510","Production","01802","Sugar cane","2016","2016","t","6000000","E","Estimated value",""
"QCL","Crops and livestock products","729","Sudan","5510","Production","01802","Sugar cane","2017","2017","t","6482000","X","Figure from external organization","Unofficial figure"
"QCL","Crops and livestock products","729","Sudan","5510","Production","01802","Sugar cane","2018","2018","t","6084000","X","Figure from external organization","Unofficial figure"
"QCL","Crops and livestock products","729","Sudan","5510","Production","01802","Sugar cane","2019","2019","t","5449000","X","Figure from external organization","Unofficial figure"
"QCL","Crops and livestock products","729","Sudan","5510","Production","01802","Sugar cane","2020","2020","t","5136899.28","I","Value imputed by a receiving agency",""
"QCL","Crops and livestock products","729","Sudan","5510","Production","01802","Sugar cane","2021","2021","t","4300000","E","Estimated value",""
"QCL","Crops and livestock products","729","Sudan","5510","Production","01802","Sugar cane","2022","2022","t","4577997.51","I","Value imputed by a receiving agency",""
"QCL","Crops and livestock products","729","Sudan","5510","Production","01802","Sugar cane","2023","2023","t","4450000","E","Estimated value",""
"QCL","Crops and livestock products","736","Sudan (former)","5510","Production","01802","Sugar cane","2000","2000","t","4981781","A","Official figure",""
"QCL","Crops and livestock products","736","Sudan (former)","5510","Production","01802","Sugar cane","2001","2001","t","5503290","A","Official figure",""
"QCL","Crops and livestock products","736","Sudan (former)","5510","Production","01802","Sugar cane","2002","2002","t","6000000","E","Estimated value",""
"QCL","Crops and livestock products","736","Sudan (former)","5510","Production","01802","Sugar cane","2003","2003","t","6500000","E","Estimated value",""
"QCL","Crops and livestock products","736","Sudan (former)","5510","Production","01802","Sugar cane","2004","2004","t","6984000","A","Official figure",""
"QCL","Crops and livestock products","736","Sudan (former)","5510","Production","01802","Sugar cane","2005","2005","t","7186000","A","Official figure",""
"QCL","Crops and livestock products","736","Sudan (former)","5510","Production","01802","Sugar cane","2006","2006","t","7000000","E","Estimated value",""
"QCL","Crops and livestock products","736","Sudan (former)","5510","Production","01802","Sugar cane","2007","2007","t","7467000","A","Official figure",""
"QCL","Crops and livestock products","736","Sudan (former)","5510","Production","01802","Sugar cane","2008","2008","t","7453400","A","Official figure",""
"QCL","Crops and livestock products","736","Sudan (former)","5510","Production","01802","Sugar cane","2009","2009","t","7526700","A","Official figure",""
"QCL","Crops and livestock products","736","Sudan (former)","5510","Production","01802","Sugar cane","2010","2010","t","6728000","A","Official figure",""
"QCL","Crops and livestock products","736","Sudan (former)","5510","Production","01802","Sugar cane","2011","2011","t","6055200","A","Official figure",""
"QCL","Crops and livestock products","740","Suriname","5510","Production","01802","Sugar cane","2000","2000","t","120000","E","Estimated value",""
"QCL","Crops and livestock products","740","Suriname","5510","Production","01802","Sugar cane","2001","2001","t","120000","E","Estimated value",""
"QCL","Crops and livestock products","740","Suriname","5510","Production","01802","Sugar cane","2002","2002","t","120000","E","Estimated value",""
"QCL","Crops and livestock products","740","Suriname","5510","Production","01802","Sugar cane","2003","2003","t","70000","E","Estimated value",""
"QCL","Crops and livestock products","740","Suriname","5510","Production","01802","Sugar cane","2004","2004","t","70000","E","Estimated value",""
"QCL","Crops and livestock products","740","Suriname","5510","Production","01802","Sugar cane","2005","2005","t","70000","E","Estimated value",""
"QCL","Crops and livestock products","740","Suriname","5510","Production","01802","Sugar cane","2006","2006","t","120000","E","Estimated value",""
"QCL","Crops and livestock products","740","Suriname","5510","Production","01802","Sugar cane","2007","2007","t","120000","E","Estimated value",""
"QCL","Crops and livestock products","740","Suriname","5510","Production","01802","Sugar cane","2008","2008","t","120100","E","Estimated value",""
"QCL","Crops and livestock products","740","Suriname","5510","Production","01802","Sugar cane","2009","2009","t","120100","E","Estimated value",""
"QCL","Crops and livestock products","740","Suriname","5510","Production","01802","Sugar cane","2010","2010","t","120000","E","Estimated value",""
"QCL","Crops and livestock products","740","Suriname","5510","Production","01802","Sugar cane","2011","2011","t","120000","E","Estimated value",""
"QCL","Crops and livestock products","740","Suriname","5510","Production","01802","Sugar cane","2012","2012","t","120100","E","Estimated value",""
"QCL","Crops and livestock products","740","Suriname","5510","Production","01802","Sugar cane","2013","2013","t","120100","E","Estimated value",""
"QCL","Crops and livestock products","740","Suriname","5510","Production","01802","Sugar cane","2014","2014","t","120000","E","Estimated value",""
"QCL","Crops and livestock products","740","Suriname","5510","Production","01802","Sugar cane","2015","2015","t","120478.59","I","Value imputed by a receiving agency",""
"QCL","Crops and livestock products","740","Suriname","5510","Production","01802","Sugar cane","2016","2016","t","122360.7","I","Value imputed by a receiving agency",""
"QCL","Crops and livestock products","740","Suriname","5510","Production","01802","Sugar cane","2017","2017","t","109308.42","I","Value imputed by a receiving agency",""
"QCL","Crops and livestock products","740","Suriname","5510","Production","01802","Sugar cane","2018","2018","t","100599.86","I","Value imputed by a receiving agency",""
"QCL","Crops and livestock products","740","Suriname","5510","Production","01802","Sugar cane","2019","2019","t","80000","E","Estimated value",""
"QCL","Crops and livestock products","740","Suriname","5510","Production","01802","Sugar cane","2020","2020","t","75000","E","Estimated value",""
"QCL","Crops and livestock products","740","Suriname","5510","Production","01802","Sugar cane","2021","2021","t","90651.23","I","Value imputed by a receiving agency",""
"QCL","Crops and livestock products","740","Suriname","5510","Production","01802","Sugar cane","2022","2022","t","97419.78","I","Value imputed by a receiving agency",""
"QCL","Crops and livestock products","740","Suriname","5510","Production","01802","Sugar cane","2023","2023","t","92412.25","I","Value imputed by a receiving agency",""
"QCL","Crops and livestock products","752","Sweden","5510","Production","01801","Sugar beet","2000","2000","t","2602200","A","Official figure",""
"QCL","Crops and livestock products","752","Sweden","5510","Production","01801","Sugar beet","2001","2001","t","2659400","A","Official figure",""
"QCL","Crops and livestock products","752","Sweden","5510","Production","01801","Sugar beet","2002","2002","t","2664300","A","Official figure",""
"QCL","Crops and livestock products","752","Sweden","5510","Production","01801","Sugar beet","2003","2003","t","2484400","A","Official figure",""
"QCL","Crops and livestock products","752","Sweden","5510","Production","01801","Sugar beet","2004","2004","t","2287100","A","Official figure",""
"QCL","Crops and livestock products","752","Sweden","5510","Production","01801","Sugar beet","2005","2005","t","2381200","A","Official figure",""
"QCL","Crops and livestock products","752","Sweden","5510","Production","01801","Sugar beet","2006","2006","t","2189000","A","Official figure",""
"QCL","Crops and livestock products","752","Sweden","5510","Production","01801","Sugar beet","2007","2007","t","2137700","A","Official figure",""
"QCL","Crops and livestock products","752","Sweden","5510","Production","01801","Sugar beet","2008","2008","t","1974900","A","Official figure",""
"QCL","Crops and livestock products","752","Sweden","5510","Production","01801","Sugar beet","2009","2009","t","2405800","A","Official figure",""
"QCL","Crops and livestock products","752","Sweden","5510","Production","01801","Sugar beet","2010","2010","t","1973700","A","Official figure",""
"QCL","Crops and livestock products","752","Sweden","5510","Production","01801","Sugar beet","2011","2011","t","2493200","A","Official figure",""
"QCL","Crops and livestock products","752","Sweden","5510","Production","01801","Sugar beet","2012","2012","t","2178100","A","Official figure",""
"QCL","Crops and livestock products","752","Sweden","5510","Production","01801","Sugar beet","2013","2013","t","2326200","A","Official figure",""
"QCL","Crops and livestock products","752","Sweden","5510","Production","01801","Sugar beet","2014","2014","t","2056200","A","Official figure",""
"QCL","Crops and livestock products","752","Sweden","5510","Production","01801","Sugar beet","2015","2015","t","1178300","A","Official figure",""
"QCL","Crops and livestock products","752","Sweden","5510","Production","01801","Sugar beet","2016","2016","t","1988400","A","Official figure",""
"QCL","Crops and livestock products","752","Sweden","5510","Production","01801","Sugar beet","2017","2017","t","1963500","A","Official figure",""
"QCL","Crops and livestock products","752","Sweden","5510","Production","01801","Sugar beet","2018","2018","t","1698400","A","Official figure",""
"QCL","Crops and livestock products","752","Sweden","5510","Production","01801","Sugar beet","2019","2019","t","2028900","A","Official figure",""
"QCL","Crops and livestock products","752","Sweden","5510","Production","01801","Sugar beet","2020","2020","t","2027100","A","Official figure",""
"QCL","Crops and livestock products","752","Sweden","5510","Production","01801","Sugar beet","2021","2021","t","2046600","A","Official figure",""
"QCL","Crops and livestock products","752","Sweden","5510","Production","01801","Sugar beet","2022","2022","t","1892500","A","Official figure",""
"QCL","Crops and livestock products","752","Sweden","5510","Production","01801","Sugar beet","2023","2023","t","1743600","A","Official figure",""
"QCL","Crops and livestock products","756","Switzerland","5510","Production","01801","Sugar beet","2000","2000","t","1408448","A","Official figure",""
"QCL","Crops and livestock products","756","Switzerland","5510","Production","01801","Sugar beet","2001","2001","t","1050200","A","Official figure",""
"QCL","Crops and livestock products","756","Switzerland","5510","Production","01801","Sugar beet","2002","2002","t","1407910","A","Official figure",""
"QCL","Crops and livestock products","756","Switzerland","5510","Production","01801","Sugar beet","2003","2003","t","1257314","A","Official figure",""
"QCL","Crops and livestock products","756","Switzerland","5510","Production","01801","Sugar beet","2004","2004","t","1455811","A","Official figure",""
"QCL","Crops and livestock products","756","Switzerland","5510","Production","01801","Sugar beet","2005","2005","t","1409357","A","Official figure",""
"QCL","Crops and livestock products","756","Switzerland","5510","Production","01801","Sugar beet","2006","2006","t","1242728","A","Official figure",""
"QCL","Crops and livestock products","756","Switzerland","5510","Production","01801","Sugar beet","2007","2007","t","1572925","A","Official figure",""
"QCL","Crops and livestock products","756","Switzerland","5510","Production","01801","Sugar beet","2008","2008","t","1625220","A","Official figure",""
"QCL","Crops and livestock products","756","Switzerland","5510","Production","01801","Sugar beet","2009","2009","t","1719707","A","Official figure",""
"QCL","Crops and livestock products","756","Switzerland","5510","Production","01801","Sugar beet","2010","2010","t","1302055","A","Official figure",""
"QCL","Crops and livestock products","756","Switzerland","5510","Production","01801","Sugar beet","2011","2011","t","1828184","A","Official figure",""
"QCL","Crops and livestock products","756","Switzerland","5510","Production","01801","Sugar beet","2012","2012","t","1672761","A","Official figure",""
"QCL","Crops and livestock products","756","Switzerland","5510","Production","01801","Sugar beet","2013","2013","t","1376289","A","Official figure",""
"QCL","Crops and livestock products","756","Switzerland","5510","Production","01801","Sugar beet","2014","2014","t","1924260","A","Official figure",""
"QCL","Crops and livestock products","756","Switzerland","5510","Production","01801","Sugar beet","2015","2015","t","1355710","A","Official figure",""
"QCL","Crops and livestock products","756","Switzerland","5510","Production","01801","Sugar beet","2016","2016","t","1277407","A","Official figure",""
"QCL","Crops and livestock products","756","Switzerland","5510","Production","01801","Sugar beet","2017","2017","t","1544781","A","Official figure",""
"QCL","Crops and livestock products","756","Switzerland","5510","Production","01801","Sugar beet","2018","2018","t","1263462","A","Official figure",""
"QCL","Crops and livestock products","756","Switzerland","5510","Production","01801","Sugar beet","2019","2019","t","1454536","A","Official figure",""
"QCL","Crops and livestock products","756","Switzerland","5510","Production","01801","Sugar beet","2020","2020","t","1304494","A","Official figure",""
"QCL","Crops and livestock products","756","Switzerland","5510","Production","01801","Sugar beet","2021","2021","t","1102116","A","Official figure",""
"QCL","Crops and livestock products","756","Switzerland","5510","Production","01801","Sugar beet","2022","2022","t","1353353","A","Official figure",""
"QCL","Crops and livestock products","756","Switzerland","5510","Production","01801","Sugar beet","2023","2023","t","1199626","A","Official figure",""
"QCL","Crops and livestock products","760","Syrian Arab Republic","5510","Production","01801","Sugar beet","2000","2000","t","1175326","A","Official figure",""
"QCL","Crops and livestock products","760","Syrian Arab Republic","5510","Production","01801","Sugar beet","2001","2001","t","1215480","A","Official figure",""
"QCL","Crops and livestock products","760","Syrian Arab Republic","5510","Production","01801","Sugar beet","2002","2002","t","1522702","A","Official figure",""
"QCL","Crops and livestock products","760","Syrian Arab Republic","5510","Production","01801","Sugar beet","2003","2003","t","1205200","A","Official figure",""
"QCL","Crops and livestock products","760","Syrian Arab Republic","5510","Production","01801","Sugar beet","2004","2004","t","1217658","A","Official figure",""
"QCL","Crops and livestock products","760","Syrian Arab Republic","5510","Production","01801","Sugar beet","2005","2005","t","1096400","A","Official figure",""
"QCL","Crops and livestock products","760","Syrian Arab Republic","5510","Production","01801","Sugar beet","2006","2006","t","1437900","A","Official figure",""
"QCL","Crops and livestock products","760","Syrian Arab Republic","5510","Production","01801","Sugar beet","2007","2007","t","1366450","A","Official figure",""
"QCL","Crops and livestock products","760","Syrian Arab Republic","5510","Production","01801","Sugar beet","2008","2008","t","1104900","A","Official figure",""
"QCL","Crops and livestock products","760","Syrian Arab Republic","5510","Production","01801","Sugar beet","2009","2009","t","732706","A","Official figure",""
"QCL","Crops and livestock products","760","Syrian Arab Republic","5510","Production","01801","Sugar beet","2010","2010","t","1493031","A","Official figure",""
"QCL","Crops and livestock products","760","Syrian Arab Republic","5510","Production","01801","Sugar beet","2011","2011","t","1805184","A","Official figure",""
"QCL","Crops and livestock products","760","Syrian Arab Republic","5510","Production","01801","Sugar beet","2012","2012","t","1027942","A","Official figure",""
"QCL","Crops and livestock products","760","Syrian Arab Republic","5510","Production","01801","Sugar beet","2013","2013","t","316855","A","Official figure",""
"QCL","Crops and livestock products","760","Syrian Arab Republic","5510","Production","01801","Sugar beet","2014","2014","t","65310","A","Official figure",""
"QCL","Crops and livestock products","760","Syrian Arab Republic","5510","Production","01801","Sugar beet","2015","2015","t","29258","A","Official figure",""
"QCL","Crops and livestock products","760","Syrian Arab Republic","5510","Production","01801","Sugar beet","2016","2016","t","10655","A","Official figure",""
"QCL","Crops and livestock products","760","Syrian Arab Republic","5510","Production","01801","Sugar beet","2017","2017","t","17838","A","Official figure",""
"QCL","Crops and livestock products","760","Syrian Arab Republic","5510","Production","01801","Sugar beet","2018","2018","t","5058","A","Official figure",""
"QCL","Crops and livestock products","760","Syrian Arab Republic","5510","Production","01801","Sugar beet","2019","2019","t","18452","A","Official figure",""
"QCL","Crops and livestock products","760","Syrian Arab Republic","5510","Production","01801","Sugar beet","2020","2020","t","0","A","Official figure",""
"QCL","Crops and livestock products","760","Syrian Arab Republic","5510","Production","01801","Sugar beet","2021","2021","t","0","A","Official figure",""
"QCL","Crops and livestock products","760","Syrian Arab Republic","5510","Production","01801","Sugar beet","2022","2022","t","60461","A","Official figure",""
"QCL","Crops and livestock products","760","Syrian Arab Republic","5510","Production","01801","Sugar beet","2023","2023","t","33898","A","Official figure",""
"QCL","Crops and livestock products","760","Syrian Arab Republic","5510","Production","01802","Sugar cane","2000","2000","t","0","E","Estimated value",""
"QCL","Crops and livestock products","760","Syrian Arab Republic","5510","Production","01802","Sugar cane","2001","2001","t","0","A","Official figure",""
"QCL","Crops and livestock products","760","Syrian Arab Republic","5510","Production","01802","Sugar cane","2002","2002","t","","M","Missing value; data cannot exist",""
"QCL","Crops and livestock products","760","Syrian Arab Republic","5510","Production","01802","Sugar cane","2016","2016","t","","M","Missing value; data cannot exist",""
"QCL","Crops and livestock products","760","Syrian Arab Republic","5510","Production","01802","Sugar cane","2017","2017","t","","M","Missing value; data cannot exist",""
"QCL","Crops and livestock products","760","Syrian Arab Republic","5510","Production","01802","Sugar cane","2018","2018","t","","M","Missing value; data cannot exist",""
"QCL","Crops and livestock products","760","Syrian Arab Republic","5510","Production","01802","Sugar cane","2019","2019","t","","M","Missing value; data cannot exist",""
"QCL","Crops and livestock products","760","Syrian Arab Republic","5510","Production","01802","Sugar cane","2020","2020","t","","M","Missing value; data cannot exist",""
"QCL","Crops and livestock products","760","Syrian Arab Republic","5510","Production","01802","Sugar cane","2021","2021","t","","M","Missing value; data cannot exist",""
"QCL","Crops and livestock products","760","Syrian Arab Republic","5510","Production","01802","Sugar cane","2022","2022","t","","M","Missing value; data cannot exist",""
"QCL","Crops and livestock products","760","Syrian Arab Republic","5510","Production","01802","Sugar cane","2023","2023","t","","M","Missing value; data cannot exist",""
"QCL","Crops and livestock products","764","Thailand","5510","Production","01802","Sugar cane","2000","2000","t","54052125","A","Official figure",""
"QCL","Crops and livestock products","764","Thailand","5510","Production","01802","Sugar cane","2001","2001","t","49562886","A","Official figure",""
"QCL","Crops and livestock products","764","Thailand","5510","Production","01802","Sugar cane","2002","2002","t","60012977","A","Official figure",""
"QCL","Crops and livestock products","764","Thailand","5510","Production","01802","Sugar cane","2003","2003","t","74258521","A","Official figure",""
"QCL","Crops and livestock products","764","Thailand","5510","Production","01802","Sugar cane","2004","2004","t","64995741","A","Official figure",""
"QCL","Crops and livestock products","764","Thailand","5510","Production","01802","Sugar cane","2005","2005","t","49586360","A","Official figure",""
"QCL","Crops and livestock products","764","Thailand","5510","Production","01802","Sugar cane","2006","2006","t","47658097","A","Official figure",""
"QCL","Crops and livestock products","764","Thailand","5510","Production","01802","Sugar cane","2007","2007","t","64365482","A","Official figure",""
"QCL","Crops and livestock products","764","Thailand","5510","Production","01802","Sugar cane","2008","2008","t","73501611","A","Official figure",""
"QCL","Crops and livestock products","764","Thailand","5510","Production","01802","Sugar cane","2009","2009","t","66816446","A","Official figure",""
"QCL","Crops and livestock products","764","Thailand","5510","Production","01802","Sugar cane","2010","2010","t","68807800","A","Official figure",""
"QCL","Crops and livestock products","764","Thailand","5510","Production","01802","Sugar cane","2011","2011","t","95950416","A","Official figure",""
"QCL","Crops and livestock products","764","Thailand","5510","Production","01802","Sugar cane","2012","2012","t","98400465","A","Official figure",""
"QCL","Crops and livestock products","764","Thailand","5510","Production","01802","Sugar cane","2013","2013","t","100095580","A","Official figure",""
"QCL","Crops and livestock products","764","Thailand","5510","Production","01802","Sugar cane","2014","2014","t","103697005","A","Official figure",""
"QCL","Crops and livestock products","764","Thailand","5510","Production","01802","Sugar cane","2015","2015","t","94138465","A","Official figure",""
"QCL","Crops and livestock products","764","Thailand","5510","Production","01802","Sugar cane","2016","2016","t","94138465","A","Official figure",""
"QCL","Crops and livestock products","764","Thailand","5510","Production","01802","Sugar cane","2017","2017","t","93088464","A","Official figure",""
"QCL","Crops and livestock products","764","Thailand","5510","Production","01802","Sugar cane","2018","2018","t","135073799","A","Official figure",""
"QCL","Crops and livestock products","764","Thailand","5510","Production","01802","Sugar cane","2019","2019","t","131002173","A","Official figure",""
"QCL","Crops and livestock products","764","Thailand","5510","Production","01802","Sugar cane","2020","2020","t","74968070","A","Official figure",""
"QCL","Crops and livestock products","764","Thailand","5510","Production","01802","Sugar cane","2021","2021","t","66725460","A","Official figure",""
"QCL","Crops and livestock products","764","Thailand","5510","Production","01802","Sugar cane","2022","2022","t","92162730","A","Official figure",""
"QCL","Crops and livestock products","764","Thailand","5510","Production","01802","Sugar cane","2023","2023","t","93981770","A","Official figure",""
"QCL","Crops and livestock products","780","Trinidad and Tobago","5510","Production","01802","Sugar cane","2000","2000","t","1373346","A","Official figure",""
"QCL","Crops and livestock products","780","Trinidad and Tobago","5510","Production","01802","Sugar cane","2001","2001","t","1029339","A","Official figure",""
"QCL","Crops and livestock products","780","Trinidad and Tobago","5510","Production","01802","Sugar cane","2002","2002","t","1338934","A","Official figure",""
"QCL","Crops and livestock products","780","Trinidad and Tobago","5510","Production","01802","Sugar cane","2003","2003","t","873855","A","Official figure",""
"QCL","Crops and livestock products","780","Trinidad and Tobago","5510","Production","01802","Sugar cane","2004","2004","t","535000","E","Estimated value",""
"QCL","Crops and livestock products","780","Trinidad and Tobago","5510","Production","01802","Sugar cane","2005","2005","t","420000","E","Estimated value",""
"QCL","Crops and livestock products","780","Trinidad and Tobago","5510","Production","01802","Sugar cane","2006","2006","t","860000","E","Estimated value",""
"QCL","Crops and livestock products","780","Trinidad and Tobago","5510","Production","01802","Sugar cane","2007","2007","t","810000","E","Estimated value",""
"QCL","Crops and livestock products","780","Trinidad and Tobago","5510","Production","01802","Sugar cane","2008","2008","t","","M","Missing value; data cannot exist",""
"QCL","Crops and livestock products","780","Trinidad and Tobago","5510","Production","01802","Sugar cane","2009","2009","t","","M","Missing value; data cannot exist",""
"QCL","Crops and livestock products","780","Trinidad and Tobago","5510","Production","01802","Sugar cane","2010","2010","t","","M","Missing value; data cannot exist",""
"QCL","Crops and livestock products","780","Trinidad and Tobago","5510","Production","01802","Sugar cane","2011","2011","t","","M","Missing value; data cannot exist",""
"QCL","Crops and livestock products","780","Trinidad and Tobago","5510","Production","01802","Sugar cane","2012","2012","t","","M","Missing value; data cannot exist",""
"QCL","Crops and livestock products","780","Trinidad and Tobago","5510","Production","01802","Sugar cane","2013","2013","t","","M","Missing value; data cannot exist",""
"QCL","Crops and livestock products","780","Trinidad and Tobago","5510","Production","01802","Sugar cane","2014","2014","t","","M","Missing value; data cannot exist",""
"QCL","Crops and livestock products","780","Trinidad and Tobago","5510","Production","01802","Sugar cane","2015","2015","t","","M","Missing value; data cannot exist",""
"QCL","Crops and livestock products","780","Trinidad and Tobago","5510","Production","01802","Sugar cane","2016","2016","t","","M","Missing value; data cannot exist",""
"QCL","Crops and livestock products","780","Trinidad and Tobago","5510","Production","01802","Sugar cane","2017","2017","t","","M","Missing value; data cannot exist",""
"QCL","Crops and livestock products","780","Trinidad and Tobago","5510","Production","01802","Sugar cane","2018","2018","t","","M","Missing value; data cannot exist",""
"QCL","Crops and livestock products","780","Trinidad and Tobago","5510","Production","01802","Sugar cane","2019","2019","t","","M","Missing value; data cannot exist",""
"QCL","Crops and livestock products","780","Trinidad and Tobago","5510","Production","01802","Sugar cane","2020","2020","t","","M","Missing value; data cannot exist",""
"QCL","Crops and livestock products","780","Trinidad and Tobago","5510","Production","01802","Sugar cane","2021","2021","t","","M","Missing value; data cannot exist",""
"QCL","Crops and livestock products","780","Trinidad and Tobago","5510","Production","01802","Sugar cane","2022","2022","t","","M","Missing value; data cannot exist",""
"QCL","Crops and livestock products","780","Trinidad and Tobago","5510","Production","01802","Sugar cane","2023","2023","t","","M","Missing value; data cannot exist",""
"QCL","Crops and livestock products","788","Tunisia","5510","Production","01801","Sugar beet","2000","2000","t","20700","A","Official figure",""
"QCL","Crops and livestock products","788","Tunisia","5510","Production","01801","Sugar beet","2001","2001","t","0","A","Official figure",""
"QCL","Crops and livestock products","788","Tunisia","5510","Production","01801","Sugar beet","2002","2002","t","0","A","Official figure",""
"QCL","Crops and livestock products","788","Tunisia","5510","Production","01801","Sugar beet","2003","2003","t","0","A","Official figure",""
"QCL","Crops and livestock products","788","Tunisia","5510","Production","01801","Sugar beet","2004","2004","t","0","A","Official figure",""
"QCL","Crops and livestock products","788","Tunisia","5510","Production","01801","Sugar beet","2005","2005","t","0","E","Estimated value",""
"QCL","Crops and livestock products","788","Tunisia","5510","Production","01801","Sugar beet","2006","2006","t","0","E","Estimated value",""
"QCL","Crops and livestock products","788","Tunisia","5510","Production","01801","Sugar beet","2007","2007","t","0","E","Estimated value",""
"QCL","Crops and livestock products","788","Tunisia","5510","Production","01801","Sugar beet","2008","2008","t","0","E","Estimated value",""
"QCL","Crops and livestock products","788","Tunisia","5510","Production","01801","Sugar beet","2009","2009","t","0","E","Estimated value",""
"QCL","Crops and livestock products","788","Tunisia","5510","Production","01801","Sugar beet","2010","2010","t","0","E","Estimated value",""
"QCL","Crops and livestock products","788","Tunisia","5510","Production","01801","Sugar beet","2011","2011","t","0","E","Estimated value",""
"QCL","Crops and livestock products","788","Tunisia","5510","Production","01801","Sugar beet","2012","2012","t","34000","E","Estimated value",""
"QCL","Crops and livestock products","788","Tunisia","5510","Production","01801","Sugar beet","2013","2013","t","34000","A","Official figure",""
"QCL","Crops and livestock products","788","Tunisia","5510","Production","01801","Sugar beet","2014","2014","t","78000","A","Official figure",""
"QCL","Crops and livestock products","788","Tunisia","5510","Production","01801","Sugar beet","2015","2015","t","76391","A","Official figure",""
"QCL","Crops and livestock products","788","Tunisia","5510","Production","01801","Sugar beet","2016","2016","t","76361","A","Official figure",""
"QCL","Crops and livestock products","788","Tunisia","5510","Production","01801","Sugar beet","2017","2017","t","80744.68","I","Value imputed by a receiving agency",""
"QCL","Crops and livestock products","788","Tunisia","5510","Production","01801","Sugar beet","2018","2018","t","88000","E","Estimated value",""
"QCL","Crops and livestock products","788","Tunisia","5510","Production","01801","Sugar beet","2019","2019","t","87350","E","Estimated value",""
"QCL","Crops and livestock products","788","Tunisia","5510","Production","01801","Sugar beet","2020","2020","t","85364.89","E","Estimated value",""
"QCL","Crops and livestock products","788","Tunisia","5510","Production","01801","Sugar beet","2021","2021","t","86904.96","E","Estimated value",""
"QCL","Crops and livestock products","788","Tunisia","5510","Production","01801","Sugar beet","2022","2022","t","86539.95","E","Estimated value",""
"QCL","Crops and livestock products","788","Tunisia","5510","Production","01801","Sugar beet","2023","2023","t","86269.94","E","Estimated value",""
"QCL","Crops and livestock products","792","Türkiye","5510","Production","01801","Sugar beet","2000","2000","t","18821033","A","Official figure",""
"QCL","Crops and livestock products","792","Türkiye","5510","Production","01801","Sugar beet","2001","2001","t","12632522","A","Official figure",""
"QCL","Crops and livestock products","792","Türkiye","5510","Production","01801","Sugar beet","2002","2002","t","16523166","A","Official figure",""
"QCL","Crops and livestock products","792","Türkiye","5510","Production","01801","Sugar beet","2003","2003","t","12622934","A","Official figure",""
"QCL","Crops and livestock products","792","Türkiye","5510","Production","01801","Sugar beet","2004","2004","t","13517241","A","Official figure",""
"QCL","Crops and livestock products","792","Türkiye","5510","Production","01801","Sugar beet","2005","2005","t","15181247","A","Official figure",""
"QCL","Crops and livestock products","792","Türkiye","5510","Production","01801","Sugar beet","2006","2006","t","14452162","A","Official figure",""
"QCL","Crops and livestock products","792","Türkiye","5510","Production","01801","Sugar beet","2007","2007","t","12414715","A","Official figure",""
"QCL","Crops and livestock products","792","Türkiye","5510","Production","01801","Sugar beet","2008","2008","t","15488332","A","Official figure",""
"QCL","Crops and livestock products","792","Türkiye","5510","Production","01801","Sugar beet","2009","2009","t","17274674","A","Official figure",""
"QCL","Crops and livestock products","792","Türkiye","5510","Production","01801","Sugar beet","2010","2010","t","17942112","A","Official figure",""
"QCL","Crops and livestock products","792","Türkiye","5510","Production","01801","Sugar beet","2011","2011","t","16126489","A","Official figure",""
"QCL","Crops and livestock products","792","Türkiye","5510","Production","01801","Sugar beet","2012","2012","t","14919940","A","Official figure",""
"QCL","Crops and livestock products","792","Türkiye","5510","Production","01801","Sugar beet","2013","2013","t","16488590","A","Official figure",""
"QCL","Crops and livestock products","792","Türkiye","5510","Production","01801","Sugar beet","2014","2014","t","16743045","A","Official figure",""
"QCL","Crops and livestock products","792","Türkiye","5510","Production","01801","Sugar beet","2015","2015","t","16022783","A","Official figure",""
"QCL","Crops and livestock products","792","Türkiye","5510","Production","01801","Sugar beet","2016","2016","t","19592731","A","Official figure",""
"QCL","Crops and livestock products","792","Türkiye","5510","Production","01801","Sugar beet","2017","2017","t","21149020","A","Official figure",""
"QCL","Crops and livestock products","792","Türkiye","5510","Production","01801","Sugar beet","2018","2018","t","17436100","A","Official figure",""
"QCL","Crops and livestock products","792","Türkiye","5510","Production","01801","Sugar beet","2019","2019","t","18054320","A","Official figure",""
"QCL","Crops and livestock products","792","Türkiye","5510","Production","01801","Sugar beet","2020","2020","t","23025738","A","Official figure",""
"QCL","Crops and livestock products","792","Türkiye","5510","Production","01801","Sugar beet","2021","2021","t","17767085","A","Official figure",""
"QCL","Crops and livestock products","792","Türkiye","5510","Production","01801","Sugar beet","2022","2022","t","19253962","A","Official figure",""
"QCL","Crops and livestock products","792","Türkiye","5510","Production","01801","Sugar beet","2023","2023","t","25250213","A","Official figure",""
"QCL","Crops and livestock products","795","Turkmenistan","5510","Production","01801","Sugar beet","2000","2000","t","157641.19","I","Value imputed by a receiving agency",""
"QCL","Crops and livestock products","795","Turkmenistan","5510","Production","01801","Sugar beet","2001","2001","t","159895.09","I","Value imputed by a receiving agency",""
"QCL","Crops and livestock products","795","Turkmenistan","5510","Production","01801","Sugar beet","2002","2002","t","162136.61","I","Value imputed by a receiving agency",""
"QCL","Crops and livestock products","795","Turkmenistan","5510","Production","01801","Sugar beet","2003","2003","t","164365.41","I","Value imputed by a receiving agency",""
"QCL","Crops and livestock products","795","Turkmenistan","5510","Production","01801","Sugar beet","2004","2004","t","166824.98","I","Value imputed by a receiving agency",""
"QCL","Crops and livestock products","795","Turkmenistan","5510","Production","01801","Sugar beet","2005","2005","t","168830.9","I","Value imputed by a receiving agency",""
"QCL","Crops and livestock products","795","Turkmenistan","5510","Production","01801","Sugar beet","2006","2006","t","170986.09","I","Value imputed by a receiving agency",""
"QCL","Crops and livestock products","795","Turkmenistan","5510","Production","01801","Sugar beet","2007","2007","t","190800","E","Estimated value",""
"QCL","Crops and livestock products","795","Turkmenistan","5510","Production","01801","Sugar beet","2008","2008","t","133200","E","Estimated value",""
"QCL","Crops and livestock products","795","Turkmenistan","5510","Production","01801","Sugar beet","2009","2009","t","219600","E","Estimated value",""
"QCL","Crops and livestock products","795","Turkmenistan","5510","Production","01801","Sugar beet","2010","2010","t","180000","E","Estimated value",""
"QCL","Crops and livestock products","795","Turkmenistan","5510","Production","01801","Sugar beet","2011","2011","t","178800","E","Estimated value",""
"QCL","Crops and livestock products","795","Turkmenistan","5510","Production","01801","Sugar beet","2012","2012","t","186131.22","I","Value imputed by a receiving agency",""
"QCL","Crops and livestock products","795","Turkmenistan","5510","Production","01801","Sugar beet","2013","2013","t","187880","I","Value imputed by a receiving agency",""
"QCL","Crops and livestock products","795","Turkmenistan","5510","Production","01801","Sugar beet","2014","2014","t","188574.98","I","Value imputed by a receiving agency",""
"QCL","Crops and livestock products","795","Turkmenistan","5510","Production","01801","Sugar beet","2015","2015","t","190189.57","I","Value imputed by a receiving agency",""
"QCL","Crops and livestock products","795","Turkmenistan","5510","Production","01801","Sugar beet","2016","2016","t","230783.05","A","Official figure",""
"QCL","Crops and livestock products","795","Turkmenistan","5510","Production","01801","Sugar beet","2017","2017","t","224649.56","A","Official figure",""
"QCL","Crops and livestock products","795","Turkmenistan","5510","Production","01801","Sugar beet","2018","2018","t","225962","A","Official figure",""
"QCL","Crops and livestock products","795","Turkmenistan","5510","Production","01801","Sugar beet","2019","2019","t","224404","A","Official figure",""
"QCL","Crops and livestock products","795","Turkmenistan","5510","Production","01801","Sugar beet","2020","2020","t","224256","A","Official figure",""
"QCL","Crops and livestock products","795","Turkmenistan","5510","Production","01801","Sugar beet","2021","2021","t","83950.6","A","Official figure",""
"QCL","Crops and livestock products","795","Turkmenistan","5510","Production","01801","Sugar beet","2022","2022","t","143184.42","A","Official figure",""
"QCL","Crops and livestock products","795","Turkmenistan","5510","Production","01801","Sugar beet","2023","2023","t","85993.19","A","Official figure",""
"QCL","Crops and livestock products","800","Uganda","5510","Production","01802","Sugar cane","2000","2000","t","1476215","X","Figure from external organization","Unofficial figure"
"QCL","Crops and livestock products","800","Uganda","5510","Production","01802","Sugar cane","2001","2001","t","1542599","X","Figure from external organization","Unofficial figure"
"QCL","Crops and livestock products","800","Uganda","5510","Production","01802","Sugar cane","2002","2002","t","1850000","E","Estimated value",""
"QCL","Crops and livestock products","800","Uganda","5510","Production","01802","Sugar cane","2003","2003","t","2150000","E","Estimated value",""
"QCL","Crops and livestock products","800","Uganda","5510","Production","01802","Sugar cane","2004","2004","t","2350000","E","Estimated value",""
"QCL","Crops and livestock products","800","Uganda","5510","Production","01802","Sugar cane","2005","2005","t","2350000","E","Estimated value",""
"QCL","Crops and livestock products","800","Uganda","5510","Production","01802","Sugar cane","2006","2006","t","2450000","E","Estimated value",""
"QCL","Crops and livestock products","800","Uganda","5510","Production","01802","Sugar cane","2007","2007","t","2350000","E","Estimated value",""
"QCL","Crops and livestock products","800","Uganda","5510","Production","01802","Sugar cane","2008","2008","t","2750000","E","Estimated value",""
"QCL","Crops and livestock products","800","Uganda","5510","Production","01802","Sugar cane","2009","2009","t","3300000","E","Estimated value",""
"QCL","Crops and livestock products","800","Uganda","5510","Production","01802","Sugar cane","2010","2010","t","3320000","E","Estimated value",""
"QCL","Crops and livestock products","800","Uganda","5510","Production","01802","Sugar cane","2011","2011","t","3650000","E","Estimated value",""
"QCL","Crops and livestock products","800","Uganda","5510","Production","01802","Sugar cane","2012","2012","t","3750000","E","Estimated value",""
"QCL","Crops and livestock products","800","Uganda","5510","Production","01802","Sugar cane","2013","2013","t","4600000","E","Estimated value",""
"QCL","Crops and livestock products","800","Uganda","5510","Production","01802","Sugar cane","2014","2014","t","4650000","E","Estimated value",""
"QCL","Crops and livestock products","800","Uganda","5510","Production","01802","Sugar cane","2015","2015","t","5225000","E","Estimated value",""
"QCL","Crops and livestock products","800","Uganda","5510","Production","01802","Sugar cane","2016","2016","t","5200000","E","Estimated value",""
"QCL","Crops and livestock products","800","Uganda","5510","Production","01802","Sugar cane","2017","2017","t","5327000","E","Estimated value",""
"QCL","Crops and livestock products","800","Uganda","5510","Production","01802","Sugar cane","2018","2018","t","5503000","E","Estimated value",""
"QCL","Crops and livestock products","800","Uganda","5510","Production","01802","Sugar cane","2019","2019","t","5500000","E","Estimated value",""
"QCL","Crops and livestock products","800","Uganda","5510","Production","01802","Sugar cane","2020","2020","t","5360000","E","Estimated value",""
"QCL","Crops and livestock products","800","Uganda","5510","Production","01802","Sugar cane","2021","2021","t","5900000","E","Estimated value",""
"QCL","Crops and livestock products","800","Uganda","5510","Production","01802","Sugar cane","2022","2022","t","6161676.75","I","Value imputed by a receiving agency",""
"QCL","Crops and livestock products","800","Uganda","5510","Production","01802","Sugar cane","2023","2023","t","6197639.75","I","Value imputed by a receiving agency",""
"QCL","Crops and livestock products","804","Ukraine","5510","Production","01801","Sugar beet","2000","2000","t","13198800","A","Official figure",""
"QCL","Crops and livestock products","804","Ukraine","5510","Production","01801","Sugar beet","2001","2001","t","15574600","A","Official figure",""
"QCL","Crops and livestock products","804","Ukraine","5510","Production","01801","Sugar beet","2002","2002","t","14452500","A","Official figure",""
"QCL","Crops and livestock products","804","Ukraine","5510","Production","01801","Sugar beet","2003","2003","t","13391900","A","Official figure",""
"QCL","Crops and livestock products","804","Ukraine","5510","Production","01801","Sugar beet","2004","2004","t","16600400","A","Official figure",""
"QCL","Crops and livestock products","804","Ukraine","5510","Production","01801","Sugar beet","2005","2005","t","15467800","A","Official figure",""
"QCL","Crops and livestock products","804","Ukraine","5510","Production","01801","Sugar beet","2006","2006","t","22420700","A","Official figure",""
"QCL","Crops and livestock products","804","Ukraine","5510","Production","01801","Sugar beet","2007","2007","t","16977700","A","Official figure",""
"QCL","Crops and livestock products","804","Ukraine","5510","Production","01801","Sugar beet","2008","2008","t","13437700","A","Official figure",""
"QCL","Crops and livestock products","804","Ukraine","5510","Production","01801","Sugar beet","2009","2009","t","10067500","A","Official figure",""
"QCL","Crops and livestock products","804","Ukraine","5510","Production","01801","Sugar beet","2010","2010","t","13749000","A","Official figure",""
"QCL","Crops and livestock products","804","Ukraine","5510","Production","01801","Sugar beet","2011","2011","t","18740000","A","Official figure",""
"QCL","Crops and livestock products","804","Ukraine","5510","Production","01801","Sugar beet","2012","2012","t","18438900","A","Official figure",""
"QCL","Crops and livestock products","804","Ukraine","5510","Production","01801","Sugar beet","2013","2013","t","10789360","A","Official figure",""
"QCL","Crops and livestock products","804","Ukraine","5510","Production","01801","Sugar beet","2014","2014","t","15734050","A","Official figure",""
"QCL","Crops and livestock products","804","Ukraine","5510","Production","01801","Sugar beet","2015","2015","t","10330750","A","Official figure",""
"QCL","Crops and livestock products","804","Ukraine","5510","Production","01801","Sugar beet","2016","2016","t","14011300","A","Official figure",""
"QCL","Crops and livestock products","804","Ukraine","5510","Production","01801","Sugar beet","2017","2017","t","14881550","A","Official figure",""
"QCL","Crops and livestock products","804","Ukraine","5510","Production","01801","Sugar beet","2018","2018","t","13967700","A","Official figure",""
"QCL","Crops and livestock products","804","Ukraine","5510","Production","01801","Sugar beet","2019","2019","t","10204530","A","Official figure",""
"QCL","Crops and livestock products","804","Ukraine","5510","Production","01801","Sugar beet","2020","2020","t","9150180","A","Official figure",""
"QCL","Crops and livestock products","804","Ukraine","5510","Production","01801","Sugar beet","2021","2021","t","10853880","A","Official figure",""
"QCL","Crops and livestock products","804","Ukraine","5510","Production","01801","Sugar beet","2022","2022","t","9941460","A","Official figure",""
"QCL","Crops and livestock products","804","Ukraine","5510","Production","01801","Sugar beet","2023","2023","t","13129710","A","Official figure",""
"QCL","Crops and livestock products","826","United Kingdom of Great Britain and Northern Ireland","5510","Production","01801","Sugar beet","2000","2000","t","9079000","A","Official figure",""
"QCL","Crops and livestock products","826","United Kingdom of Great Britain and Northern Ireland","5510","Production","01801","Sugar beet","2001","2001","t","8335000","A","Official figure",""
"QCL","Crops and livestock products","826","United Kingdom of Great Britain and Northern Ireland","5510","Production","01801","Sugar beet","2002","2002","t","9557000","A","Official figure",""
"QCL","Crops and livestock products","826","United Kingdom of Great Britain and Northern Ireland","5510","Production","01801","Sugar beet","2003","2003","t","9168000","A","Official figure",""
"QCL","Crops and livestock products","826","United Kingdom of Great Britain and Northern Ireland","5510","Production","01801","Sugar beet","2004","2004","t","9042000","A","Official figure",""
"QCL","Crops and livestock products","826","United Kingdom of Great Britain and Northern Ireland","5510","Production","01801","Sugar beet","2005","2005","t","8687000","A","Official figure",""
"QCL","Crops and livestock products","826","United Kingdom of Great Britain and Northern Ireland","5510","Production","01801","Sugar beet","2006","2006","t","7400000","A","Official figure",""
"QCL","Crops and livestock products","826","United Kingdom of Great Britain and Northern Ireland","5510","Production","01801","Sugar beet","2007","2007","t","6733000","A","Official figure",""
"QCL","Crops and livestock products","826","United Kingdom of Great Britain and Northern Ireland","5510","Production","01801","Sugar beet","2008","2008","t","7641000","A","Official figure",""
"QCL","Crops and livestock products","826","United Kingdom of Great Britain and Northern Ireland","5510","Production","01801","Sugar beet","2009","2009","t","8457000","A","Official figure",""
"QCL","Crops and livestock products","826","United Kingdom of Great Britain and Northern Ireland","5510","Production","01801","Sugar beet","2010","2010","t","6527489","A","Official figure",""
"QCL","Crops and livestock products","826","United Kingdom of Great Britain and Northern Ireland","5510","Production","01801","Sugar beet","2011","2011","t","8504000","A","Official figure",""
"QCL","Crops and livestock products","826","United Kingdom of Great Britain and Northern Ireland","5510","Production","01801","Sugar beet","2012","2012","t","7291119","A","Official figure",""
"QCL","Crops and livestock products","826","United Kingdom of Great Britain and Northern Ireland","5510","Production","01801","Sugar beet","2013","2013","t","8430000","A","Official figure",""
"QCL","Crops and livestock products","826","United Kingdom of Great Britain and Northern Ireland","5510","Production","01801","Sugar beet","2014","2014","t","9310000","A","Official figure",""
"QCL","Crops and livestock products","826","United Kingdom of Great Britain and Northern Ireland","5510","Production","01801","Sugar beet","2015","2015","t","6218000","A","Official figure",""
"QCL","Crops and livestock products","826","United Kingdom of Great Britain and Northern Ireland","5510","Production","01801","Sugar beet","2016","2016","t","5687000","A","Official figure",""
"QCL","Crops and livestock products","826","United Kingdom of Great Britain and Northern Ireland","5510","Production","01801","Sugar beet","2017","2017","t","8918000","A","Official figure",""
"QCL","Crops and livestock products","826","United Kingdom of Great Britain and Northern Ireland","5510","Production","01801","Sugar beet","2018","2018","t","7600000","A","Official figure",""
"QCL","Crops and livestock products","826","United Kingdom of Great Britain and Northern Ireland","5510","Production","01801","Sugar beet","2019","2019","t","7763000","A","Official figure",""
"QCL","Crops and livestock products","826","United Kingdom of Great Britain and Northern Ireland","5510","Production","01801","Sugar beet","2020","2020","t","5984000","A","Official figure",""
"QCL","Crops and livestock products","826","United Kingdom of Great Britain and Northern Ireland","5510","Production","01801","Sugar beet","2021","2021","t","7363561","A","Official figure",""
"QCL","Crops and livestock products","826","United Kingdom of Great Britain and Northern Ireland","5510","Production","01801","Sugar beet","2022","2022","t","5574419","A","Official figure",""
"QCL","Crops and livestock products","826","United Kingdom of Great Britain and Northern Ireland","5510","Production","01801","Sugar beet","2023","2023","t","7745928.5","A","Official figure",""
"QCL","Crops and livestock products","834","United Republic of Tanzania","5510","Production","01802","Sugar cane","2000","2000","t","1355000","A","Official figure",""
"QCL","Crops and livestock products","834","United Republic of Tanzania","5510","Production","01802","Sugar cane","2001","2001","t","1500000","A","Official figure",""
"QCL","Crops and livestock products","834","United Republic of Tanzania","5510","Production","01802","Sugar cane","2002","2002","t","1750000","A","Official figure",""
"QCL","Crops and livestock products","834","United Republic of Tanzania","5510","Production","01802","Sugar cane","2003","2003","t","2000000","E","Estimated value",""
"QCL","Crops and livestock products","834","United Republic of Tanzania","5510","Production","01802","Sugar cane","2004","2004","t","2000000","E","Estimated value",""
"QCL","Crops and livestock products","834","United Republic of Tanzania","5510","Production","01802","Sugar cane","2005","2005","t","2300000","E","Estimated value",""
"QCL","Crops and livestock products","834","United Republic of Tanzania","5510","Production","01802","Sugar cane","2006","2006","t","2480000","E","Estimated value",""
"QCL","Crops and livestock products","834","United Republic of Tanzania","5510","Production","01802","Sugar cane","2007","2007","t","2440000","E","Estimated value",""
"QCL","Crops and livestock products","834","United Republic of Tanzania","5510","Production","01802","Sugar cane","2008","2008","t","2500000","E","Estimated value",""
"QCL","Crops and livestock products","834","United Republic of Tanzania","5510","Production","01802","Sugar cane","2009","2009","t","2700000","E","Estimated value",""
"QCL","Crops and livestock products","834","United Republic of Tanzania","5510","Production","01802","Sugar cane","2010","2010","t","2800825.02","I","Value imputed by a receiving agency",""
"QCL","Crops and livestock products","834","United Republic of Tanzania","5510","Production","01802","Sugar cane","2011","2011","t","3021314","A","Official figure",""
"QCL","Crops and livestock products","834","United Republic of Tanzania","5510","Production","01802","Sugar cane","2012","2012","t","2716619","A","Official figure",""
"QCL","Crops and livestock products","834","United Republic of Tanzania","5510","Production","01802","Sugar cane","2013","2013","t","2992177","A","Official figure",""
"QCL","Crops and livestock products","834","United Republic of Tanzania","5510","Production","01802","Sugar cane","2014","2014","t","2800000","A","Official figure",""
"QCL","Crops and livestock products","834","United Republic of Tanzania","5510","Production","01802","Sugar cane","2015","2015","t","2943885.01","I","Value imputed by a receiving agency",""
"QCL","Crops and livestock products","834","United Republic of Tanzania","5510","Production","01802","Sugar cane","2016","2016","t","3037267.82","I","Value imputed by a receiving agency",""
"QCL","Crops and livestock products","834","United Republic of Tanzania","5510","Production","01802","Sugar cane","2017","2017","t","3060610","A","Official figure",""
"QCL","Crops and livestock products","834","United Republic of Tanzania","5510","Production","01802","Sugar cane","2018","2018","t","3117812","A","Official figure",""
"QCL","Crops and livestock products","834","United Republic of Tanzania","5510","Production","01802","Sugar cane","2019","2019","t","3589459","A","Official figure",""
"QCL","Crops and livestock products","834","United Republic of Tanzania","5510","Production","01802","Sugar cane","2020","2020","t","3255960.33","E","Estimated value",""
"QCL","Crops and livestock products","834","United Republic of Tanzania","5510","Production","01802","Sugar cane","2021","2021","t","3321077.11","E","Estimated value",""
"QCL","Crops and livestock products","834","United Republic of Tanzania","5510","Production","01802","Sugar cane","2022","2022","t","3388832.15","E","Estimated value",""
"QCL","Crops and livestock products","834","United Republic of Tanzania","5510","Production","01802","Sugar cane","2023","2023","t","3321956.53","E","Estimated value",""
"QCL","Crops and livestock products","840","United States of America","5510","Production","01801","Sugar beet","2000","2000","t","32541000","A","Official figure",""
"QCL","Crops and livestock products","840","United States of America","5510","Production","01801","Sugar beet","2001","2001","t","25708000","A","Official figure",""
"QCL","Crops and livestock products","840","United States of America","5510","Production","01801","Sugar beet","2002","2002","t","27707000","A","Official figure",""
"QCL","Crops and livestock products","840","United States of America","5510","Production","01801","Sugar beet","2003","2003","t","30710000","A","Official figure",""
"QCL","Crops and livestock products","840","United States of America","5510","Production","01801","Sugar beet","2004","2004","t","30021000","A","Official figure",""
"QCL","Crops and livestock products","840","United States of America","5510","Production","01801","Sugar beet","2005","2005","t","27433000","A","Official figure",""
"QCL","Crops and livestock products","840","United States of America","5510","Production","01801","Sugar beet","2006","2006","t","34064000","A","Official figure",""
"QCL","Crops and livestock products","840","United States of America","5510","Production","01801","Sugar beet","2007","2007","t","31912000","A","Official figure",""
"QCL","Crops and livestock products","840","United States of America","5510","Production","01801","Sugar beet","2008","2008","t","24386030","A","Official figure",""
"QCL","Crops and livestock products","840","United States of America","5510","Production","01801","Sugar beet","2009","2009","t","27018680","A","Official figure",""
"QCL","Crops and livestock products","840","United States of America","5510","Production","01801","Sugar beet","2010","2010","t","29060756","A","Official figure",""
"QCL","Crops and livestock products","840","United States of America","5510","Production","01801","Sugar beet","2011","2011","t","26214040","A","Official figure",""
"QCL","Crops and livestock products","840","United States of America","5510","Production","01801","Sugar beet","2012","2012","t","31954680","A","Official figure",""
"QCL","Crops and livestock products","840","United States of America","5510","Production","01801","Sugar beet","2013","2013","t","29745680","A","Official figure",""
"QCL","Crops and livestock products","840","United States of America","5510","Production","01801","Sugar beet","2014","2014","t","28381270","A","Official figure",""
"QCL","Crops and livestock products","840","United States of America","5510","Production","01801","Sugar beet","2015","2015","t","32088030","A","Official figure",""
"QCL","Crops and livestock products","840","United States of America","5510","Production","01801","Sugar beet","2016","2016","t","33493270","A","Official figure",""
"QCL","Crops and livestock products","840","United States of America","5510","Production","01801","Sugar beet","2017","2017","t","32039040","A","Official figure",""
"QCL","Crops and livestock products","840","United States of America","5510","Production","01801","Sugar beet","2018","2018","t","30192920","A","Official figure",""
"QCL","Crops and livestock products","840","United States of America","5510","Production","01801","Sugar beet","2019","2019","t","25990840","A","Official figure",""
"QCL","Crops and livestock products","840","United States of America","5510","Production","01801","Sugar beet","2020","2020","t","30490480","A","Official figure",""
"QCL","Crops and livestock products","840","United States of America","5510","Production","01801","Sugar beet","2021","2021","t","33355370","A","Official figure",""
"QCL","Crops and livestock products","840","United States of America","5510","Production","01801","Sugar beet","2022","2022","t","29614140","A","Official figure",""
"QCL","Crops and livestock products","840","United States of America","5510","Production","01801","Sugar beet","2023","2023","t","31956490","A","Official figure",""
"QCL","Crops and livestock products","840","United States of America","5510","Production","01802","Sugar cane","2000","2000","t","36114000","A","Official figure",""
"QCL","Crops and livestock products","840","United States of America","5510","Production","01802","Sugar cane","2001","2001","t","34587000","A","Official figure",""
"QCL","Crops and livestock products","840","United States of America","5510","Production","01802","Sugar cane","2002","2002","t","35553000","A","Official figure",""
"QCL","Crops and livestock products","840","United States of America","5510","Production","01802","Sugar cane","2003","2003","t","33858000","A","Official figure",""
"QCL","Crops and livestock products","840","United States of America","5510","Production","01802","Sugar cane","2004","2004","t","29013000","A","Official figure",""
"QCL","Crops and livestock products","840","United States of America","5510","Production","01802","Sugar cane","2005","2005","t","26606000","A","Official figure",""
"QCL","Crops and livestock products","840","United States of America","5510","Production","01802","Sugar cane","2006","2006","t","29564000","A","Official figure",""
"QCL","Crops and livestock products","840","United States of America","5510","Production","01802","Sugar cane","2007","2007","t","27750600","A","Official figure",""
"QCL","Crops and livestock products","840","United States of America","5510","Production","01802","Sugar cane","2008","2008","t","25041020","A","Official figure",""
"QCL","Crops and livestock products","840","United States of America","5510","Production","01802","Sugar cane","2009","2009","t","27607450","A","Official figure",""
"QCL","Crops and livestock products","840","United States of America","5510","Production","01802","Sugar cane","2010","2010","t","24820574","A","Official figure",""
"QCL","Crops and livestock products","840","United States of America","5510","Production","01802","Sugar cane","2011","2011","t","26511598","A","Official figure",""
"QCL","Crops and livestock products","840","United States of America","5510","Production","01802","Sugar cane","2012","2012","t","29235840","A","Official figure",""
"QCL","Crops and livestock products","840","United States of America","5510","Production","01802","Sugar cane","2013","2013","t","27905910","A","Official figure",""
"QCL","Crops and livestock products","840","United States of America","5510","Production","01802","Sugar cane","2014","2014","t","27600190","A","Official figure",""
"QCL","Crops and livestock products","840","United States of America","5510","Production","01802","Sugar cane","2015","2015","t","29140590","A","Official figure",""
"QCL","Crops and livestock products","840","United States of America","5510","Production","01802","Sugar cane","2016","2016","t","29136968","A","Official figure",""
"QCL","Crops and livestock products","840","United States of America","5510","Production","01802","Sugar cane","2017","2017","t","30153010","A","Official figure",""
"QCL","Crops and livestock products","840","United States of America","5510","Production","01802","Sugar cane","2018","2018","t","31335980","A","Official figure",""
"QCL","Crops and livestock products","840","United States of America","5510","Production","01802","Sugar cane","2019","2019","t","28972760","A","Official figure",""
"QCL","Crops and livestock products","840","United States of America","5510","Production","01802","Sugar cane","2020","2020","t","32749370","A","Official figure",""
"QCL","Crops and livestock products","840","United States of America","5510","Production","01802","Sugar cane","2021","2021","t","29790130","A","Official figure",""
"QCL","Crops and livestock products","840","United States of America","5510","Production","01802","Sugar cane","2022","2022","t","31453000","A","Official figure",""
"QCL","Crops and livestock products","840","United States of America","5510","Production","01802","Sugar cane","2023","2023","t","29897180","A","Official figure",""
"QCL","Crops and livestock products","858","Uruguay","5510","Production","01801","Sugar beet","2000","2000","t","0","A","Official figure",""
"QCL","Crops and livestock products","858","Uruguay","5510","Production","01801","Sugar beet","2001","2001","t","0","A","Official figure",""
"QCL","Crops and livestock products","858","Uruguay","5510","Production","01801","Sugar beet","2002","2002","t","0","A","Official figure",""
"QCL","Crops and livestock products","858","Uruguay","5510","Production","01801","Sugar beet","2003","2003","t","0","A","Official figure",""
"QCL","Crops and livestock products","858","Uruguay","5510","Production","01801","Sugar beet","2004","2004","t","0","A","Official figure",""
"QCL","Crops and livestock products","858","Uruguay","5510","Production","01801","Sugar beet","2005","2005","t","","M","Missing value; data cannot exist",""
"QCL","Crops and livestock products","858","Uruguay","5510","Production","01801","Sugar beet","2006","2006","t","0","E","Estimated value",""
"QCL","Crops and livestock products","858","Uruguay","5510","Production","01801","Sugar beet","2007","2007","t","0","E","Estimated value",""
"QCL","Crops and livestock products","858","Uruguay","5510","Production","01801","Sugar beet","2008","2008","t","","M","Missing value; data cannot exist",""
"QCL","Crops and livestock products","858","Uruguay","5510","Production","01801","Sugar beet","2009","2009","t","","M","Missing value; data cannot exist",""
"QCL","Crops and livestock products","858","Uruguay","5510","Production","01801","Sugar beet","2010","2010","t","","M","Missing value; data cannot exist",""
"QCL","Crops and livestock products","858","Uruguay","5510","Production","01801","Sugar beet","2011","2011","t","","M","Missing value; data cannot exist",""
"QCL","Crops and livestock products","858","Uruguay","5510","Production","01801","Sugar beet","2012","2012","t","","M","Missing value; data cannot exist",""
"QCL","Crops and livestock products","858","Uruguay","5510","Production","01801","Sugar beet","2013","2013","t","","M","Missing value; data cannot exist",""
"QCL","Crops and livestock products","858","Uruguay","5510","Production","01801","Sugar beet","2014","2014","t","","M","Missing value; data cannot exist",""
"QCL","Crops and livestock products","858","Uruguay","5510","Production","01801","Sugar beet","2015","2015","t","","M","Missing value; data cannot exist",""
"QCL","Crops and livestock products","858","Uruguay","5510","Production","01801","Sugar beet","2016","2016","t","","M","Missing value; data cannot exist",""
"QCL","Crops and livestock products","858","Uruguay","5510","Production","01801","Sugar beet","2017","2017","t","","M","Missing value; data cannot exist",""
"QCL","Crops and livestock products","858","Uruguay","5510","Production","01801","Sugar beet","2018","2018","t","","M","Missing value; data cannot exist",""
"QCL","Crops and livestock products","858","Uruguay","5510","Production","01801","Sugar beet","2019","2019","t","","M","Missing value; data cannot exist",""
"QCL","Crops and livestock products","858","Uruguay","5510","Production","01801","Sugar beet","2020","2020","t","","M","Missing value; data cannot exist",""
"QCL","Crops and livestock products","858","Uruguay","5510","Production","01801","Sugar beet","2021","2021","t","","M","Missing value; data cannot exist",""
"QCL","Crops and livestock products","858","Uruguay","5510","Production","01801","Sugar beet","2022","2022","t","","M","Missing value; data cannot exist",""
"QCL","Crops and livestock products","858","Uruguay","5510","Production","01801","Sugar beet","2023","2023","t","","M","Missing value; data cannot exist",""
"QCL","Crops and livestock products","858","Uruguay","5510","Production","01802","Sugar cane","2000","2000","t","149500","A","Official figure",""
"QCL","Crops and livestock products","858","Uruguay","5510","Production","01802","Sugar cane","2001","2001","t","176500","A","Official figure",""
"QCL","Crops and livestock products","858","Uruguay","5510","Production","01802","Sugar cane","2002","2002","t","187700","A","Official figure",""
"QCL","Crops and livestock products","858","Uruguay","5510","Production","01802","Sugar cane","2003","2003","t","116200","A","Official figure",""
"QCL","Crops and livestock products","858","Uruguay","5510","Production","01802","Sugar cane","2004","2004","t","154200","A","Official figure",""
"QCL","Crops and livestock products","858","Uruguay","5510","Production","01802","Sugar cane","2005","2005","t","172200","A","Official figure",""
"QCL","Crops and livestock products","858","Uruguay","5510","Production","01802","Sugar cane","2006","2006","t","144519","A","Official figure",""
"QCL","Crops and livestock products","858","Uruguay","5510","Production","01802","Sugar cane","2007","2007","t","293200","A","Official figure",""
"QCL","Crops and livestock products","858","Uruguay","5510","Production","01802","Sugar cane","2008","2008","t","334100","A","Official figure",""
"QCL","Crops and livestock products","858","Uruguay","5510","Production","01802","Sugar cane","2009","2009","t","296500","A","Official figure",""
"QCL","Crops and livestock products","858","Uruguay","5510","Production","01802","Sugar cane","2010","2010","t","313300","A","Official figure",""
"QCL","Crops and livestock products","858","Uruguay","5510","Production","01802","Sugar cane","2011","2011","t","420000","A","Official figure",""
"QCL","Crops and livestock products","858","Uruguay","5510","Production","01802","Sugar cane","2012","2012","t","368000","A","Official figure",""
"QCL","Crops and livestock products","858","Uruguay","5510","Production","01802","Sugar cane","2013","2013","t","368000","A","Official figure",""
"QCL","Crops and livestock products","858","Uruguay","5510","Production","01802","Sugar cane","2014","2014","t","482000","A","Official figure",""
"QCL","Crops and livestock products","858","Uruguay","5510","Production","01802","Sugar cane","2015","2015","t","443000","A","Official figure",""
"QCL","Crops and livestock products","858","Uruguay","5510","Production","01802","Sugar cane","2016","2016","t","367700","A","Official figure",""
"QCL","Crops and livestock products","858","Uruguay","5510","Production","01802","Sugar cane","2017","2017","t","347700","A","Official figure",""
"QCL","Crops and livestock products","858","Uruguay","5510","Production","01802","Sugar cane","2018","2018","t","356500","A","Official figure",""
"QCL","Crops and livestock products","858","Uruguay","5510","Production","01802","Sugar cane","2019","2019","t","416900","A","Official figure",""
"QCL","Crops and livestock products","858","Uruguay","5510","Production","01802","Sugar cane","2020","2020","t","417000","A","Official figure",""
"QCL","Crops and livestock products","858","Uruguay","5510","Production","01802","Sugar cane","2021","2021","t","462000","A","Official figure",""
"QCL","Crops and livestock products","858","Uruguay","5510","Production","01802","Sugar cane","2022","2022","t","523700","A","Official figure",""
"QCL","Crops and livestock products","858","Uruguay","5510","Production","01802","Sugar cane","2023","2023","t","542000","X","Figure from external organization","Unofficial figure"
"QCL","Crops and livestock products","860","Uzbekistan","5510","Production","01801","Sugar beet","2000","2000","t","102300","A","Official figure",""
"QCL","Crops and livestock products","860","Uzbekistan","5510","Production","01801","Sugar beet","2001","2001","t","61100","A","Official figure",""
"QCL","Crops and livestock products","860","Uzbekistan","5510","Production","01801","Sugar beet","2002","2002","t","2600","A","Official figure",""
"QCL","Crops and livestock products","860","Uzbekistan","5510","Production","01801","Sugar beet","2003","2003","t","0","X","Figure from external organization","Unofficial figure"
"QCL","Crops and livestock products","860","Uzbekistan","5510","Production","01801","Sugar beet","2004","2004","t","","M","Missing value; data cannot exist",""
"QCL","Crops and livestock products","860","Uzbekistan","5510","Production","01801","Sugar beet","2005","2005","t","","M","Missing value; data cannot exist",""
"QCL","Crops and livestock products","860","Uzbekistan","5510","Production","01801","Sugar beet","2006","2006","t","0","X","Figure from external organization","Unofficial figure"
"QCL","Crops and livestock products","860","Uzbekistan","5510","Production","01801","Sugar beet","2007","2007","t","0","X","Figure from external organization","Unofficial figure"
"QCL","Crops and livestock products","860","Uzbekistan","5510","Production","01801","Sugar beet","2008","2008","t","","M","Missing value; data cannot exist",""
"QCL","Crops and livestock products","860","Uzbekistan","5510","Production","01801","Sugar beet","2009","2009","t","","M","Missing value; data cannot exist",""
"QCL","Crops and livestock products","860","Uzbekistan","5510","Production","01801","Sugar beet","2010","2010","t","","M","Missing value; data cannot exist",""
"QCL","Crops and livestock products","860","Uzbekistan","5510","Production","01801","Sugar beet","2011","2011","t","","M","Missing value; data cannot exist",""
"QCL","Crops and livestock products","860","Uzbekistan","5510","Production","01801","Sugar beet","2012","2012","t","","M","Missing value; data cannot exist",""
"QCL","Crops and livestock products","860","Uzbekistan","5510","Production","01801","Sugar beet","2013","2013","t","","M","Missing value; data cannot exist",""
"QCL","Crops and livestock products","860","Uzbekistan","5510","Production","01801","Sugar beet","2014","2014","t","","M","Missing value; data cannot exist",""
"QCL","Crops and livestock products","860","Uzbekistan","5510","Production","01801","Sugar beet","2015","2015","t","","M","Missing value; data cannot exist",""
"QCL","Crops and livestock products","860","Uzbekistan","5510","Production","01801","Sugar beet","2016","2016","t","","M","Missing value; data cannot exist",""
"QCL","Crops and livestock products","860","Uzbekistan","5510","Production","01801","Sugar beet","2017","2017","t","","M","Missing value; data cannot exist",""
"QCL","Crops and livestock products","860","Uzbekistan","5510","Production","01801","Sugar beet","2018","2018","t","200","A","Official figure",""
"QCL","Crops and livestock products","860","Uzbekistan","5510","Production","01801","Sugar beet","2019","2019","t","2500","A","Official figure",""
"QCL","Crops and livestock products","860","Uzbekistan","5510","Production","01801","Sugar beet","2020","2020","t","3100","A","Official figure",""
"QCL","Crops and livestock products","860","Uzbekistan","5510","Production","01801","Sugar beet","2021","2021","t","2443","A","Official figure",""
"QCL","Crops and livestock products","860","Uzbekistan","5510","Production","01801","Sugar beet","2022","2022","t","1979","A","Official figure",""
"QCL","Crops and livestock products","860","Uzbekistan","5510","Production","01801","Sugar beet","2023","2023","t","1763.7","A","Official figure",""
"QCL","Crops and livestock products","548","Vanuatu","5510","Production","01802","Sugar cane","2021","2021","t","","M","Missing value; data cannot exist",""
"QCL","Crops and livestock products","548","Vanuatu","5510","Production","01802","Sugar cane","2022","2022","t","1800","A","Official figure",""
"QCL","Crops and livestock products","548","Vanuatu","5510","Production","01802","Sugar cane","2023","2023","t","1800","E","Estimated value",""
"QCL","Crops and livestock products","862","Venezuela (Bolivarian Republic of)","5510","Production","01801","Sugar beet","2000","2000","t","16556","A","Official figure",""
"QCL","Crops and livestock products","862","Venezuela (Bolivarian Republic of)","5510","Production","01801","Sugar beet","2001","2001","t","16646","A","Official figure",""
"QCL","Crops and livestock products","862","Venezuela (Bolivarian Republic of)","5510","Production","01801","Sugar beet","2002","2002","t","19431","A","Official figure",""
"QCL","Crops and livestock products","862","Venezuela (Bolivarian Republic of)","5510","Production","01801","Sugar beet","2003","2003","t","15958","A","Official figure",""
"QCL","Crops and livestock products","862","Venezuela (Bolivarian Republic of)","5510","Production","01801","Sugar beet","2004","2004","t","17296","A","Official figure",""
"QCL","Crops and livestock products","862","Venezuela (Bolivarian Republic of)","5510","Production","01801","Sugar beet","2005","2005","t","19879","A","Official figure",""
"QCL","Crops and livestock products","862","Venezuela (Bolivarian Republic of)","5510","Production","01801","Sugar beet","2006","2006","t","22643","A","Official figure",""
"QCL","Crops and livestock products","862","Venezuela (Bolivarian Republic of)","5510","Production","01801","Sugar beet","2007","2007","t","20738","A","Official figure",""
"QCL","Crops and livestock products","862","Venezuela (Bolivarian Republic of)","5510","Production","01801","Sugar beet","2008","2008","t","20434","A","Official figure",""
"QCL","Crops and livestock products","862","Venezuela (Bolivarian Republic of)","5510","Production","01801","Sugar beet","2009","2009","t","19194","A","Official figure",""
"QCL","Crops and livestock products","862","Venezuela (Bolivarian Republic of)","5510","Production","01801","Sugar beet","2010","2010","t","19672","A","Official figure",""
"QCL","Crops and livestock products","862","Venezuela (Bolivarian Republic of)","5510","Production","01801","Sugar beet","2011","2011","t","21970","A","Official figure",""
"QCL","Crops and livestock products","862","Venezuela (Bolivarian Republic of)","5510","Production","01801","Sugar beet","2012","2012","t","20258","A","Official figure",""
"QCL","Crops and livestock products","862","Venezuela (Bolivarian Republic of)","5510","Production","01801","Sugar beet","2013","2013","t","21666","A","Official figure",""
"QCL","Crops and livestock products","862","Venezuela (Bolivarian Republic of)","5510","Production","01801","Sugar beet","2014","2014","t","20942","A","Official figure",""
"QCL","Crops and livestock products","862","Venezuela (Bolivarian Republic of)","5510","Production","01801","Sugar beet","2015","2015","t","23079","A","Official figure",""
"QCL","Crops and livestock products","862","Venezuela (Bolivarian Republic of)","5510","Production","01801","Sugar beet","2016","2016","t","24774.48","A","Official figure",""
"QCL","Crops and livestock products","862","Venezuela (Bolivarian Republic of)","5510","Production","01801","Sugar beet","2017","2017","t","25064.76","A","Official figure",""
"QCL","Crops and livestock products","862","Venezuela (Bolivarian Republic of)","5510","Production","01801","Sugar beet","2018","2018","t","23890","A","Official figure",""
"QCL","Crops and livestock products","862","Venezuela (Bolivarian Republic of)","5510","Production","01801","Sugar beet","2019","2019","t","21697","A","Official figure",""
"QCL","Crops and livestock products","862","Venezuela (Bolivarian Republic of)","5510","Production","01801","Sugar beet","2020","2020","t","23241.31","A","Official figure",""
"QCL","Crops and livestock products","862","Venezuela (Bolivarian Republic of)","5510","Production","01801","Sugar beet","2021","2021","t","23287","A","Official figure",""
"QCL","Crops and livestock products","862","Venezuela (Bolivarian Republic of)","5510","Production","01801","Sugar beet","2022","2022","t","23247","A","Official figure",""
"QCL","Crops and livestock products","862","Venezuela (Bolivarian Republic of)","5510","Production","01801","Sugar beet","2023","2023","t","23018","A","Official figure",""
"QCL","Crops and livestock products","862","Venezuela (Bolivarian Republic of)","5510","Production","01802","Sugar cane","2000","2000","t","8831523","A","Official figure",""
"QCL","Crops and livestock products","862","Venezuela (Bolivarian Republic of)","5510","Production","01802","Sugar cane","2001","2001","t","8862621","A","Official figure",""
"QCL","Crops and livestock products","862","Venezuela (Bolivarian Republic of)","5510","Production","01802","Sugar cane","2002","2002","t","8525815","A","Official figure",""
"QCL","Crops and livestock products","862","Venezuela (Bolivarian Republic of)","5510","Production","01802","Sugar cane","2003","2003","t","9950078","A","Official figure",""
"QCL","Crops and livestock products","862","Venezuela (Bolivarian Republic of)","5510","Production","01802","Sugar cane","2004","2004","t","8814248","A","Official figure",""
"QCL","Crops and livestock products","862","Venezuela (Bolivarian Republic of)","5510","Production","01802","Sugar cane","2005","2005","t","9654393","A","Official figure",""
"QCL","Crops and livestock products","862","Venezuela (Bolivarian Republic of)","5510","Production","01802","Sugar cane","2006","2006","t","9322937","A","Official figure",""
"QCL","Crops and livestock products","862","Venezuela (Bolivarian Republic of)","5510","Production","01802","Sugar cane","2007","2007","t","9690791","A","Official figure",""
"QCL","Crops and livestock products","862","Venezuela (Bolivarian Republic of)","5510","Production","01802","Sugar cane","2008","2008","t","8701047","A","Official figure",""
"QCL","Crops and livestock products","862","Venezuela (Bolivarian Republic of)","5510","Production","01802","Sugar cane","2009","2009","t","8134111","A","Official figure",""
"QCL","Crops and livestock products","862","Venezuela (Bolivarian Republic of)","5510","Production","01802","Sugar cane","2010","2010","t","6842180","A","Official figure",""
"QCL","Crops and livestock products","862","Venezuela (Bolivarian Republic of)","5510","Production","01802","Sugar cane","2011","2011","t","6716379","A","Official figure",""
"QCL","Crops and livestock products","862","Venezuela (Bolivarian Republic of)","5510","Production","01802","Sugar cane","2012","2012","t","7301702","A","Official figure",""
"QCL","Crops and livestock products","862","Venezuela (Bolivarian Republic of)","5510","Production","01802","Sugar cane","2013","2013","t","7055102","A","Official figure",""
"QCL","Crops and livestock products","862","Venezuela (Bolivarian Republic of)","5510","Production","01802","Sugar cane","2014","2014","t","6483755","A","Official figure",""
"QCL","Crops and livestock products","862","Venezuela (Bolivarian Republic of)","5510","Production","01802","Sugar cane","2015","2015","t","5569497","A","Official figure",""
"QCL","Crops and livestock products","862","Venezuela (Bolivarian Republic of)","5510","Production","01802","Sugar cane","2016","2016","t","3673713.68","A","Official figure",""
"QCL","Crops and livestock products","862","Venezuela (Bolivarian Republic of)","5510","Production","01802","Sugar cane","2017","2017","t","3973251","A","Official figure",""
"QCL","Crops and livestock products","862","Venezuela (Bolivarian Republic of)","5510","Production","01802","Sugar cane","2018","2018","t","3206225","A","Official figure",""
"QCL","Crops and livestock products","862","Venezuela (Bolivarian Republic of)","5510","Production","01802","Sugar cane","2019","2019","t","3104097","A","Official figure",""
"QCL","Crops and livestock products","862","Venezuela (Bolivarian Republic of)","5510","Production","01802","Sugar cane","2020","2020","t","3335090","A","Official figure",""
"QCL","Crops and livestock products","862","Venezuela (Bolivarian Republic of)","5510","Production","01802","Sugar cane","2021","2021","t","3755880","A","Official figure",""
"QCL","Crops and livestock products","862","Venezuela (Bolivarian Republic of)","5510","Production","01802","Sugar cane","2022","2022","t","2814056","A","Official figure",""
"QCL","Crops and livestock products","862","Venezuela (Bolivarian Republic of)","5510","Production","01802","Sugar cane","2023","2023","t","3539546","A","Official figure",""
"QCL","Crops and livestock products","704","Viet Nam","5510","Production","01802","Sugar cane","2000","2000","t","15044300","A","Official figure",""
"QCL","Crops and livestock products","704","Viet Nam","5510","Production","01802","Sugar cane","2001","2001","t","14656900","A","Official figure",""
"QCL","Crops and livestock products","704","Viet Nam","5510","Production","01802","Sugar cane","2002","2002","t","17120000","A","Official figure",""
"QCL","Crops and livestock products","704","Viet Nam","5510","Production","01802","Sugar cane","2003","2003","t","16854700","A","Official figure",""
"QCL","Crops and livestock products","704","Viet Nam","5510","Production","01802","Sugar cane","2004","2004","t","15649300","A","Official figure",""
"QCL","Crops and livestock products","704","Viet Nam","5510","Production","01802","Sugar cane","2005","2005","t","14948700","A","Official figure",""
"QCL","Crops and livestock products","704","Viet Nam","5510","Production","01802","Sugar cane","2006","2006","t","16719500","A","Official figure",""
"QCL","Crops and livestock products","704","Viet Nam","5510","Production","01802","Sugar cane","2007","2007","t","17396700","A","Official figure",""
"QCL","Crops and livestock products","704","Viet Nam","5510","Production","01802","Sugar cane","2008","2008","t","16145500","A","Official figure",""
"QCL","Crops and livestock products","704","Viet Nam","5510","Production","01802","Sugar cane","2009","2009","t","15608300","A","Official figure",""
"QCL","Crops and livestock products","704","Viet Nam","5510","Production","01802","Sugar cane","2010","2010","t","16161700","A","Official figure",""
"QCL","Crops and livestock products","704","Viet Nam","5510","Production","01802","Sugar cane","2011","2011","t","17539572","A","Official figure",""
"QCL","Crops and livestock products","704","Viet Nam","5510","Production","01802","Sugar cane","2012","2012","t","19015231","A","Official figure",""
"QCL","Crops and livestock products","704","Viet Nam","5510","Production","01802","Sugar cane","2013","2013","t","20128588","A","Official figure",""
"QCL","Crops and livestock products","704","Viet Nam","5510","Production","01802","Sugar cane","2014","2014","t","19822851","A","Official figure",""
"QCL","Crops and livestock products","704","Viet Nam","5510","Production","01802","Sugar cane","2015","2015","t","18337227.4","A","Official figure",""
"QCL","Crops and livestock products","704","Viet Nam","5510","Production","01802","Sugar cane","2016","2016","t","16313144.85","A","Official figure",""
"QCL","Crops and livestock products","704","Viet Nam","5510","Production","01802","Sugar cane","2017","2017","t","18356397.55","A","Official figure",""
"QCL","Crops and livestock products","704","Viet Nam","5510","Production","01802","Sugar cane","2018","2018","t","17945203.68","A","Official figure",""
"QCL","Crops and livestock products","704","Viet Nam","5510","Production","01802","Sugar cane","2019","2019","t","15685617.75","A","Official figure",""
"QCL","Crops and livestock products","704","Viet Nam","5510","Production","01802","Sugar cane","2020","2020","t","11534588.71","A","Official figure",""
"QCL","Crops and livestock products","704","Viet Nam","5510","Production","01802","Sugar cane","2021","2021","t","10740873.28","A","Official figure",""
"QCL","Crops and livestock products","704","Viet Nam","5510","Production","01802","Sugar cane","2022","2022","t","11088957.08","A","Official figure",""
"QCL","Crops and livestock products","704","Viet Nam","5510","Production","01802","Sugar cane","2023","2023","t","11843772.9","A","Official figure",""
"QCL","Crops and livestock products","894","Zambia","5510","Production","01802","Sugar cane","2000","2000","t","1600000","A","Official figure",""
"QCL","Crops and livestock products","894","Zambia","5510","Production","01802","Sugar cane","2001","2001","t","2000000","E","Estimated value",""
"QCL","Crops and livestock products","894","Zambia","5510","Production","01802","Sugar cane","2002","2002","t","2300000","E","Estimated value",""
"QCL","Crops and livestock products","894","Zambia","5510","Production","01802","Sugar cane","2003","2003","t","2300000","E","Estimated value",""
"QCL","Crops and livestock products","894","Zambia","5510","Production","01802","Sugar cane","2004","2004","t","2350000","E","Estimated value",""
"QCL","Crops and livestock products","894","Zambia","5510","Production","01802","Sugar cane","2005","2005","t","2300000","E","Estimated value",""
"QCL","Crops and livestock products","894","Zambia","5510","Production","01802","Sugar cane","2006","2006","t","2450000","E","Estimated value",""
"QCL","Crops and livestock products","894","Zambia","5510","Production","01802","Sugar cane","2007","2007","t","2430000","E","Estimated value",""
"QCL","Crops and livestock products","894","Zambia","5510","Production","01802","Sugar cane","2008","2008","t","2050000","E","Estimated value",""
"QCL","Crops and livestock products","894","Zambia","5510","Production","01802","Sugar cane","2009","2009","t","3200000","E","Estimated value",""
"QCL","Crops and livestock products","894","Zambia","5510","Production","01802","Sugar cane","2010","2010","t","3700000","E","Estimated value",""
"QCL","Crops and livestock products","894","Zambia","5510","Production","01802","Sugar cane","2011","2011","t","4200000","E","Estimated value",""
"QCL","Crops and livestock products","894","Zambia","5510","Production","01802","Sugar cane","2012","2012","t","4300000","E","Estimated value",""
"QCL","Crops and livestock products","894","Zambia","5510","Production","01802","Sugar cane","2013","2013","t","4600000","E","Estimated value",""
"QCL","Crops and livestock products","894","Zambia","5510","Production","01802","Sugar cane","2014","2014","t","4600000","E","Estimated value",""
"QCL","Crops and livestock products","894","Zambia","5510","Production","01802","Sugar cane","2015","2015","t","4155000","E","Estimated value",""
"QCL","Crops and livestock products","894","Zambia","5510","Production","01802","Sugar cane","2016","2016","t","4083000","E","Estimated value",""
"QCL","Crops and livestock products","894","Zambia","5510","Production","01802","Sugar cane","2017","2017","t","4391847.27","I","Value imputed by a receiving agency",""
"QCL","Crops and livestock products","894","Zambia","5510","Production","01802","Sugar cane","2018","2018","t","4630000","E","Estimated value",""
"QCL","Crops and livestock products","894","Zambia","5510","Production","01802","Sugar cane","2019","2019","t","4682000","E","Estimated value",""
"QCL","Crops and livestock products","894","Zambia","5510","Production","01802","Sugar cane","2020","2020","t","4479027.41","I","Value imputed by a receiving agency",""
"QCL","Crops and livestock products","894","Zambia","5510","Production","01802","Sugar cane","2021","2021","t","4250000","E","Estimated value",""
"QCL","Crops and livestock products","894","Zambia","5510","Production","01802","Sugar cane","2022","2022","t","4550000","E","Estimated value",""
"QCL","Crops and livestock products","894","Zambia","5510","Production","01802","Sugar cane","2023","2023","t","4750000","E","Estimated value",""
"QCL","Crops and livestock products","716","Zimbabwe","5510","Production","01802","Sugar cane","2000","2000","t","4227500","A","Official figure",""
"QCL","Crops and livestock products","716","Zimbabwe","5510","Production","01802","Sugar cane","2001","2001","t","4630000","X","Figure from external organization","Unofficial figure"
"QCL","Crops and livestock products","716","Zimbabwe","5510","Production","01802","Sugar cane","2002","2002","t","3667463","A","Official figure",""
"QCL","Crops and livestock products","716","Zimbabwe","5510","Production","01802","Sugar cane","2003","2003","t","4533000","X","Figure from external organization","Unofficial figure"
"QCL","Crops and livestock products","716","Zimbabwe","5510","Production","01802","Sugar cane","2004","2004","t","4121000","X","Figure from external organization","Unofficial figure"
"QCL","Crops and livestock products","716","Zimbabwe","5510","Production","01802","Sugar cane","2005","2005","t","3530210","X","Figure from external organization","Unofficial figure"
"QCL","Crops and livestock products","716","Zimbabwe","5510","Production","01802","Sugar cane","2006","2006","t","3681784","X","Figure from external organization","Unofficial figure"
"QCL","Crops and livestock products","716","Zimbabwe","5510","Production","01802","Sugar cane","2007","2007","t","2897149","X","Figure from external organization","Unofficial figure"
"QCL","Crops and livestock products","716","Zimbabwe","5510","Production","01802","Sugar cane","2008","2008","t","2582200","X","Figure from external organization","Unofficial figure"
"QCL","Crops and livestock products","716","Zimbabwe","5510","Production","01802","Sugar cane","2009","2009","t","2338300","X","Figure from external organization","Unofficial figure"
"QCL","Crops and livestock products","716","Zimbabwe","5510","Production","01802","Sugar cane","2010","2010","t","2692000","X","Figure from external organization","Unofficial figure"
"QCL","Crops and livestock products","716","Zimbabwe","5510","Production","01802","Sugar cane","2011","2011","t","3058000","X","Figure from external organization","Unofficial figure"
"QCL","Crops and livestock products","716","Zimbabwe","5510","Production","01802","Sugar cane","2012","2012","t","3929056","X","Figure from external organization","Unofficial figure"
"QCL","Crops and livestock products","716","Zimbabwe","5510","Production","01802","Sugar cane","2013","2013","t","3960000","X","Figure from external organization","Unofficial figure"
"QCL","Crops and livestock products","716","Zimbabwe","5510","Production","01802","Sugar cane","2014","2014","t","3856000","X","Figure from external organization","Unofficial figure"
"QCL","Crops and livestock products","716","Zimbabwe","5510","Production","01802","Sugar cane","2015","2015","t","3348000","X","Figure from external organization","Unofficial figure"
"QCL","Crops and livestock products","716","Zimbabwe","5510","Production","01802","Sugar cane","2016","2016","t","3483000","X","Figure from external organization","Unofficial figure"
"QCL","Crops and livestock products","716","Zimbabwe","5510","Production","01802","Sugar cane","2017","2017","t","5562674","A","Official figure",""
"QCL","Crops and livestock products","716","Zimbabwe","5510","Production","01802","Sugar cane","2018","2018","t","5440560","A","Official figure",""
"QCL","Crops and livestock products","716","Zimbabwe","5510","Production","01802","Sugar cane","2019","2019","t","5562674","A","Official figure",""
"QCL","Crops and livestock products","716","Zimbabwe","5510","Production","01802","Sugar cane","2020","2020","t","5860931","A","Official figure",""
"QCL","Crops and livestock products","716","Zimbabwe","5510","Production","01802","Sugar cane","2021","2021","t","5886527","A","Official figure",""
"QCL","Crops and livestock products","716","Zimbabwe","5510","Production","01802","Sugar cane","2022","2022","t","6049404","A","Official figure",""
"QCL","Crops and livestock products","716","Zimbabwe","5510","Production","01802","Sugar cane","2023","2023","t","6537204","A","Official figure",""
