population_group_id,population_group_name,measure_id,measure_name,location_id,location_name,sex_id,sex_name,age_id,age_name,cause_id,cause_name,metric_id,metric_name,year,val,upper,lower
1,All Population,5,Prevalence,24,Marshall Islands,3,Both,27,Age-standardized,976,Diabetes mellitus type 2,3,Rate,2000,14366.62045450936,15619.27140476774,13140.77958650875
1,All Population,5,Prevalence,82,Greece,3,Both,27,Age-standardized,976,Diabetes mellitus type 2,3,Rate,2000,2924.08138132857,3176.95143523092,2683.27021674718
1,All Population,5,Prevalence,129,Honduras,3,Both,27,Age-standardized,976,Diabetes mellitus type 2,3,Rate,2000,4432.4617934383405,4842.23031403355,3989.42871677146
1,All Population,5,Prevalence,95,United Kingdom,3,Both,27,Age-standardized,976,Diabetes mellitus type 2,3,Rate,2000,3762.3945431834304,4143.68212638159,3411.77305826415
1,All Population,5,Prevalence,84,Ireland,3,Both,27,Age-standardized,976,Diabetes mellitus type 2,3,Rate,2000,1968.35835018965,2165.59879672504,1764.0771663031298
1,All Population,5,Prevalence,176,Comoros,3,Both,27,Age-standardized,976,Diabetes mellitus type 2,3,Rate,2000,3324.85464532174,3657.39112481886,3030.91894415024
1,All Population,5,Prevalence,11,Indonesia,3,Both,27,Age-standardized,976,Diabetes mellitus type 2,3,Rate,2000,3613.72416539188,3989.3862566184102,3240.29679951841
1,All Population,5,Prevalence,68,Republic of Korea,3,Both,27,Age-standardized,976,Diabetes mellitus type 2,3,Rate,2000,5204.94872515168,5464.80305202602,4920.74478428145
1,All Population,5,Prevalence,79,Finland,3,Both,27,Age-standardized,976,Diabetes mellitus type 2,3,Rate,2000,4503.96559664042,4959.25868694456,4091.04690312355
1,All Population,5,Prevalence,115,Jamaica,3,Both,27,Age-standardized,976,Diabetes mellitus type 2,3,Rate,2000,7206.396086364631,7711.1926498573,6736.675298256239
1,All Population,5,Prevalence,23,Kiribati,3,Both,27,Age-standardized,976,Diabetes mellitus type 2,3,Rate,2000,11458.05551570227,12342.8453600659,10682.543669734949
1,All Population,5,Prevalence,110,Dominica,3,Both,27,Age-standardized,976,Diabetes mellitus type 2,3,Rate,2000,8081.41483373795,8706.17981045009,7422.19033171259
1,All Population,5,Prevalence,162,Bhutan,3,Both,27,Age-standardized,976,Diabetes mellitus type 2,3,Rate,2000,4426.5435121191,4788.6709769427,4100.829760624631
1,All Population,5,Prevalence,126,Costa Rica,3,Both,27,Age-standardized,976,Diabetes mellitus type 2,3,Rate,2000,5770.27891870713,6345.0642607598,5338.86476789958
1,All Population,5,Prevalence,173,Gabon,3,Both,27,Age-standardized,976,Diabetes mellitus type 2,3,Rate,2000,6352.72430563609,6912.70862424527,5768.65161955533
1,All Population,5,Prevalence,81,Germany,3,Both,27,Age-standardized,976,Diabetes mellitus type 2,3,Rate,2000,4052.4798093980103,4331.33111021038,3740.67577280464
1,All Population,5,Prevalence,97,Argentina,3,Both,27,Age-standardized,976,Diabetes mellitus type 2,3,Rate,2000,3141.06859059136,3362.98455290626,2971.09996679868
1,All Population,5,Prevalence,131,Nicaragua,3,Both,27,Age-standardized,976,Diabetes mellitus type 2,3,Rate,2000,4088.02783201679,4387.701790171171,3777.9687406846597
1,All Population,5,Prevalence,142,Iran (Islamic Republic of),3,Both,27,Age-standardized,976,Diabetes mellitus type 2,3,Rate,2000,4928.12986073859,5409.881298317299,4445.69236442084
1,All Population,5,Prevalence,112,Grenada,3,Both,27,Age-standardized,976,Diabetes mellitus type 2,3,Rate,2000,9924.31146894492,10656.15985701448,9212.20189633134
1,All Population,5,Prevalence,141,Egypt,3,Both,27,Age-standardized,976,Diabetes mellitus type 2,3,Rate,2000,7316.6433274417395,7951.646427879889,6712.93920207247
1,All Population,5,Prevalence,128,Guatemala,3,Both,27,Age-standardized,976,Diabetes mellitus type 2,3,Rate,2000,6239.03657369639,6601.61402926045,5848.04634396714
1,All Population,5,Prevalence,175,Burundi,3,Both,27,Age-standardized,976,Diabetes mellitus type 2,3,Rate,2000,2858.94251578518,3140.0355337370997,2604.59737123879
1,All Population,5,Prevalence,186,Seychelles,3,Both,27,Age-standardized,976,Diabetes mellitus type 2,3,Rate,2000,6020.64386307849,6542.17965374393,5536.23950438515
1,All Population,5,Prevalence,94,Switzerland,3,Both,27,Age-standardized,976,Diabetes mellitus type 2,3,Rate,2000,3144.34323919201,3409.43709295709,2847.12912904545
1,All Population,5,Prevalence,83,Iceland,3,Both,27,Age-standardized,976,Diabetes mellitus type 2,3,Rate,2000,2599.59822227941,2880.9671932415604,2344.3175973306597
1,All Population,5,Prevalence,320,Cook Islands,3,Both,27,Age-standardized,976,Diabetes mellitus type 2,3,Rate,2000,14687.23050854275,15580.79578930837,13731.14816352925
1,All Population,5,Prevalence,143,Iraq,3,Both,27,Age-standardized,976,Diabetes mellitus type 2,3,Rate,2000,7781.72855177179,8513.21349075147,7142.27781593018
1,All Population,5,Prevalence,190,Uganda,3,Both,27,Age-standardized,976,Diabetes mellitus type 2,3,Rate,2000,3569.7952638802703,3921.5440410886504,3269.81628126981
1,All Population,5,Prevalence,99,Uruguay,3,Both,27,Age-standardized,976,Diabetes mellitus type 2,3,Rate,2000,2664.99031565923,2919.73529221597,2416.2170532568603
1,All Population,5,Prevalence,144,Jordan,3,Both,27,Age-standardized,976,Diabetes mellitus type 2,3,Rate,2000,9454.87900019798,10049.63490168828,8879.41530773854
1,All Population,5,Prevalence,367,Monaco,3,Both,27,Age-standardized,976,Diabetes mellitus type 2,3,Rate,2000,2501.62530139333,2842.1337321216997,2215.34931573091
1,All Population,5,Prevalence,7,Democratic People's Republic of Korea,3,Both,27,Age-standardized,976,Diabetes mellitus type 2,3,Rate,2000,4322.77194010744,4765.74140584256,3919.28459915636
1,All Population,5,Prevalence,203,Cabo Verde,3,Both,27,Age-standardized,976,Diabetes mellitus type 2,3,Rate,2000,4585.0660002767,4970.13104419799,4144.30162791715
1,All Population,5,Prevalence,130,Mexico,3,Both,27,Age-standardized,976,Diabetes mellitus type 2,3,Rate,2000,10766.93986760506,11742.088904522501,9714.67119015077
1,All Population,5,Prevalence,85,Israel,3,Both,27,Age-standardized,976,Diabetes mellitus type 2,3,Rate,2000,3345.1880244395097,3552.38791603905,3127.9578967359203
1,All Population,5,Prevalence,105,Antigua and Barbuda,3,Both,27,Age-standardized,976,Diabetes mellitus type 2,3,Rate,2000,8100.09644907989,8729.61396937789,7429.549776536231
1,All Population,5,Prevalence,13,Malaysia,3,Both,27,Age-standardized,976,Diabetes mellitus type 2,3,Rate,2000,6681.318750389801,7272.05065241833,6084.51884508382
1,All Population,5,Prevalence,114,Haiti,3,Both,27,Age-standardized,976,Diabetes mellitus type 2,3,Rate,2000,5717.29019621754,6234.811824020179,5138.209774691601
1,All Population,5,Prevalence,155,Türkiye,3,Both,27,Age-standardized,976,Diabetes mellitus type 2,3,Rate,2000,5619.70569715943,6058.32107214407,5187.6437876892005
1,All Population,5,Prevalence,146,Lebanon,3,Both,27,Age-standardized,976,Diabetes mellitus type 2,3,Rate,2000,7529.19797321092,8264.687682871,6810.150663187629
1,All Population,5,Prevalence,101,Canada,3,Both,27,Age-standardized,976,Diabetes mellitus type 2,3,Rate,2000,2397.84383571544,2566.39679084527,2236.12677143424
1,All Population,5,Prevalence,18,Thailand,3,Both,27,Age-standardized,976,Diabetes mellitus type 2,3,Rate,2000,4031.3585644867603,4394.16578036031,3719.60533517715
1,All Population,5,Prevalence,67,Japan,3,Both,27,Age-standardized,976,Diabetes mellitus type 2,3,Rate,2000,5621.6215385285295,6198.0734155258,5053.10176620064
1,All Population,5,Prevalence,435,South Sudan,3,Both,27,Age-standardized,976,Diabetes mellitus type 2,3,Rate,2000,2715.45677993939,2964.85833000689,2473.10692425619
1,All Population,5,Prevalence,205,Côte d'Ivoire,3,Both,27,Age-standardized,976,Diabetes mellitus type 2,3,Rate,2000,4236.51713984098,4608.3712019165705,3885.01249638753
1,All Population,5,Prevalence,71,Australia,3,Both,27,Age-standardized,976,Diabetes mellitus type 2,3,Rate,2000,2278.84608608499,2440.04403725783,2129.03156114702
1,All Population,5,Prevalence,118,Suriname,3,Both,27,Age-standardized,976,Diabetes mellitus type 2,3,Rate,2000,7799.6273478333505,8585.5361986477,7067.745668066889
1,All Population,5,Prevalence,15,Myanmar,3,Both,27,Age-standardized,976,Diabetes mellitus type 2,3,Rate,2000,4936.3936907321,5381.09722563675,4508.06811434325
1,All Population,5,Prevalence,26,Papua New Guinea,3,Both,27,Age-standardized,976,Diabetes mellitus type 2,3,Rate,2000,7249.149122000539,7836.08903941521,6638.76770398936
1,All Population,5,Prevalence,107,Barbados,3,Both,27,Age-standardized,976,Diabetes mellitus type 2,3,Rate,2000,9310.35909160175,9934.23568071625,8755.41818051329
1,All Population,5,Prevalence,152,Saudi Arabia,3,Both,27,Age-standardized,976,Diabetes mellitus type 2,3,Rate,2000,12917.411703579579,13950.54306635678,11963.81484377339
1,All Population,5,Prevalence,163,India,3,Both,27,Age-standardized,976,Diabetes mellitus type 2,3,Rate,2000,5486.6859863539,6002.5967548483395,4978.4106768848005
1,All Population,5,Prevalence,177,Djibouti,3,Both,27,Age-standardized,976,Diabetes mellitus type 2,3,Rate,2000,2902.74055896899,3162.5108741361605,2666.74434558228
1,All Population,5,Prevalence,351,Guam,3,Both,27,Age-standardized,976,Diabetes mellitus type 2,3,Rate,2000,6092.89917329508,6625.716909995449,5566.952163558521
1,All Population,5,Prevalence,86,Italy,3,Both,27,Age-standardized,976,Diabetes mellitus type 2,3,Rate,2000,3666.88919316512,4062.81816660199,3238.51365714836
1,All Population,5,Prevalence,202,Cameroon,3,Both,27,Age-standardized,976,Diabetes mellitus type 2,3,Rate,2000,3526.9428243341,3810.2190557278195,3273.15152882103
1,All Population,5,Prevalence,211,Mali,3,Both,27,Age-standardized,976,Diabetes mellitus type 2,3,Rate,2000,7493.7214595389005,8195.27721677471,6748.490037865259
1,All Population,5,Prevalence,165,Pakistan,3,Both,27,Age-standardized,976,Diabetes mellitus type 2,3,Rate,2000,6916.85031162982,7555.42657512851,6235.21704911804
1,All Population,5,Prevalence,213,Niger,3,Both,27,Age-standardized,976,Diabetes mellitus type 2,3,Rate,2000,3763.71440799708,4104.05159747937,3418.40556030499
1,All Population,5,Prevalence,200,Benin,3,Both,27,Age-standardized,976,Diabetes mellitus type 2,3,Rate,2000,3436.1840818340997,3784.14264896842,3141.12665826269
1,All Population,5,Prevalence,218,Togo,3,Both,27,Age-standardized,976,Diabetes mellitus type 2,3,Rate,2000,3048.69717803666,3306.01324938289,2813.06747727793
1,All Population,5,Prevalence,116,Saint Lucia,3,Both,27,Age-standardized,976,Diabetes mellitus type 2,3,Rate,2000,10598.69075948659,11466.37094868935,9181.120645020641
1,All Population,5,Prevalence,522,Sudan,3,Both,27,Age-standardized,976,Diabetes mellitus type 2,3,Rate,2000,5431.3916411482305,5969.24705760978,4866.45771657025
1,All Population,5,Prevalence,157,Yemen,3,Both,27,Age-standardized,976,Diabetes mellitus type 2,3,Rate,2000,2874.23457364233,3136.99321983423,2589.72641821955
1,All Population,5,Prevalence,194,Lesotho,3,Both,27,Age-standardized,976,Diabetes mellitus type 2,3,Rate,2000,3652.5103422832203,3989.51346420545,3302.7749105280895
1,All Population,5,Prevalence,422,United States Virgin Islands,3,Both,27,Age-standardized,976,Diabetes mellitus type 2,3,Rate,2000,6811.69331179068,7387.602258942159,6233.24247273117
1,All Population,5,Prevalence,6,China,3,Both,27,Age-standardized,976,Diabetes mellitus type 2,3,Rate,2000,5514.18669618704,6117.3406795199,5024.65739766949
1,All Population,5,Prevalence,145,Kuwait,3,Both,27,Age-standardized,976,Diabetes mellitus type 2,3,Rate,2000,11774.0780297649,12789.84932209622,10839.21003045983
1,All Population,5,Prevalence,20,Viet Nam,3,Both,27,Age-standardized,976,Diabetes mellitus type 2,3,Rate,2000,2850.99857414493,3137.69563580786,2576.01647732973
1,All Population,5,Prevalence,125,Colombia,3,Both,27,Age-standardized,976,Diabetes mellitus type 2,3,Rate,2000,4278.43712153609,4615.1821526493195,3946.45674817388
1,All Population,5,Prevalence,207,Ghana,3,Both,27,Age-standardized,976,Diabetes mellitus type 2,3,Rate,2000,4145.691097015329,4491.878059065029,3842.9415585028296
1,All Population,5,Prevalence,80,France,3,Both,27,Age-standardized,976,Diabetes mellitus type 2,3,Rate,2000,3292.05654705318,3592.23998410593,3021.70694426772
1,All Population,5,Prevalence,156,United Arab Emirates,3,Both,27,Age-standardized,976,Diabetes mellitus type 2,3,Rate,2000,10467.79415352414,11403.95428457838,9618.52240319595
1,All Population,5,Prevalence,413,Tokelau,3,Both,27,Age-standardized,976,Diabetes mellitus type 2,3,Rate,2000,13144.95040639564,14312.437887882801,12081.13790475081
1,All Population,5,Prevalence,154,Tunisia,3,Both,27,Age-standardized,976,Diabetes mellitus type 2,3,Rate,2000,7054.3462319294895,7723.681888031219,6452.3889396142995
1,All Population,5,Prevalence,178,Eritrea,3,Both,27,Age-standardized,976,Diabetes mellitus type 2,3,Rate,2000,2848.86176302819,3101.7326264618,2620.29370845651
1,All Population,5,Prevalence,75,Austria,3,Both,27,Age-standardized,976,Diabetes mellitus type 2,3,Rate,2000,2409.0012145023197,2580.0574310772004,2260.6198619132
1,All Population,5,Prevalence,133,Venezuela (Bolivarian Republic of),3,Both,27,Age-standardized,976,Diabetes mellitus type 2,3,Rate,2000,5742.2209289638195,6122.1274494034,5325.7033374046
1,All Population,5,Prevalence,28,Solomon Islands,3,Both,27,Age-standardized,976,Diabetes mellitus type 2,3,Rate,2000,6985.66064534861,7583.5118679916795,6425.38859439342
1,All Population,5,Prevalence,215,Sao Tome and Principe,3,Both,27,Age-standardized,976,Diabetes mellitus type 2,3,Rate,2000,4456.69662299583,4902.62221539991,4049.5800991753
1,All Population,5,Prevalence,204,Chad,3,Both,27,Age-standardized,976,Diabetes mellitus type 2,3,Rate,2000,4077.3132108174905,4510.72659962705,3698.97020673225
1,All Population,5,Prevalence,17,Sri Lanka,3,Both,27,Age-standardized,976,Diabetes mellitus type 2,3,Rate,2000,6165.78939283379,6603.3215836419395,5774.36653263103
1,All Population,5,Prevalence,189,United Republic of Tanzania,3,Both,27,Age-standardized,976,Diabetes mellitus type 2,3,Rate,2000,2440.26536951248,2669.8046804934697,2242.39083164386
1,All Population,5,Prevalence,88,Malta,3,Both,27,Age-standardized,976,Diabetes mellitus type 2,3,Rate,2000,3230.54993649973,3575.31404207068,2980.44609675703
1,All Population,5,Prevalence,98,Chile,3,Both,27,Age-standardized,976,Diabetes mellitus type 2,3,Rate,2000,1699.3552272716602,1815.95777448819,1605.4965788494299
1,All Population,5,Prevalence,109,Cuba,3,Both,27,Age-standardized,976,Diabetes mellitus type 2,3,Rate,2000,3633.91240643941,3936.07633038556,3330.86101805309
1,All Population,5,Prevalence,172,Equatorial Guinea,3,Both,27,Age-standardized,976,Diabetes mellitus type 2,3,Rate,2000,5722.09644969473,6240.56008874565,5186.32738522695
1,All Population,5,Prevalence,69,Singapore,3,Both,27,Age-standardized,976,Diabetes mellitus type 2,3,Rate,2000,5028.77027542352,5400.24388419347,4737.79062500098
1,All Population,5,Prevalence,135,Brazil,3,Both,27,Age-standardized,976,Diabetes mellitus type 2,3,Rate,2000,4293.598947558859,4705.04410417429,3851.5029996003204
1,All Population,5,Prevalence,161,Bangladesh,3,Both,27,Age-standardized,976,Diabetes mellitus type 2,3,Rate,2000,5333.24079257503,5802.28474431227,4939.64853929453
1,All Population,5,Prevalence,209,Guinea-Bissau,3,Both,27,Age-standardized,976,Diabetes mellitus type 2,3,Rate,2000,4490.6368822704,4915.81676711453,4104.25410789104
1,All Population,5,Prevalence,127,El Salvador,3,Both,27,Age-standardized,976,Diabetes mellitus type 2,3,Rate,2000,5519.78485512439,5915.38040525315,5053.74928707593
1,All Population,5,Prevalence,22,Fiji,3,Both,27,Age-standardized,976,Diabetes mellitus type 2,3,Rate,2000,12979.5369567732,13927.84758285697,12107.88360455833
1,All Population,5,Prevalence,18,Thailand,3,Both,27,Age-standardized,976,Diabetes mellitus type 2,3,Rate,2001,4059.10050012784,4436.59254050398,3756.3125793937397
1,All Population,5,Prevalence,90,Norway,3,Both,27,Age-standardized,976,Diabetes mellitus type 2,3,Rate,2000,4011.48703779131,4482.31774711272,3527.4015336093603
1,All Population,5,Prevalence,217,Sierra Leone,3,Both,27,Age-standardized,976,Diabetes mellitus type 2,3,Rate,2000,3917.62150019528,4314.55428314133,3541.12186964086
1,All Population,5,Prevalence,77,Cyprus,3,Both,27,Age-standardized,976,Diabetes mellitus type 2,3,Rate,2000,4376.33456835954,4811.5948328859595,4005.60745494627
1,All Population,5,Prevalence,169,Central African Republic,3,Both,27,Age-standardized,976,Diabetes mellitus type 2,3,Rate,2000,5320.79203497976,5774.14361625595,4852.4068417338
1,All Population,5,Prevalence,180,Kenya,3,Both,27,Age-standardized,976,Diabetes mellitus type 2,3,Rate,2000,3005.00535114062,3296.0024722733197,2709.3469438212296
1,All Population,5,Prevalence,92,Spain,3,Both,27,Age-standardized,976,Diabetes mellitus type 2,3,Rate,2000,4672.03832811738,5071.53081840334,4301.6331084317
1,All Population,5,Prevalence,171,Democratic Republic of the Congo,3,Both,27,Age-standardized,976,Diabetes mellitus type 2,3,Rate,2000,5096.31075460913,5618.18721556562,4641.94192274702
1,All Population,5,Prevalence,8,Taiwan,3,Both,27,Age-standardized,976,Diabetes mellitus type 2,3,Rate,2000,5649.90349518916,6043.96195172279,5247.78837031703
1,All Population,5,Prevalence,147,Libya,3,Both,27,Age-standardized,976,Diabetes mellitus type 2,3,Rate,2000,7746.402681092961,8411.75191695567,7051.504274950469
1,All Population,5,Prevalence,191,Zambia,3,Both,27,Age-standardized,976,Diabetes mellitus type 2,3,Rate,2000,4003.7931467491503,4356.15972389478,3666.7400119139597
1,All Population,5,Prevalence,369,Nauru,3,Both,27,Age-standardized,976,Diabetes mellitus type 2,3,Rate,2000,12866.33771694915,13740.62756958071,11859.76395345672
1,All Population,5,Prevalence,206,Gambia,3,Both,27,Age-standardized,976,Diabetes mellitus type 2,3,Rate,2000,5052.47155061566,5515.806454545031,4566.86921151627
1,All Population,5,Prevalence,193,Botswana,3,Both,27,Age-standardized,976,Diabetes mellitus type 2,3,Rate,2000,4586.5441690209,5026.08472017016,4174.194209311239
1,All Population,5,Prevalence,111,Dominican Republic,3,Both,27,Age-standardized,976,Diabetes mellitus type 2,3,Rate,2000,5446.29845676272,5848.548567621619,5063.04387514325
1,All Population,5,Prevalence,148,Morocco,3,Both,27,Age-standardized,976,Diabetes mellitus type 2,3,Rate,2000,6208.1435000606,6819.35416498225,5525.21969775776
1,All Population,5,Prevalence,122,Ecuador,3,Both,27,Age-standardized,976,Diabetes mellitus type 2,3,Rate,2000,4665.83798075368,5000.94671452688,4245.4365409004495
1,All Population,5,Prevalence,30,Vanuatu,3,Both,27,Age-standardized,976,Diabetes mellitus type 2,3,Rate,2000,7717.478918936189,8366.46502569447,7087.06812320047
1,All Population,5,Prevalence,305,Bermuda,3,Both,27,Age-standardized,976,Diabetes mellitus type 2,3,Rate,2000,4920.92263899436,5392.09363045313,4540.41047140138
1,All Population,5,Prevalence,196,South Africa,3,Both,27,Age-standardized,976,Diabetes mellitus type 2,3,Rate,2000,5984.40698564945,6596.51677311687,5384.8742789015
1,All Population,5,Prevalence,182,Malawi,3,Both,27,Age-standardized,976,Diabetes mellitus type 2,3,Rate,2000,2262.55361895603,2461.36267540551,2082.76041027711
1,All Population,5,Prevalence,140,Bahrain,3,Both,27,Age-standardized,976,Diabetes mellitus type 2,3,Rate,2000,12113.14978243555,13139.29285665173,11079.86300920436
1,All Population,5,Prevalence,7,Democratic People's Republic of Korea,3,Both,27,Age-standardized,976,Diabetes mellitus type 2,3,Rate,2001,4359.85783677577,4806.91132429316,3978.2215899961498
1,All Population,5,Prevalence,349,Greenland,3,Both,27,Age-standardized,976,Diabetes mellitus type 2,3,Rate,2000,1979.3969576252,2234.84724195136,1803.2423085271798
1,All Population,5,Prevalence,298,American Samoa,3,Both,27,Age-standardized,976,Diabetes mellitus type 2,3,Rate,2000,14456.871830488319,15380.35049020264,13593.235378173229
1,All Population,5,Prevalence,139,Algeria,3,Both,27,Age-standardized,976,Diabetes mellitus type 2,3,Rate,2000,6258.78642119802,6987.23782665699,5694.9811914812
1,All Population,5,Prevalence,198,Zimbabwe,3,Both,27,Age-standardized,976,Diabetes mellitus type 2,3,Rate,2000,3528.7927048836204,3865.35112421305,3188.21714272597
1,All Population,5,Prevalence,150,Oman,3,Both,27,Age-standardized,976,Diabetes mellitus type 2,3,Rate,2000,6449.726902272319,6906.47630930052,5997.80255574689
1,All Population,5,Prevalence,184,Mozambique,3,Both,27,Age-standardized,976,Diabetes mellitus type 2,3,Rate,2000,2256.2732281569497,2444.6319126799904,2068.08595377939
1,All Population,5,Prevalence,374,Niue,3,Both,27,Age-standardized,976,Diabetes mellitus type 2,3,Rate,2000,12252.352744960179,13281.554620005601,11197.01351554344
1,All Population,5,Prevalence,28,Solomon Islands,3,Both,27,Age-standardized,976,Diabetes mellitus type 2,3,Rate,2001,7058.4116978074,7617.53992327045,6489.226313970061
1,All Population,5,Prevalence,88,Malta,3,Both,27,Age-standardized,976,Diabetes mellitus type 2,3,Rate,2001,3241.2420442341,3541.5165983555203,3006.8841619688096
1,All Population,5,Prevalence,75,Austria,3,Both,27,Age-standardized,976,Diabetes mellitus type 2,3,Rate,2001,2418.3743440112803,2575.75087547759,2265.39613259874
1,All Population,5,Prevalence,208,Guinea,3,Both,27,Age-standardized,976,Diabetes mellitus type 2,3,Rate,2000,3367.7807619306,3670.6680920119097,3095.9102009984
1,All Population,5,Prevalence,66,Brunei Darussalam,3,Both,27,Age-standardized,976,Diabetes mellitus type 2,3,Rate,2000,6560.85475458959,7166.47288942015,6074.02234750741
1,All Population,5,Prevalence,113,Guyana,3,Both,27,Age-standardized,976,Diabetes mellitus type 2,3,Rate,2000,9744.84017408691,10395.06093475347,9035.40409220991
1,All Population,5,Prevalence,19,Timor-Leste,3,Both,27,Age-standardized,976,Diabetes mellitus type 2,3,Rate,2000,2737.856651086,3023.92014768648,2487.13020143939
1,All Population,5,Prevalence,30,Vanuatu,3,Both,27,Age-standardized,976,Diabetes mellitus type 2,3,Rate,2001,7754.02306690042,8393.45230458468,7115.6187033078995
1,All Population,5,Prevalence,90,Norway,3,Both,27,Age-standardized,976,Diabetes mellitus type 2,3,Rate,2001,4024.65800774014,4502.28842914771,3549.13711992014
1,All Population,5,Prevalence,77,Cyprus,3,Both,27,Age-standardized,976,Diabetes mellitus type 2,3,Rate,2001,4397.46615730978,4819.34164397551,4024.1974470450104
1,All Population,5,Prevalence,11,Indonesia,3,Both,27,Age-standardized,976,Diabetes mellitus type 2,3,Rate,2001,3631.12829280302,4013.11294924685,3253.55580346346
1,All Population,5,Prevalence,92,Spain,3,Both,27,Age-standardized,976,Diabetes mellitus type 2,3,Rate,2001,4692.28735729309,5078.537455479111,4318.102120116369
1,All Population,5,Prevalence,169,Central African Republic,3,Both,27,Age-standardized,976,Diabetes mellitus type 2,3,Rate,2001,5363.778154380449,5818.3356354218795,4909.88264799467
1,All Population,5,Prevalence,380,Palau,3,Both,27,Age-standardized,976,Diabetes mellitus type 2,3,Rate,2000,9583.32311116086,10371.89652607697,8727.09478954814
1,All Population,5,Prevalence,122,Ecuador,3,Both,27,Age-standardized,976,Diabetes mellitus type 2,3,Rate,2001,4703.60948760687,4999.59794627643,4292.66602866742
1,All Population,5,Prevalence,217,Sierra Leone,3,Both,27,Age-standardized,976,Diabetes mellitus type 2,3,Rate,2001,3949.6280917596,4333.84452667561,3575.99960558359
1,All Population,5,Prevalence,20,Viet Nam,3,Both,27,Age-standardized,976,Diabetes mellitus type 2,3,Rate,2001,2861.62444442591,3154.8950563910503,2585.81601538536
1,All Population,5,Prevalence,112,Grenada,3,Both,27,Age-standardized,976,Diabetes mellitus type 2,3,Rate,2001,9945.086248743019,10679.38494298647,9235.14272809459
1,All Population,5,Prevalence,135,Brazil,3,Both,27,Age-standardized,976,Diabetes mellitus type 2,3,Rate,2001,4315.33309123333,4740.91126257432,3869.5761005097097
1,All Population,5,Prevalence,13,Malaysia,3,Both,27,Age-standardized,976,Diabetes mellitus type 2,3,Rate,2001,6729.5421188872,7295.37601065908,6176.21038278426
1,All Population,5,Prevalence,374,Niue,3,Both,27,Age-standardized,976,Diabetes mellitus type 2,3,Rate,2001,12528.32105465164,13482.212661006559,11461.18507649697
1,All Population,5,Prevalence,180,Kenya,3,Both,27,Age-standardized,976,Diabetes mellitus type 2,3,Rate,2001,3020.71363366863,3309.0181623773396,2721.97305204851
1,All Population,5,Prevalence,148,Morocco,3,Both,27,Age-standardized,976,Diabetes mellitus type 2,3,Rate,2001,6323.7743306968605,6908.797697053399,5654.719301732191
1,All Population,5,Prevalence,6,China,3,Both,27,Age-standardized,976,Diabetes mellitus type 2,3,Rate,2001,5508.19212262076,6098.96197855343,5031.50042578979
1,All Population,5,Prevalence,85,Israel,3,Both,27,Age-standardized,976,Diabetes mellitus type 2,3,Rate,2001,3384.66625661155,3574.0690270956998,3179.8559757940097
1,All Population,5,Prevalence,109,Cuba,3,Both,27,Age-standardized,976,Diabetes mellitus type 2,3,Rate,2001,3639.16621444244,3922.67448120442,3356.22049029977
1,All Population,5,Prevalence,17,Sri Lanka,3,Both,27,Age-standardized,976,Diabetes mellitus type 2,3,Rate,2001,6344.25653396308,6747.56033597642,5960.52339957688
1,All Population,5,Prevalence,298,American Samoa,3,Both,27,Age-standardized,976,Diabetes mellitus type 2,3,Rate,2001,14646.61894922002,15514.722057443862,13810.41833354894
1,All Population,5,Prevalence,393,Saint Kitts and Nevis,3,Both,27,Age-standardized,976,Diabetes mellitus type 2,3,Rate,2000,7679.47776551366,8291.05063919238,7039.9737699566895
1,All Population,5,Prevalence,15,Myanmar,3,Both,27,Age-standardized,976,Diabetes mellitus type 2,3,Rate,2001,4958.39237357266,5361.33535023505,4562.269079322899
1,All Population,5,Prevalence,105,Antigua and Barbuda,3,Both,27,Age-standardized,976,Diabetes mellitus type 2,3,Rate,2001,8131.797572205481,8745.46798768587,7513.123042737289
1,All Population,5,Prevalence,182,Malawi,3,Both,27,Age-standardized,976,Diabetes mellitus type 2,3,Rate,2001,2273.16065963737,2470.92968036517,2099.50318755477
1,All Population,5,Prevalence,71,Australia,3,Both,27,Age-standardized,976,Diabetes mellitus type 2,3,Rate,2001,2316.7837595103697,2463.17025832756,2171.26470106776
1,All Population,5,Prevalence,67,Japan,3,Both,27,Age-standardized,976,Diabetes mellitus type 2,3,Rate,2001,5637.94577078169,6224.75428594189,5074.663715810309
1,All Population,5,Prevalence,22,Fiji,3,Both,27,Age-standardized,976,Diabetes mellitus type 2,3,Rate,2001,13053.23793756362,13872.137311803881,12210.22409067182
1,All Population,5,Prevalence,69,Singapore,3,Both,27,Age-standardized,976,Diabetes mellitus type 2,3,Rate,2001,5019.05783905144,5368.56340946066,4750.19806211395
1,All Population,5,Prevalence,187,Somalia,3,Both,27,Age-standardized,976,Diabetes mellitus type 2,3,Rate,2000,2947.0566939676796,3225.9386320495,2696.48627645856
1,All Population,5,Prevalence,172,Equatorial Guinea,3,Both,27,Age-standardized,976,Diabetes mellitus type 2,3,Rate,2001,5776.11733517834,6298.64322107421,5229.67112673462
1,All Population,5,Prevalence,125,Colombia,3,Both,27,Age-standardized,976,Diabetes mellitus type 2,3,Rate,2001,4301.4459955221,4622.71130514209,3995.8633596455397
1,All Population,5,Prevalence,101,Canada,3,Both,27,Age-standardized,976,Diabetes mellitus type 2,3,Rate,2001,2458.97258245452,2623.62904943051,2295.31412141755
1,All Population,5,Prevalence,114,Haiti,3,Both,27,Age-standardized,976,Diabetes mellitus type 2,3,Rate,2001,5728.986135533501,6218.42420510495,5152.66954068225
1,All Population,5,Prevalence,8,Taiwan,3,Both,27,Age-standardized,976,Diabetes mellitus type 2,3,Rate,2001,5696.829911423671,6087.94663031336,5316.34117281628
1,All Population,5,Prevalence,160,Afghanistan,3,Both,27,Age-standardized,976,Diabetes mellitus type 2,3,Rate,2000,6892.428787681849,7538.32045358387,6229.29108003863
1,All Population,5,Prevalence,111,Dominican Republic,3,Both,27,Age-standardized,976,Diabetes mellitus type 2,3,Rate,2001,5502.19307693115,5913.16367351096,5101.23955478126
1,All Population,5,Prevalence,19,Timor-Leste,3,Both,27,Age-standardized,976,Diabetes mellitus type 2,3,Rate,2001,2747.13053734,3032.29760821471,2502.7997045275497
1,All Population,5,Prevalence,156,United Arab Emirates,3,Both,27,Age-standardized,976,Diabetes mellitus type 2,3,Rate,2001,10566.47599634156,11478.877035107409,9728.22616123163
1,All Population,5,Prevalence,98,Chile,3,Both,27,Age-standardized,976,Diabetes mellitus type 2,3,Rate,2001,1740.4047941872398,1849.11116770907,1648.49343796659
1,All Population,5,Prevalence,80,France,3,Both,27,Age-standardized,976,Diabetes mellitus type 2,3,Rate,2001,3327.8086797934798,3625.3792099656403,3072.02133906775
1,All Population,5,Prevalence,207,Ghana,3,Both,27,Age-standardized,976,Diabetes mellitus type 2,3,Rate,2001,4191.22455631743,4521.73341208167,3876.2858736274197
1,All Population,5,Prevalence,218,Togo,3,Both,27,Age-standardized,976,Diabetes mellitus type 2,3,Rate,2001,3068.1204037478897,3318.1352096452697,2827.43527928553
1,All Population,5,Prevalence,116,Saint Lucia,3,Both,27,Age-standardized,976,Diabetes mellitus type 2,3,Rate,2001,10576.01009775994,11360.322976317851,9270.97890534436
1,All Population,5,Prevalence,24,Marshall Islands,3,Both,27,Age-standardized,976,Diabetes mellitus type 2,3,Rate,2001,14528.07531481334,15747.13939925221,13290.07354149439
1,All Population,5,Prevalence,82,Greece,3,Both,27,Age-standardized,976,Diabetes mellitus type 2,3,Rate,2001,2952.72083149226,3200.2366560778996,2725.81462042041
1,All Population,5,Prevalence,161,Bangladesh,3,Both,27,Age-standardized,976,Diabetes mellitus type 2,3,Rate,2001,5355.64454890495,5813.34353670657,4982.59687223618
1,All Population,5,Prevalence,127,El Salvador,3,Both,27,Age-standardized,976,Diabetes mellitus type 2,3,Rate,2001,5560.802283322891,5937.39904683414,5092.954592282839
1,All Population,5,Prevalence,176,Comoros,3,Both,27,Age-standardized,976,Diabetes mellitus type 2,3,Rate,2001,3349.81928629326,3666.26018333067,3083.78751824318
1,All Population,5,Prevalence,95,United Kingdom,3,Both,27,Age-standardized,976,Diabetes mellitus type 2,3,Rate,2001,3823.45876234938,4195.77918411089,3479.13538909655
1,All Population,5,Prevalence,209,Guinea-Bissau,3,Both,27,Age-standardized,976,Diabetes mellitus type 2,3,Rate,2001,4531.65382150219,4939.87381476413,4141.58978511468
1,All Population,5,Prevalence,187,Somalia,3,Both,27,Age-standardized,976,Diabetes mellitus type 2,3,Rate,2001,2959.76050047824,3230.77716751676,2718.26350056203
1,All Population,5,Prevalence,84,Ireland,3,Both,27,Age-standardized,976,Diabetes mellitus type 2,3,Rate,2001,2010.04397863349,2192.6404995323696,1806.8626314286198
1,All Population,5,Prevalence,129,Honduras,3,Both,27,Age-standardized,976,Diabetes mellitus type 2,3,Rate,2001,4467.39990892283,4883.038955639319,4018.1470253478
1,All Population,5,Prevalence,155,Türkiye,3,Both,27,Age-standardized,976,Diabetes mellitus type 2,3,Rate,2001,5668.75676161983,6082.97736797803,5254.43003462209
1,All Population,5,Prevalence,380,Palau,3,Both,27,Age-standardized,976,Diabetes mellitus type 2,3,Rate,2001,9788.52334463937,10534.67871189753,8958.214276175031
1,All Population,5,Prevalence,107,Barbados,3,Both,27,Age-standardized,976,Diabetes mellitus type 2,3,Rate,2001,9353.91657870647,9948.98069246589,8803.41603214841
1,All Population,5,Prevalence,184,Mozambique,3,Both,27,Age-standardized,976,Diabetes mellitus type 2,3,Rate,2001,2276.61619981813,2465.26014588382,2097.54162645194
1,All Population,5,Prevalence,196,South Africa,3,Both,27,Age-standardized,976,Diabetes mellitus type 2,3,Rate,2001,6040.01404594683,6645.1445244206,5433.8453300822
1,All Population,5,Prevalence,393,Saint Kitts and Nevis,3,Both,27,Age-standardized,976,Diabetes mellitus type 2,3,Rate,2001,7699.196678747269,8262.36965100441,7104.6937072098
1,All Population,5,Prevalence,150,Oman,3,Both,27,Age-standardized,976,Diabetes mellitus type 2,3,Rate,2001,6532.116157517549,7024.79114449054,6081.50854635774
1,All Population,5,Prevalence,143,Iraq,3,Both,27,Age-standardized,976,Diabetes mellitus type 2,3,Rate,2001,7947.01949934615,8655.01890292857,7350.33507071878
1,All Population,5,Prevalence,113,Guyana,3,Both,27,Age-standardized,976,Diabetes mellitus type 2,3,Rate,2001,9803.9067681195,10439.17801099904,9107.84136619733
1,All Population,5,Prevalence,191,Zambia,3,Both,27,Age-standardized,976,Diabetes mellitus type 2,3,Rate,2001,4021.4203518079903,4385.68853697369,3681.6723889736004
1,All Population,5,Prevalence,204,Chad,3,Both,27,Age-standardized,976,Diabetes mellitus type 2,3,Rate,2001,4096.93097672378,4520.70163680105,3733.60695273292
1,All Population,5,Prevalence,369,Nauru,3,Both,27,Age-standardized,976,Diabetes mellitus type 2,3,Rate,2001,13028.398306072619,13850.781440012792,12100.16134203666
1,All Population,5,Prevalence,190,Uganda,3,Both,27,Age-standardized,976,Diabetes mellitus type 2,3,Rate,2001,3593.89591186886,3941.2005376229604,3301.86869112992
1,All Population,5,Prevalence,115,Jamaica,3,Both,27,Age-standardized,976,Diabetes mellitus type 2,3,Rate,2001,7234.37539025969,7703.317273944919,6802.00170635155
1,All Population,5,Prevalence,171,Democratic Republic of the Congo,3,Both,27,Age-standardized,976,Diabetes mellitus type 2,3,Rate,2001,5127.84052105275,5644.54610098298,4688.05867359057
1,All Population,5,Prevalence,157,Yemen,3,Both,27,Age-standardized,976,Diabetes mellitus type 2,3,Rate,2001,2919.75770167573,3187.3210973762903,2645.99486430817
1,All Population,5,Prevalence,139,Algeria,3,Both,27,Age-standardized,976,Diabetes mellitus type 2,3,Rate,2001,6369.81747451255,7089.575960613841,5835.97145995926
1,All Population,5,Prevalence,163,India,3,Both,27,Age-standardized,976,Diabetes mellitus type 2,3,Rate,2001,5533.99593606246,6048.66881025401,5028.847902463341
1,All Population,5,Prevalence,198,Zimbabwe,3,Both,27,Age-standardized,976,Diabetes mellitus type 2,3,Rate,2001,3556.1301567775304,3911.99382776617,3214.5453858945198
1,All Population,5,Prevalence,118,Suriname,3,Both,27,Age-standardized,976,Diabetes mellitus type 2,3,Rate,2001,7915.360257872981,8643.290011716439,7222.175838501529
1,All Population,5,Prevalence,522,Sudan,3,Both,27,Age-standardized,976,Diabetes mellitus type 2,3,Rate,2001,5519.6813951473205,6044.73246062066,4950.31719451709
1,All Population,5,Prevalence,97,Argentina,3,Both,27,Age-standardized,976,Diabetes mellitus type 2,3,Rate,2001,3152.8530437449404,3360.87451334871,2991.98522456667
1,All Population,5,Prevalence,193,Botswana,3,Both,27,Age-standardized,976,Diabetes mellitus type 2,3,Rate,2001,4603.53833627561,5022.84802215308,4205.19533697751
1,All Population,5,Prevalence,131,Nicaragua,3,Both,27,Age-standardized,976,Diabetes mellitus type 2,3,Rate,2001,4137.5390960563,4448.29031260653,3825.4203225442902
1,All Population,5,Prevalence,165,Pakistan,3,Both,27,Age-standardized,976,Diabetes mellitus type 2,3,Rate,2001,7024.20546062817,7659.46790531269,6347.837171240039
1,All Population,5,Prevalence,140,Bahrain,3,Both,27,Age-standardized,976,Diabetes mellitus type 2,3,Rate,2001,12303.275421033639,13243.41688434715,11361.65836101867
1,All Population,5,Prevalence,305,Bermuda,3,Both,27,Age-standardized,976,Diabetes mellitus type 2,3,Rate,2001,4903.29454957028,5388.9226681091,4535.356937043221
1,All Population,5,Prevalence,145,Kuwait,3,Both,27,Age-standardized,976,Diabetes mellitus type 2,3,Rate,2001,11985.69346587912,12983.7242872305,11069.65942799448
1,All Population,5,Prevalence,110,Dominica,3,Both,27,Age-standardized,976,Diabetes mellitus type 2,3,Rate,2001,8141.724814940269,8759.48604654049,7505.385687014419
1,All Population,5,Prevalence,206,Gambia,3,Both,27,Age-standardized,976,Diabetes mellitus type 2,3,Rate,2001,5100.965691217009,5554.65242699004,4631.62201932498
1,All Population,5,Prevalence,160,Afghanistan,3,Both,27,Age-standardized,976,Diabetes mellitus type 2,3,Rate,2001,7014.65956878676,7661.72309738072,6382.44807465024
1,All Population,5,Prevalence,126,Costa Rica,3,Both,27,Age-standardized,976,Diabetes mellitus type 2,3,Rate,2001,5823.81121470023,6381.8940181423395,5411.35944424572
1,All Population,5,Prevalence,24,Marshall Islands,3,Both,27,Age-standardized,976,Diabetes mellitus type 2,3,Rate,2002,14692.92067577885,15886.834871184192,13432.835814302929
1,All Population,5,Prevalence,99,Uruguay,3,Both,27,Age-standardized,976,Diabetes mellitus type 2,3,Rate,2001,2704.3777631489797,2944.19578062155,2469.7702606902903
1,All Population,5,Prevalence,142,Iran (Islamic Republic of),3,Both,27,Age-standardized,976,Diabetes mellitus type 2,3,Rate,2001,4996.202782503599,5491.29664171897,4507.29053934935
1,All Population,5,Prevalence,23,Kiribati,3,Both,27,Age-standardized,976,Diabetes mellitus type 2,3,Rate,2001,11625.58528629264,12479.22845152726,10889.07435504678
1,All Population,5,Prevalence,152,Saudi Arabia,3,Both,27,Age-standardized,976,Diabetes mellitus type 2,3,Rate,2001,13208.465244619541,14209.678893191061,12207.90814488367
1,All Population,5,Prevalence,200,Benin,3,Both,27,Age-standardized,976,Diabetes mellitus type 2,3,Rate,2001,3464.21138605202,3792.18955610579,3181.60460583639
1,All Population,5,Prevalence,26,Papua New Guinea,3,Both,27,Age-standardized,976,Diabetes mellitus type 2,3,Rate,2001,7285.90616969006,7855.8342075342,6677.404371876481
1,All Population,5,Prevalence,413,Tokelau,3,Both,27,Age-standardized,976,Diabetes mellitus type 2,3,Rate,2001,13398.28546308148,14528.7542222617,12324.87460008852
1,All Population,5,Prevalence,173,Gabon,3,Both,27,Age-standardized,976,Diabetes mellitus type 2,3,Rate,2001,6419.80584425203,6979.68294322583,5840.52253668357
1,All Population,5,Prevalence,141,Egypt,3,Both,27,Age-standardized,976,Diabetes mellitus type 2,3,Rate,2001,7544.15091002447,8177.182344448041,6942.7799355504
1,All Population,5,Prevalence,82,Greece,3,Both,27,Age-standardized,976,Diabetes mellitus type 2,3,Rate,2002,2981.08235767212,3237.87303128618,2760.6178172002
1,All Population,5,Prevalence,147,Libya,3,Both,27,Age-standardized,976,Diabetes mellitus type 2,3,Rate,2001,7953.171060984219,8617.79475943495,7254.3698710340595
1,All Population,5,Prevalence,178,Eritrea,3,Both,27,Age-standardized,976,Diabetes mellitus type 2,3,Rate,2001,2871.72859500135,3131.6265265761403,2646.4289132478903
1,All Population,5,Prevalence,102,United States of America,3,Both,27,Age-standardized,976,Diabetes mellitus type 2,3,Rate,2000,5010.5955663551495,5425.98926660096,4621.0302328785
1,All Population,5,Prevalence,10,Cambodia,3,Both,27,Age-standardized,976,Diabetes mellitus type 2,3,Rate,2000,2662.38539603591,2915.9142233559,2428.64252930119
1,All Population,5,Prevalence,211,Mali,3,Both,27,Age-standardized,976,Diabetes mellitus type 2,3,Rate,2001,7567.966815930061,8276.80348643041,6800.40964756822
1,All Population,5,Prevalence,154,Tunisia,3,Both,27,Age-standardized,976,Diabetes mellitus type 2,3,Rate,2001,7134.162096212281,7804.6364527675705,6530.2217421858295
1,All Population,5,Prevalence,11,Indonesia,3,Both,27,Age-standardized,976,Diabetes mellitus type 2,3,Rate,2002,3674.1079312863003,4051.88228922692,3289.5045716262
1,All Population,5,Prevalence,86,Italy,3,Both,27,Age-standardized,976,Diabetes mellitus type 2,3,Rate,2001,3678.08250044723,4068.50570461477,3251.05003212923
1,All Population,5,Prevalence,92,Spain,3,Both,27,Age-standardized,976,Diabetes mellitus type 2,3,Rate,2002,4715.34527289408,5121.86269982154,4326.98498900308
1,All Population,5,Prevalence,91,Portugal,3,Both,27,Age-standardized,976,Diabetes mellitus type 2,3,Rate,2000,4027.02640231628,4380.05584455647,3715.39645854101
1,All Population,5,Prevalence,194,Lesotho,3,Both,27,Age-standardized,976,Diabetes mellitus type 2,3,Rate,2001,3679.08755019054,4018.81322540072,3339.19540918511
1,All Population,5,Prevalence,349,Greenland,3,Both,27,Age-standardized,976,Diabetes mellitus type 2,3,Rate,2001,2023.63372875014,2279.45828847034,1829.6763334232999
1,All Population,5,Prevalence,84,Ireland,3,Both,27,Age-standardized,976,Diabetes mellitus type 2,3,Rate,2002,2057.21405922457,2241.73392984979,1863.47303398205
1,All Population,5,Prevalence,139,Algeria,3,Both,27,Age-standardized,976,Diabetes mellitus type 2,3,Rate,2002,6494.28300084423,7205.968415634351,5935.15204742133
1,All Population,5,Prevalence,208,Guinea,3,Both,27,Age-standardized,976,Diabetes mellitus type 2,3,Rate,2001,3395.27929294497,3698.5330539646498,3131.5513597732297
1,All Population,5,Prevalence,162,Bhutan,3,Both,27,Age-standardized,976,Diabetes mellitus type 2,3,Rate,2001,4449.70140597584,4799.8698548945995,4124.0747922328
1,All Population,5,Prevalence,79,Finland,3,Both,27,Age-standardized,976,Diabetes mellitus type 2,3,Rate,2001,4575.53456784866,4996.43072395939,4197.67691051766
1,All Population,5,Prevalence,66,Brunei Darussalam,3,Both,27,Age-standardized,976,Diabetes mellitus type 2,3,Rate,2001,6641.60555068887,7190.50085576622,6175.54161095821
1,All Population,5,Prevalence,133,Venezuela (Bolivarian Republic of),3,Both,27,Age-standardized,976,Diabetes mellitus type 2,3,Rate,2001,5785.77610210528,6129.1206711491295,5412.39348073664
1,All Population,5,Prevalence,13,Malaysia,3,Both,27,Age-standardized,976,Diabetes mellitus type 2,3,Rate,2002,6778.198364930039,7322.52680987442,6252.71967327005
1,All Population,5,Prevalence,26,Papua New Guinea,3,Both,27,Age-standardized,976,Diabetes mellitus type 2,3,Rate,2002,7334.1168315411805,7873.76450684798,6724.556257219259
1,All Population,5,Prevalence,163,India,3,Both,27,Age-standardized,976,Diabetes mellitus type 2,3,Rate,2002,5561.22724147725,6073.82413483657,5064.5137853117
1,All Population,5,Prevalence,175,Burundi,3,Both,27,Age-standardized,976,Diabetes mellitus type 2,3,Rate,2001,2870.24047566671,3145.73437765066,2621.83993632144
1,All Population,5,Prevalence,213,Niger,3,Both,27,Age-standardized,976,Diabetes mellitus type 2,3,Rate,2001,3791.49660720578,4142.44764840894,3452.47495610771
1,All Population,5,Prevalence,320,Cook Islands,3,Both,27,Age-standardized,976,Diabetes mellitus type 2,3,Rate,2001,14827.40783095565,15681.138774479388,13901.47389271649
1,All Population,5,Prevalence,211,Mali,3,Both,27,Age-standardized,976,Diabetes mellitus type 2,3,Rate,2002,7635.34556865521,8365.67200241072,6851.979249300611
1,All Population,5,Prevalence,15,Myanmar,3,Both,27,Age-standardized,976,Diabetes mellitus type 2,3,Rate,2002,4974.00517700958,5343.756657847331,4591.67786344573
1,All Population,5,Prevalence,95,United Kingdom,3,Both,27,Age-standardized,976,Diabetes mellitus type 2,3,Rate,2002,3905.3865652871095,4270.315997921391,3559.4006610859606
1,All Population,5,Prevalence,25,Micronesia (Federated States of),3,Both,27,Age-standardized,976,Diabetes mellitus type 2,3,Rate,2000,13088.97322673128,13805.02270711344,12366.9999263464
1,All Population,5,Prevalence,71,Australia,3,Both,27,Age-standardized,976,Diabetes mellitus type 2,3,Rate,2002,2367.93800615276,2521.01626392016,2221.0036221907403
1,All Population,5,Prevalence,152,Saudi Arabia,3,Both,27,Age-standardized,976,Diabetes mellitus type 2,3,Rate,2002,13577.89309383462,14668.74098707517,12497.33239891901
1,All Population,5,Prevalence,203,Cabo Verde,3,Both,27,Age-standardized,976,Diabetes mellitus type 2,3,Rate,2001,4652.01571232933,5044.44112628585,4218.19992592092
1,All Population,5,Prevalence,144,Jordan,3,Both,27,Age-standardized,976,Diabetes mellitus type 2,3,Rate,2001,9519.72835446303,10076.469602066269,8959.302444280489
1,All Population,5,Prevalence,200,Benin,3,Both,27,Age-standardized,976,Diabetes mellitus type 2,3,Rate,2002,3522.0330581815097,3847.73673234787,3239.4652594111
1,All Population,5,Prevalence,165,Pakistan,3,Both,27,Age-standardized,976,Diabetes mellitus type 2,3,Rate,2002,7133.78305846043,7774.427779062119,6454.25509856417
1,All Population,5,Prevalence,435,South Sudan,3,Both,27,Age-standardized,976,Diabetes mellitus type 2,3,Rate,2001,2728.12616671426,2973.73161437305,2484.56185410109
1,All Population,5,Prevalence,28,Solomon Islands,3,Both,27,Age-standardized,976,Diabetes mellitus type 2,3,Rate,2002,7124.604188898879,7660.94687260366,6569.617437033071
1,All Population,5,Prevalence,105,Antigua and Barbuda,3,Both,27,Age-standardized,976,Diabetes mellitus type 2,3,Rate,2002,8170.071830770639,8762.38700610044,7615.704814279759
1,All Population,5,Prevalence,213,Niger,3,Both,27,Age-standardized,976,Diabetes mellitus type 2,3,Rate,2002,3826.12902243697,4192.512642140369,3499.8982044330696
1,All Population,5,Prevalence,12,Lao People's Democratic Republic,3,Both,27,Age-standardized,976,Diabetes mellitus type 2,3,Rate,2000,3937.59259174708,4320.90404908819,3513.45507452902
1,All Population,5,Prevalence,97,Argentina,3,Both,27,Age-standardized,976,Diabetes mellitus type 2,3,Rate,2002,3166.9978348784502,3359.34345786117,3002.50590285317
1,All Population,5,Prevalence,129,Honduras,3,Both,27,Age-standardized,976,Diabetes mellitus type 2,3,Rate,2002,4522.00639840064,4943.6304917528,4074.34116519238
1,All Population,5,Prevalence,142,Iran (Islamic Republic of),3,Both,27,Age-standardized,976,Diabetes mellitus type 2,3,Rate,2002,5070.34239589322,5577.377645618009,4577.09245958418
1,All Population,5,Prevalence,176,Comoros,3,Both,27,Age-standardized,976,Diabetes mellitus type 2,3,Rate,2002,3382.1001468649997,3688.7320562144,3124.89609815198
1,All Population,5,Prevalence,118,Suriname,3,Both,27,Age-standardized,976,Diabetes mellitus type 2,3,Rate,2002,8107.918149256529,8867.442028469919,7481.91868356099
1,All Population,5,Prevalence,205,Côte d'Ivoire,3,Both,27,Age-standardized,976,Diabetes mellitus type 2,3,Rate,2001,4278.3383161837,4645.121957318081,3943.07244241525
1,All Population,5,Prevalence,154,Tunisia,3,Both,27,Age-standardized,976,Diabetes mellitus type 2,3,Rate,2002,7217.609257622121,7898.60832811905,6597.26599842492
1,All Population,5,Prevalence,107,Barbados,3,Both,27,Age-standardized,976,Diabetes mellitus type 2,3,Rate,2002,9405.55252550174,9998.322036609681,8816.18790789916
1,All Population,5,Prevalence,146,Lebanon,3,Both,27,Age-standardized,976,Diabetes mellitus type 2,3,Rate,2001,7621.635908599041,8353.71855858557,6904.20878398858
1,All Population,5,Prevalence,67,Japan,3,Both,27,Age-standardized,976,Diabetes mellitus type 2,3,Rate,2002,5657.81888284884,6255.78497734758,5098.615938116291
1,All Population,5,Prevalence,7,Democratic People's Republic of Korea,3,Both,27,Age-standardized,976,Diabetes mellitus type 2,3,Rate,2002,4399.29862653531,4871.26652299118,4003.1464444936405
1,All Population,5,Prevalence,144,Jordan,3,Both,27,Age-standardized,976,Diabetes mellitus type 2,3,Rate,2002,9601.54541892341,10216.337925875681,9052.84159398371
1,All Population,5,Prevalence,99,Uruguay,3,Both,27,Age-standardized,976,Diabetes mellitus type 2,3,Rate,2002,2755.89225220431,2984.36225164588,2517.7072447323803
1,All Population,5,Prevalence,86,Italy,3,Both,27,Age-standardized,976,Diabetes mellitus type 2,3,Rate,2002,3686.5195500033697,4083.54120979899,3255.08516592813
1,All Population,5,Prevalence,367,Monaco,3,Both,27,Age-standardized,976,Diabetes mellitus type 2,3,Rate,2001,2533.91412474488,2858.5829384119,2248.20221339754
1,All Population,5,Prevalence,155,Türkiye,3,Both,27,Age-standardized,976,Diabetes mellitus type 2,3,Rate,2002,5722.27361755014,6110.69871187138,5287.07567051356
1,All Population,5,Prevalence,131,Nicaragua,3,Both,27,Age-standardized,976,Diabetes mellitus type 2,3,Rate,2002,4200.53462492427,4509.914570308641,3891.66426435956
1,All Population,5,Prevalence,30,Vanuatu,3,Both,27,Age-standardized,976,Diabetes mellitus type 2,3,Rate,2002,7789.05440202156,8413.81557044158,7179.36530977082
1,All Population,5,Prevalence,75,Austria,3,Both,27,Age-standardized,976,Diabetes mellitus type 2,3,Rate,2002,2424.4518488868603,2580.69526967554,2273.69454018285
1,All Population,5,Prevalence,203,Cabo Verde,3,Both,27,Age-standardized,976,Diabetes mellitus type 2,3,Rate,2002,4721.39269953057,5122.22112286635,4314.48154078824
1,All Population,5,Prevalence,215,Sao Tome and Principe,3,Both,27,Age-standardized,976,Diabetes mellitus type 2,3,Rate,2002,4511.96081159524,4979.46463395538,4116.30645585069
1,All Population,5,Prevalence,68,Republic of Korea,3,Both,27,Age-standardized,976,Diabetes mellitus type 2,3,Rate,2001,5222.30086600116,5468.44903474095,4940.99136636514
1,All Population,5,Prevalence,69,Singapore,3,Both,27,Age-standardized,976,Diabetes mellitus type 2,3,Rate,2002,4997.81833946645,5352.61416901006,4727.72163969192
1,All Population,5,Prevalence,146,Lebanon,3,Both,27,Age-standardized,976,Diabetes mellitus type 2,3,Rate,2002,7730.5965840041,8496.8126319385,7014.81829153547
1,All Population,5,Prevalence,413,Tokelau,3,Both,27,Age-standardized,976,Diabetes mellitus type 2,3,Rate,2002,13711.158165224979,14770.398288566039,12692.47856904622
1,All Population,5,Prevalence,169,Central African Republic,3,Both,27,Age-standardized,976,Diabetes mellitus type 2,3,Rate,2002,5411.12076104041,5847.44065690994,4960.28944900285
1,All Population,5,Prevalence,177,Djibouti,3,Both,27,Age-standardized,976,Diabetes mellitus type 2,3,Rate,2001,2925.52895065172,3189.55999656197,2692.93425014522
1,All Population,5,Prevalence,81,Germany,3,Both,27,Age-standardized,976,Diabetes mellitus type 2,3,Rate,2001,4074.44287852559,4345.48870767627,3792.73686059901
1,All Population,5,Prevalence,217,Sierra Leone,3,Both,27,Age-standardized,976,Diabetes mellitus type 2,3,Rate,2002,3987.03076267158,4357.319114421581,3617.16808975791
1,All Population,5,Prevalence,157,Yemen,3,Both,27,Age-standardized,976,Diabetes mellitus type 2,3,Rate,2002,2978.8586349074603,3256.6412159810397,2716.86366849483
1,All Population,5,Prevalence,101,Canada,3,Both,27,Age-standardized,976,Diabetes mellitus type 2,3,Rate,2002,2527.78991154879,2692.37277457169,2354.9651922746098
1,All Population,5,Prevalence,18,Thailand,3,Both,27,Age-standardized,976,Diabetes mellitus type 2,3,Rate,2002,4095.22801747372,4464.34337772457,3800.1910537138097
1,All Population,5,Prevalence,88,Malta,3,Both,27,Age-standardized,976,Diabetes mellitus type 2,3,Rate,2002,3250.51717004719,3558.3076604545004,3010.95438047072
1,All Population,5,Prevalence,215,Sao Tome and Principe,3,Both,27,Age-standardized,976,Diabetes mellitus type 2,3,Rate,2001,4476.23658971826,4928.28596474481,4085.98780677202
1,All Population,5,Prevalence,190,Uganda,3,Both,27,Age-standardized,976,Diabetes mellitus type 2,3,Rate,2002,3625.50494079409,3941.15698771212,3341.49640549258
1,All Population,5,Prevalence,205,Côte d'Ivoire,3,Both,27,Age-standardized,976,Diabetes mellitus type 2,3,Rate,2002,4328.92536984672,4685.3567352111795,3990.0998053787303
1,All Population,5,Prevalence,122,Ecuador,3,Both,27,Age-standardized,976,Diabetes mellitus type 2,3,Rate,2002,4740.0039968765395,5007.61048498357,4341.306495810019
1,All Population,5,Prevalence,128,Guatemala,3,Both,27,Age-standardized,976,Diabetes mellitus type 2,3,Rate,2001,6396.046133333851,6735.13272190997,6021.69831209876
1,All Population,5,Prevalence,94,Switzerland,3,Both,27,Age-standardized,976,Diabetes mellitus type 2,3,Rate,2001,3146.74934185884,3427.87120871624,2863.12773363741
1,All Population,5,Prevalence,8,Taiwan,3,Both,27,Age-standardized,976,Diabetes mellitus type 2,3,Rate,2002,5772.7872034821,6151.64663049088,5403.71361618423
1,All Population,5,Prevalence,83,Iceland,3,Both,27,Age-standardized,976,Diabetes mellitus type 2,3,Rate,2001,2628.12279752103,2920.06872072849,2388.81652599379
1,All Population,5,Prevalence,351,Guam,3,Both,27,Age-standardized,976,Diabetes mellitus type 2,3,Rate,2001,6120.8678465895,6618.72132156968,5626.0499068181
1,All Population,5,Prevalence,19,Timor-Leste,3,Both,27,Age-standardized,976,Diabetes mellitus type 2,3,Rate,2002,2754.00390703202,3026.05108937124,2511.36353302341
1,All Population,5,Prevalence,178,Eritrea,3,Both,27,Age-standardized,976,Diabetes mellitus type 2,3,Rate,2002,2900.84165457755,3161.47157407562,2675.23035342256
1,All Population,5,Prevalence,72,New Zealand,3,Both,27,Age-standardized,976,Diabetes mellitus type 2,3,Rate,2000,2492.58399316556,2663.26651680493,2309.66170296072
1,All Population,5,Prevalence,106,Bahamas,3,Both,27,Age-standardized,976,Diabetes mellitus type 2,3,Rate,2000,6876.942589745439,7444.3255464800795,6384.57241855002
1,All Population,5,Prevalence,133,Venezuela (Bolivarian Republic of),3,Both,27,Age-standardized,976,Diabetes mellitus type 2,3,Rate,2002,5852.18957591944,6206.15517142911,5488.277402012471
1,All Population,5,Prevalence,77,Cyprus,3,Both,27,Age-standardized,976,Diabetes mellitus type 2,3,Rate,2002,4431.41554887266,4840.1650519839,4046.08064160387
1,All Population,5,Prevalence,110,Dominica,3,Both,27,Age-standardized,976,Diabetes mellitus type 2,3,Rate,2002,8220.48975939489,8884.12419418639,7595.06924345978
1,All Population,5,Prevalence,161,Bangladesh,3,Both,27,Age-standardized,976,Diabetes mellitus type 2,3,Rate,2002,5370.065174541231,5808.52288932799,5022.81411118287
1,All Population,5,Prevalence,367,Monaco,3,Both,27,Age-standardized,976,Diabetes mellitus type 2,3,Rate,2002,2574.08560331691,2886.1269527981003,2282.74657416365
1,All Population,5,Prevalence,125,Colombia,3,Both,27,Age-standardized,976,Diabetes mellitus type 2,3,Rate,2002,4359.3550452423,4693.05405820323,4066.1343853441904
1,All Population,5,Prevalence,20,Viet Nam,3,Both,27,Age-standardized,976,Diabetes mellitus type 2,3,Rate,2002,2880.57928388134,3172.33175079341,2626.53220212016
1,All Population,5,Prevalence,112,Grenada,3,Both,27,Age-standardized,976,Diabetes mellitus type 2,3,Rate,2002,9949.73877905138,10657.26700665567,9241.52786808359
1,All Population,5,Prevalence,522,Sudan,3,Both,27,Age-standardized,976,Diabetes mellitus type 2,3,Rate,2002,5632.71340420629,6181.57302264008,5047.938830956649
1,All Population,5,Prevalence,435,South Sudan,3,Both,27,Age-standardized,976,Diabetes mellitus type 2,3,Rate,2002,2743.6951237841604,2982.55281058435,2496.83272392795
1,All Population,5,Prevalence,93,Sweden,3,Both,27,Age-standardized,976,Diabetes mellitus type 2,3,Rate,2000,3434.77726438268,3716.32904748522,3196.31465185162
1,All Population,5,Prevalence,66,Brunei Darussalam,3,Both,27,Age-standardized,976,Diabetes mellitus type 2,3,Rate,2002,6731.062833430649,7262.4886099183705,6258.46951041595
1,All Population,5,Prevalence,130,Mexico,3,Both,27,Age-standardized,976,Diabetes mellitus type 2,3,Rate,2001,10800.01647065255,11782.735070785511,9753.452558645111
1,All Population,5,Prevalence,113,Guyana,3,Both,27,Age-standardized,976,Diabetes mellitus type 2,3,Rate,2002,9882.26279066247,10535.42318076951,9199.39041589182
1,All Population,5,Prevalence,218,Togo,3,Both,27,Age-standardized,976,Diabetes mellitus type 2,3,Rate,2002,3097.54229681303,3347.1828789982997,2858.32128247711
1,All Population,5,Prevalence,23,Kiribati,3,Both,27,Age-standardized,976,Diabetes mellitus type 2,3,Rate,2002,11816.801862818089,12642.19433789737,11051.55070369416
1,All Population,5,Prevalence,194,Lesotho,3,Both,27,Age-standardized,976,Diabetes mellitus type 2,3,Rate,2002,3708.12179498863,4047.9742133778896,3380.98533080624
1,All Population,5,Prevalence,80,France,3,Both,27,Age-standardized,976,Diabetes mellitus type 2,3,Rate,2002,3363.54478373476,3649.6984170967203,3106.2817921651003
1,All Population,5,Prevalence,27,Samoa,3,Both,27,Age-standardized,976,Diabetes mellitus type 2,3,Rate,2000,9444.51036504635,10181.82794559206,8748.282856555501
1,All Population,5,Prevalence,117,Saint Vincent and the Grenadines,3,Both,27,Age-standardized,976,Diabetes mellitus type 2,3,Rate,2000,10500.4426443754,11202.92119946166,9527.10201519892
1,All Population,5,Prevalence,186,Seychelles,3,Both,27,Age-standardized,976,Diabetes mellitus type 2,3,Rate,2001,6094.57998891983,6597.440713335311,5623.48903712258
1,All Population,5,Prevalence,422,United States Virgin Islands,3,Both,27,Age-standardized,976,Diabetes mellitus type 2,3,Rate,2001,6841.234923877219,7428.45851745447,6285.278688849199
1,All Population,5,Prevalence,90,Norway,3,Both,27,Age-standardized,976,Diabetes mellitus type 2,3,Rate,2002,4038.55531823388,4523.41836651485,3568.4769656315298
1,All Population,5,Prevalence,79,Finland,3,Both,27,Age-standardized,976,Diabetes mellitus type 2,3,Rate,2002,4652.16012765669,5053.18681744533,4286.21730384991
1,All Population,5,Prevalence,148,Morocco,3,Both,27,Age-standardized,976,Diabetes mellitus type 2,3,Rate,2002,6450.90051995019,7062.318171578149,5807.87942105718
1,All Population,5,Prevalence,160,Afghanistan,3,Both,27,Age-standardized,976,Diabetes mellitus type 2,3,Rate,2002,7162.51594675193,7796.9620881306,6543.712713841381
1,All Population,5,Prevalence,374,Niue,3,Both,27,Age-standardized,976,Diabetes mellitus type 2,3,Rate,2002,12874.009870594718,13752.882469844319,11829.1307682636
1,All Population,5,Prevalence,202,Cameroon,3,Both,27,Age-standardized,976,Diabetes mellitus type 2,3,Rate,2001,3596.0215569686397,3879.10798548802,3347.0976841178704
1,All Population,5,Prevalence,68,Republic of Korea,3,Both,27,Age-standardized,976,Diabetes mellitus type 2,3,Rate,2002,5252.30989300656,5496.43995931917,4977.29173540141
1,All Population,5,Prevalence,149,Palestine,3,Both,27,Age-standardized,976,Diabetes mellitus type 2,3,Rate,2000,8123.586984514659,8699.69192802684,7530.196123057691
1,All Population,5,Prevalence,150,Oman,3,Both,27,Age-standardized,976,Diabetes mellitus type 2,3,Rate,2002,6625.123044597,7165.2367658822395,6184.3255683648795
1,All Population,5,Prevalence,180,Kenya,3,Both,27,Age-standardized,976,Diabetes mellitus type 2,3,Rate,2002,3040.58146313681,3326.8770188175,2738.53933125481
1,All Population,5,Prevalence,108,Belize,3,Both,27,Age-standardized,976,Diabetes mellitus type 2,3,Rate,2000,7899.89502114378,8572.49743387729,7342.926461559269
1,All Population,5,Prevalence,126,Costa Rica,3,Both,27,Age-standardized,976,Diabetes mellitus type 2,3,Rate,2002,5893.75821776493,6418.587046947059,5495.2865080454
1,All Population,5,Prevalence,14,Maldives,3,Both,27,Age-standardized,976,Diabetes mellitus type 2,3,Rate,2000,3753.21756219141,4127.71880155361,3457.78314109853
1,All Population,5,Prevalence,135,Brazil,3,Both,27,Age-standardized,976,Diabetes mellitus type 2,3,Rate,2002,4348.20900397017,4774.6963110714,3897.94998181978
1,All Population,5,Prevalence,81,Germany,3,Both,27,Age-standardized,976,Diabetes mellitus type 2,3,Rate,2002,4103.76245131614,4373.3783427823,3825.82020405393
1,All Population,5,Prevalence,189,United Republic of Tanzania,3,Both,27,Age-standardized,976,Diabetes mellitus type 2,3,Rate,2001,2451.99156385074,2666.69513615883,2265.56050967688
1,All Population,5,Prevalence,162,Bhutan,3,Both,27,Age-standardized,976,Diabetes mellitus type 2,3,Rate,2002,4467.8236616431295,4795.86074015813,4132.12789590081
1,All Population,5,Prevalence,196,South Africa,3,Both,27,Age-standardized,976,Diabetes mellitus type 2,3,Rate,2002,6109.67495415424,6709.97246334915,5494.13165476188
1,All Population,5,Prevalence,115,Jamaica,3,Both,27,Age-standardized,976,Diabetes mellitus type 2,3,Rate,2002,7277.03649466943,7696.91917489868,6877.57625101314
1,All Population,5,Prevalence,173,Gabon,3,Both,27,Age-standardized,976,Diabetes mellitus type 2,3,Rate,2002,6493.10199244991,7040.572928909521,5903.33077735747
1,All Population,5,Prevalence,141,Egypt,3,Both,27,Age-standardized,976,Diabetes mellitus type 2,3,Rate,2002,7790.46160853739,8434.30177885283,7191.35164903264
1,All Population,5,Prevalence,208,Guinea,3,Both,27,Age-standardized,976,Diabetes mellitus type 2,3,Rate,2002,3428.34243678995,3724.21291262227,3165.8762995380002
1,All Population,5,Prevalence,186,Seychelles,3,Both,27,Age-standardized,976,Diabetes mellitus type 2,3,Rate,2002,6171.58296714857,6686.94896812573,5712.356656680579
1,All Population,5,Prevalence,74,Andorra,3,Both,27,Age-standardized,976,Diabetes mellitus type 2,3,Rate,2000,2417.35331690973,2748.59782911799,2141.6175012580597
1,All Population,5,Prevalence,207,Ghana,3,Both,27,Age-standardized,976,Diabetes mellitus type 2,3,Rate,2002,4243.973882295571,4542.8397074424,3938.9638766038
1,All Population,5,Prevalence,22,Fiji,3,Both,27,Age-standardized,976,Diabetes mellitus type 2,3,Rate,2002,13104.539915142379,13924.77966094386,12271.30887005333
1,All Population,5,Prevalence,127,El Salvador,3,Both,27,Age-standardized,976,Diabetes mellitus type 2,3,Rate,2002,5637.9087034883705,6023.531156736621,5167.54527273279
1,All Population,5,Prevalence,114,Haiti,3,Both,27,Age-standardized,976,Diabetes mellitus type 2,3,Rate,2002,5744.93365637907,6228.5004286214,5187.12218491185
1,All Population,5,Prevalence,380,Palau,3,Both,27,Age-standardized,976,Diabetes mellitus type 2,3,Rate,2002,10050.86510032996,10777.59989361603,9245.14519288223
1,All Population,5,Prevalence,198,Zimbabwe,3,Both,27,Age-standardized,976,Diabetes mellitus type 2,3,Rate,2002,3593.84525203452,3945.65674376529,3261.2215411126704
1,All Population,5,Prevalence,28,Solomon Islands,3,Both,27,Age-standardized,976,Diabetes mellitus type 2,3,Rate,2003,7189.460966072191,7748.277478327251,6628.355319271
1,All Population,5,Prevalence,128,Guatemala,3,Both,27,Age-standardized,976,Diabetes mellitus type 2,3,Rate,2002,6606.421200213889,6932.173084356361,6264.76943910923
1,All Population,5,Prevalence,94,Switzerland,3,Both,27,Age-standardized,976,Diabetes mellitus type 2,3,Rate,2002,3142.7632251681403,3454.9272623046004,2856.02648679075
1,All Population,5,Prevalence,175,Burundi,3,Both,27,Age-standardized,976,Diabetes mellitus type 2,3,Rate,2002,2883.96861430895,3145.0020078146,2624.89346336847
1,All Population,5,Prevalence,30,Vanuatu,3,Both,27,Age-standardized,976,Diabetes mellitus type 2,3,Rate,2003,7823.796198494811,8460.19121460327,7218.965716551449
1,All Population,5,Prevalence,209,Guinea-Bissau,3,Both,27,Age-standardized,976,Diabetes mellitus type 2,3,Rate,2002,4578.23834522814,4957.0967213126805,4201.90104915872
1,All Population,5,Prevalence,86,Italy,3,Both,27,Age-standardized,976,Diabetes mellitus type 2,3,Rate,2003,3694.5054066309303,4097.55129991359,3258.3651611676796
1,All Population,5,Prevalence,385,Puerto Rico,3,Both,27,Age-standardized,976,Diabetes mellitus type 2,3,Rate,2000,8758.11906597737,9340.71679341993,8102.83263169682
1,All Population,5,Prevalence,197,Eswatini,3,Both,27,Age-standardized,976,Diabetes mellitus type 2,3,Rate,2000,5313.81645586068,5750.90188812014,4845.33939059114
1,All Population,5,Prevalence,7,Democratic People's Republic of Korea,3,Both,27,Age-standardized,976,Diabetes mellitus type 2,3,Rate,2003,4439.85167912224,4882.90138858201,4049.9662347933904
1,All Population,5,Prevalence,172,Equatorial Guinea,3,Both,27,Age-standardized,976,Diabetes mellitus type 2,3,Rate,2002,5832.60776201264,6365.530017345571,5283.84435964568
1,All Population,5,Prevalence,116,Saint Lucia,3,Both,27,Age-standardized,976,Diabetes mellitus type 2,3,Rate,2002,10514.2304256509,11299.047548890461,9322.890705630809
1,All Population,5,Prevalence,305,Bermuda,3,Both,27,Age-standardized,976,Diabetes mellitus type 2,3,Rate,2002,4876.9236174688795,5327.6862903641695,4511.31432000419
1,All Population,5,Prevalence,298,American Samoa,3,Both,27,Age-standardized,976,Diabetes mellitus type 2,3,Rate,2002,14839.924995009651,15681.555183326378,14002.14548194857
1,All Population,5,Prevalence,185,Rwanda,3,Both,27,Age-standardized,976,Diabetes mellitus type 2,3,Rate,2000,2585.01473670323,2830.45668832062,2361.47139238851
1,All Population,5,Prevalence,182,Malawi,3,Both,27,Age-standardized,976,Diabetes mellitus type 2,3,Rate,2002,2291.06694642378,2489.17427726427,2111.65986513858
1,All Population,5,Prevalence,393,Saint Kitts and Nevis,3,Both,27,Age-standardized,976,Diabetes mellitus type 2,3,Rate,2002,7716.842751906191,8273.53444072135,7121.553337507
1,All Population,5,Prevalence,88,Malta,3,Both,27,Age-standardized,976,Diabetes mellitus type 2,3,Rate,2003,3258.72030769663,3589.68825083008,3025.91876478264
1,All Population,5,Prevalence,18,Thailand,3,Both,27,Age-standardized,976,Diabetes mellitus type 2,3,Rate,2003,4136.50230385383,4498.0995219079205,3844.1438625504697
1,All Population,5,Prevalence,140,Bahrain,3,Both,27,Age-standardized,976,Diabetes mellitus type 2,3,Rate,2002,12509.37138133768,13448.72516339855,11614.8215656945
1,All Population,5,Prevalence,130,Mexico,3,Both,27,Age-standardized,976,Diabetes mellitus type 2,3,Rate,2002,10850.53147364209,11834.756111332741,9807.76047266356
1,All Population,5,Prevalence,189,United Republic of Tanzania,3,Both,27,Age-standardized,976,Diabetes mellitus type 2,3,Rate,2002,2469.7182413974,2678.57464455341,2303.19312404064
1,All Population,5,Prevalence,112,Grenada,3,Both,27,Age-standardized,976,Diabetes mellitus type 2,3,Rate,2003,9949.80283842791,10649.40410355551,9219.90343848525
1,All Population,5,Prevalence,20,Viet Nam,3,Both,27,Age-standardized,976,Diabetes mellitus type 2,3,Rate,2003,2904.3393345619997,3190.5645884116298,2659.85272751583
1,All Population,5,Prevalence,143,Iraq,3,Both,27,Age-standardized,976,Diabetes mellitus type 2,3,Rate,2002,8161.00595315227,8842.38835472939,7581.697286898189
1,All Population,5,Prevalence,349,Greenland,3,Both,27,Age-standardized,976,Diabetes mellitus type 2,3,Rate,2002,2067.7485677559603,2324.81607063637,1872.98141353437
1,All Population,5,Prevalence,83,Iceland,3,Both,27,Age-standardized,976,Diabetes mellitus type 2,3,Rate,2002,2664.1644753885303,2950.27434445903,2418.51206726564
1,All Population,5,Prevalence,194,Lesotho,3,Both,27,Age-standardized,976,Diabetes mellitus type 2,3,Rate,2003,3738.6366824477,4085.1240259090196,3419.9466704489796
1,All Population,5,Prevalence,17,Sri Lanka,3,Both,27,Age-standardized,976,Diabetes mellitus type 2,3,Rate,2002,6594.156175499021,6975.51021908043,6200.34275251447
1,All Population,5,Prevalence,80,France,3,Both,27,Age-standardized,976,Diabetes mellitus type 2,3,Rate,2003,3398.4284312981104,3693.33943925102,3144.0415704197103
1,All Population,5,Prevalence,218,Togo,3,Both,27,Age-standardized,976,Diabetes mellitus type 2,3,Rate,2003,3132.10031271845,3385.58793151853,2890.04111166149
1,All Population,5,Prevalence,22,Fiji,3,Both,27,Age-standardized,976,Diabetes mellitus type 2,3,Rate,2003,13144.683647509339,13921.29843457241,12324.285437071101
1,All Population,5,Prevalence,202,Cameroon,3,Both,27,Age-standardized,976,Diabetes mellitus type 2,3,Rate,2002,3690.38776125423,3984.5515703356696,3433.43693969897
1,All Population,5,Prevalence,145,Kuwait,3,Both,27,Age-standardized,976,Diabetes mellitus type 2,3,Rate,2002,12215.264203022,13179.683017923899,11300.48566495962
1,All Population,5,Prevalence,191,Zambia,3,Both,27,Age-standardized,976,Diabetes mellitus type 2,3,Rate,2002,4046.73178775716,4418.92605330337,3698.1485674205
1,All Population,5,Prevalence,156,United Arab Emirates,3,Both,27,Age-standardized,976,Diabetes mellitus type 2,3,Rate,2002,10662.62581825734,11573.650919128351,9750.977270888061
1,All Population,5,Prevalence,125,Colombia,3,Both,27,Age-standardized,976,Diabetes mellitus type 2,3,Rate,2003,4430.13507195665,4750.04649202431,4156.01658328334
1,All Population,5,Prevalence,187,Somalia,3,Both,27,Age-standardized,976,Diabetes mellitus type 2,3,Rate,2002,2974.1399353605098,3226.2512795223797,2726.38638135028
1,All Population,5,Prevalence,114,Haiti,3,Both,27,Age-standardized,976,Diabetes mellitus type 2,3,Rate,2003,5764.21192395689,6257.153971611259,5226.15860671952
1,All Population,5,Prevalence,172,Equatorial Guinea,3,Both,27,Age-standardized,976,Diabetes mellitus type 2,3,Rate,2003,5889.66483744654,6424.438672627391,5346.064959785151
1,All Population,5,Prevalence,67,Japan,3,Both,27,Age-standardized,976,Diabetes mellitus type 2,3,Rate,2003,5676.80159196949,6285.87581195703,5121.48486371613
1,All Population,5,Prevalence,101,Canada,3,Both,27,Age-standardized,976,Diabetes mellitus type 2,3,Rate,2003,2597.7204411909897,2767.75184121599,2414.06443471864
1,All Population,5,Prevalence,207,Ghana,3,Both,27,Age-standardized,976,Diabetes mellitus type 2,3,Rate,2003,4299.75948339827,4597.61349722474,4006.7764157764004
1,All Population,5,Prevalence,133,Venezuela (Bolivarian Republic of),3,Both,27,Age-standardized,976,Diabetes mellitus type 2,3,Rate,2003,5927.16023551967,6304.05276599091,5577.54428542591
1,All Population,5,Prevalence,75,Austria,3,Both,27,Age-standardized,976,Diabetes mellitus type 2,3,Rate,2003,2428.8947255571998,2589.7505022486002,2271.4256775529298
1,All Population,5,Prevalence,90,Norway,3,Both,27,Age-standardized,976,Diabetes mellitus type 2,3,Rate,2003,4051.12679148592,4543.51989004627,3576.2324070853
1,All Population,5,Prevalence,180,Kenya,3,Both,27,Age-standardized,976,Diabetes mellitus type 2,3,Rate,2003,3062.19450133297,3346.6955262639,2757.23667298209
1,All Population,5,Prevalence,119,Trinidad and Tobago,3,Both,27,Age-standardized,976,Diabetes mellitus type 2,3,Rate,2000,15137.5356266842,16167.32222019368,13027.61373543153
1,All Population,5,Prevalence,184,Mozambique,3,Both,27,Age-standardized,976,Diabetes mellitus type 2,3,Rate,2002,2298.31144353902,2500.76555008885,2119.52816256291
1,All Population,5,Prevalence,169,Central African Republic,3,Both,27,Age-standardized,976,Diabetes mellitus type 2,3,Rate,2003,5459.91097347259,5906.58183851215,5013.70000598195
1,All Population,5,Prevalence,135,Brazil,3,Both,27,Age-standardized,976,Diabetes mellitus type 2,3,Rate,2003,4386.2718756033,4812.97148651575,3930.99507490578
1,All Population,5,Prevalence,77,Cyprus,3,Both,27,Age-standardized,976,Diabetes mellitus type 2,3,Rate,2003,4428.59076353984,4822.35523362785,4049.6994087123303
1,All Population,5,Prevalence,210,Liberia,3,Both,27,Age-standardized,976,Diabetes mellitus type 2,3,Rate,2000,4395.49027387979,4816.842066948139,4021.8168169215596
1,All Population,5,Prevalence,164,Nepal,3,Both,27,Age-standardized,976,Diabetes mellitus type 2,3,Rate,2000,5181.08292690848,5712.65081277753,4698.26364469883
1,All Population,5,Prevalence,122,Ecuador,3,Both,27,Age-standardized,976,Diabetes mellitus type 2,3,Rate,2003,4776.22140341115,5023.09221366137,4401.03326884739
1,All Population,5,Prevalence,92,Spain,3,Both,27,Age-standardized,976,Diabetes mellitus type 2,3,Rate,2003,4736.7522324204,5147.2561730774105,4353.22937011673
1,All Population,5,Prevalence,85,Israel,3,Both,27,Age-standardized,976,Diabetes mellitus type 2,3,Rate,2002,3426.09293531489,3618.66543953751,3232.62034959739
1,All Population,5,Prevalence,320,Cook Islands,3,Both,27,Age-standardized,976,Diabetes mellitus type 2,3,Rate,2002,14964.34835923884,15748.425287771719,14071.11196042381
1,All Population,5,Prevalence,6,China,3,Both,27,Age-standardized,976,Diabetes mellitus type 2,3,Rate,2002,5436.11313915638,6009.27182866468,4981.0256398292295
1,All Population,5,Prevalence,82,Greece,3,Both,27,Age-standardized,976,Diabetes mellitus type 2,3,Rate,2003,3008.52626152837,3257.9985697476104,2783.68003435741
1,All Population,5,Prevalence,177,Djibouti,3,Both,27,Age-standardized,976,Diabetes mellitus type 2,3,Rate,2002,2951.55646224288,3215.96497952393,2716.46457278087
1,All Population,5,Prevalence,305,Bermuda,3,Both,27,Age-standardized,976,Diabetes mellitus type 2,3,Rate,2003,4850.14948717521,5317.6349084454105,4482.4313922233305
1,All Population,5,Prevalence,161,Bangladesh,3,Both,27,Age-standardized,976,Diabetes mellitus type 2,3,Rate,2003,5382.8684651782,5821.7327607119705,5041.788674272029
1,All Population,5,Prevalence,116,Saint Lucia,3,Both,27,Age-standardized,976,Diabetes mellitus type 2,3,Rate,2003,10433.88937779602,11302.213516266791,9346.291988629391
1,All Population,5,Prevalence,209,Guinea-Bissau,3,Both,27,Age-standardized,976,Diabetes mellitus type 2,3,Rate,2003,4624.83959031123,4999.77742761624,4233.01949916854
1,All Population,5,Prevalence,84,Ireland,3,Both,27,Age-standardized,976,Diabetes mellitus type 2,3,Rate,2003,2107.77717933734,2305.9407559391902,1919.8260086214398
1,All Population,5,Prevalence,24,Marshall Islands,3,Both,27,Age-standardized,976,Diabetes mellitus type 2,3,Rate,2003,14863.52150040117,16075.113688115161,13593.20150781177
1,All Population,5,Prevalence,127,El Salvador,3,Both,27,Age-standardized,976,Diabetes mellitus type 2,3,Rate,2003,5729.56229315363,6162.10735498122,5246.66524973936
1,All Population,5,Prevalence,349,Greenland,3,Both,27,Age-standardized,976,Diabetes mellitus type 2,3,Rate,2003,2111.50711324597,2381.87771932329,1906.39609404059
1,All Population,5,Prevalence,69,Singapore,3,Both,27,Age-standardized,976,Diabetes mellitus type 2,3,Rate,2003,4971.36742943851,5325.3728438594,4700.19767973038
1,All Population,5,Prevalence,140,Bahrain,3,Both,27,Age-standardized,976,Diabetes mellitus type 2,3,Rate,2003,12725.52491789958,13714.294195310358,11843.67737593916
1,All Population,5,Prevalence,187,Somalia,3,Both,27,Age-standardized,976,Diabetes mellitus type 2,3,Rate,2003,2988.1498336197296,3233.37044509392,2727.41110652888
1,All Population,5,Prevalence,176,Comoros,3,Both,27,Age-standardized,976,Diabetes mellitus type 2,3,Rate,2003,3416.13442729234,3724.4758604396598,3164.6512308577603
1,All Population,5,Prevalence,367,Monaco,3,Both,27,Age-standardized,976,Diabetes mellitus type 2,3,Rate,2003,2618.4735145059803,2939.8505531498,2328.04037375618
1,All Population,5,Prevalence,155,Türkiye,3,Both,27,Age-standardized,976,Diabetes mellitus type 2,3,Rate,2003,5779.40110969911,6169.6357353963995,5352.3783949851095
1,All Population,5,Prevalence,29,Tonga,3,Both,27,Age-standardized,976,Diabetes mellitus type 2,3,Rate,2000,10274.280203325969,11154.00069659363,9539.345381984329
1,All Population,5,Prevalence,351,Guam,3,Both,27,Age-standardized,976,Diabetes mellitus type 2,3,Rate,2002,6152.41743737763,6666.65016325845,5690.99306727585
1,All Population,5,Prevalence,109,Cuba,3,Both,27,Age-standardized,976,Diabetes mellitus type 2,3,Rate,2002,3650.4626721588,3912.44065994047,3384.7622740756296
1,All Population,5,Prevalence,190,Uganda,3,Both,27,Age-standardized,976,Diabetes mellitus type 2,3,Rate,2003,3659.4337669303095,3941.1247805244,3370.0922284221897
1,All Population,5,Prevalence,129,Honduras,3,Both,27,Age-standardized,976,Diabetes mellitus type 2,3,Rate,2003,4583.22745109292,5017.63236508081,4151.576985088111
1,All Population,5,Prevalence,204,Chad,3,Both,27,Age-standardized,976,Diabetes mellitus type 2,3,Rate,2002,4123.24628040483,4531.10221457357,3761.5874175986496
1,All Population,5,Prevalence,193,Botswana,3,Both,27,Age-standardized,976,Diabetes mellitus type 2,3,Rate,2002,4621.829219726889,5025.97249633073,4246.59806604929
1,All Population,5,Prevalence,422,United States Virgin Islands,3,Both,27,Age-standardized,976,Diabetes mellitus type 2,3,Rate,2002,6882.068208083029,7506.95503065303,6344.031742279781
1,All Population,5,Prevalence,98,Chile,3,Both,27,Age-standardized,976,Diabetes mellitus type 2,3,Rate,2002,1789.95673737907,1893.75863555908,1702.35132152566
1,All Population,5,Prevalence,203,Cabo Verde,3,Both,27,Age-standardized,976,Diabetes mellitus type 2,3,Rate,2003,4789.99529599964,5201.32950308992,4383.64771260385
1,All Population,5,Prevalence,95,United Kingdom,3,Both,27,Age-standardized,976,Diabetes mellitus type 2,3,Rate,2003,3991.74495009332,4349.07431560295,3641.1711278069997
1,All Population,5,Prevalence,182,Malawi,3,Both,27,Age-standardized,976,Diabetes mellitus type 2,3,Rate,2003,2311.15678803197,2513.94318438982,2128.28636423816
1,All Population,5,Prevalence,142,Iran (Islamic Republic of),3,Both,27,Age-standardized,976,Diabetes mellitus type 2,3,Rate,2003,5148.89449604699,5665.50289077377,4647.69319579252
1,All Population,5,Prevalence,217,Sierra Leone,3,Both,27,Age-standardized,976,Diabetes mellitus type 2,3,Rate,2003,4025.7249429938197,4377.51842732289,3679.38777167442
1,All Population,5,Prevalence,71,Australia,3,Both,27,Age-standardized,976,Diabetes mellitus type 2,3,Rate,2003,2420.4292729569197,2586.73272275907,2262.170701937
1,All Population,5,Prevalence,151,Qatar,3,Both,27,Age-standardized,976,Diabetes mellitus type 2,3,Rate,2000,11158.95953502935,12256.560462897529,10285.571111448751
1,All Population,5,Prevalence,374,Niue,3,Both,27,Age-standardized,976,Diabetes mellitus type 2,3,Rate,2003,13244.569931421329,14143.110070805751,12202.55799819792
1,All Population,5,Prevalence,157,Yemen,3,Both,27,Age-standardized,976,Diabetes mellitus type 2,3,Rate,2003,3048.74792014952,3345.88912499657,2784.31234797866
1,All Population,5,Prevalence,184,Mozambique,3,Both,27,Age-standardized,976,Diabetes mellitus type 2,3,Rate,2003,2320.34832708402,2509.72148306448,2138.12945991071
1,All Population,5,Prevalence,298,American Samoa,3,Both,27,Age-standardized,976,Diabetes mellitus type 2,3,Rate,2003,15030.11040597182,15872.311362764522,14231.3649905867
1,All Population,5,Prevalence,131,Nicaragua,3,Both,27,Age-standardized,976,Diabetes mellitus type 2,3,Rate,2003,4268.36577984145,4597.3215432941,3945.94935219927
1,All Population,5,Prevalence,148,Morocco,3,Both,27,Age-standardized,976,Diabetes mellitus type 2,3,Rate,2003,6583.33224014914,7211.1452895291,5931.13455384364
1,All Population,5,Prevalence,205,Côte d'Ivoire,3,Both,27,Age-standardized,976,Diabetes mellitus type 2,3,Rate,2003,4381.92555894059,4747.37105129693,4038.05199561499
1,All Population,5,Prevalence,396,San Marino,3,Both,27,Age-standardized,976,Diabetes mellitus type 2,3,Rate,2000,2939.8571269662702,3247.47979004543,2611.29866450483
1,All Population,5,Prevalence,76,Belgium,3,Both,27,Age-standardized,976,Diabetes mellitus type 2,3,Rate,2000,2866.46512977448,3129.55365104335,2625.60609978312
1,All Population,5,Prevalence,144,Jordan,3,Both,27,Age-standardized,976,Diabetes mellitus type 2,3,Rate,2003,9694.911579769081,10297.61609265913,9141.32115567596
1,All Population,5,Prevalence,97,Argentina,3,Both,27,Age-standardized,976,Diabetes mellitus type 2,3,Rate,2003,3181.50415890275,3374.2961461206296,2999.24400156622
1,All Population,5,Prevalence,171,Democratic Republic of the Congo,3,Both,27,Age-standardized,976,Diabetes mellitus type 2,3,Rate,2002,5166.679264420291,5672.32490865451,4745.93983030567
1,All Population,5,Prevalence,111,Dominican Republic,3,Both,27,Age-standardized,976,Diabetes mellitus type 2,3,Rate,2002,5579.62802558866,5988.07744228898,5170.26144488788
1,All Population,5,Prevalence,16,Philippines,3,Both,27,Age-standardized,976,Diabetes mellitus type 2,3,Rate,2000,4624.052637820831,5054.41538682174,4183.06505064219
1,All Population,5,Prevalence,139,Algeria,3,Both,27,Age-standardized,976,Diabetes mellitus type 2,3,Rate,2003,6623.62492908425,7333.5290026255,6055.9269568908
1,All Population,5,Prevalence,380,Palau,3,Both,27,Age-standardized,976,Diabetes mellitus type 2,3,Rate,2003,10321.36722744682,10982.28236454611,9543.81439919
1,All Population,5,Prevalence,212,Mauritania,3,Both,27,Age-standardized,976,Diabetes mellitus type 2,3,Rate,2000,5048.4241917072,5574.93451437625,4612.78235077606
1,All Population,5,Prevalence,87,Luxembourg,3,Both,27,Age-standardized,976,Diabetes mellitus type 2,3,Rate,2000,2626.41297725423,2934.17717951862,2339.43378471796
1,All Population,5,Prevalence,147,Libya,3,Both,27,Age-standardized,976,Diabetes mellitus type 2,3,Rate,2002,8162.07845622373,8822.314903494049,7458.194052597481
1,All Population,5,Prevalence,206,Gambia,3,Both,27,Age-standardized,976,Diabetes mellitus type 2,3,Rate,2002,5152.73208039428,5597.17101412634,4702.225539421081
1,All Population,5,Prevalence,163,India,3,Both,27,Age-standardized,976,Diabetes mellitus type 2,3,Rate,2003,5580.34218806245,6083.61967004497,5091.515257527611
1,All Population,5,Prevalence,196,South Africa,3,Both,27,Age-standardized,976,Diabetes mellitus type 2,3,Rate,2003,6186.88279210432,6782.657490384519,5560.47326242114
1,All Population,5,Prevalence,150,Oman,3,Both,27,Age-standardized,976,Diabetes mellitus type 2,3,Rate,2003,6726.938688355739,7318.72699735459,6269.65190638751
1,All Population,5,Prevalence,99,Uruguay,3,Both,27,Age-standardized,976,Diabetes mellitus type 2,3,Rate,2003,2811.22674499023,3037.40787712055,2561.8701656766602
1,All Population,5,Prevalence,522,Sudan,3,Both,27,Age-standardized,976,Diabetes mellitus type 2,3,Rate,2003,5759.20698137663,6311.99502679273,5175.32529138169
1,All Population,5,Prevalence,105,Antigua and Barbuda,3,Both,27,Age-standardized,976,Diabetes mellitus type 2,3,Rate,2003,8209.33728191431,8831.042632498511,7652.28326807539
1,All Population,5,Prevalence,26,Papua New Guinea,3,Both,27,Age-standardized,976,Diabetes mellitus type 2,3,Rate,2003,7386.181221966979,7950.90758263062,6740.12025197674
1,All Population,5,Prevalence,393,Saint Kitts and Nevis,3,Both,27,Age-standardized,976,Diabetes mellitus type 2,3,Rate,2003,7735.312286721981,8344.42936669664,7123.39451359327
1,All Population,5,Prevalence,11,Indonesia,3,Both,27,Age-standardized,976,Diabetes mellitus type 2,3,Rate,2003,3731.31110632935,4117.02132321844,3338.0796343551197
1,All Population,5,Prevalence,165,Pakistan,3,Both,27,Age-standardized,976,Diabetes mellitus type 2,3,Rate,2003,7240.48648012743,7881.578142270269,6549.73168956579
1,All Population,5,Prevalence,110,Dominica,3,Both,27,Age-standardized,976,Diabetes mellitus type 2,3,Rate,2003,8310.80278063798,9030.846740775369,7695.801032340941
1,All Population,5,Prevalence,146,Lebanon,3,Both,27,Age-standardized,976,Diabetes mellitus type 2,3,Rate,2003,7849.6714683557,8628.029882306899,7137.46195274807
1,All Population,5,Prevalence,435,South Sudan,3,Both,27,Age-standardized,976,Diabetes mellitus type 2,3,Rate,2003,2759.61400630031,2993.54229134007,2508.9786476345002
1,All Population,5,Prevalence,130,Mexico,3,Both,27,Age-standardized,976,Diabetes mellitus type 2,3,Rate,2003,10904.55866295524,11892.09427256468,9860.954524270479
1,All Population,5,Prevalence,121,Bolivia (Plurinational State of),3,Both,27,Age-standardized,976,Diabetes mellitus type 2,3,Rate,2000,3981.78349308246,4372.74977569102,3640.7229758779104
1,All Population,5,Prevalence,83,Iceland,3,Both,27,Age-standardized,976,Diabetes mellitus type 2,3,Rate,2003,2705.4428085896297,2995.1137562631,2464.03113785797
1,All Population,5,Prevalence,369,Nauru,3,Both,27,Age-standardized,976,Diabetes mellitus type 2,3,Rate,2002,13190.93005533589,13997.785453763601,12306.50182250133
1,All Population,5,Prevalence,177,Djibouti,3,Both,27,Age-standardized,976,Diabetes mellitus type 2,3,Rate,2003,2977.61542740501,3233.05389642279,2728.0713928619402
1,All Population,5,Prevalence,143,Iraq,3,Both,27,Age-standardized,976,Diabetes mellitus type 2,3,Rate,2003,8401.36547342164,9023.102237110581,7840.4978815464
1,All Population,5,Prevalence,109,Cuba,3,Both,27,Age-standardized,976,Diabetes mellitus type 2,3,Rate,2003,3664.94622299525,3912.8620755901197,3416.22911226694
1,All Population,5,Prevalence,17,Sri Lanka,3,Both,27,Age-standardized,976,Diabetes mellitus type 2,3,Rate,2003,6861.70007259683,7229.42532032652,6460.46245214774
1,All Population,5,Prevalence,201,Burkina Faso,3,Both,27,Age-standardized,976,Diabetes mellitus type 2,3,Rate,2000,2443.58176070735,2633.91609878643,2252.32263529615
1,All Population,5,Prevalence,214,Nigeria,3,Both,27,Age-standardized,976,Diabetes mellitus type 2,3,Rate,2000,3136.98285730842,3432.41789951534,2842.53564417588
1,All Population,5,Prevalence,152,Saudi Arabia,3,Both,27,Age-standardized,976,Diabetes mellitus type 2,3,Rate,2003,13988.93250924149,15175.5412280582,12828.46885899844
1,All Population,5,Prevalence,107,Barbados,3,Both,27,Age-standardized,976,Diabetes mellitus type 2,3,Rate,2003,9460.91761557288,10061.62290016471,8775.76259445924
1,All Population,5,Prevalence,211,Mali,3,Both,27,Age-standardized,976,Diabetes mellitus type 2,3,Rate,2003,7695.8101247574505,8421.40203339322,6904.429614731181
1,All Population,5,Prevalence,118,Suriname,3,Both,27,Age-standardized,976,Diabetes mellitus type 2,3,Rate,2003,8338.55213018032,9091.89252513493,7706.403243291909
1,All Population,5,Prevalence,154,Tunisia,3,Both,27,Age-standardized,976,Diabetes mellitus type 2,3,Rate,2003,7301.83555793648,7991.445083278561,6688.19142935907
1,All Population,5,Prevalence,13,Malaysia,3,Both,27,Age-standardized,976,Diabetes mellitus type 2,3,Rate,2003,6822.391303825239,7384.80612875606,6323.208358614061
1,All Population,5,Prevalence,198,Zimbabwe,3,Both,27,Age-standardized,976,Diabetes mellitus type 2,3,Rate,2003,3636.2707552911397,4008.00502043358,3319.36360890268
1,All Population,5,Prevalence,416,Tuvalu,3,Both,27,Age-standardized,976,Diabetes mellitus type 2,3,Rate,2000,7838.39251208449,8574.10537321308,7099.08942653
1,All Population,5,Prevalence,191,Zambia,3,Both,27,Age-standardized,976,Diabetes mellitus type 2,3,Rate,2003,4078.0063667374397,4457.71957682499,3733.43163083548
1,All Population,5,Prevalence,19,Timor-Leste,3,Both,27,Age-standardized,976,Diabetes mellitus type 2,3,Rate,2003,2760.29748920315,3022.78730981827,2513.6646657061096
1,All Population,5,Prevalence,202,Cameroon,3,Both,27,Age-standardized,976,Diabetes mellitus type 2,3,Rate,2003,3795.79682873239,4099.84177345999,3524.0391900429304
1,All Population,5,Prevalence,85,Israel,3,Both,27,Age-standardized,976,Diabetes mellitus type 2,3,Rate,2003,3465.5354699552,3668.85609555046,3272.67417696607
1,All Population,5,Prevalence,98,Chile,3,Both,27,Age-standardized,976,Diabetes mellitus type 2,3,Rate,2003,1841.03634579956,1945.0891100194701,1751.3355809537697
1,All Population,5,Prevalence,145,Kuwait,3,Both,27,Age-standardized,976,Diabetes mellitus type 2,3,Rate,2003,12461.124313088589,13398.791596577501,11576.50279103059
1,All Population,5,Prevalence,179,Ethiopia,3,Both,27,Age-standardized,976,Diabetes mellitus type 2,3,Rate,2000,2833.78194080907,3104.52820465868,2538.05796950254
1,All Population,5,Prevalence,156,United Arab Emirates,3,Both,27,Age-standardized,976,Diabetes mellitus type 2,3,Rate,2003,10759.045884754261,11699.488986627,9843.74648352197
1,All Population,5,Prevalence,111,Dominican Republic,3,Both,27,Age-standardized,976,Diabetes mellitus type 2,3,Rate,2003,5671.938211474519,6115.8802493371895,5251.35249323541
1,All Population,5,Prevalence,204,Chad,3,Both,27,Age-standardized,976,Diabetes mellitus type 2,3,Rate,2003,4150.70570463334,4543.29711334583,3786.7432116342197
1,All Population,5,Prevalence,6,China,3,Both,27,Age-standardized,976,Diabetes mellitus type 2,3,Rate,2003,5337.1764647714,5891.19579417824,4904.687832866271
1,All Population,5,Prevalence,193,Botswana,3,Both,27,Age-standardized,976,Diabetes mellitus type 2,3,Rate,2003,4639.72538932988,5055.42416142551,4274.1144740030695
1,All Population,5,Prevalence,126,Costa Rica,3,Both,27,Age-standardized,976,Diabetes mellitus type 2,3,Rate,2003,5973.24996321701,6512.7290736784,5543.8348798989
1,All Population,5,Prevalence,66,Brunei Darussalam,3,Both,27,Age-standardized,976,Diabetes mellitus type 2,3,Rate,2003,6819.89835978257,7300.03993986163,6364.188647485169
1,All Population,5,Prevalence,147,Libya,3,Both,27,Age-standardized,976,Diabetes mellitus type 2,3,Rate,2003,8369.423700590201,9041.43139315025,7677.15392964497
1,All Population,5,Prevalence,113,Guyana,3,Both,27,Age-standardized,976,Diabetes mellitus type 2,3,Rate,2003,9963.85080910856,10682.506541473,9271.35059693189
1,All Population,5,Prevalence,422,United States Virgin Islands,3,Both,27,Age-standardized,976,Diabetes mellitus type 2,3,Rate,2003,6929.604687326129,7580.0649243730395,6403.529630034361
1,All Population,5,Prevalence,8,Taiwan,3,Both,27,Age-standardized,976,Diabetes mellitus type 2,3,Rate,2003,5858.01000520907,6242.74768013948,5495.870455833679
1,All Population,5,Prevalence,123,Peru,3,Both,27,Age-standardized,976,Diabetes mellitus type 2,3,Rate,2000,2247.4942051498,2478.0286311610603,2050.77630892938
1,All Population,5,Prevalence,413,Tokelau,3,Both,27,Age-standardized,976,Diabetes mellitus type 2,3,Rate,2003,14043.779423833948,15087.773875008139,13027.46777114624
1,All Population,5,Prevalence,213,Niger,3,Both,27,Age-standardized,976,Diabetes mellitus type 2,3,Rate,2003,3862.74009444468,4246.65960504348,3550.5177861054
1,All Population,5,Prevalence,68,Republic of Korea,3,Both,27,Age-standardized,976,Diabetes mellitus type 2,3,Rate,2003,5284.26236494476,5522.5168483814405,5024.64995792343
1,All Population,5,Prevalence,171,Democratic Republic of the Congo,3,Both,27,Age-standardized,976,Diabetes mellitus type 2,3,Rate,2003,5207.65686582928,5695.91602779567,4800.24498060967
1,All Population,5,Prevalence,128,Guatemala,3,Both,27,Age-standardized,976,Diabetes mellitus type 2,3,Rate,2003,6841.80965998184,7177.04921707769,6492.1327601432195
1,All Population,5,Prevalence,206,Gambia,3,Both,27,Age-standardized,976,Diabetes mellitus type 2,3,Rate,2003,5205.69083804556,5641.422188816679,4772.56204066028
1,All Population,5,Prevalence,369,Nauru,3,Both,27,Age-standardized,976,Diabetes mellitus type 2,3,Rate,2003,13352.15087021987,14104.037124178789,12510.58202510485
1,All Population,5,Prevalence,78,Denmark,3,Both,27,Age-standardized,976,Diabetes mellitus type 2,3,Rate,2000,2252.20710776316,2440.46275307391,2065.84847758641
1,All Population,5,Prevalence,160,Afghanistan,3,Both,27,Age-standardized,976,Diabetes mellitus type 2,3,Rate,2003,7325.56371168813,7954.8278514819895,6695.809586930709
1,All Population,5,Prevalence,200,Benin,3,Both,27,Age-standardized,976,Diabetes mellitus type 2,3,Rate,2003,3593.13999400063,3915.07619128386,3302.94621442982
1,All Population,5,Prevalence,141,Egypt,3,Both,27,Age-standardized,976,Diabetes mellitus type 2,3,Rate,2003,8048.49718873789,8745.802948307859,7445.87749804831
1,All Population,5,Prevalence,23,Kiribati,3,Both,27,Age-standardized,976,Diabetes mellitus type 2,3,Rate,2003,12015.49595003496,12811.44706562543,11296.17493873501
1,All Population,5,Prevalence,115,Jamaica,3,Both,27,Age-standardized,976,Diabetes mellitus type 2,3,Rate,2003,7330.148413870299,7727.26760636351,6937.433413164409
1,All Population,5,Prevalence,15,Myanmar,3,Both,27,Age-standardized,976,Diabetes mellitus type 2,3,Rate,2003,4988.1786061834,5335.36633954977,4622.41670502309
1,All Population,5,Prevalence,208,Guinea,3,Both,27,Age-standardized,976,Diabetes mellitus type 2,3,Rate,2003,3463.3161657694,3772.73033574396,3203.1727252061096
1,All Population,5,Prevalence,178,Eritrea,3,Both,27,Age-standardized,976,Diabetes mellitus type 2,3,Rate,2003,2932.39152996368,3202.3044796201098,2693.49743100822
1,All Population,5,Prevalence,89,Netherlands,3,Both,27,Age-standardized,976,Diabetes mellitus type 2,3,Rate,2000,3027.59317171327,3287.6520499984,2805.54355304736
1,All Population,5,Prevalence,162,Bhutan,3,Both,27,Age-standardized,976,Diabetes mellitus type 2,3,Rate,2003,4482.86056110397,4810.41719470871,4135.45408419216
1,All Population,5,Prevalence,320,Cook Islands,3,Both,27,Age-standardized,976,Diabetes mellitus type 2,3,Rate,2003,15098.139852845828,15850.75698571534,14206.08079237976
1,All Population,5,Prevalence,173,Gabon,3,Both,27,Age-standardized,976,Diabetes mellitus type 2,3,Rate,2003,6566.12760885231,7112.54102391196,5981.52769927238
1,All Population,5,Prevalence,79,Finland,3,Both,27,Age-standardized,976,Diabetes mellitus type 2,3,Rate,2003,4727.18510985766,5126.13216440357,4358.2146513255
1,All Population,5,Prevalence,215,Sao Tome and Principe,3,Both,27,Age-standardized,976,Diabetes mellitus type 2,3,Rate,2003,4558.76471011149,5023.8179753627,4155.397951387859
1,All Population,5,Prevalence,186,Seychelles,3,Both,27,Age-standardized,976,Diabetes mellitus type 2,3,Rate,2003,6251.812987591079,6793.750464790251,5798.71223318938
1,All Population,5,Prevalence,216,Senegal,3,Both,27,Age-standardized,976,Diabetes mellitus type 2,3,Rate,2000,6015.58969287493,6587.16862567459,5490.57969717687
1,All Population,5,Prevalence,132,Panama,3,Both,27,Age-standardized,976,Diabetes mellitus type 2,3,Rate,2000,5143.554571286621,5613.5154846389905,4701.26538581155
1,All Population,5,Prevalence,175,Burundi,3,Both,27,Age-standardized,976,Diabetes mellitus type 2,3,Rate,2003,2898.25233844547,3145.60376650943,2637.87463035189
1,All Population,5,Prevalence,351,Guam,3,Both,27,Age-standardized,976,Diabetes mellitus type 2,3,Rate,2003,6186.1233104417,6711.71128649846,5728.28747787858
1,All Population,5,Prevalence,81,Germany,3,Both,27,Age-standardized,976,Diabetes mellitus type 2,3,Rate,2003,4135.099573139641,4407.32231904755,3838.08805846078
1,All Population,5,Prevalence,153,Syrian Arab Republic,3,Both,27,Age-standardized,976,Diabetes mellitus type 2,3,Rate,2000,6991.05042606787,7622.342804120461,6380.09880052776
1,All Population,5,Prevalence,24,Marshall Islands,3,Both,27,Age-standardized,976,Diabetes mellitus type 2,3,Rate,2004,15042.295035070621,16246.338263348938,13758.586298464621
1,All Population,5,Prevalence,168,Angola,3,Both,27,Age-standardized,976,Diabetes mellitus type 2,3,Rate,2000,5741.5913811697,6261.92103846845,5196.5349887913
1,All Population,5,Prevalence,181,Madagascar,3,Both,27,Age-standardized,976,Diabetes mellitus type 2,3,Rate,2000,2670.67282806931,2909.47743655454,2460.01874721367
1,All Population,5,Prevalence,82,Greece,3,Both,27,Age-standardized,976,Diabetes mellitus type 2,3,Rate,2004,3034.6061664682297,3286.40404463807,2812.65486767833
1,All Population,5,Prevalence,84,Ireland,3,Both,27,Age-standardized,976,Diabetes mellitus type 2,3,Rate,2004,2159.28552299317,2367.73818777191,1967.68097674168
1,All Population,5,Prevalence,376,Northern Mariana Islands,3,Both,27,Age-standardized,976,Diabetes mellitus type 2,3,Rate,2000,9829.01730235725,10666.32577140944,8970.58465697992
1,All Population,5,Prevalence,189,United Republic of Tanzania,3,Both,27,Age-standardized,976,Diabetes mellitus type 2,3,Rate,2003,2489.9746727493703,2686.87230725088,2324.0237114146503
1,All Population,5,Prevalence,94,Switzerland,3,Both,27,Age-standardized,976,Diabetes mellitus type 2,3,Rate,2003,3135.9278291282003,3454.2659421966,2851.87031361053
1,All Population,5,Prevalence,95,United Kingdom,3,Both,27,Age-standardized,976,Diabetes mellitus type 2,3,Rate,2004,4065.9874650624997,4408.29214855595,3720.5996434657695
1,All Population,5,Prevalence,18,Thailand,3,Both,27,Age-standardized,976,Diabetes mellitus type 2,3,Rate,2004,4179.69333150731,4534.80828479687,3875.0917485831897
1,All Population,5,Prevalence,7,Democratic People's Republic of Korea,3,Both,27,Age-standardized,976,Diabetes mellitus type 2,3,Rate,2004,4481.17931162006,4933.39049358473,4048.30410418641
1,All Population,5,Prevalence,170,Congo,3,Both,27,Age-standardized,976,Diabetes mellitus type 2,3,Rate,2000,5976.84969202674,6538.997002560699,5431.92428822859
1,All Population,5,Prevalence,195,Namibia,3,Both,27,Age-standardized,976,Diabetes mellitus type 2,3,Rate,2000,4229.84156567861,4678.40539955642,3860.3528726752897
1,All Population,5,Prevalence,20,Viet Nam,3,Both,27,Age-standardized,976,Diabetes mellitus type 2,3,Rate,2004,2929.35801365511,3219.26146807382,2683.00397565344
1,All Population,5,Prevalence,97,Argentina,3,Both,27,Age-standardized,976,Diabetes mellitus type 2,3,Rate,2004,3194.38656261063,3404.6132202749804,2996.15049023743
1,All Population,5,Prevalence,67,Japan,3,Both,27,Age-standardized,976,Diabetes mellitus type 2,3,Rate,2004,5690.77795870035,6306.47897243775,5137.51997083595
1,All Population,5,Prevalence,22,Fiji,3,Both,27,Age-standardized,976,Diabetes mellitus type 2,3,Rate,2004,13184.655797302861,13973.23970077262,12350.36098971809
1,All Population,5,Prevalence,140,Bahrain,3,Both,27,Age-standardized,976,Diabetes mellitus type 2,3,Rate,2004,12945.008350019149,14065.17825626559,12048.85680094974
1,All Population,5,Prevalence,129,Honduras,3,Both,27,Age-standardized,976,Diabetes mellitus type 2,3,Rate,2004,4638.02194104214,5089.16620413636,4222.27010810965
1,All Population,5,Prevalence,187,Somalia,3,Both,27,Age-standardized,976,Diabetes mellitus type 2,3,Rate,2004,2999.7201364198,3249.84499099415,2738.6444803312497
1,All Population,5,Prevalence,349,Greenland,3,Both,27,Age-standardized,976,Diabetes mellitus type 2,3,Rate,2004,2157.20451323713,2429.03294433281,1939.69252578551
1,All Population,5,Prevalence,176,Comoros,3,Both,27,Age-standardized,976,Diabetes mellitus type 2,3,Rate,2004,3446.42849455441,3751.3052630384595,3182.3052337762697
1,All Population,5,Prevalence,136,Paraguay,3,Both,27,Age-standardized,976,Diabetes mellitus type 2,3,Rate,2000,5148.80799970408,5569.34156487676,4741.5571153458295
1,All Population,5,Prevalence,110,Dominica,3,Both,27,Age-standardized,976,Diabetes mellitus type 2,3,Rate,2004,8404.40161720108,9100.37552978987,7736.367361099
1,All Population,5,Prevalence,142,Iran (Islamic Republic of),3,Both,27,Age-standardized,976,Diabetes mellitus type 2,3,Rate,2004,5229.88598861414,5754.15451988907,4724.88661397258
1,All Population,5,Prevalence,190,Uganda,3,Both,27,Age-standardized,976,Diabetes mellitus type 2,3,Rate,2004,3690.3944218289903,3984.14264394642,3400.41732413591
1,All Population,5,Prevalence,69,Singapore,3,Both,27,Age-standardized,976,Diabetes mellitus type 2,3,Rate,2004,4950.290189632639,5308.98113927517,4676.3827888081805
1,All Population,5,Prevalence,522,Sudan,3,Both,27,Age-standardized,976,Diabetes mellitus type 2,3,Rate,2004,5888.07278124041,6474.87781195859,5279.85704956525
1,All Population,5,Prevalence,99,Uruguay,3,Both,27,Age-standardized,976,Diabetes mellitus type 2,3,Rate,2004,2861.50453055016,3088.98601232615,2604.75391942697
1,All Population,5,Prevalence,131,Nicaragua,3,Both,27,Age-standardized,976,Diabetes mellitus type 2,3,Rate,2004,4332.42306148668,4681.244154390591,3989.5176538445003
1,All Population,5,Prevalence,112,Grenada,3,Both,27,Age-standardized,976,Diabetes mellitus type 2,3,Rate,2004,9956.10177753142,10625.649542802359,9201.91149805996
1,All Population,5,Prevalence,183,Mauritius,3,Both,27,Age-standardized,976,Diabetes mellitus type 2,3,Rate,2000,11031.24159399089,11593.76520215426,10531.447354462869
1,All Population,5,Prevalence,144,Jordan,3,Both,27,Age-standardized,976,Diabetes mellitus type 2,3,Rate,2004,9794.44586219461,10405.28776621958,9192.86138476021
1,All Population,5,Prevalence,80,France,3,Both,27,Age-standardized,976,Diabetes mellitus type 2,3,Rate,2004,3431.8789955787597,3719.38643061505,3168.3037891006197
1,All Population,5,Prevalence,203,Cabo Verde,3,Both,27,Age-standardized,976,Diabetes mellitus type 2,3,Rate,2004,4854.59938117145,5282.25476110773,4445.539947081141
1,All Population,5,Prevalence,367,Monaco,3,Both,27,Age-standardized,976,Diabetes mellitus type 2,3,Rate,2004,2663.1587863815603,2992.07365841459,2367.51644475001
1,All Population,5,Prevalence,101,Canada,3,Both,27,Age-standardized,976,Diabetes mellitus type 2,3,Rate,2004,2662.1425055227,2851.4549951101103,2467.7671088083002
1,All Population,5,Prevalence,155,Türkiye,3,Both,27,Age-standardized,976,Diabetes mellitus type 2,3,Rate,2004,5839.3641942389395,6245.44581176403,5404.82818716019
1,All Population,5,Prevalence,146,Lebanon,3,Both,27,Age-standardized,976,Diabetes mellitus type 2,3,Rate,2004,7972.86911565805,8775.772244596761,7249.5542422998105
1,All Population,5,Prevalence,11,Indonesia,3,Both,27,Age-standardized,976,Diabetes mellitus type 2,3,Rate,2004,3791.3997611756604,4185.30540025595,3388.9843136917702
1,All Population,5,Prevalence,26,Papua New Guinea,3,Both,27,Age-standardized,976,Diabetes mellitus type 2,3,Rate,2004,7434.27984942673,8023.28645010538,6781.12547578474
1,All Population,5,Prevalence,13,Malaysia,3,Both,27,Age-standardized,976,Diabetes mellitus type 2,3,Rate,2004,6857.37356284487,7427.30742139323,6351.31236553706
1,All Population,5,Prevalence,15,Myanmar,3,Both,27,Age-standardized,976,Diabetes mellitus type 2,3,Rate,2004,5005.97691208449,5352.8847308927,4665.29590718941
1,All Population,5,Prevalence,28,Solomon Islands,3,Both,27,Age-standardized,976,Diabetes mellitus type 2,3,Rate,2004,7258.2312772936,7809.88049763232,6664.059237076291
1,All Population,5,Prevalence,30,Vanuatu,3,Both,27,Age-standardized,976,Diabetes mellitus type 2,3,Rate,2004,7859.80057047633,8477.09096528039,7261.3807209551105
1,All Population,5,Prevalence,114,Haiti,3,Both,27,Age-standardized,976,Diabetes mellitus type 2,3,Rate,2004,5785.46199036646,6298.61311045268,5260.22829700674
1,All Population,5,Prevalence,194,Lesotho,3,Both,27,Age-standardized,976,Diabetes mellitus type 2,3,Rate,2004,3769.58647449289,4113.04458651845,3452.87123515955
1,All Population,5,Prevalence,205,Côte d'Ivoire,3,Both,27,Age-standardized,976,Diabetes mellitus type 2,3,Rate,2004,4431.04392531568,4828.28312629317,4076.70184437346
1,All Population,5,Prevalence,435,South Sudan,3,Both,27,Age-standardized,976,Diabetes mellitus type 2,3,Rate,2004,2773.28259215206,3011.62588364858,2523.23247803568
1,All Population,5,Prevalence,157,Yemen,3,Both,27,Age-standardized,976,Diabetes mellitus type 2,3,Rate,2004,3126.7260929912404,3418.13496129531,2851.6983875597202
1,All Population,5,Prevalence,19,Timor-Leste,3,Both,27,Age-standardized,976,Diabetes mellitus type 2,3,Rate,2004,2768.1953794571,3027.7309781818503,2517.18157953002
1,All Population,5,Prevalence,8,Taiwan,3,Both,27,Age-standardized,976,Diabetes mellitus type 2,3,Rate,2004,5930.28991999807,6325.485828209789,5574.48309616025
1,All Population,5,Prevalence,218,Togo,3,Both,27,Age-standardized,976,Diabetes mellitus type 2,3,Rate,2004,3167.13101886165,3432.48020238638,2915.6355401128003
1,All Population,5,Prevalence,116,Saint Lucia,3,Both,27,Age-standardized,976,Diabetes mellitus type 2,3,Rate,2004,10365.27441674299,11287.09648123842,9349.7475454372
1,All Population,5,Prevalence,125,Colombia,3,Both,27,Age-standardized,976,Diabetes mellitus type 2,3,Rate,2004,4491.67839323083,4807.97328377923,4215.669164849721
1,All Population,5,Prevalence,66,Brunei Darussalam,3,Both,27,Age-standardized,976,Diabetes mellitus type 2,3,Rate,2004,6899.529736387611,7453.581177247,6408.5118551631
1,All Population,5,Prevalence,305,Bermuda,3,Both,27,Age-standardized,976,Diabetes mellitus type 2,3,Rate,2004,4831.46858774821,5326.20959751044,4448.13025581533
1,All Population,5,Prevalence,207,Ghana,3,Both,27,Age-standardized,976,Diabetes mellitus type 2,3,Rate,2004,4354.424992914261,4663.59585723019,4039.3781761120304
1,All Population,5,Prevalence,127,El Salvador,3,Both,27,Age-standardized,976,Diabetes mellitus type 2,3,Rate,2004,5814.38561564448,6282.94486661867,5338.84933799817
1,All Population,5,Prevalence,172,Equatorial Guinea,3,Both,27,Age-standardized,976,Diabetes mellitus type 2,3,Rate,2004,5945.36494845093,6496.040506122939,5406.63880920396
1,All Population,5,Prevalence,23,Kiribati,3,Both,27,Age-standardized,976,Diabetes mellitus type 2,3,Rate,2004,12205.46285230433,12961.05559439412,11442.68578946237
1,All Population,5,Prevalence,161,Bangladesh,3,Both,27,Age-standardized,976,Diabetes mellitus type 2,3,Rate,2004,5400.34785984209,5828.89740253939,5070.15328367701
1,All Population,5,Prevalence,209,Guinea-Bissau,3,Both,27,Age-standardized,976,Diabetes mellitus type 2,3,Rate,2004,4665.91140695839,5038.29666901513,4260.499281520861
1,All Population,5,Prevalence,68,Republic of Korea,3,Both,27,Age-standardized,976,Diabetes mellitus type 2,3,Rate,2004,5308.593189931779,5546.12588951244,5066.55579698837
1,All Population,5,Prevalence,6,China,3,Both,27,Age-standardized,976,Diabetes mellitus type 2,3,Rate,2004,5251.29845009931,5782.3298307893,4845.04320894945
1,All Population,5,Prevalence,17,Sri Lanka,3,Both,27,Age-standardized,976,Diabetes mellitus type 2,3,Rate,2004,7094.76535814796,7454.2134244219005,6695.014568502331
1,All Population,5,Prevalence,18,Thailand,3,Both,27,Age-standardized,976,Diabetes mellitus type 2,3,Rate,2005,4221.57108619076,4575.3178134258,3896.88625491758
1,All Population,5,Prevalence,7,Democratic People's Republic of Korea,3,Both,27,Age-standardized,976,Diabetes mellitus type 2,3,Rate,2005,4521.20194344737,4988.10697752363,4056.92869523484
1,All Population,5,Prevalence,20,Viet Nam,3,Both,27,Age-standardized,976,Diabetes mellitus type 2,3,Rate,2005,2952.28841200771,3245.4725214408704,2710.07115070916
1,All Population,5,Prevalence,22,Fiji,3,Both,27,Age-standardized,976,Diabetes mellitus type 2,3,Rate,2005,13234.905092772009,13978.549736447549,12397.74242657325
1,All Population,5,Prevalence,24,Marshall Islands,3,Both,27,Age-standardized,976,Diabetes mellitus type 2,3,Rate,2005,15231.57688312479,16451.28660178784,13927.689787445399
1,All Population,5,Prevalence,99,Uruguay,3,Both,27,Age-standardized,976,Diabetes mellitus type 2,3,Rate,2005,2898.59553917013,3127.2415853644,2622.71987663006
1,All Population,5,Prevalence,67,Japan,3,Both,27,Age-standardized,976,Diabetes mellitus type 2,3,Rate,2005,5695.5721754183705,6307.0786522952,5137.41048669246
1,All Population,5,Prevalence,146,Lebanon,3,Both,27,Age-standardized,976,Diabetes mellitus type 2,3,Rate,2005,8093.773218254601,8863.12649658234,7336.8542581991005
1,All Population,5,Prevalence,112,Grenada,3,Both,27,Age-standardized,976,Diabetes mellitus type 2,3,Rate,2005,9982.04719731536,10691.62117411841,9198.31309253713
1,All Population,5,Prevalence,125,Colombia,3,Both,27,Age-standardized,976,Diabetes mellitus type 2,3,Rate,2005,4522.06261742661,4850.99766307586,4233.64538153049
1,All Population,5,Prevalence,101,Canada,3,Both,27,Age-standardized,976,Diabetes mellitus type 2,3,Rate,2005,2714.6835180894,2928.2490138674702,2499.5194440846203
1,All Population,5,Prevalence,80,France,3,Both,27,Age-standardized,976,Diabetes mellitus type 2,3,Rate,2005,3462.8660100992997,3752.0270876530503,3179.5053685412704
1,All Population,5,Prevalence,69,Singapore,3,Both,27,Age-standardized,976,Diabetes mellitus type 2,3,Rate,2005,4939.1239284608,5302.31557709937,4646.085430782499
1,All Population,5,Prevalence,127,El Salvador,3,Both,27,Age-standardized,976,Diabetes mellitus type 2,3,Rate,2005,5871.08434311772,6395.18912025679,5392.0668252836795
1,All Population,5,Prevalence,114,Haiti,3,Both,27,Age-standardized,976,Diabetes mellitus type 2,3,Rate,2005,5807.4634404955705,6318.14335225346,5249.98113844817
1,All Population,5,Prevalence,129,Honduras,3,Both,27,Age-standardized,976,Diabetes mellitus type 2,3,Rate,2005,4673.31839173636,5125.5755378655695,4242.42544086078
1,All Population,5,Prevalence,194,Lesotho,3,Both,27,Age-standardized,976,Diabetes mellitus type 2,3,Rate,2005,3799.88021370042,4161.53608854063,3490.1214240999802
1,All Population,5,Prevalence,82,Greece,3,Both,27,Age-standardized,976,Diabetes mellitus type 2,3,Rate,2005,3058.7066395125503,3312.25063823556,2824.11937151138
1,All Population,5,Prevalence,161,Bangladesh,3,Both,27,Age-standardized,976,Diabetes mellitus type 2,3,Rate,2005,5428.6967074107,5868.3333136691,5076.14763846748
1,All Population,5,Prevalence,172,Equatorial Guinea,3,Both,27,Age-standardized,976,Diabetes mellitus type 2,3,Rate,2005,5997.77629511868,6561.96608293969,5458.84255315696
1,All Population,5,Prevalence,116,Saint Lucia,3,Both,27,Age-standardized,976,Diabetes mellitus type 2,3,Rate,2005,10330.32726314686,11332.310418685069,9337.77155390866
1,All Population,5,Prevalence,131,Nicaragua,3,Both,27,Age-standardized,976,Diabetes mellitus type 2,3,Rate,2005,4384.0538402683305,4774.2352646453,4031.9500213441397
1,All Population,5,Prevalence,95,United Kingdom,3,Both,27,Age-standardized,976,Diabetes mellitus type 2,3,Rate,2005,4111.692395203309,4437.22354262488,3779.56376291263
1,All Population,5,Prevalence,140,Bahrain,3,Both,27,Age-standardized,976,Diabetes mellitus type 2,3,Rate,2005,13157.8980693634,14397.35477674057,12211.22533437375
1,All Population,5,Prevalence,84,Ireland,3,Both,27,Age-standardized,976,Diabetes mellitus type 2,3,Rate,2005,2209.1562176336,2435.35479464071,2002.0306026851
1,All Population,5,Prevalence,97,Argentina,3,Both,27,Age-standardized,976,Diabetes mellitus type 2,3,Rate,2005,3203.64019087162,3443.0867168110703,2964.04513058495
1,All Population,5,Prevalence,142,Iran (Islamic Republic of),3,Both,27,Age-standardized,976,Diabetes mellitus type 2,3,Rate,2005,5311.42138319514,5846.19151379731,4800.25024094684
1,All Population,5,Prevalence,176,Comoros,3,Both,27,Age-standardized,976,Diabetes mellitus type 2,3,Rate,2005,3467.41596892216,3767.0227303098295,3204.71157734099
1,All Population,5,Prevalence,207,Ghana,3,Both,27,Age-standardized,976,Diabetes mellitus type 2,3,Rate,2005,4403.84649035637,4729.1422176405395,4066.14712263206
1,All Population,5,Prevalence,218,Togo,3,Both,27,Age-standardized,976,Diabetes mellitus type 2,3,Rate,2005,3196.87532780176,3462.60924667871,2932.76004384128
1,All Population,5,Prevalence,187,Somalia,3,Both,27,Age-standardized,976,Diabetes mellitus type 2,3,Rate,2005,3006.79328633417,3261.5567600919703,2750.66879366207
1,All Population,5,Prevalence,155,Türkiye,3,Both,27,Age-standardized,976,Diabetes mellitus type 2,3,Rate,2005,5901.338179939699,6306.9537179769695,5417.39252440766
1,All Population,5,Prevalence,209,Guinea-Bissau,3,Both,27,Age-standardized,976,Diabetes mellitus type 2,3,Rate,2005,4695.9274474165795,5077.04840314814,4270.83141650282
1,All Population,5,Prevalence,144,Jordan,3,Both,27,Age-standardized,976,Diabetes mellitus type 2,3,Rate,2005,9894.78671641373,10555.56375652799,9235.20140307915
1,All Population,5,Prevalence,190,Uganda,3,Both,27,Age-standardized,976,Diabetes mellitus type 2,3,Rate,2005,3713.18661012828,4000.36243134555,3414.5179415803404
1,All Population,5,Prevalence,157,Yemen,3,Both,27,Age-standardized,976,Diabetes mellitus type 2,3,Rate,2005,3208.7898039444,3511.14111321447,2926.70825142797
1,All Population,5,Prevalence,110,Dominica,3,Both,27,Age-standardized,976,Diabetes mellitus type 2,3,Rate,2005,8495.101399543959,9252.22009943443,7832.0669311970905
1,All Population,5,Prevalence,203,Cabo Verde,3,Both,27,Age-standardized,976,Diabetes mellitus type 2,3,Rate,2005,4911.948505475821,5340.514587723031,4485.88782256068
1,All Population,5,Prevalence,205,Côte d'Ivoire,3,Both,27,Age-standardized,976,Diabetes mellitus type 2,3,Rate,2005,4469.90327000407,4896.84709196295,4093.18515434011
1,All Population,5,Prevalence,305,Bermuda,3,Both,27,Age-standardized,976,Diabetes mellitus type 2,3,Rate,2005,4829.34677656452,5383.24021940475,4433.61440074372
1,All Population,5,Prevalence,349,Greenland,3,Both,27,Age-standardized,976,Diabetes mellitus type 2,3,Rate,2005,2197.6036168259097,2482.83567506142,1967.6808387319702
1,All Population,5,Prevalence,367,Monaco,3,Both,27,Age-standardized,976,Diabetes mellitus type 2,3,Rate,2005,2704.12428442314,3034.85359293774,2411.71252614398
1,All Population,5,Prevalence,435,South Sudan,3,Both,27,Age-standardized,976,Diabetes mellitus type 2,3,Rate,2005,2782.4041490579198,3032.8506842864,2523.32568466907
1,All Population,5,Prevalence,522,Sudan,3,Both,27,Age-standardized,976,Diabetes mellitus type 2,3,Rate,2005,6007.81431741565,6608.94048667546,5399.6809934105395
1,All Population,5,Prevalence,79,Finland,3,Both,27,Age-standardized,976,Diabetes mellitus type 2,3,Rate,2004,4793.20719514989,5185.781549955041,4419.07101551175
1,All Population,5,Prevalence,113,Guyana,3,Both,27,Age-standardized,976,Diabetes mellitus type 2,3,Rate,2004,10033.152339489001,10817.2401464773,9373.648638913639
1,All Population,5,Prevalence,160,Afghanistan,3,Both,27,Age-standardized,976,Diabetes mellitus type 2,3,Rate,2004,7488.755157100491,8128.566473045739,6832.40847145385
1,All Population,5,Prevalence,171,Democratic Republic of the Congo,3,Both,27,Age-standardized,976,Diabetes mellitus type 2,3,Rate,2004,5245.69847852784,5715.70275767594,4853.1719632166905
1,All Population,5,Prevalence,126,Costa Rica,3,Both,27,Age-standardized,976,Diabetes mellitus type 2,3,Rate,2004,6053.59113642833,6610.013918733231,5603.069599588291
1,All Population,5,Prevalence,81,Germany,3,Both,27,Age-standardized,976,Diabetes mellitus type 2,3,Rate,2004,4163.15747636014,4438.50624719316,3846.3533798909
1,All Population,5,Prevalence,208,Guinea,3,Both,27,Age-standardized,976,Diabetes mellitus type 2,3,Rate,2004,3496.6602703045696,3809.60979445213,3216.22823341811
1,All Population,5,Prevalence,115,Jamaica,3,Both,27,Age-standardized,976,Diabetes mellitus type 2,3,Rate,2004,7390.623381483109,7770.88817659483,6950.41571098883
1,All Population,5,Prevalence,173,Gabon,3,Both,27,Age-standardized,976,Diabetes mellitus type 2,3,Rate,2004,6631.730655601629,7176.965322253979,6035.36347557371
1,All Population,5,Prevalence,83,Iceland,3,Both,27,Age-standardized,976,Diabetes mellitus type 2,3,Rate,2004,2747.365310771,3037.40444094382,2497.5285008595997
1,All Population,5,Prevalence,162,Bhutan,3,Both,27,Age-standardized,976,Diabetes mellitus type 2,3,Rate,2004,4496.66802051595,4830.87429348201,4136.29785800361
1,All Population,5,Prevalence,186,Seychelles,3,Both,27,Age-standardized,976,Diabetes mellitus type 2,3,Rate,2004,6335.31223299142,6897.146971812471,5845.81927373879
1,All Population,5,Prevalence,175,Burundi,3,Both,27,Age-standardized,976,Diabetes mellitus type 2,3,Rate,2004,2911.04545604557,3156.0083679161203,2656.8197491984297
1,All Population,5,Prevalence,128,Guatemala,3,Both,27,Age-standardized,976,Diabetes mellitus type 2,3,Rate,2004,7070.330645811269,7429.74924250769,6708.63912203602
1,All Population,5,Prevalence,94,Switzerland,3,Both,27,Age-standardized,976,Diabetes mellitus type 2,3,Rate,2004,3129.7620398172403,3451.8677814248904,2834.96639081936
1,All Population,5,Prevalence,109,Cuba,3,Both,27,Age-standardized,976,Diabetes mellitus type 2,3,Rate,2004,3679.5903718973495,3947.79872720222,3446.68978506665
1,All Population,5,Prevalence,141,Egypt,3,Both,27,Age-standardized,976,Diabetes mellitus type 2,3,Rate,2004,8311.78427116987,9054.81592734689,7658.64778971214
1,All Population,5,Prevalence,189,United Republic of Tanzania,3,Both,27,Age-standardized,976,Diabetes mellitus type 2,3,Rate,2004,2509.92342729679,2706.5635858328,2336.50872565496
1,All Population,5,Prevalence,177,Djibouti,3,Both,27,Age-standardized,976,Diabetes mellitus type 2,3,Rate,2004,3000.6057913366803,3271.69348348896,2738.71112220542
1,All Population,5,Prevalence,130,Mexico,3,Both,27,Age-standardized,976,Diabetes mellitus type 2,3,Rate,2004,10948.10894948539,11943.30519458167,9902.4788681002
1,All Population,5,Prevalence,85,Israel,3,Both,27,Age-standardized,976,Diabetes mellitus type 2,3,Rate,2004,3500.9845177099096,3704.6218799238904,3298.67065003897
1,All Population,5,Prevalence,320,Cook Islands,3,Both,27,Age-standardized,976,Diabetes mellitus type 2,3,Rate,2004,15229.65145009105,16067.81821719954,14292.32843471752
1,All Population,5,Prevalence,156,United Arab Emirates,3,Both,27,Age-standardized,976,Diabetes mellitus type 2,3,Rate,2004,10857.25094347823,11882.97078942949,9940.10996131307
1,All Population,5,Prevalence,191,Zambia,3,Both,27,Age-standardized,976,Diabetes mellitus type 2,3,Rate,2004,4113.55436933088,4518.42180806352,3757.4772926300097
1,All Population,5,Prevalence,111,Dominican Republic,3,Both,27,Age-standardized,976,Diabetes mellitus type 2,3,Rate,2004,5771.408279197491,6259.517653453519,5329.55359264486
1,All Population,5,Prevalence,143,Iraq,3,Both,27,Age-standardized,976,Diabetes mellitus type 2,3,Rate,2004,8645.528603964569,9243.10133126676,8081.00907858063
1,All Population,5,Prevalence,98,Chile,3,Both,27,Age-standardized,976,Diabetes mellitus type 2,3,Rate,2004,1884.74629916414,1986.86844432438,1796.4859134348299
1,All Population,5,Prevalence,351,Guam,3,Both,27,Age-standardized,976,Diabetes mellitus type 2,3,Rate,2004,6221.080335244121,6746.10137696854,5734.08617808445
1,All Population,5,Prevalence,202,Cameroon,3,Both,27,Age-standardized,976,Diabetes mellitus type 2,3,Rate,2004,3895.9298057924398,4213.62222293217,3595.0991108847397
1,All Population,5,Prevalence,193,Botswana,3,Both,27,Age-standardized,976,Diabetes mellitus type 2,3,Rate,2004,4655.00484177434,5088.46985957669,4293.82789001191
1,All Population,5,Prevalence,145,Kuwait,3,Both,27,Age-standardized,976,Diabetes mellitus type 2,3,Rate,2004,12712.04516137891,13648.552180409351,11824.888208184111
1,All Population,5,Prevalence,204,Chad,3,Both,27,Age-standardized,976,Diabetes mellitus type 2,3,Rate,2004,4173.82627091171,4551.7009609036495,3804.74468643833
1,All Population,5,Prevalence,147,Libya,3,Both,27,Age-standardized,976,Diabetes mellitus type 2,3,Rate,2004,8571.64954763258,9258.85185351978,7861.867143515699
1,All Population,5,Prevalence,422,United States Virgin Islands,3,Both,27,Age-standardized,976,Diabetes mellitus type 2,3,Rate,2004,6979.30011341853,7660.58619443368,6469.224717889941
1,All Population,5,Prevalence,206,Gambia,3,Both,27,Age-standardized,976,Diabetes mellitus type 2,3,Rate,2004,5257.776117688661,5688.94325761241,4821.71282601579
1,All Population,5,Prevalence,369,Nauru,3,Both,27,Age-standardized,976,Diabetes mellitus type 2,3,Rate,2004,13508.80982508543,14272.749993329458,12694.09885108303
1,All Population,5,Prevalence,14,Maldives,3,Both,27,Age-standardized,976,Diabetes mellitus type 2,3,Rate,2001,3780.85668974471,4144.054504689851,3487.68242921704
1,All Population,5,Prevalence,16,Philippines,3,Both,27,Age-standardized,976,Diabetes mellitus type 2,3,Rate,2001,4634.40241608603,5066.49009044412,4192.06871955939
1,All Population,5,Prevalence,10,Cambodia,3,Both,27,Age-standardized,976,Diabetes mellitus type 2,3,Rate,2001,2674.26759286692,2923.24395436322,2446.07311173478
1,All Population,5,Prevalence,27,Samoa,3,Both,27,Age-standardized,976,Diabetes mellitus type 2,3,Rate,2001,9665.42981315766,10383.5306504357,8988.67175041065
1,All Population,5,Prevalence,29,Tonga,3,Both,27,Age-standardized,976,Diabetes mellitus type 2,3,Rate,2001,10436.71546535424,11291.99887042668,9735.15802095217
1,All Population,5,Prevalence,12,Lao People's Democratic Republic,3,Both,27,Age-standardized,976,Diabetes mellitus type 2,3,Rate,2001,3961.64177216853,4328.5546783623595,3554.19517027741
1,All Population,5,Prevalence,25,Micronesia (Federated States of),3,Both,27,Age-standardized,976,Diabetes mellitus type 2,3,Rate,2001,13383.93547047706,14063.583175798969,12668.365680506
1,All Population,5,Prevalence,74,Andorra,3,Both,27,Age-standardized,976,Diabetes mellitus type 2,3,Rate,2001,2437.36764260328,2764.83902292608,2168.70060606763
1,All Population,5,Prevalence,76,Belgium,3,Both,27,Age-standardized,976,Diabetes mellitus type 2,3,Rate,2001,2892.01016509675,3147.1703470163197,2669.28105867063
1,All Population,5,Prevalence,78,Denmark,3,Both,27,Age-standardized,976,Diabetes mellitus type 2,3,Rate,2001,2296.9939151012,2493.78983428166,2113.55549828842
1,All Population,5,Prevalence,87,Luxembourg,3,Both,27,Age-standardized,976,Diabetes mellitus type 2,3,Rate,2001,2652.89852256843,2944.1747406775,2373.96341357254
1,All Population,5,Prevalence,72,New Zealand,3,Both,27,Age-standardized,976,Diabetes mellitus type 2,3,Rate,2001,2518.54245403828,2680.54108166945,2346.09116339099
1,All Population,5,Prevalence,89,Netherlands,3,Both,27,Age-standardized,976,Diabetes mellitus type 2,3,Rate,2001,3030.62281443547,3288.23729616972,2802.42936895082
1,All Population,5,Prevalence,91,Portugal,3,Both,27,Age-standardized,976,Diabetes mellitus type 2,3,Rate,2001,4084.83214815079,4420.47667100028,3827.8714759485097
1,All Population,5,Prevalence,108,Belize,3,Both,27,Age-standardized,976,Diabetes mellitus type 2,3,Rate,2001,8053.8993770771,8637.030542719951,7473.462086350701
1,All Population,5,Prevalence,93,Sweden,3,Both,27,Age-standardized,976,Diabetes mellitus type 2,3,Rate,2001,3453.76698326086,3734.47458787661,3209.38655557098
1,All Population,5,Prevalence,119,Trinidad and Tobago,3,Both,27,Age-standardized,976,Diabetes mellitus type 2,3,Rate,2001,15144.78844552196,16136.43794151055,13151.93172714412
1,All Population,5,Prevalence,102,United States of America,3,Both,27,Age-standardized,976,Diabetes mellitus type 2,3,Rate,2001,5085.70378156221,5477.91559247409,4706.88945923924
1,All Population,5,Prevalence,121,Bolivia (Plurinational State of),3,Both,27,Age-standardized,976,Diabetes mellitus type 2,3,Rate,2001,4026.15796296397,4425.7889571286405,3694.2175726260602
1,All Population,5,Prevalence,132,Panama,3,Both,27,Age-standardized,976,Diabetes mellitus type 2,3,Rate,2001,5209.5271255078105,5687.88845544284,4808.3149842865905
1,All Population,5,Prevalence,123,Peru,3,Both,27,Age-standardized,976,Diabetes mellitus type 2,3,Rate,2001,2265.80837641548,2471.57309565986,2075.8984588155004
1,All Population,5,Prevalence,106,Bahamas,3,Both,27,Age-standardized,976,Diabetes mellitus type 2,3,Rate,2001,6929.978062139409,7481.20940793348,6470.380314122661
1,All Population,5,Prevalence,136,Paraguay,3,Both,27,Age-standardized,976,Diabetes mellitus type 2,3,Rate,2001,5227.38015613523,5626.30841164259,4830.77108833812
1,All Population,5,Prevalence,71,Australia,3,Both,27,Age-standardized,976,Diabetes mellitus type 2,3,Rate,2004,2462.84002444414,2640.32283665015,2292.66959296219
1,All Population,5,Prevalence,17,Sri Lanka,3,Both,27,Age-standardized,976,Diabetes mellitus type 2,3,Rate,2005,7236.14413528149,7608.4024616527495,6826.76397237303
1,All Population,5,Prevalence,92,Spain,3,Both,27,Age-standardized,976,Diabetes mellitus type 2,3,Rate,2004,4751.89512046326,5140.77052627402,4381.8351934515495
1,All Population,5,Prevalence,117,Saint Vincent and the Grenadines,3,Both,27,Age-standardized,976,Diabetes mellitus type 2,3,Rate,2001,10544.50170717136,11215.4978269285,9586.128132424621
1,All Population,5,Prevalence,6,China,3,Both,27,Age-standardized,976,Diabetes mellitus type 2,3,Rate,2005,5217.96967059834,5737.4956301700895,4825.0344631322505
1,All Population,5,Prevalence,75,Austria,3,Both,27,Age-standardized,976,Diabetes mellitus type 2,3,Rate,2004,2433.5058330584898,2600.65934158278,2266.61212254033
1,All Population,5,Prevalence,8,Taiwan,3,Both,27,Age-standardized,976,Diabetes mellitus type 2,3,Rate,2005,5974.51591112201,6375.394844943639,5617.7307231286995
1,All Population,5,Prevalence,86,Italy,3,Both,27,Age-standardized,976,Diabetes mellitus type 2,3,Rate,2004,3703.08347285773,4109.37109693842,3263.3775959356904
1,All Population,5,Prevalence,149,Palestine,3,Both,27,Age-standardized,976,Diabetes mellitus type 2,3,Rate,2001,8282.658188170899,8857.87190230056,7687.332812302559
1,All Population,5,Prevalence,66,Brunei Darussalam,3,Both,27,Age-standardized,976,Diabetes mellitus type 2,3,Rate,2005,6962.93631594434,7556.89848651893,6456.58536722434
1,All Population,5,Prevalence,19,Timor-Leste,3,Both,27,Age-standardized,976,Diabetes mellitus type 2,3,Rate,2005,2780.49113816542,3047.05719976121,2518.1167202279703
1,All Population,5,Prevalence,77,Cyprus,3,Both,27,Age-standardized,976,Diabetes mellitus type 2,3,Rate,2004,4464.66806978596,4876.2222916050205,4097.96832403129
1,All Population,5,Prevalence,105,Antigua and Barbuda,3,Both,27,Age-standardized,976,Diabetes mellitus type 2,3,Rate,2004,8245.20409296187,8900.308805269131,7685.076229134841
1,All Population,5,Prevalence,88,Malta,3,Both,27,Age-standardized,976,Diabetes mellitus type 2,3,Rate,2004,3267.3915639098204,3624.33813228392,3039.97055636109
1,All Population,5,Prevalence,107,Barbados,3,Both,27,Age-standardized,976,Diabetes mellitus type 2,3,Rate,2004,9510.74837431691,10130.726241008351,8745.58343942084
1,All Population,5,Prevalence,90,Norway,3,Both,27,Age-standardized,976,Diabetes mellitus type 2,3,Rate,2004,4060.35470462078,4560.3035256453195,3579.24522839125
1,All Population,5,Prevalence,68,Republic of Korea,3,Both,27,Age-standardized,976,Diabetes mellitus type 2,3,Rate,2005,5314.853932491799,5575.47151920971,5079.58821055416
1,All Population,5,Prevalence,151,Qatar,3,Both,27,Age-standardized,976,Diabetes mellitus type 2,3,Rate,2001,11370.24634499391,12427.87274815038,10535.886977939881
1,All Population,5,Prevalence,23,Kiribati,3,Both,27,Age-standardized,976,Diabetes mellitus type 2,3,Rate,2005,12370.65219655345,13110.413672169449,11587.987739546279
1,All Population,5,Prevalence,118,Suriname,3,Both,27,Age-standardized,976,Diabetes mellitus type 2,3,Rate,2004,8566.677641680399,9280.34086104947,7888.578975324651
1,All Population,5,Prevalence,139,Algeria,3,Both,27,Age-standardized,976,Diabetes mellitus type 2,3,Rate,2004,6749.28069865767,7430.03176720842,6150.68943802191
1,All Population,5,Prevalence,150,Oman,3,Both,27,Age-standardized,976,Diabetes mellitus type 2,3,Rate,2004,6835.37347445409,7477.95262309337,6337.36826453685
1,All Population,5,Prevalence,122,Ecuador,3,Both,27,Age-standardized,976,Diabetes mellitus type 2,3,Rate,2004,4814.89672403297,5090.9217293826605,4459.04132676458
1,All Population,5,Prevalence,168,Angola,3,Both,27,Age-standardized,976,Diabetes mellitus type 2,3,Rate,2001,5819.48934572516,6330.115601323991,5293.74337313833
1,All Population,5,Prevalence,83,Iceland,3,Both,27,Age-standardized,976,Diabetes mellitus type 2,3,Rate,2005,2786.69466547395,3086.88013169037,2534.504255556
1,All Population,5,Prevalence,152,Saudi Arabia,3,Both,27,Age-standardized,976,Diabetes mellitus type 2,3,Rate,2004,14404.726069335331,15636.45632702357,13223.81663663937
1,All Population,5,Prevalence,153,Syrian Arab Republic,3,Both,27,Age-standardized,976,Diabetes mellitus type 2,3,Rate,2001,7131.618016287759,7784.702570961111,6525.40367116804
1,All Population,5,Prevalence,179,Ethiopia,3,Both,27,Age-standardized,976,Diabetes mellitus type 2,3,Rate,2001,2837.15349981588,3111.9717636746,2540.20774677937
1,All Population,5,Prevalence,163,India,3,Both,27,Age-standardized,976,Diabetes mellitus type 2,3,Rate,2004,5603.34117438322,6105.357485943249,5119.27349358713
1,All Population,5,Prevalence,133,Venezuela (Bolivarian Republic of),3,Both,27,Age-standardized,976,Diabetes mellitus type 2,3,Rate,2004,5996.6020330288,6395.737023145361,5625.06680849463
1,All Population,5,Prevalence,154,Tunisia,3,Both,27,Age-standardized,976,Diabetes mellitus type 2,3,Rate,2004,7384.0164881726705,8108.517816768759,6745.40725433027
1,All Population,5,Prevalence,165,Pakistan,3,Both,27,Age-standardized,976,Diabetes mellitus type 2,3,Rate,2004,7339.062215102191,7972.55646054241,6635.68396344333
1,All Population,5,Prevalence,94,Switzerland,3,Both,27,Age-standardized,976,Diabetes mellitus type 2,3,Rate,2005,3127.66940310647,3466.63147423302,2820.3026387190603
1,All Population,5,Prevalence,85,Israel,3,Both,27,Age-standardized,976,Diabetes mellitus type 2,3,Rate,2005,3529.72138635827,3770.05358476325,3309.5314729531797
1,All Population,5,Prevalence,135,Brazil,3,Both,27,Age-standardized,976,Diabetes mellitus type 2,3,Rate,2004,4423.35609265669,4850.67100098586,3969.26731788607
1,All Population,5,Prevalence,198,Zimbabwe,3,Both,27,Age-standardized,976,Diabetes mellitus type 2,3,Rate,2004,3676.8251567701104,4060.5225676215005,3370.43154983682
1,All Population,5,Prevalence,178,Eritrea,3,Both,27,Age-standardized,976,Diabetes mellitus type 2,3,Rate,2004,2962.6251154228603,3224.0407243749996,2704.5238559823897
1,All Population,5,Prevalence,148,Morocco,3,Both,27,Age-standardized,976,Diabetes mellitus type 2,3,Rate,2004,6714.31698738088,7374.87405755937,6034.99766982954
1,All Population,5,Prevalence,200,Benin,3,Both,27,Age-standardized,976,Diabetes mellitus type 2,3,Rate,2004,3660.4793349225097,3983.6078269720597,3369.2741747048603
1,All Population,5,Prevalence,180,Kenya,3,Both,27,Age-standardized,976,Diabetes mellitus type 2,3,Rate,2004,3082.92442962889,3366.84788067696,2775.6657565356
1,All Population,5,Prevalence,170,Congo,3,Both,27,Age-standardized,976,Diabetes mellitus type 2,3,Rate,2001,6022.245436119189,6603.16985460593,5491.42935386044
1,All Population,5,Prevalence,130,Mexico,3,Both,27,Age-standardized,976,Diabetes mellitus type 2,3,Rate,2005,10967.30772026073,11968.16284021163,9932.461511182939
1,All Population,5,Prevalence,141,Egypt,3,Both,27,Age-standardized,976,Diabetes mellitus type 2,3,Rate,2005,8573.82006036074,9342.91695663127,7931.27951689621
1,All Population,5,Prevalence,169,Central African Republic,3,Both,27,Age-standardized,976,Diabetes mellitus type 2,3,Rate,2004,5506.9592231024,5978.23517984504,5055.37455510041
1,All Population,5,Prevalence,181,Madagascar,3,Both,27,Age-standardized,976,Diabetes mellitus type 2,3,Rate,2001,2680.86186749132,2922.4764577862597,2474.9054344495603
1,All Population,5,Prevalence,189,United Republic of Tanzania,3,Both,27,Age-standardized,976,Diabetes mellitus type 2,3,Rate,2005,2525.8865331654797,2732.75012928799,2345.86322513954
1,All Population,5,Prevalence,177,Djibouti,3,Both,27,Age-standardized,976,Diabetes mellitus type 2,3,Rate,2005,3017.10601483785,3294.23595892118,2747.82380797645
1,All Population,5,Prevalence,109,Cuba,3,Both,27,Age-standardized,976,Diabetes mellitus type 2,3,Rate,2005,3691.5295832541206,3972.35094366568,3440.00311524056
1,All Population,5,Prevalence,211,Mali,3,Both,27,Age-standardized,976,Diabetes mellitus type 2,3,Rate,2004,7749.03649026374,8433.99573973547,6964.07580120488
1,All Population,5,Prevalence,143,Iraq,3,Both,27,Age-standardized,976,Diabetes mellitus type 2,3,Rate,2005,8871.09422531457,9495.81982651911,8300.40292592542
1,All Population,5,Prevalence,202,Cameroon,3,Both,27,Age-standardized,976,Diabetes mellitus type 2,3,Rate,2005,3975.08420350344,4285.99952371997,3666.9113434427804
1,All Population,5,Prevalence,156,United Arab Emirates,3,Both,27,Age-standardized,976,Diabetes mellitus type 2,3,Rate,2005,10960.93952906715,12082.33725996853,10036.77988248433
1,All Population,5,Prevalence,191,Zambia,3,Both,27,Age-standardized,976,Diabetes mellitus type 2,3,Rate,2005,4151.81180310743,4569.87102789111,3777.7432972959
1,All Population,5,Prevalence,393,Saint Kitts and Nevis,3,Both,27,Age-standardized,976,Diabetes mellitus type 2,3,Rate,2004,7756.18753957524,8396.51858058313,7108.069854226979
1,All Population,5,Prevalence,98,Chile,3,Both,27,Age-standardized,976,Diabetes mellitus type 2,3,Rate,2005,1913.3563912338398,2023.72544766613,1817.8488210711
1,All Population,5,Prevalence,182,Malawi,3,Both,27,Age-standardized,976,Diabetes mellitus type 2,3,Rate,2004,2328.35990607624,2524.8726403344904,2140.22367554275
1,All Population,5,Prevalence,79,Finland,3,Both,27,Age-standardized,976,Diabetes mellitus type 2,3,Rate,2005,4843.14909380661,5246.432416618551,4447.7230536867
1,All Population,5,Prevalence,111,Dominican Republic,3,Both,27,Age-standardized,976,Diabetes mellitus type 2,3,Rate,2005,5871.09948133597,6397.55843960966,5395.98159349661
1,All Population,5,Prevalence,145,Kuwait,3,Both,27,Age-standardized,976,Diabetes mellitus type 2,3,Rate,2005,12961.72193626077,13879.112521225701,12064.11315898247
1,All Population,5,Prevalence,171,Democratic Republic of the Congo,3,Both,27,Age-standardized,976,Diabetes mellitus type 2,3,Rate,2005,5275.370948063251,5762.7515346932205,4887.04020514612
1,All Population,5,Prevalence,204,Chad,3,Both,27,Age-standardized,976,Diabetes mellitus type 2,3,Rate,2005,4186.32213894021,4562.32594938328,3819.30348018577
1,All Population,5,Prevalence,193,Botswana,3,Both,27,Age-standardized,976,Diabetes mellitus type 2,3,Rate,2005,4665.4696639925,5108.6259106997195,4303.42852281242
1,All Population,5,Prevalence,113,Guyana,3,Both,27,Age-standardized,976,Diabetes mellitus type 2,3,Rate,2005,10074.16874740317,10901.60625088682,9441.72778322701
1,All Population,5,Prevalence,351,Guam,3,Both,27,Age-standardized,976,Diabetes mellitus type 2,3,Rate,2005,6254.51379439955,6813.77448506376,5736.26074433769
1,All Population,5,Prevalence,413,Tokelau,3,Both,27,Age-standardized,976,Diabetes mellitus type 2,3,Rate,2004,14356.707049973242,15376.116125712218,13331.73302512245
1,All Population,5,Prevalence,147,Libya,3,Both,27,Age-standardized,976,Diabetes mellitus type 2,3,Rate,2005,8765.73915933265,9469.99770423313,8047.95464670624
1,All Population,5,Prevalence,206,Gambia,3,Both,27,Age-standardized,976,Diabetes mellitus type 2,3,Rate,2005,5307.16730248558,5764.84769706561,4853.96311978272
1,All Population,5,Prevalence,160,Afghanistan,3,Both,27,Age-standardized,976,Diabetes mellitus type 2,3,Rate,2005,7635.394265713109,8245.554988141,6938.667994648221
1,All Population,5,Prevalence,115,Jamaica,3,Both,27,Age-standardized,976,Diabetes mellitus type 2,3,Rate,2005,7453.83046437961,7866.90157061533,7003.59741938779
1,All Population,5,Prevalence,81,Germany,3,Both,27,Age-standardized,976,Diabetes mellitus type 2,3,Rate,2005,4182.3550177691895,4507.43337737805,3837.4844872088197
1,All Population,5,Prevalence,164,Nepal,3,Both,27,Age-standardized,976,Diabetes mellitus type 2,3,Rate,2001,5212.3819043555,5711.59776894029,4754.70808468513
1,All Population,5,Prevalence,208,Guinea,3,Both,27,Age-standardized,976,Diabetes mellitus type 2,3,Rate,2005,3525.1988250422,3864.6408672016805,3246.95768532122
1,All Population,5,Prevalence,173,Gabon,3,Both,27,Age-standardized,976,Diabetes mellitus type 2,3,Rate,2005,6683.55884166637,7234.6134450211,6061.98904088363
1,All Population,5,Prevalence,369,Nauru,3,Both,27,Age-standardized,976,Diabetes mellitus type 2,3,Rate,2005,13657.72756752151,14478.79994236768,12814.67841177242
1,All Population,5,Prevalence,184,Mozambique,3,Both,27,Age-standardized,976,Diabetes mellitus type 2,3,Rate,2004,2341.57810658818,2533.8596751116897,2149.81586289907
1,All Population,5,Prevalence,126,Costa Rica,3,Both,27,Age-standardized,976,Diabetes mellitus type 2,3,Rate,2005,6127.55040058042,6713.592630417969,5637.850610732719
1,All Population,5,Prevalence,183,Mauritius,3,Both,27,Age-standardized,976,Diabetes mellitus type 2,3,Rate,2001,11164.7334395318,11699.91010143876,10714.88008118534
1,All Population,5,Prevalence,162,Bhutan,3,Both,27,Age-standardized,976,Diabetes mellitus type 2,3,Rate,2005,4511.15161162204,4852.53744072476,4136.73019653497
1,All Population,5,Prevalence,213,Niger,3,Both,27,Age-standardized,976,Diabetes mellitus type 2,3,Rate,2004,3897.31080994176,4298.17817374819,3580.22556751178
1,All Population,5,Prevalence,320,Cook Islands,3,Both,27,Age-standardized,976,Diabetes mellitus type 2,3,Rate,2005,15357.291119166139,16230.372021391859,14380.11934354862
1,All Population,5,Prevalence,175,Burundi,3,Both,27,Age-standardized,976,Diabetes mellitus type 2,3,Rate,2005,2920.87769107602,3167.1241536484,2653.33769849896
1,All Population,5,Prevalence,196,South Africa,3,Both,27,Age-standardized,976,Diabetes mellitus type 2,3,Rate,2004,6264.831134988651,6855.689433309641,5627.66884505471
1,All Population,5,Prevalence,128,Guatemala,3,Both,27,Age-standardized,976,Diabetes mellitus type 2,3,Rate,2005,7263.86218512885,7642.64094532654,6864.21908562853
1,All Population,5,Prevalence,186,Seychelles,3,Both,27,Age-standardized,976,Diabetes mellitus type 2,3,Rate,2005,6422.17199833492,7011.03905593275,5893.17239716977
1,All Population,5,Prevalence,215,Sao Tome and Principe,3,Both,27,Age-standardized,976,Diabetes mellitus type 2,3,Rate,2004,4611.68551316314,5072.00265731892,4199.3215268058
1,All Population,5,Prevalence,15,Myanmar,3,Both,27,Age-standardized,976,Diabetes mellitus type 2,3,Rate,2005,5032.21242957043,5391.68861560723,4697.51264610412
1,All Population,5,Prevalence,26,Papua New Guinea,3,Both,27,Age-standardized,976,Diabetes mellitus type 2,3,Rate,2005,7470.65112001845,8105.370767814191,6822.7384809878
1,All Population,5,Prevalence,374,Niue,3,Both,27,Age-standardized,976,Diabetes mellitus type 2,3,Rate,2004,13593.753265875519,14569.272409763758,12520.787555448489
1,All Population,5,Prevalence,28,Solomon Islands,3,Both,27,Age-standardized,976,Diabetes mellitus type 2,3,Rate,2005,7336.1626422319705,7893.448485823231,6704.92381757406
1,All Population,5,Prevalence,298,American Samoa,3,Both,27,Age-standardized,976,Diabetes mellitus type 2,3,Rate,2004,15210.62192864386,16045.87516159638,14412.54825910294
1,All Population,5,Prevalence,217,Sierra Leone,3,Both,27,Age-standardized,976,Diabetes mellitus type 2,3,Rate,2004,4060.9977705700103,4405.32770510675,3715.3445497561297
1,All Population,5,Prevalence,380,Palau,3,Both,27,Age-standardized,976,Diabetes mellitus type 2,3,Rate,2004,10547.95511058713,11213.23175169266,9756.05652624769
1,All Population,5,Prevalence,11,Indonesia,3,Both,27,Age-standardized,976,Diabetes mellitus type 2,3,Rate,2005,3843.12422707399,4251.032983613641,3430.98541431682
1,All Population,5,Prevalence,30,Vanuatu,3,Both,27,Age-standardized,976,Diabetes mellitus type 2,3,Rate,2005,7898.41449060186,8565.57993492338,7287.611021029169
1,All Population,5,Prevalence,422,United States Virgin Islands,3,Both,27,Age-standardized,976,Diabetes mellitus type 2,3,Rate,2005,7026.601664931321,7784.240832653901,6498.144324301839
1,All Population,5,Prevalence,13,Malaysia,3,Both,27,Age-standardized,976,Diabetes mellitus type 2,3,Rate,2005,6878.2894351063,7496.69927945312,6366.79569770927
1,All Population,5,Prevalence,185,Rwanda,3,Both,27,Age-standardized,976,Diabetes mellitus type 2,3,Rate,2001,2577.8797111530203,2795.95216875421,2368.2762666367803
1,All Population,5,Prevalence,75,Austria,3,Both,27,Age-standardized,976,Diabetes mellitus type 2,3,Rate,2005,2440.0522598552297,2617.46014862482,2258.38957930364
1,All Population,5,Prevalence,86,Italy,3,Both,27,Age-standardized,976,Diabetes mellitus type 2,3,Rate,2005,3713.8721079481998,4117.56706389459,3274.7966375908704
1,All Population,5,Prevalence,195,Namibia,3,Both,27,Age-standardized,976,Diabetes mellitus type 2,3,Rate,2001,4250.96806048433,4681.62020848205,3895.8396306683603
1,All Population,5,Prevalence,77,Cyprus,3,Both,27,Age-standardized,976,Diabetes mellitus type 2,3,Rate,2005,4463.329260968319,4904.87446409449,4081.02574308852
1,All Population,5,Prevalence,88,Malta,3,Both,27,Age-standardized,976,Diabetes mellitus type 2,3,Rate,2005,3276.74712278241,3659.60002402015,3041.49051017708
1,All Population,5,Prevalence,122,Ecuador,3,Both,27,Age-standardized,976,Diabetes mellitus type 2,3,Rate,2005,4858.44291481934,5156.92399856684,4512.63049471138
1,All Population,5,Prevalence,90,Norway,3,Both,27,Age-standardized,976,Diabetes mellitus type 2,3,Rate,2005,4064.19469721953,4571.44682222408,3573.1180601212
1,All Population,5,Prevalence,197,Eswatini,3,Both,27,Age-standardized,976,Diabetes mellitus type 2,3,Rate,2001,5377.09291358114,5791.84505758183,4904.8073686711805
1,All Population,5,Prevalence,92,Spain,3,Both,27,Age-standardized,976,Diabetes mellitus type 2,3,Rate,2005,4755.89550006714,5132.6447281683295,4398.8278863479
1,All Population,5,Prevalence,105,Antigua and Barbuda,3,Both,27,Age-standardized,976,Diabetes mellitus type 2,3,Rate,2005,8269.46845064749,8967.14987322538,7697.10457331689
1,All Population,5,Prevalence,133,Venezuela (Bolivarian Republic of),3,Both,27,Age-standardized,976,Diabetes mellitus type 2,3,Rate,2005,6046.43023406876,6463.53930634113,5648.60635418168
1,All Population,5,Prevalence,214,Nigeria,3,Both,27,Age-standardized,976,Diabetes mellitus type 2,3,Rate,2001,3179.3275536382303,3482.66884245855,2881.44945915462
1,All Population,5,Prevalence,135,Brazil,3,Both,27,Age-standardized,976,Diabetes mellitus type 2,3,Rate,2005,4453.103874247699,4883.42551253229,4000.75018523742
1,All Population,5,Prevalence,71,Australia,3,Both,27,Age-standardized,976,Diabetes mellitus type 2,3,Rate,2005,2483.5382616284996,2674.8730325801903,2310.57263669876
1,All Population,5,Prevalence,216,Senegal,3,Both,27,Age-standardized,976,Diabetes mellitus type 2,3,Rate,2001,6079.168940161439,6650.85224832038,5558.42621822973
1,All Population,5,Prevalence,148,Morocco,3,Both,27,Age-standardized,976,Diabetes mellitus type 2,3,Rate,2005,6837.289470303851,7494.22736363749,6148.00021169492
1,All Population,5,Prevalence,107,Barbados,3,Both,27,Age-standardized,976,Diabetes mellitus type 2,3,Rate,2005,9546.15777410971,10247.31859389081,8698.86387360552
1,All Population,5,Prevalence,139,Algeria,3,Both,27,Age-standardized,976,Diabetes mellitus type 2,3,Rate,2005,6862.96564337258,7515.87415605955,6222.36579870956
1,All Population,5,Prevalence,118,Suriname,3,Both,27,Age-standardized,976,Diabetes mellitus type 2,3,Rate,2005,8752.24181445893,9548.53056256992,8030.35903845425
1,All Population,5,Prevalence,150,Oman,3,Both,27,Age-standardized,976,Diabetes mellitus type 2,3,Rate,2005,6948.62066709446,7620.593554040441,6418.53820391126
1,All Population,5,Prevalence,169,Central African Republic,3,Both,27,Age-standardized,976,Diabetes mellitus type 2,3,Rate,2005,5549.46658408035,6039.44495331927,5058.4056104518295
1,All Population,5,Prevalence,152,Saudi Arabia,3,Both,27,Age-standardized,976,Diabetes mellitus type 2,3,Rate,2005,14787.879856114869,16067.928671889369,13591.16278387095
1,All Population,5,Prevalence,201,Burkina Faso,3,Both,27,Age-standardized,976,Diabetes mellitus type 2,3,Rate,2001,2446.53937274871,2635.5881226687,2264.09335690332
1,All Population,5,Prevalence,154,Tunisia,3,Both,27,Age-standardized,976,Diabetes mellitus type 2,3,Rate,2005,7461.344230346171,8223.84242310248,6776.25041986549
1,All Population,5,Prevalence,180,Kenya,3,Both,27,Age-standardized,976,Diabetes mellitus type 2,3,Rate,2005,3100.20897404697,3384.20083137591,2790.95973090078
1,All Population,5,Prevalence,163,India,3,Both,27,Age-standardized,976,Diabetes mellitus type 2,3,Rate,2005,5642.05800954643,6142.95284682581,5154.5125440076
1,All Population,5,Prevalence,165,Pakistan,3,Both,27,Age-standardized,976,Diabetes mellitus type 2,3,Rate,2005,7424.793519418579,8077.48365310682,6704.35211285612
1,All Population,5,Prevalence,182,Malawi,3,Both,27,Age-standardized,976,Diabetes mellitus type 2,3,Rate,2005,2337.70513073523,2534.45215217325,2149.28612913558
1,All Population,5,Prevalence,215,Sao Tome and Principe,3,Both,27,Age-standardized,976,Diabetes mellitus type 2,3,Rate,2005,4665.75908301283,5127.76283657736,4244.54000248564
1,All Population,5,Prevalence,196,South Africa,3,Both,27,Age-standardized,976,Diabetes mellitus type 2,3,Rate,2005,6336.82733090057,6921.79769279192,5697.7520764178
1,All Population,5,Prevalence,217,Sierra Leone,3,Both,27,Age-standardized,976,Diabetes mellitus type 2,3,Rate,2005,4091.0928319756104,4446.78255944979,3740.29586251237
1,All Population,5,Prevalence,184,Mozambique,3,Both,27,Age-standardized,976,Diabetes mellitus type 2,3,Rate,2005,2360.87702160218,2565.29516612005,2160.97842041699
1,All Population,5,Prevalence,210,Liberia,3,Both,27,Age-standardized,976,Diabetes mellitus type 2,3,Rate,2001,4442.31794580073,4851.06306739457,4059.84838050451
1,All Population,5,Prevalence,178,Eritrea,3,Both,27,Age-standardized,976,Diabetes mellitus type 2,3,Rate,2005,2987.78839409424,3246.0989509131696,2713.45546811727
1,All Population,5,Prevalence,211,Mali,3,Both,27,Age-standardized,976,Diabetes mellitus type 2,3,Rate,2005,7795.23339237838,8514.02830863959,6982.71781125057
1,All Population,5,Prevalence,198,Zimbabwe,3,Both,27,Age-standardized,976,Diabetes mellitus type 2,3,Rate,2005,3709.5630442566203,4090.4877665841605,3381.04614310228
1,All Population,5,Prevalence,213,Niger,3,Both,27,Age-standardized,976,Diabetes mellitus type 2,3,Rate,2005,3924.4738610147897,4339.42630217288,3594.78983917767
1,All Population,5,Prevalence,200,Benin,3,Both,27,Age-standardized,976,Diabetes mellitus type 2,3,Rate,2005,3707.6524665808297,4033.0533303319503,3411.15986661576
1,All Population,5,Prevalence,374,Niue,3,Both,27,Age-standardized,976,Diabetes mellitus type 2,3,Rate,2005,13874.893011225082,14922.44153223513,12827.35094515861
1,All Population,5,Prevalence,298,American Samoa,3,Both,27,Age-standardized,976,Diabetes mellitus type 2,3,Rate,2005,15375.18990365851,16162.95713753546,14558.61115777404
1,All Population,5,Prevalence,380,Palau,3,Both,27,Age-standardized,976,Diabetes mellitus type 2,3,Rate,2005,10679.19882376279,11363.687247786609,9926.98896205764
1,All Population,5,Prevalence,393,Saint Kitts and Nevis,3,Both,27,Age-standardized,976,Diabetes mellitus type 2,3,Rate,2005,7782.184848736851,8446.824258227049,7097.51307373475
1,All Population,5,Prevalence,413,Tokelau,3,Both,27,Age-standardized,976,Diabetes mellitus type 2,3,Rate,2005,14610.47530135661,15611.377811278071,13549.271596897599
1,All Population,5,Prevalence,212,Mauritania,3,Both,27,Age-standardized,976,Diabetes mellitus type 2,3,Rate,2001,5093.903396736539,5617.19388681351,4653.585438995559
1,All Population,5,Prevalence,376,Northern Mariana Islands,3,Both,27,Age-standardized,976,Diabetes mellitus type 2,3,Rate,2001,9930.69365489687,10737.415067057469,9108.67615635077
1,All Population,5,Prevalence,7,Democratic People's Republic of Korea,3,Both,27,Age-standardized,976,Diabetes mellitus type 2,3,Rate,2006,4563.1875143138695,5036.98124048734,4110.27211248992
1,All Population,5,Prevalence,6,China,3,Both,27,Age-standardized,976,Diabetes mellitus type 2,3,Rate,2006,5237.99990003454,5753.14255299291,4845.13271877207
1,All Population,5,Prevalence,8,Taiwan,3,Both,27,Age-standardized,976,Diabetes mellitus type 2,3,Rate,2006,6001.643284995261,6386.43404188798,5654.537433548519
1,All Population,5,Prevalence,385,Puerto Rico,3,Both,27,Age-standardized,976,Diabetes mellitus type 2,3,Rate,2001,8732.90491096605,9320.31728325845,8043.22921404187
1,All Population,5,Prevalence,396,San Marino,3,Both,27,Age-standardized,976,Diabetes mellitus type 2,3,Rate,2001,2972.6595695058,3278.16758262523,2650.93075164181
1,All Population,5,Prevalence,416,Tuvalu,3,Both,27,Age-standardized,976,Diabetes mellitus type 2,3,Rate,2001,7921.2546302141,8635.84502213901,7197.60255282875
1,All Population,5,Prevalence,11,Indonesia,3,Both,27,Age-standardized,976,Diabetes mellitus type 2,3,Rate,2006,3890.82362860265,4297.68601641841,3473.54654815821
1,All Population,5,Prevalence,13,Malaysia,3,Both,27,Age-standardized,976,Diabetes mellitus type 2,3,Rate,2006,6906.17160856126,7471.50232072393,6423.28484881429
1,All Population,5,Prevalence,18,Thailand,3,Both,27,Age-standardized,976,Diabetes mellitus type 2,3,Rate,2006,4266.02125044313,4627.19587345069,3964.6303090002298
1,All Population,5,Prevalence,20,Viet Nam,3,Both,27,Age-standardized,976,Diabetes mellitus type 2,3,Rate,2006,2975.1579401139297,3272.21463912296,2731.99769688856
1,All Population,5,Prevalence,22,Fiji,3,Both,27,Age-standardized,976,Diabetes mellitus type 2,3,Rate,2006,13320.183882165958,14105.62720552325,12521.44044836514
1,All Population,5,Prevalence,15,Myanmar,3,Both,27,Age-standardized,976,Diabetes mellitus type 2,3,Rate,2006,5073.37452254404,5425.54667077127,4729.5577697486
1,All Population,5,Prevalence,17,Sri Lanka,3,Both,27,Age-standardized,976,Diabetes mellitus type 2,3,Rate,2006,7313.380507207889,7673.751274286281,6901.82862617445
1,All Population,5,Prevalence,19,Timor-Leste,3,Both,27,Age-standardized,976,Diabetes mellitus type 2,3,Rate,2006,2804.8645261443803,3075.65082187598,2549.31751366855
1,All Population,5,Prevalence,23,Kiribati,3,Both,27,Age-standardized,976,Diabetes mellitus type 2,3,Rate,2006,12521.054058455491,13237.693541308452,11723.69296628843
1,All Population,5,Prevalence,26,Papua New Guinea,3,Both,27,Age-standardized,976,Diabetes mellitus type 2,3,Rate,2006,7495.56333139983,8097.24323809604,6841.0218567703105
1,All Population,5,Prevalence,28,Solomon Islands,3,Both,27,Age-standardized,976,Diabetes mellitus type 2,3,Rate,2006,7431.92252761697,7977.977272456011,6831.84611870378
1,All Population,5,Prevalence,30,Vanuatu,3,Both,27,Age-standardized,976,Diabetes mellitus type 2,3,Rate,2006,7954.0189629449005,8600.5681239718,7351.5625207787
1,All Population,5,Prevalence,24,Marshall Islands,3,Both,27,Age-standardized,976,Diabetes mellitus type 2,3,Rate,2006,15469.654004224609,16673.60299267682,14156.15746417899
1,All Population,5,Prevalence,66,Brunei Darussalam,3,Both,27,Age-standardized,976,Diabetes mellitus type 2,3,Rate,2006,7008.97576652601,7563.3049158064805,6531.80995479222
1,All Population,5,Prevalence,79,Finland,3,Both,27,Age-standardized,976,Diabetes mellitus type 2,3,Rate,2006,4880.44058236432,5302.66492710111,4499.99780837316
1,All Population,5,Prevalence,68,Republic of Korea,3,Both,27,Age-standardized,976,Diabetes mellitus type 2,3,Rate,2006,5270.9597864978505,5495.73725535647,5061.32994999103
1,All Population,5,Prevalence,81,Germany,3,Both,27,Age-standardized,976,Diabetes mellitus type 2,3,Rate,2006,4188.9941438202195,4472.98004518319,3863.74765543821
1,All Population,5,Prevalence,83,Iceland,3,Both,27,Age-standardized,976,Diabetes mellitus type 2,3,Rate,2006,2827.7804218555298,3136.35761213618,2575.57230942704
1,All Population,5,Prevalence,85,Israel,3,Both,27,Age-standardized,976,Diabetes mellitus type 2,3,Rate,2006,3558.4745866957,3779.33451357999,3345.4920853775598
1,All Population,5,Prevalence,71,Australia,3,Both,27,Age-standardized,976,Diabetes mellitus type 2,3,Rate,2006,2494.84050401701,2674.25027554198,2332.10467688529
1,All Population,5,Prevalence,82,Greece,3,Both,27,Age-standardized,976,Diabetes mellitus type 2,3,Rate,2006,3089.93539604062,3356.40000940057,2848.37314179623
1,All Population,5,Prevalence,84,Ireland,3,Both,27,Age-standardized,976,Diabetes mellitus type 2,3,Rate,2006,2263.14487189327,2484.91175160396,2051.26437049649
1,All Population,5,Prevalence,67,Japan,3,Both,27,Age-standardized,976,Diabetes mellitus type 2,3,Rate,2006,5675.06474219375,6298.09594958641,5115.683463651259
1,All Population,5,Prevalence,69,Singapore,3,Both,27,Age-standardized,976,Diabetes mellitus type 2,3,Rate,2006,4939.68891697941,5307.77940643063,4650.8833587076
1,All Population,5,Prevalence,94,Switzerland,3,Both,27,Age-standardized,976,Diabetes mellitus type 2,3,Rate,2006,3131.98633740954,3458.1382466823998,2836.1717184584
1,All Population,5,Prevalence,80,France,3,Both,27,Age-standardized,976,Diabetes mellitus type 2,3,Rate,2006,3493.2672706210496,3788.1818529775996,3223.2195386606004
1,All Population,5,Prevalence,98,Chile,3,Both,27,Age-standardized,976,Diabetes mellitus type 2,3,Rate,2006,1929.10764491504,2032.15883280665,1839.66298870167
1,All Population,5,Prevalence,75,Austria,3,Both,27,Age-standardized,976,Diabetes mellitus type 2,3,Rate,2006,2453.73546456784,2627.64720165208,2277.7888459146902
1,All Population,5,Prevalence,77,Cyprus,3,Both,27,Age-standardized,976,Diabetes mellitus type 2,3,Rate,2006,4488.18911236898,4896.231938228259,4131.33671817821
1,All Population,5,Prevalence,86,Italy,3,Both,27,Age-standardized,976,Diabetes mellitus type 2,3,Rate,2006,3728.5176463573803,4133.85158301097,3285.0263981365797
1,All Population,5,Prevalence,88,Malta,3,Both,27,Age-standardized,976,Diabetes mellitus type 2,3,Rate,2006,3292.7191219359497,3665.1331103430803,3068.18202080672
1,All Population,5,Prevalence,90,Norway,3,Both,27,Age-standardized,976,Diabetes mellitus type 2,3,Rate,2006,4054.91951491643,4566.99579560257,3567.1315598370797
1,All Population,5,Prevalence,95,United Kingdom,3,Both,27,Age-standardized,976,Diabetes mellitus type 2,3,Rate,2006,4133.17480605727,4462.14195478631,3800.1124551572098
1,All Population,5,Prevalence,97,Argentina,3,Both,27,Age-standardized,976,Diabetes mellitus type 2,3,Rate,2006,3212.11432431112,3436.8337886208897,2980.13877882606
1,All Population,5,Prevalence,99,Uruguay,3,Both,27,Age-standardized,976,Diabetes mellitus type 2,3,Rate,2006,2925.62173964564,3154.93804322321,2646.73212118448
1,All Population,5,Prevalence,101,Canada,3,Both,27,Age-standardized,976,Diabetes mellitus type 2,3,Rate,2006,2763.43837886841,2956.68393834979,2568.22417482688
1,All Population,5,Prevalence,92,Spain,3,Both,27,Age-standardized,976,Diabetes mellitus type 2,3,Rate,2006,4750.42217010029,5120.28915625046,4402.34809861386
1,All Population,5,Prevalence,111,Dominican Republic,3,Both,27,Age-standardized,976,Diabetes mellitus type 2,3,Rate,2006,5982.020115815611,6513.70825280341,5505.09962121809
1,All Population,5,Prevalence,113,Guyana,3,Both,27,Age-standardized,976,Diabetes mellitus type 2,3,Rate,2006,10099.8412988466,10898.48220011541,9455.95734746824
1,All Population,5,Prevalence,115,Jamaica,3,Both,27,Age-standardized,976,Diabetes mellitus type 2,3,Rate,2006,7538.29241096481,7922.43298423417,7131.975029648919
1,All Population,5,Prevalence,109,Cuba,3,Both,27,Age-standardized,976,Diabetes mellitus type 2,3,Rate,2006,3700.9473718199,3981.32318779372,3462.2226370489702
1,All Population,5,Prevalence,126,Costa Rica,3,Both,27,Age-standardized,976,Diabetes mellitus type 2,3,Rate,2006,6198.66298983605,6763.65940361216,5732.94366808513
1,All Population,5,Prevalence,128,Guatemala,3,Both,27,Age-standardized,976,Diabetes mellitus type 2,3,Rate,2006,7423.5195861826005,7773.89762481194,7060.71320685827
1,All Population,5,Prevalence,110,Dominica,3,Both,27,Age-standardized,976,Diabetes mellitus type 2,3,Rate,2006,8590.38324078888,9327.97210121223,7968.54585086257
1,All Population,5,Prevalence,112,Grenada,3,Both,27,Age-standardized,976,Diabetes mellitus type 2,3,Rate,2006,10041.09243461353,10731.03286821396,9298.76792776365
1,All Population,5,Prevalence,114,Haiti,3,Both,27,Age-standardized,976,Diabetes mellitus type 2,3,Rate,2006,5838.72628209427,6351.358688714071,5278.54080018785
1,All Population,5,Prevalence,116,Saint Lucia,3,Both,27,Age-standardized,976,Diabetes mellitus type 2,3,Rate,2006,10316.407151447931,11246.371551693619,9365.76175564412
1,All Population,5,Prevalence,130,Mexico,3,Both,27,Age-standardized,976,Diabetes mellitus type 2,3,Rate,2006,10951.33932685112,11957.914623830051,9922.66153137699
1,All Population,5,Prevalence,129,Honduras,3,Both,27,Age-standardized,976,Diabetes mellitus type 2,3,Rate,2006,4693.98936619865,5141.285558206319,4263.62156451796
1,All Population,5,Prevalence,131,Nicaragua,3,Both,27,Age-standardized,976,Diabetes mellitus type 2,3,Rate,2006,4424.031591481839,4782.247394115429,4064.77570409148
1,All Population,5,Prevalence,125,Colombia,3,Both,27,Age-standardized,976,Diabetes mellitus type 2,3,Rate,2006,4525.91623363976,4843.25577302879,4228.87472502947
1,All Population,5,Prevalence,127,El Salvador,3,Both,27,Age-standardized,976,Diabetes mellitus type 2,3,Rate,2006,5904.2330187506095,6392.51491966534,5447.994305366749
1,All Population,5,Prevalence,147,Libya,3,Both,27,Age-standardized,976,Diabetes mellitus type 2,3,Rate,2006,8944.29868202915,9648.322900128931,8218.34717684985
1,All Population,5,Prevalence,171,Democratic Republic of the Congo,3,Both,27,Age-standardized,976,Diabetes mellitus type 2,3,Rate,2006,5300.94758852251,5788.71306754119,4918.028689462671
1,All Population,5,Prevalence,140,Bahrain,3,Both,27,Age-standardized,976,Diabetes mellitus type 2,3,Rate,2006,13372.833423288499,14543.44952464743,12415.45965082637
1,All Population,5,Prevalence,160,Afghanistan,3,Both,27,Age-standardized,976,Diabetes mellitus type 2,3,Rate,2006,7769.38806440787,8414.378131067431,7087.80393058681
1,All Population,5,Prevalence,176,Comoros,3,Both,27,Age-standardized,976,Diabetes mellitus type 2,3,Rate,2006,3479.83001437924,3773.51694530672,3220.30287679171
1,All Population,5,Prevalence,173,Gabon,3,Both,27,Age-standardized,976,Diabetes mellitus type 2,3,Rate,2006,6725.392403278691,7281.29578248891,6130.25129918982
1,All Population,5,Prevalence,162,Bhutan,3,Both,27,Age-standardized,976,Diabetes mellitus type 2,3,Rate,2006,4523.31515343296,4867.89467148496,4157.528168829281
1,All Population,5,Prevalence,175,Burundi,3,Both,27,Age-standardized,976,Diabetes mellitus type 2,3,Rate,2006,2928.45474027307,3175.48265073967,2668.47490014057
1,All Population,5,Prevalence,142,Iran (Islamic Republic of),3,Both,27,Age-standardized,976,Diabetes mellitus type 2,3,Rate,2006,5407.910166800029,5952.2615214814705,4885.74622045673
1,All Population,5,Prevalence,141,Egypt,3,Both,27,Age-standardized,976,Diabetes mellitus type 2,3,Rate,2006,8841.30763794755,9566.668305149879,8206.490196197281
1,All Population,5,Prevalence,105,Antigua and Barbuda,3,Both,27,Age-standardized,976,Diabetes mellitus type 2,3,Rate,2006,8285.5771193624,8970.01187318857,7725.14845454578
1,All Population,5,Prevalence,107,Barbados,3,Both,27,Age-standardized,976,Diabetes mellitus type 2,3,Rate,2006,9572.858042693499,10264.61330501637,8752.03293072805
1,All Population,5,Prevalence,155,Türkiye,3,Both,27,Age-standardized,976,Diabetes mellitus type 2,3,Rate,2006,5972.43592927993,6355.308560704109,5516.5872674375805
1,All Population,5,Prevalence,144,Jordan,3,Both,27,Age-standardized,976,Diabetes mellitus type 2,3,Rate,2006,10021.83468607776,10637.09810156986,9362.97588407988
1,All Population,5,Prevalence,118,Suriname,3,Both,27,Age-standardized,976,Diabetes mellitus type 2,3,Rate,2006,8896.20607991054,9631.50267730765,8229.44690469235
1,All Population,5,Prevalence,157,Yemen,3,Both,27,Age-standardized,976,Diabetes mellitus type 2,3,Rate,2006,3300.80613385779,3606.1997559022298,3012.43491739824
1,All Population,5,Prevalence,146,Lebanon,3,Both,27,Age-standardized,976,Diabetes mellitus type 2,3,Rate,2006,8229.00553552712,8987.69867151642,7503.72655024263
1,All Population,5,Prevalence,177,Djibouti,3,Both,27,Age-standardized,976,Diabetes mellitus type 2,3,Rate,2006,3028.0268837702197,3295.59294207831,2773.1633206760703
1,All Population,5,Prevalence,133,Venezuela (Bolivarian Republic of),3,Both,27,Age-standardized,976,Diabetes mellitus type 2,3,Rate,2006,6079.02844234703,6468.638915574749,5672.76419571015
1,All Population,5,Prevalence,135,Brazil,3,Both,27,Age-standardized,976,Diabetes mellitus type 2,3,Rate,2006,4477.91794969502,4909.39790844013,4018.7998168937297
1,All Population,5,Prevalence,187,Somalia,3,Both,27,Age-standardized,976,Diabetes mellitus type 2,3,Rate,2006,3009.74037169119,3262.79778972016,2751.9094523437498
1,All Population,5,Prevalence,122,Ecuador,3,Both,27,Age-standardized,976,Diabetes mellitus type 2,3,Rate,2006,4928.47437978586,5196.14358871545,4573.52172380902
1,All Population,5,Prevalence,161,Bangladesh,3,Both,27,Age-standardized,976,Diabetes mellitus type 2,3,Rate,2006,5494.08092394101,5899.74125079554,5152.770519206841
1,All Population,5,Prevalence,190,Uganda,3,Both,27,Age-standardized,976,Diabetes mellitus type 2,3,Rate,2006,3731.18406548174,4011.5967813660195,3433.91434927554
1,All Population,5,Prevalence,150,Oman,3,Both,27,Age-standardized,976,Diabetes mellitus type 2,3,Rate,2006,7073.921537503169,7719.06448300062,6582.303895952909
1,All Population,5,Prevalence,139,Algeria,3,Both,27,Age-standardized,976,Diabetes mellitus type 2,3,Rate,2006,6961.64363740065,7602.27352929929,6328.3399134804395
1,All Population,5,Prevalence,152,Saudi Arabia,3,Both,27,Age-standardized,976,Diabetes mellitus type 2,3,Rate,2006,15151.82517524393,16428.36700672844,13996.58903400363
1,All Population,5,Prevalence,143,Iraq,3,Both,27,Age-standardized,976,Diabetes mellitus type 2,3,Rate,2006,9078.27739352719,9706.20127419558,8522.9751599587
1,All Population,5,Prevalence,206,Gambia,3,Both,27,Age-standardized,976,Diabetes mellitus type 2,3,Rate,2006,5366.65187647023,5804.406382266,4919.23795105009
1,All Population,5,Prevalence,172,Equatorial Guinea,3,Both,27,Age-standardized,976,Diabetes mellitus type 2,3,Rate,2006,6051.09082636119,6606.0480787530005,5509.60208243939
1,All Population,5,Prevalence,145,Kuwait,3,Both,27,Age-standardized,976,Diabetes mellitus type 2,3,Rate,2006,13256.208533146579,14167.07248811668,12383.51937456204
1,All Population,5,Prevalence,186,Seychelles,3,Both,27,Age-standardized,976,Diabetes mellitus type 2,3,Rate,2006,6518.0693723043805,7082.13947483371,6002.29076788267
1,All Population,5,Prevalence,208,Guinea,3,Both,27,Age-standardized,976,Diabetes mellitus type 2,3,Rate,2006,3551.29216759561,3871.15041144771,3266.91400055851
1,All Population,5,Prevalence,156,United Arab Emirates,3,Both,27,Age-standardized,976,Diabetes mellitus type 2,3,Rate,2006,11121.33724131341,12178.03626905138,10200.28459220245
1,All Population,5,Prevalence,163,India,3,Both,27,Age-standardized,976,Diabetes mellitus type 2,3,Rate,2006,5709.24376494668,6218.55517504578,5215.25483722298
1,All Population,5,Prevalence,203,Cabo Verde,3,Both,27,Age-standardized,976,Diabetes mellitus type 2,3,Rate,2006,4966.0196934798205,5383.23539914133,4554.57697574064
1,All Population,5,Prevalence,189,United Republic of Tanzania,3,Both,27,Age-standardized,976,Diabetes mellitus type 2,3,Rate,2006,2541.70821837971,2737.6699953348198,2366.55088205174
1,All Population,5,Prevalence,165,Pakistan,3,Both,27,Age-standardized,976,Diabetes mellitus type 2,3,Rate,2006,7515.275312144649,8163.99876213142,6791.43236919312
1,All Population,5,Prevalence,154,Tunisia,3,Both,27,Age-standardized,976,Diabetes mellitus type 2,3,Rate,2006,7531.73206010154,8267.96795797965,6864.0860704537
1,All Population,5,Prevalence,194,Lesotho,3,Both,27,Age-standardized,976,Diabetes mellitus type 2,3,Rate,2006,3833.97001874554,4181.09865459046,3528.4681251979296
1,All Population,5,Prevalence,205,Côte d'Ivoire,3,Both,27,Age-standardized,976,Diabetes mellitus type 2,3,Rate,2006,4502.81292793614,4908.94603983039,4135.7314353397105
1,All Population,5,Prevalence,178,Eritrea,3,Both,27,Age-standardized,976,Diabetes mellitus type 2,3,Rate,2006,3010.27140043293,3265.43108528315,2747.4640920270103
1,All Population,5,Prevalence,349,Greenland,3,Both,27,Age-standardized,976,Diabetes mellitus type 2,3,Rate,2006,2236.3786209612604,2509.9371987672503,1989.69690428903
1,All Population,5,Prevalence,218,Togo,3,Both,27,Age-standardized,976,Diabetes mellitus type 2,3,Rate,2006,3223.7178060781303,3484.0762648288496,2967.43923129388
1,All Population,5,Prevalence,198,Zimbabwe,3,Both,27,Age-standardized,976,Diabetes mellitus type 2,3,Rate,2006,3737.6099662917895,4126.77622172535,3426.1827251264
1,All Population,5,Prevalence,169,Central African Republic,3,Both,27,Age-standardized,976,Diabetes mellitus type 2,3,Rate,2006,5595.46166984029,6071.54539813525,5108.55462049046
1,All Population,5,Prevalence,207,Ghana,3,Both,27,Age-standardized,976,Diabetes mellitus type 2,3,Rate,2006,4450.539541514209,4776.74324115486,4118.74457414925
1,All Population,5,Prevalence,367,Monaco,3,Both,27,Age-standardized,976,Diabetes mellitus type 2,3,Rate,2006,2742.6157827482402,3063.70321825581,2445.26981744355
1,All Population,5,Prevalence,209,Guinea-Bissau,3,Both,27,Age-standardized,976,Diabetes mellitus type 2,3,Rate,2006,4717.59150018537,5085.74133037737,4316.62979118925
1,All Population,5,Prevalence,305,Bermuda,3,Both,27,Age-standardized,976,Diabetes mellitus type 2,3,Rate,2006,4846.25689023838,5363.13681672793,4453.6792884508595
1,All Population,5,Prevalence,200,Benin,3,Both,27,Age-standardized,976,Diabetes mellitus type 2,3,Rate,2006,3735.86335207153,4062.0766580149098,3446.82751470248
1,All Population,5,Prevalence,180,Kenya,3,Both,27,Age-standardized,976,Diabetes mellitus type 2,3,Rate,2006,3118.61063026772,3404.9960973364305,2808.50317212424
1,All Population,5,Prevalence,191,Zambia,3,Both,27,Age-standardized,976,Diabetes mellitus type 2,3,Rate,2006,4210.242278943921,4619.7192275367,3842.74094486004
1,All Population,5,Prevalence,202,Cameroon,3,Both,27,Age-standardized,976,Diabetes mellitus type 2,3,Rate,2006,4037.26354795102,4351.8304740637395,3734.0610335224997
1,All Population,5,Prevalence,211,Mali,3,Both,27,Age-standardized,976,Diabetes mellitus type 2,3,Rate,2006,7838.436514475839,8542.49520231745,7075.9677642979495
1,All Population,5,Prevalence,182,Malawi,3,Both,27,Age-standardized,976,Diabetes mellitus type 2,3,Rate,2006,2340.55284290382,2537.78388746537,2149.89812957348
1,All Population,5,Prevalence,213,Niger,3,Both,27,Age-standardized,976,Diabetes mellitus type 2,3,Rate,2006,3946.52284705065,4351.85105746275,3612.53549320331
1,All Population,5,Prevalence,184,Mozambique,3,Both,27,Age-standardized,976,Diabetes mellitus type 2,3,Rate,2006,2379.47413364984,2576.07875473547,2178.059117584
1,All Population,5,Prevalence,193,Botswana,3,Both,27,Age-standardized,976,Diabetes mellitus type 2,3,Rate,2006,4672.657976260651,5112.529492576539,4311.5863308491
1,All Population,5,Prevalence,204,Chad,3,Both,27,Age-standardized,976,Diabetes mellitus type 2,3,Rate,2006,4190.17644159385,4565.375659158371,3822.9685007724597
1,All Population,5,Prevalence,215,Sao Tome and Principe,3,Both,27,Age-standardized,976,Diabetes mellitus type 2,3,Rate,2006,4735.37216225,5197.00886622248,4316.26775301878
1,All Population,5,Prevalence,435,South Sudan,3,Both,27,Age-standardized,976,Diabetes mellitus type 2,3,Rate,2006,2787.39832523647,3041.53134999029,2540.23423828685
1,All Population,5,Prevalence,148,Morocco,3,Both,27,Age-standardized,976,Diabetes mellitus type 2,3,Rate,2006,6955.15042685807,7611.1535700289405,6319.93368431969
1,All Population,5,Prevalence,320,Cook Islands,3,Both,27,Age-standardized,976,Diabetes mellitus type 2,3,Rate,2006,15518.828282248758,16439.11388975693,14563.36788740533
1,All Population,5,Prevalence,351,Guam,3,Both,27,Age-standardized,976,Diabetes mellitus type 2,3,Rate,2006,6291.02639824024,6835.77646164893,5793.58935900129
1,All Population,5,Prevalence,217,Sierra Leone,3,Both,27,Age-standardized,976,Diabetes mellitus type 2,3,Rate,2006,4115.29204943248,4442.22014393934,3772.81043834536
1,All Population,5,Prevalence,196,South Africa,3,Both,27,Age-standardized,976,Diabetes mellitus type 2,3,Rate,2006,6418.25855628313,7008.72643286314,5790.77012857813
1,All Population,5,Prevalence,369,Nauru,3,Both,27,Age-standardized,976,Diabetes mellitus type 2,3,Rate,2006,13819.93077044865,14663.99051129815,12991.59474516308
1,All Population,5,Prevalence,422,United States Virgin Islands,3,Both,27,Age-standardized,976,Diabetes mellitus type 2,3,Rate,2006,7077.501489168129,7789.36720723863,6543.01407736829
1,All Population,5,Prevalence,522,Sudan,3,Both,27,Age-standardized,976,Diabetes mellitus type 2,3,Rate,2006,6117.98944689288,6698.908297144871,5501.54602192106
1,All Population,5,Prevalence,393,Saint Kitts and Nevis,3,Both,27,Age-standardized,976,Diabetes mellitus type 2,3,Rate,2006,7820.14308557846,8450.64528031661,7167.34092575841
1,All Population,5,Prevalence,374,Niue,3,Both,27,Age-standardized,976,Diabetes mellitus type 2,3,Rate,2006,14100.16662726628,15146.263006414909,13035.67181825088
1,All Population,5,Prevalence,413,Tokelau,3,Both,27,Age-standardized,976,Diabetes mellitus type 2,3,Rate,2006,14820.61091693282,15850.69619498711,13768.13066215333
1,All Population,5,Prevalence,298,American Samoa,3,Both,27,Age-standardized,976,Diabetes mellitus type 2,3,Rate,2006,15545.91522630081,16395.42125593707,14685.33677920808
1,All Population,5,Prevalence,380,Palau,3,Both,27,Age-standardized,976,Diabetes mellitus type 2,3,Rate,2006,10737.19268667996,11373.12722218521,9994.67129883084
1,All Population,5,Prevalence,10,Cambodia,3,Both,27,Age-standardized,976,Diabetes mellitus type 2,3,Rate,2002,2694.17401191063,2942.99088794745,2469.13142132555
1,All Population,5,Prevalence,12,Lao People's Democratic Republic,3,Both,27,Age-standardized,976,Diabetes mellitus type 2,3,Rate,2002,3985.2904640157803,4365.98036561549,3593.8236028181996
1,All Population,5,Prevalence,14,Maldives,3,Both,27,Age-standardized,976,Diabetes mellitus type 2,3,Rate,2002,3810.88225122107,4177.34056395087,3506.9372651847298
1,All Population,5,Prevalence,16,Philippines,3,Both,27,Age-standardized,976,Diabetes mellitus type 2,3,Rate,2002,4639.86503174184,5072.12770711324,4195.81386663554
1,All Population,5,Prevalence,25,Micronesia (Federated States of),3,Both,27,Age-standardized,976,Diabetes mellitus type 2,3,Rate,2002,13716.67218269104,14399.969202868271,13004.643502550001
1,All Population,5,Prevalence,27,Samoa,3,Both,27,Age-standardized,976,Diabetes mellitus type 2,3,Rate,2002,9973.18727902463,10725.36424753931,9310.591876779881
1,All Population,5,Prevalence,29,Tonga,3,Both,27,Age-standardized,976,Diabetes mellitus type 2,3,Rate,2002,10613.566910095531,11462.4555289114,9942.63060777403
1,All Population,5,Prevalence,78,Denmark,3,Both,27,Age-standardized,976,Diabetes mellitus type 2,3,Rate,2002,2346.72886495201,2556.03761703918,2170.53612024104
1,All Population,5,Prevalence,72,New Zealand,3,Both,27,Age-standardized,976,Diabetes mellitus type 2,3,Rate,2002,2583.2489646275403,2744.34640408741,2418.4849196313403
1,All Population,5,Prevalence,74,Andorra,3,Both,27,Age-standardized,976,Diabetes mellitus type 2,3,Rate,2002,2466.1580843911497,2787.72014399011,2202.89126883505
1,All Population,5,Prevalence,76,Belgium,3,Both,27,Age-standardized,976,Diabetes mellitus type 2,3,Rate,2002,2926.12425992113,3190.46016806227,2697.3256113793
1,All Population,5,Prevalence,91,Portugal,3,Both,27,Age-standardized,976,Diabetes mellitus type 2,3,Rate,2002,4147.05783485696,4457.157068860771,3875.9501776556003
1,All Population,5,Prevalence,15,Myanmar,3,Both,27,Age-standardized,976,Diabetes mellitus type 2,3,Rate,2007,5128.88991395818,5487.19911495241,4765.18097709426
1,All Population,5,Prevalence,102,United States of America,3,Both,27,Age-standardized,976,Diabetes mellitus type 2,3,Rate,2002,5178.83928978267,5555.033971457749,4805.39757395276
1,All Population,5,Prevalence,11,Indonesia,3,Both,27,Age-standardized,976,Diabetes mellitus type 2,3,Rate,2007,3942.5548096647203,4357.49808015579,3522.1867204220903
1,All Population,5,Prevalence,13,Malaysia,3,Both,27,Age-standardized,976,Diabetes mellitus type 2,3,Rate,2007,6955.54427538754,7512.298728888581,6466.342226432741
1,All Population,5,Prevalence,7,Democratic People's Republic of Korea,3,Both,27,Age-standardized,976,Diabetes mellitus type 2,3,Rate,2007,4608.80207343561,5086.25649208325,4184.5928488582995
1,All Population,5,Prevalence,87,Luxembourg,3,Both,27,Age-standardized,976,Diabetes mellitus type 2,3,Rate,2002,2682.9923851846097,2958.05612853113,2406.8028942210403
1,All Population,5,Prevalence,93,Sweden,3,Both,27,Age-standardized,976,Diabetes mellitus type 2,3,Rate,2002,3474.1300732342197,3752.66883854321,3245.60873631596
1,All Population,5,Prevalence,26,Papua New Guinea,3,Both,27,Age-standardized,976,Diabetes mellitus type 2,3,Rate,2007,7516.19890467711,8114.28690469983,6863.1422396042
1,All Population,5,Prevalence,28,Solomon Islands,3,Both,27,Age-standardized,976,Diabetes mellitus type 2,3,Rate,2007,7546.167725409229,8101.36360554939,6969.43405517363
1,All Population,5,Prevalence,89,Netherlands,3,Both,27,Age-standardized,976,Diabetes mellitus type 2,3,Rate,2002,3030.64173162468,3292.25569251914,2792.47960427688
1,All Population,5,Prevalence,18,Thailand,3,Both,27,Age-standardized,976,Diabetes mellitus type 2,3,Rate,2007,4316.49560881493,4680.27125976036,4024.32970280665
1,All Population,5,Prevalence,17,Sri Lanka,3,Both,27,Age-standardized,976,Diabetes mellitus type 2,3,Rate,2007,7382.973986085969,7737.980839174249,6982.78700402237
1,All Population,5,Prevalence,6,China,3,Both,27,Age-standardized,976,Diabetes mellitus type 2,3,Rate,2007,5279.94180812308,5794.90816542,4884.45404615398
1,All Population,5,Prevalence,8,Taiwan,3,Both,27,Age-standardized,976,Diabetes mellitus type 2,3,Rate,2007,6034.47023752738,6429.442539128249,5701.87321055017
1,All Population,5,Prevalence,19,Timor-Leste,3,Both,27,Age-standardized,976,Diabetes mellitus type 2,3,Rate,2007,2844.96710754369,3115.40922021192,2589.2061878684003
1,All Population,5,Prevalence,30,Vanuatu,3,Both,27,Age-standardized,976,Diabetes mellitus type 2,3,Rate,2007,8032.449193362339,8676.24942593855,7410.305699932899
1,All Population,5,Prevalence,20,Viet Nam,3,Both,27,Age-standardized,976,Diabetes mellitus type 2,3,Rate,2007,3001.5976763467797,3291.0912426486098,2761.88697184875
1,All Population,5,Prevalence,22,Fiji,3,Both,27,Age-standardized,976,Diabetes mellitus type 2,3,Rate,2007,13446.79714099841,14214.130839873049,12667.14117688265
1,All Population,5,Prevalence,24,Marshall Islands,3,Both,27,Age-standardized,976,Diabetes mellitus type 2,3,Rate,2007,15759.531510905412,16976.88542723869,14501.33661454896
1,All Population,5,Prevalence,117,Saint Vincent and the Grenadines,3,Both,27,Age-standardized,976,Diabetes mellitus type 2,3,Rate,2002,10603.79543233848,11223.314330105639,9686.04940926987
1,All Population,5,Prevalence,75,Austria,3,Both,27,Age-standardized,976,Diabetes mellitus type 2,3,Rate,2007,2475.7304800916,2651.61518539033,2300.90633447047
1,All Population,5,Prevalence,67,Japan,3,Both,27,Age-standardized,976,Diabetes mellitus type 2,3,Rate,2007,5627.34870046104,6245.56804379369,5070.55463924418
1,All Population,5,Prevalence,80,France,3,Both,27,Age-standardized,976,Diabetes mellitus type 2,3,Rate,2007,3524.0821780802103,3805.86291193922,3281.38708853381
1,All Population,5,Prevalence,69,Singapore,3,Both,27,Age-standardized,976,Diabetes mellitus type 2,3,Rate,2007,4947.602126040159,5306.95013583303,4667.15454844121
1,All Population,5,Prevalence,77,Cyprus,3,Both,27,Age-standardized,976,Diabetes mellitus type 2,3,Rate,2007,4524.72595733764,4951.12254843354,4158.8776114879
1,All Population,5,Prevalence,106,Bahamas,3,Both,27,Age-standardized,976,Diabetes mellitus type 2,3,Rate,2002,7008.710883575251,7546.36636249933,6533.01314525038
1,All Population,5,Prevalence,82,Greece,3,Both,27,Age-standardized,976,Diabetes mellitus type 2,3,Rate,2007,3132.67805218804,3416.98246782543,2876.91990554144
1,All Population,5,Prevalence,84,Ireland,3,Both,27,Age-standardized,976,Diabetes mellitus type 2,3,Rate,2007,2323.38251119508,2541.9266370638097,2105.6039444988296
1,All Population,5,Prevalence,71,Australia,3,Both,27,Age-standardized,976,Diabetes mellitus type 2,3,Rate,2007,2512.26173208749,2680.29670871651,2347.7185956897297
1,All Population,5,Prevalence,23,Kiribati,3,Both,27,Age-standardized,976,Diabetes mellitus type 2,3,Rate,2007,12675.583080672159,13389.81639257679,11877.221063551
1,All Population,5,Prevalence,86,Italy,3,Both,27,Age-standardized,976,Diabetes mellitus type 2,3,Rate,2007,3744.57872935724,4157.53787298535,3296.49707953297
1,All Population,5,Prevalence,88,Malta,3,Both,27,Age-standardized,976,Diabetes mellitus type 2,3,Rate,2007,3318.1464636561,3662.40968115627,3107.07547832022
1,All Population,5,Prevalence,90,Norway,3,Both,27,Age-standardized,976,Diabetes mellitus type 2,3,Rate,2007,4032.08791292365,4549.19284765809,3546.29238564
1,All Population,5,Prevalence,92,Spain,3,Both,27,Age-standardized,976,Diabetes mellitus type 2,3,Rate,2007,4740.89402693344,5098.86771128948,4417.6505374729
1,All Population,5,Prevalence,95,United Kingdom,3,Both,27,Age-standardized,976,Diabetes mellitus type 2,3,Rate,2007,4149.06805671244,4481.63328800972,3817.8407242835297
1,All Population,5,Prevalence,66,Brunei Darussalam,3,Both,27,Age-standardized,976,Diabetes mellitus type 2,3,Rate,2007,7047.78755959441,7601.659309456971,6582.92399318125
1,All Population,5,Prevalence,68,Republic of Korea,3,Both,27,Age-standardized,976,Diabetes mellitus type 2,3,Rate,2007,5174.50759633276,5378.489910513999,4968.34521782681
1,All Population,5,Prevalence,97,Argentina,3,Both,27,Age-standardized,976,Diabetes mellitus type 2,3,Rate,2007,3223.39946228273,3426.0251737189196,2997.04127193706
1,All Population,5,Prevalence,105,Antigua and Barbuda,3,Both,27,Age-standardized,976,Diabetes mellitus type 2,3,Rate,2007,8300.9055664597,8986.81836289519,7766.77174224129
1,All Population,5,Prevalence,81,Germany,3,Both,27,Age-standardized,976,Diabetes mellitus type 2,3,Rate,2007,4186.31877525257,4489.240696759301,3851.49517938193
1,All Population,5,Prevalence,79,Finland,3,Both,27,Age-standardized,976,Diabetes mellitus type 2,3,Rate,2007,4913.89098878768,5342.13273669974,4531.85123793791
1,All Population,5,Prevalence,107,Barbados,3,Both,27,Age-standardized,976,Diabetes mellitus type 2,3,Rate,2007,9602.74669285807,10282.46205618275,8775.38981657279
1,All Population,5,Prevalence,119,Trinidad and Tobago,3,Both,27,Age-standardized,976,Diabetes mellitus type 2,3,Rate,2002,15119.860192008542,16149.865430940821,13249.34501182016
1,All Population,5,Prevalence,99,Uruguay,3,Both,27,Age-standardized,976,Diabetes mellitus type 2,3,Rate,2007,2951.7837004885,3175.91196582315,2664.02242733617
1,All Population,5,Prevalence,83,Iceland,3,Both,27,Age-standardized,976,Diabetes mellitus type 2,3,Rate,2007,2872.52443840766,3176.1792541849904,2627.1259141464598
1,All Population,5,Prevalence,85,Israel,3,Both,27,Age-standardized,976,Diabetes mellitus type 2,3,Rate,2007,3591.884050592,3807.19432972184,3384.27967681324
1,All Population,5,Prevalence,101,Canada,3,Both,27,Age-standardized,976,Diabetes mellitus type 2,3,Rate,2007,2816.1808048277203,2992.78251535847,2623.00727559173
1,All Population,5,Prevalence,108,Belize,3,Both,27,Age-standardized,976,Diabetes mellitus type 2,3,Rate,2002,8252.37711406473,8788.61539411897,7601.19892399789
1,All Population,5,Prevalence,94,Switzerland,3,Both,27,Age-standardized,976,Diabetes mellitus type 2,3,Rate,2007,3140.67840593971,3464.53224072973,2858.3496665266
1,All Population,5,Prevalence,110,Dominica,3,Both,27,Age-standardized,976,Diabetes mellitus type 2,3,Rate,2007,8697.45119407279,9433.35990634396,8110.22134811413
1,All Population,5,Prevalence,98,Chile,3,Both,27,Age-standardized,976,Diabetes mellitus type 2,3,Rate,2007,1942.31617290543,2042.67704714419,1849.0086548112301
1,All Population,5,Prevalence,118,Suriname,3,Both,27,Age-standardized,976,Diabetes mellitus type 2,3,Rate,2007,9030.45025676397,9767.17105837855,8417.79665694032
1,All Population,5,Prevalence,112,Grenada,3,Both,27,Age-standardized,976,Diabetes mellitus type 2,3,Rate,2007,10126.85127598804,10781.95397607543,9415.7492497241
1,All Population,5,Prevalence,114,Haiti,3,Both,27,Age-standardized,976,Diabetes mellitus type 2,3,Rate,2007,5883.94152330864,6401.985189080519,5338.4591657922
1,All Population,5,Prevalence,116,Saint Lucia,3,Both,27,Age-standardized,976,Diabetes mellitus type 2,3,Rate,2007,10304.42228821037,11098.003626644839,9394.59181936319
1,All Population,5,Prevalence,122,Ecuador,3,Both,27,Age-standardized,976,Diabetes mellitus type 2,3,Rate,2007,5031.3722124212,5329.516953477,4682.14197734399
1,All Population,5,Prevalence,125,Colombia,3,Both,27,Age-standardized,976,Diabetes mellitus type 2,3,Rate,2007,4524.835174236249,4867.2930839395,4220.92721395073
1,All Population,5,Prevalence,127,El Salvador,3,Both,27,Age-standardized,976,Diabetes mellitus type 2,3,Rate,2007,5934.76084668109,6387.0390491260105,5488.26784513666
1,All Population,5,Prevalence,121,Bolivia (Plurinational State of),3,Both,27,Age-standardized,976,Diabetes mellitus type 2,3,Rate,2002,4085.40536706518,4502.84340955254,3775.5194254015896
1,All Population,5,Prevalence,129,Honduras,3,Both,27,Age-standardized,976,Diabetes mellitus type 2,3,Rate,2007,4713.66954979984,5177.98792270828,4278.6846373765
1,All Population,5,Prevalence,109,Cuba,3,Both,27,Age-standardized,976,Diabetes mellitus type 2,3,Rate,2007,3710.95841342153,3984.0254432334405,3463.65506829023
1,All Population,5,Prevalence,133,Venezuela (Bolivarian Republic of),3,Both,27,Age-standardized,976,Diabetes mellitus type 2,3,Rate,2007,6108.14978831465,6472.706298855781,5697.66474701586
1,All Population,5,Prevalence,111,Dominican Republic,3,Both,27,Age-standardized,976,Diabetes mellitus type 2,3,Rate,2007,6113.40188917576,6649.15787859803,5595.27685680942
1,All Population,5,Prevalence,113,Guyana,3,Both,27,Age-standardized,976,Diabetes mellitus type 2,3,Rate,2007,10130.97096642334,10853.742427449679,9481.250430194601
1,All Population,5,Prevalence,131,Nicaragua,3,Both,27,Age-standardized,976,Diabetes mellitus type 2,3,Rate,2007,4460.97411780905,4802.07612675089,4121.54885957218
1,All Population,5,Prevalence,135,Brazil,3,Both,27,Age-standardized,976,Diabetes mellitus type 2,3,Rate,2007,4504.24504774252,4940.70627471038,4037.09186031282
1,All Population,5,Prevalence,115,Jamaica,3,Both,27,Age-standardized,976,Diabetes mellitus type 2,3,Rate,2007,7651.87816784641,8039.51156287129,7248.84431990248
1,All Population,5,Prevalence,149,Palestine,3,Both,27,Age-standardized,976,Diabetes mellitus type 2,3,Rate,2002,8432.37472289914,9011.38235855343,7870.188446480431
1,All Population,5,Prevalence,123,Peru,3,Both,27,Age-standardized,976,Diabetes mellitus type 2,3,Rate,2002,2293.0938560004497,2490.5133376242497,2115.21922325194
1,All Population,5,Prevalence,132,Panama,3,Both,27,Age-standardized,976,Diabetes mellitus type 2,3,Rate,2002,5308.64690346632,5770.4074094875305,4919.52134822672
1,All Population,5,Prevalence,126,Costa Rica,3,Both,27,Age-standardized,976,Diabetes mellitus type 2,3,Rate,2007,6276.513000295469,6839.82198989635,5827.35198243958
1,All Population,5,Prevalence,128,Guatemala,3,Both,27,Age-standardized,976,Diabetes mellitus type 2,3,Rate,2007,7573.161101679,7899.03725499265,7216.92849926212
1,All Population,5,Prevalence,130,Mexico,3,Both,27,Age-standardized,976,Diabetes mellitus type 2,3,Rate,2007,10910.20106736117,11919.71896151698,9880.92824024782
1,All Population,5,Prevalence,139,Algeria,3,Both,27,Age-standardized,976,Diabetes mellitus type 2,3,Rate,2007,7053.83430280891,7686.18457108398,6450.343101375181
1,All Population,5,Prevalence,140,Bahrain,3,Both,27,Age-standardized,976,Diabetes mellitus type 2,3,Rate,2007,13599.940382170811,14684.21347150277,12623.078950717309
1,All Population,5,Prevalence,151,Qatar,3,Both,27,Age-standardized,976,Diabetes mellitus type 2,3,Rate,2002,11597.90111052017,12598.89698886409,10777.885526244629
1,All Population,5,Prevalence,146,Lebanon,3,Both,27,Age-standardized,976,Diabetes mellitus type 2,3,Rate,2007,8390.84268828298,9146.12833421771,7719.31516788374
1,All Population,5,Prevalence,142,Iran (Islamic Republic of),3,Both,27,Age-standardized,976,Diabetes mellitus type 2,3,Rate,2007,5530.49904774717,6085.37524650726,5001.6890426830805
1,All Population,5,Prevalence,144,Jordan,3,Both,27,Age-standardized,976,Diabetes mellitus type 2,3,Rate,2007,10190.08103002484,10789.63975091654,9554.91531986381
1,All Population,5,Prevalence,164,Nepal,3,Both,27,Age-standardized,976,Diabetes mellitus type 2,3,Rate,2002,5242.20757419111,5723.562439350901,4792.4506755865705
1,All Population,5,Prevalence,153,Syrian Arab Republic,3,Both,27,Age-standardized,976,Diabetes mellitus type 2,3,Rate,2002,7285.24352148288,7911.969260457249,6675.17193655042
1,All Population,5,Prevalence,148,Morocco,3,Both,27,Age-standardized,976,Diabetes mellitus type 2,3,Rate,2007,7074.22176670082,7722.17985695106,6477.68475268007
1,All Population,5,Prevalence,136,Paraguay,3,Both,27,Age-standardized,976,Diabetes mellitus type 2,3,Rate,2002,5329.64162362498,5706.92115385703,4937.87148588521
1,All Population,5,Prevalence,150,Oman,3,Both,27,Age-standardized,976,Diabetes mellitus type 2,3,Rate,2007,7217.75480877305,7822.9317536712,6739.742752156901
1,All Population,5,Prevalence,155,Türkiye,3,Both,27,Age-standardized,976,Diabetes mellitus type 2,3,Rate,2007,6056.6459748285,6452.77707695393,5607.91122498296
1,All Population,5,Prevalence,168,Angola,3,Both,27,Age-standardized,976,Diabetes mellitus type 2,3,Rate,2002,5926.72393073563,6431.898242708629,5416.494563536829
1,All Population,5,Prevalence,152,Saudi Arabia,3,Both,27,Age-standardized,976,Diabetes mellitus type 2,3,Rate,2007,15530.039260087111,16838.17625930909,14349.62095978741
1,All Population,5,Prevalence,185,Rwanda,3,Both,27,Age-standardized,976,Diabetes mellitus type 2,3,Rate,2002,2560.9841124489,2779.14986762127,2362.6406364579
1,All Population,5,Prevalence,154,Tunisia,3,Both,27,Age-standardized,976,Diabetes mellitus type 2,3,Rate,2007,7598.82712357543,8301.11263869533,6951.57522592211
1,All Population,5,Prevalence,170,Congo,3,Both,27,Age-standardized,976,Diabetes mellitus type 2,3,Rate,2002,6071.90898038171,6682.2274786633,5530.29788445829
1,All Population,5,Prevalence,141,Egypt,3,Both,27,Age-standardized,976,Diabetes mellitus type 2,3,Rate,2007,9121.1644572179,9876.80213615547,8481.29950062619
1,All Population,5,Prevalence,157,Yemen,3,Both,27,Age-standardized,976,Diabetes mellitus type 2,3,Rate,2007,3406.4132958202904,3725.4184682265495,3109.4665477030903
1,All Population,5,Prevalence,143,Iraq,3,Both,27,Age-standardized,976,Diabetes mellitus type 2,3,Rate,2007,9283.17458994814,9923.19684336767,8711.15108674619
1,All Population,5,Prevalence,163,India,3,Both,27,Age-standardized,976,Diabetes mellitus type 2,3,Rate,2007,5804.46951045694,6322.32886861243,5299.95858857686
1,All Population,5,Prevalence,165,Pakistan,3,Both,27,Age-standardized,976,Diabetes mellitus type 2,3,Rate,2007,7622.66877264607,8293.7376671396,6884.146431679509
1,All Population,5,Prevalence,145,Kuwait,3,Both,27,Age-standardized,976,Diabetes mellitus type 2,3,Rate,2007,13601.91490757446,14518.345438261309,12693.03862201118
1,All Population,5,Prevalence,147,Libya,3,Both,27,Age-standardized,976,Diabetes mellitus type 2,3,Rate,2007,9110.649251942641,9833.26671856104,8345.14381542202
1,All Population,5,Prevalence,169,Central African Republic,3,Both,27,Age-standardized,976,Diabetes mellitus type 2,3,Rate,2007,5650.74006966799,6109.44659622513,5176.264744093271
1,All Population,5,Prevalence,161,Bangladesh,3,Both,27,Age-standardized,976,Diabetes mellitus type 2,3,Rate,2007,5602.30404300524,5978.815807566059,5266.22007604126
1,All Population,5,Prevalence,197,Eswatini,3,Both,27,Age-standardized,976,Diabetes mellitus type 2,3,Rate,2002,5448.02603560904,5864.94150885703,4986.22426627985
1,All Population,5,Prevalence,172,Equatorial Guinea,3,Both,27,Age-standardized,976,Diabetes mellitus type 2,3,Rate,2007,6107.67146949765,6661.89166657659,5521.68561836532
1,All Population,5,Prevalence,176,Comoros,3,Both,27,Age-standardized,976,Diabetes mellitus type 2,3,Rate,2007,3490.4295724963395,3773.8366789108504,3214.62044777581
1,All Population,5,Prevalence,178,Eritrea,3,Both,27,Age-standardized,976,Diabetes mellitus type 2,3,Rate,2007,3033.77055344108,3297.4889785897,2773.18548174343
1,All Population,5,Prevalence,179,Ethiopia,3,Both,27,Age-standardized,976,Diabetes mellitus type 2,3,Rate,2002,2837.9339764300503,3117.90047338803,2541.44292692578
1,All Population,5,Prevalence,156,United Arab Emirates,3,Both,27,Age-standardized,976,Diabetes mellitus type 2,3,Rate,2007,11376.04231944558,12420.537251690319,10451.28585016414
1,All Population,5,Prevalence,180,Kenya,3,Both,27,Age-standardized,976,Diabetes mellitus type 2,3,Rate,2007,3142.171672271,3431.27270896337,2829.23760008945
1,All Population,5,Prevalence,182,Malawi,3,Both,27,Age-standardized,976,Diabetes mellitus type 2,3,Rate,2007,2342.05940307827,2534.86828686455,2151.63514292338
1,All Population,5,Prevalence,184,Mozambique,3,Both,27,Age-standardized,976,Diabetes mellitus type 2,3,Rate,2007,2398.6921556962598,2591.44183689117,2200.81974781303
1,All Population,5,Prevalence,181,Madagascar,3,Both,27,Age-standardized,976,Diabetes mellitus type 2,3,Rate,2002,2692.2381898626,2936.30070425116,2472.9242525630802
1,All Population,5,Prevalence,160,Afghanistan,3,Both,27,Age-standardized,976,Diabetes mellitus type 2,3,Rate,2007,7902.22903432336,8569.20223155527,7220.146449919141
1,All Population,5,Prevalence,162,Bhutan,3,Both,27,Age-standardized,976,Diabetes mellitus type 2,3,Rate,2007,4531.88885371798,4872.40197607123,4176.0509446775795
1,All Population,5,Prevalence,187,Somalia,3,Both,27,Age-standardized,976,Diabetes mellitus type 2,3,Rate,2007,3010.9720649720102,3258.11388120883,2753.52026266437
1,All Population,5,Prevalence,190,Uganda,3,Both,27,Age-standardized,976,Diabetes mellitus type 2,3,Rate,2007,3749.7343998750202,4037.5554488471003,3466.8200772375403
1,All Population,5,Prevalence,183,Mauritius,3,Both,27,Age-standardized,976,Diabetes mellitus type 2,3,Rate,2002,11298.525080878,11793.67976148226,10863.2217214097
1,All Population,5,Prevalence,201,Burkina Faso,3,Both,27,Age-standardized,976,Diabetes mellitus type 2,3,Rate,2002,2446.03285342069,2629.90338782299,2264.42254468551
1,All Population,5,Prevalence,171,Democratic Republic of the Congo,3,Both,27,Age-standardized,976,Diabetes mellitus type 2,3,Rate,2007,5327.46270369025,5799.278363383821,4924.688776072219
1,All Population,5,Prevalence,173,Gabon,3,Both,27,Age-standardized,976,Diabetes mellitus type 2,3,Rate,2007,6763.579609497019,7325.903104206751,6178.54836954666
1,All Population,5,Prevalence,196,South Africa,3,Both,27,Age-standardized,976,Diabetes mellitus type 2,3,Rate,2007,6520.18666386369,7117.84488506437,5893.32092085226
1,All Population,5,Prevalence,198,Zimbabwe,3,Both,27,Age-standardized,976,Diabetes mellitus type 2,3,Rate,2007,3766.22648185565,4145.42069202436,3470.4011688700602
1,All Population,5,Prevalence,175,Burundi,3,Both,27,Age-standardized,976,Diabetes mellitus type 2,3,Rate,2007,2936.18774989789,3187.91724142943,2682.87391791345
1,All Population,5,Prevalence,200,Benin,3,Both,27,Age-standardized,976,Diabetes mellitus type 2,3,Rate,2007,3759.4710429541897,4084.1960823527997,3464.26033453223
1,All Population,5,Prevalence,210,Liberia,3,Both,27,Age-standardized,976,Diabetes mellitus type 2,3,Rate,2002,4498.618187167501,4893.3992393320395,4115.0872023759
1,All Population,5,Prevalence,177,Djibouti,3,Both,27,Age-standardized,976,Diabetes mellitus type 2,3,Rate,2007,3037.65581545472,3278.8677221641797,2791.54281516424
1,All Population,5,Prevalence,186,Seychelles,3,Both,27,Age-standardized,976,Diabetes mellitus type 2,3,Rate,2007,6624.9891955697,7212.42404354423,6104.2327800760595
1,All Population,5,Prevalence,195,Namibia,3,Both,27,Age-standardized,976,Diabetes mellitus type 2,3,Rate,2002,4274.57213761587,4686.1661551154,3932.35458362814
1,All Population,5,Prevalence,194,Lesotho,3,Both,27,Age-standardized,976,Diabetes mellitus type 2,3,Rate,2007,3873.91924187474,4230.68705285312,3568.65373632404
1,All Population,5,Prevalence,203,Cabo Verde,3,Both,27,Age-standardized,976,Diabetes mellitus type 2,3,Rate,2007,5021.30827231566,5415.27512589787,4621.654673242931
1,All Population,5,Prevalence,212,Mauritania,3,Both,27,Age-standardized,976,Diabetes mellitus type 2,3,Rate,2002,5140.52813464275,5639.7561895012905,4688.49527331797
1,All Population,5,Prevalence,189,United Republic of Tanzania,3,Both,27,Age-standardized,976,Diabetes mellitus type 2,3,Rate,2007,2561.98676423321,2754.13087385868,2392.75607630904
1,All Population,5,Prevalence,191,Zambia,3,Both,27,Age-standardized,976,Diabetes mellitus type 2,3,Rate,2007,4294.60245125602,4671.04224300757,3917.6068064346205
1,All Population,5,Prevalence,193,Botswana,3,Both,27,Age-standardized,976,Diabetes mellitus type 2,3,Rate,2007,4679.26430049347,5099.75875641878,4322.3802902309
1,All Population,5,Prevalence,211,Mali,3,Both,27,Age-standardized,976,Diabetes mellitus type 2,3,Rate,2007,7881.53966832264,8600.66937357794,7145.105242208289
1,All Population,5,Prevalence,214,Nigeria,3,Both,27,Age-standardized,976,Diabetes mellitus type 2,3,Rate,2002,3226.81155340801,3538.7079281025503,2925.47064122302
1,All Population,5,Prevalence,213,Niger,3,Both,27,Age-standardized,976,Diabetes mellitus type 2,3,Rate,2007,3968.2693086675795,4364.84135013962,3637.83813444039
1,All Population,5,Prevalence,205,Côte d'Ivoire,3,Both,27,Age-standardized,976,Diabetes mellitus type 2,3,Rate,2007,4536.28892702208,4934.51003326773,4163.64765661881
1,All Population,5,Prevalence,216,Senegal,3,Both,27,Age-standardized,976,Diabetes mellitus type 2,3,Rate,2002,6142.426616417581,6694.763092866459,5623.86200734797
1,All Population,5,Prevalence,215,Sao Tome and Principe,3,Both,27,Age-standardized,976,Diabetes mellitus type 2,3,Rate,2007,4828.886470125611,5286.9144053409,4412.4612454095995
1,All Population,5,Prevalence,207,Ghana,3,Both,27,Age-standardized,976,Diabetes mellitus type 2,3,Rate,2007,4498.68838589223,4824.96468090971,4164.76992813869
1,All Population,5,Prevalence,209,Guinea-Bissau,3,Both,27,Age-standardized,976,Diabetes mellitus type 2,3,Rate,2007,4737.25536325059,5112.26403955695,4357.83147833467
1,All Population,5,Prevalence,217,Sierra Leone,3,Both,27,Age-standardized,976,Diabetes mellitus type 2,3,Rate,2007,4138.3664261187805,4493.66795554738,3804.81471939384
1,All Population,5,Prevalence,218,Togo,3,Both,27,Age-standardized,976,Diabetes mellitus type 2,3,Rate,2007,3251.4433090864,3510.80378010279,2998.25088826197
1,All Population,5,Prevalence,298,American Samoa,3,Both,27,Age-standardized,976,Diabetes mellitus type 2,3,Rate,2007,15731.409629770851,16648.57611360467,14822.02912691348
1,All Population,5,Prevalence,374,Niue,3,Both,27,Age-standardized,976,Diabetes mellitus type 2,3,Rate,2007,14310.353955772858,15367.721366997319,13204.10682881287
1,All Population,5,Prevalence,385,Puerto Rico,3,Both,27,Age-standardized,976,Diabetes mellitus type 2,3,Rate,2002,8693.92053226496,9283.544237075641,7996.1527726654895
1,All Population,5,Prevalence,380,Palau,3,Both,27,Age-standardized,976,Diabetes mellitus type 2,3,Rate,2007,10781.43549764444,11465.94994038131,10020.38254352055
1,All Population,5,Prevalence,393,Saint Kitts and Nevis,3,Both,27,Age-standardized,976,Diabetes mellitus type 2,3,Rate,2007,7871.324161214439,8519.01660074481,7224.81639200476
1,All Population,5,Prevalence,413,Tokelau,3,Both,27,Age-standardized,976,Diabetes mellitus type 2,3,Rate,2007,15020.88512080945,16022.69373261491,13962.70909233622
1,All Population,5,Prevalence,305,Bermuda,3,Both,27,Age-standardized,976,Diabetes mellitus type 2,3,Rate,2007,4874.91780685474,5359.74859739803,4488.05268465695
1,All Population,5,Prevalence,202,Cameroon,3,Both,27,Age-standardized,976,Diabetes mellitus type 2,3,Rate,2007,4096.9324206966,4421.41104962015,3795.29183639475
1,All Population,5,Prevalence,204,Chad,3,Both,27,Age-standardized,976,Diabetes mellitus type 2,3,Rate,2007,4190.93935144175,4561.66416867133,3820.3146756547103
1,All Population,5,Prevalence,206,Gambia,3,Both,27,Age-standardized,976,Diabetes mellitus type 2,3,Rate,2007,5441.75434723542,5881.83689931154,4983.06219233174
1,All Population,5,Prevalence,349,Greenland,3,Both,27,Age-standardized,976,Diabetes mellitus type 2,3,Rate,2007,2275.6868042135497,2535.3550307045703,2020.6054041775
1,All Population,5,Prevalence,367,Monaco,3,Both,27,Age-standardized,976,Diabetes mellitus type 2,3,Rate,2007,2782.40317748903,3112.2542489954103,2473.53147848511
1,All Population,5,Prevalence,435,South Sudan,3,Both,27,Age-standardized,976,Diabetes mellitus type 2,3,Rate,2007,2790.7323330513,3047.3243761570698,2561.7268222274397
1,All Population,5,Prevalence,208,Guinea,3,Both,27,Age-standardized,976,Diabetes mellitus type 2,3,Rate,2007,3578.77226203032,3884.42546807476,3305.68750193296
1,All Population,5,Prevalence,396,San Marino,3,Both,27,Age-standardized,976,Diabetes mellitus type 2,3,Rate,2002,3011.73221201563,3330.58157294015,2695.41493265702
1,All Population,5,Prevalence,416,Tuvalu,3,Both,27,Age-standardized,976,Diabetes mellitus type 2,3,Rate,2002,7996.6488708817,8685.21080106491,7268.293235192
1,All Population,5,Prevalence,376,Northern Mariana Islands,3,Both,27,Age-standardized,976,Diabetes mellitus type 2,3,Rate,2002,10033.00153903635,10838.13615149133,9238.85144983785
1,All Population,5,Prevalence,320,Cook Islands,3,Both,27,Age-standardized,976,Diabetes mellitus type 2,3,Rate,2007,15722.933537679839,16676.69401087628,14772.92319363111
1,All Population,5,Prevalence,351,Guam,3,Both,27,Age-standardized,976,Diabetes mellitus type 2,3,Rate,2007,6331.23910239591,6897.956926457351,5855.0073088358895
1,All Population,5,Prevalence,522,Sudan,3,Both,27,Age-standardized,976,Diabetes mellitus type 2,3,Rate,2007,6227.55131356678,6809.32467281087,5634.43019621823
1,All Population,5,Prevalence,369,Nauru,3,Both,27,Age-standardized,976,Diabetes mellitus type 2,3,Rate,2007,14000.55370930789,14866.93838799641,13167.85129731194
1,All Population,5,Prevalence,422,United States Virgin Islands,3,Both,27,Age-standardized,976,Diabetes mellitus type 2,3,Rate,2007,7137.283163464051,7827.77087869357,6570.147685023319
1,All Population,5,Prevalence,11,Indonesia,3,Both,27,Age-standardized,976,Diabetes mellitus type 2,3,Rate,2008,3992.41812764136,4415.63858539198,3569.37014582132
1,All Population,5,Prevalence,13,Malaysia,3,Both,27,Age-standardized,976,Diabetes mellitus type 2,3,Rate,2008,7007.60280609909,7575.13463245049,6472.83823213963
1,All Population,5,Prevalence,15,Myanmar,3,Both,27,Age-standardized,976,Diabetes mellitus type 2,3,Rate,2008,5193.1928260709,5580.60312146811,4795.3875674357905
1,All Population,5,Prevalence,26,Papua New Guinea,3,Both,27,Age-standardized,976,Diabetes mellitus type 2,3,Rate,2008,7534.55379240999,8108.72288341901,6886.09401357074
1,All Population,5,Prevalence,28,Solomon Islands,3,Both,27,Age-standardized,976,Diabetes mellitus type 2,3,Rate,2008,7672.03857817441,8219.65120572187,7080.7709172818895
1,All Population,5,Prevalence,30,Vanuatu,3,Both,27,Age-standardized,976,Diabetes mellitus type 2,3,Rate,2008,8121.91951461906,8796.177946480439,7478.19776292703
1,All Population,5,Prevalence,7,Democratic People's Republic of Korea,3,Both,27,Age-standardized,976,Diabetes mellitus type 2,3,Rate,2008,4654.67561215155,5132.43496604075,4260.6636601030405
1,All Population,5,Prevalence,18,Thailand,3,Both,27,Age-standardized,976,Diabetes mellitus type 2,3,Rate,2008,4369.90363390601,4727.72740913965,4082.7231007990003
1,All Population,5,Prevalence,20,Viet Nam,3,Both,27,Age-standardized,976,Diabetes mellitus type 2,3,Rate,2008,3030.35074309333,3302.31465139509,2794.15335379611
1,All Population,5,Prevalence,22,Fiji,3,Both,27,Age-standardized,976,Diabetes mellitus type 2,3,Rate,2008,13603.10353343514,14384.12299191067,12814.36899938104
1,All Population,5,Prevalence,6,China,3,Both,27,Age-standardized,976,Diabetes mellitus type 2,3,Rate,2008,5335.32691846238,5854.59332854168,4935.639540381811
1,All Population,5,Prevalence,71,Australia,3,Both,27,Age-standardized,976,Diabetes mellitus type 2,3,Rate,2008,2529.73059807114,2711.90487819221,2363.0308376506
1,All Population,5,Prevalence,24,Marshall Islands,3,Both,27,Age-standardized,976,Diabetes mellitus type 2,3,Rate,2008,16050.576734452829,17334.10607501446,14822.10013649396
1,All Population,5,Prevalence,75,Austria,3,Both,27,Age-standardized,976,Diabetes mellitus type 2,3,Rate,2008,2501.45603194448,2683.21161091048,2325.08019924486
1,All Population,5,Prevalence,77,Cyprus,3,Both,27,Age-standardized,976,Diabetes mellitus type 2,3,Rate,2008,4558.33255937586,4984.43459875735,4181.5023816904895
1,All Population,5,Prevalence,8,Taiwan,3,Both,27,Age-standardized,976,Diabetes mellitus type 2,3,Rate,2008,6065.7686461456,6449.4661110015795,5712.14044121858
1,All Population,5,Prevalence,17,Sri Lanka,3,Both,27,Age-standardized,976,Diabetes mellitus type 2,3,Rate,2008,7443.34429151401,7814.708536368779,7046.36010975308
1,All Population,5,Prevalence,19,Timor-Leste,3,Both,27,Age-standardized,976,Diabetes mellitus type 2,3,Rate,2008,2893.71660932034,3173.2999979237898,2627.2008298782903
1,All Population,5,Prevalence,23,Kiribati,3,Both,27,Age-standardized,976,Diabetes mellitus type 2,3,Rate,2008,12831.30765279408,13584.723919670061,12014.57125532704
1,All Population,5,Prevalence,86,Italy,3,Both,27,Age-standardized,976,Diabetes mellitus type 2,3,Rate,2008,3758.21782959473,4177.93229315351,3305.88321667273
1,All Population,5,Prevalence,88,Malta,3,Both,27,Age-standardized,976,Diabetes mellitus type 2,3,Rate,2008,3347.03406301546,3678.86760700212,3108.17271993145
1,All Population,5,Prevalence,90,Norway,3,Both,27,Age-standardized,976,Diabetes mellitus type 2,3,Rate,2008,4004.11082510988,4512.22801528283,3521.6074931505
1,All Population,5,Prevalence,92,Spain,3,Both,27,Age-standardized,976,Diabetes mellitus type 2,3,Rate,2008,4729.6282057875,5107.01565528674,4409.5323158886295
1,All Population,5,Prevalence,67,Japan,3,Both,27,Age-standardized,976,Diabetes mellitus type 2,3,Rate,2008,5568.69342297783,6174.71112523066,5015.56717518154
1,All Population,5,Prevalence,66,Brunei Darussalam,3,Both,27,Age-standardized,976,Diabetes mellitus type 2,3,Rate,2008,7084.00229819274,7624.612911558789,6584.35764539458
1,All Population,5,Prevalence,68,Republic of Korea,3,Both,27,Age-standardized,976,Diabetes mellitus type 2,3,Rate,2008,5060.41442672426,5249.87107712746,4866.85136808494
1,All Population,5,Prevalence,69,Singapore,3,Both,27,Age-standardized,976,Diabetes mellitus type 2,3,Rate,2008,4958.7815578870295,5316.2422189811095,4685.34322497794
1,All Population,5,Prevalence,105,Antigua and Barbuda,3,Both,27,Age-standardized,976,Diabetes mellitus type 2,3,Rate,2008,8314.49380611153,9027.67642354641,7758.70041290774
1,All Population,5,Prevalence,80,France,3,Both,27,Age-standardized,976,Diabetes mellitus type 2,3,Rate,2008,3553.07486250644,3816.3699643716095,3313.3355777237
1,All Population,5,Prevalence,107,Barbados,3,Both,27,Age-standardized,976,Diabetes mellitus type 2,3,Rate,2008,9634.856565998,10311.59487289442,8775.85972212733
1,All Population,5,Prevalence,79,Finland,3,Both,27,Age-standardized,976,Diabetes mellitus type 2,3,Rate,2008,4945.3811410667,5397.67134658767,4526.07366061572
1,All Population,5,Prevalence,81,Germany,3,Both,27,Age-standardized,976,Diabetes mellitus type 2,3,Rate,2008,4178.35060865376,4503.21462138822,3847.2868741337998
1,All Population,5,Prevalence,83,Iceland,3,Both,27,Age-standardized,976,Diabetes mellitus type 2,3,Rate,2008,2911.57366570869,3209.1068296540902,2660.68931075086
1,All Population,5,Prevalence,118,Suriname,3,Both,27,Age-standardized,976,Diabetes mellitus type 2,3,Rate,2008,9159.28142347419,9876.47520295823,8481.26909589395
1,All Population,5,Prevalence,122,Ecuador,3,Both,27,Age-standardized,976,Diabetes mellitus type 2,3,Rate,2008,5146.98422856222,5448.20861179192,4819.45799945396
1,All Population,5,Prevalence,85,Israel,3,Both,27,Age-standardized,976,Diabetes mellitus type 2,3,Rate,2008,3623.3386063584403,3836.65436126229,3398.2336149781204
1,All Population,5,Prevalence,133,Venezuela (Bolivarian Republic of),3,Both,27,Age-standardized,976,Diabetes mellitus type 2,3,Rate,2008,6136.39975185002,6513.02225084964,5718.06049054517
1,All Population,5,Prevalence,82,Greece,3,Both,27,Age-standardized,976,Diabetes mellitus type 2,3,Rate,2008,3179.9789052575397,3476.0079650748103,2910.5234713549
1,All Population,5,Prevalence,84,Ireland,3,Both,27,Age-standardized,976,Diabetes mellitus type 2,3,Rate,2008,2382.30500536937,2597.87280421272,2166.39215227407
1,All Population,5,Prevalence,135,Brazil,3,Both,27,Age-standardized,976,Diabetes mellitus type 2,3,Rate,2008,4531.68487972048,4976.59675831379,4057.3724146811796
1,All Population,5,Prevalence,139,Algeria,3,Both,27,Age-standardized,976,Diabetes mellitus type 2,3,Rate,2008,7148.71082738716,7776.43745376629,6584.765305071411
1,All Population,5,Prevalence,150,Oman,3,Both,27,Age-standardized,976,Diabetes mellitus type 2,3,Rate,2008,7376.868729166219,7957.060046953709,6906.45399066221
1,All Population,5,Prevalence,152,Saudi Arabia,3,Both,27,Age-standardized,976,Diabetes mellitus type 2,3,Rate,2008,15921.66539818592,17295.86314872958,14677.39453733212
1,All Population,5,Prevalence,154,Tunisia,3,Both,27,Age-standardized,976,Diabetes mellitus type 2,3,Rate,2008,7668.50154889067,8371.39189792975,7033.42218933074
1,All Population,5,Prevalence,148,Morocco,3,Both,27,Age-standardized,976,Diabetes mellitus type 2,3,Rate,2008,7194.04791598935,7839.10020291739,6613.34475760598
1,All Population,5,Prevalence,95,United Kingdom,3,Both,27,Age-standardized,976,Diabetes mellitus type 2,3,Rate,2008,4163.91406075165,4497.06901132058,3828.06701652625
1,All Population,5,Prevalence,163,India,3,Both,27,Age-standardized,976,Diabetes mellitus type 2,3,Rate,2008,5919.705711342141,6447.15764248919,5401.65341552582
1,All Population,5,Prevalence,94,Switzerland,3,Both,27,Age-standardized,976,Diabetes mellitus type 2,3,Rate,2008,3150.27854949023,3468.30494333897,2878.29743875627
1,All Population,5,Prevalence,97,Argentina,3,Both,27,Age-standardized,976,Diabetes mellitus type 2,3,Rate,2008,3236.6468383919896,3428.14859437389,3013.28078889192
1,All Population,5,Prevalence,99,Uruguay,3,Both,27,Age-standardized,976,Diabetes mellitus type 2,3,Rate,2008,2977.84218717967,3210.1622726949804,2674.82026132932
1,All Population,5,Prevalence,101,Canada,3,Both,27,Age-standardized,976,Diabetes mellitus type 2,3,Rate,2008,2865.98211877675,3042.04414723231,2671.5437496751997
1,All Population,5,Prevalence,165,Pakistan,3,Both,27,Age-standardized,976,Diabetes mellitus type 2,3,Rate,2008,7733.377087340169,8412.34437427648,6980.20219593988
1,All Population,5,Prevalence,169,Central African Republic,3,Both,27,Age-standardized,976,Diabetes mellitus type 2,3,Rate,2008,5708.9802990775,6150.28763982548,5228.05046957821
1,All Population,5,Prevalence,98,Chile,3,Both,27,Age-standardized,976,Diabetes mellitus type 2,3,Rate,2008,1954.7747281929198,2062.59593104227,1857.2102080796901
1,All Population,5,Prevalence,178,Eritrea,3,Both,27,Age-standardized,976,Diabetes mellitus type 2,3,Rate,2008,3056.54017476313,3323.52627364344,2793.64553366043
1,All Population,5,Prevalence,184,Mozambique,3,Both,27,Age-standardized,976,Diabetes mellitus type 2,3,Rate,2008,2417.9551453334802,2611.96231805035,2226.3605728052
1,All Population,5,Prevalence,110,Dominica,3,Both,27,Age-standardized,976,Diabetes mellitus type 2,3,Rate,2008,8809.24035462609,9538.39680436633,8203.44949178304
1,All Population,5,Prevalence,112,Grenada,3,Both,27,Age-standardized,976,Diabetes mellitus type 2,3,Rate,2008,10221.76994665693,10886.24915812031,9512.61881323121
1,All Population,5,Prevalence,109,Cuba,3,Both,27,Age-standardized,976,Diabetes mellitus type 2,3,Rate,2008,3722.9944896732704,3997.12945269508,3466.2398478257
1,All Population,5,Prevalence,114,Haiti,3,Both,27,Age-standardized,976,Diabetes mellitus type 2,3,Rate,2008,5935.32537316633,6441.916590053739,5363.77983629843
1,All Population,5,Prevalence,180,Kenya,3,Both,27,Age-standardized,976,Diabetes mellitus type 2,3,Rate,2008,3167.68659279926,3459.4813070152495,2851.19857372189
1,All Population,5,Prevalence,182,Malawi,3,Both,27,Age-standardized,976,Diabetes mellitus type 2,3,Rate,2008,2342.77364197704,2539.66398007639,2153.4580517006198
1,All Population,5,Prevalence,116,Saint Lucia,3,Both,27,Age-standardized,976,Diabetes mellitus type 2,3,Rate,2008,10296.93212248626,11039.20328131716,9418.395948559399
1,All Population,5,Prevalence,111,Dominican Republic,3,Both,27,Age-standardized,976,Diabetes mellitus type 2,3,Rate,2008,6255.22898490561,6766.7253136849195,5743.09542411625
1,All Population,5,Prevalence,113,Guyana,3,Both,27,Age-standardized,976,Diabetes mellitus type 2,3,Rate,2008,10161.95429930836,10847.00873424351,9505.247558395009
1,All Population,5,Prevalence,125,Colombia,3,Both,27,Age-standardized,976,Diabetes mellitus type 2,3,Rate,2008,4521.8683057237395,4876.3539958728,4203.74204879626
1,All Population,5,Prevalence,127,El Salvador,3,Both,27,Age-standardized,976,Diabetes mellitus type 2,3,Rate,2008,5965.69250172561,6422.73723846052,5513.99797271479
1,All Population,5,Prevalence,115,Jamaica,3,Both,27,Age-standardized,976,Diabetes mellitus type 2,3,Rate,2008,7771.33427358144,8185.788443051641,7387.62862701704
1,All Population,5,Prevalence,196,South Africa,3,Both,27,Age-standardized,976,Diabetes mellitus type 2,3,Rate,2008,6627.0998929671405,7233.5765523698,5998.28706886308
1,All Population,5,Prevalence,126,Costa Rica,3,Both,27,Age-standardized,976,Diabetes mellitus type 2,3,Rate,2008,6360.69729640538,6923.553193558139,5912.16090972826
1,All Population,5,Prevalence,128,Guatemala,3,Both,27,Age-standardized,976,Diabetes mellitus type 2,3,Rate,2008,7719.12552859072,8027.2838381278,7376.739922272681
1,All Population,5,Prevalence,130,Mexico,3,Both,27,Age-standardized,976,Diabetes mellitus type 2,3,Rate,2008,10862.35017514869,11875.23040600648,9832.31519889732
1,All Population,5,Prevalence,129,Honduras,3,Both,27,Age-standardized,976,Diabetes mellitus type 2,3,Rate,2008,4732.22713420648,5220.20597872109,4292.35026383051
1,All Population,5,Prevalence,131,Nicaragua,3,Both,27,Age-standardized,976,Diabetes mellitus type 2,3,Rate,2008,4498.02830595173,4817.73578171363,4172.63325759437
1,All Population,5,Prevalence,198,Zimbabwe,3,Both,27,Age-standardized,976,Diabetes mellitus type 2,3,Rate,2008,3793.8361607793,4144.9932596557,3495.37329896986
1,All Population,5,Prevalence,140,Bahrain,3,Both,27,Age-standardized,976,Diabetes mellitus type 2,3,Rate,2008,13831.213051428378,14955.39528437315,12846.034041504332
1,All Population,5,Prevalence,142,Iran (Islamic Republic of),3,Both,27,Age-standardized,976,Diabetes mellitus type 2,3,Rate,2008,5670.31683259103,6237.440290943709,5134.18779364831
1,All Population,5,Prevalence,144,Jordan,3,Both,27,Age-standardized,976,Diabetes mellitus type 2,3,Rate,2008,10370.80169430338,10990.954663224451,9754.74157834823
1,All Population,5,Prevalence,141,Egypt,3,Both,27,Age-standardized,976,Diabetes mellitus type 2,3,Rate,2008,9405.21398816874,10218.85215474353,8789.144997793059
1,All Population,5,Prevalence,143,Iraq,3,Both,27,Age-standardized,976,Diabetes mellitus type 2,3,Rate,2008,9488.63467286208,10155.00569853158,8902.57721974515
1,All Population,5,Prevalence,145,Kuwait,3,Both,27,Age-standardized,976,Diabetes mellitus type 2,3,Rate,2008,13950.73007211492,14900.37100602505,13000.172259876419
1,All Population,5,Prevalence,200,Benin,3,Both,27,Age-standardized,976,Diabetes mellitus type 2,3,Rate,2008,3781.54810791851,4106.2225881122895,3484.6668277972103
1,All Population,5,Prevalence,211,Mali,3,Both,27,Age-standardized,976,Diabetes mellitus type 2,3,Rate,2008,7922.67262172566,8640.20038972554,7178.73791998037
1,All Population,5,Prevalence,147,Libya,3,Both,27,Age-standardized,976,Diabetes mellitus type 2,3,Rate,2008,9276.45239049326,9980.95622620247,8461.50726270486
1,All Population,5,Prevalence,146,Lebanon,3,Both,27,Age-standardized,976,Diabetes mellitus type 2,3,Rate,2008,8564.88648524679,9273.204238854669,7932.08205344529
1,All Population,5,Prevalence,155,Türkiye,3,Both,27,Age-standardized,976,Diabetes mellitus type 2,3,Rate,2008,6148.43074231876,6592.15992716186,5706.96135630353
1,All Population,5,Prevalence,157,Yemen,3,Both,27,Age-standardized,976,Diabetes mellitus type 2,3,Rate,2008,3523.2699893642903,3869.5204128086602,3213.25403079401
1,All Population,5,Prevalence,161,Bangladesh,3,Both,27,Age-standardized,976,Diabetes mellitus type 2,3,Rate,2008,5730.09849971318,6098.7304641847995,5389.14269416262
1,All Population,5,Prevalence,213,Niger,3,Both,27,Age-standardized,976,Diabetes mellitus type 2,3,Rate,2008,3989.60290506825,4379.5763185346805,3652.20399538441
1,All Population,5,Prevalence,215,Sao Tome and Principe,3,Both,27,Age-standardized,976,Diabetes mellitus type 2,3,Rate,2008,4931.8501894787205,5393.5334922168695,4497.76013921544
1,All Population,5,Prevalence,217,Sierra Leone,3,Both,27,Age-standardized,976,Diabetes mellitus type 2,3,Rate,2008,4160.72793117568,4517.33552948547,3832.8005659579403
1,All Population,5,Prevalence,14,Maldives,3,Both,27,Age-standardized,976,Diabetes mellitus type 2,3,Rate,2003,3842.55384166707,4212.40152332044,3527.44959447339
1,All Population,5,Prevalence,156,United Arab Emirates,3,Both,27,Age-standardized,976,Diabetes mellitus type 2,3,Rate,2008,11664.52023450898,12764.553327646661,10704.91136314722
1,All Population,5,Prevalence,172,Equatorial Guinea,3,Both,27,Age-standardized,976,Diabetes mellitus type 2,3,Rate,2008,6163.7676360264095,6714.7814088962905,5583.79366879754
1,All Population,5,Prevalence,176,Comoros,3,Both,27,Age-standardized,976,Diabetes mellitus type 2,3,Rate,2008,3500.8428204765305,3770.69507849095,3213.7270325792097
1,All Population,5,Prevalence,160,Afghanistan,3,Both,27,Age-standardized,976,Diabetes mellitus type 2,3,Rate,2008,8032.8532296577705,8713.333609274621,7352.778954252601
1,All Population,5,Prevalence,162,Bhutan,3,Both,27,Age-standardized,976,Diabetes mellitus type 2,3,Rate,2008,4541.42541114568,4894.4017012117,4193.57571332594
1,All Population,5,Prevalence,25,Micronesia (Federated States of),3,Both,27,Age-standardized,976,Diabetes mellitus type 2,3,Rate,2003,14055.646529045,14712.492003386491,13357.47068245767
1,All Population,5,Prevalence,171,Democratic Republic of the Congo,3,Both,27,Age-standardized,976,Diabetes mellitus type 2,3,Rate,2008,5352.597826999,5823.46928227277,4932.21777280523
1,All Population,5,Prevalence,10,Cambodia,3,Both,27,Age-standardized,976,Diabetes mellitus type 2,3,Rate,2003,2718.92138844377,2974.47986519685,2483.57295646846
1,All Population,5,Prevalence,173,Gabon,3,Both,27,Age-standardized,976,Diabetes mellitus type 2,3,Rate,2008,6799.509212979719,7370.57201974462,6206.83672553113
1,All Population,5,Prevalence,175,Burundi,3,Both,27,Age-standardized,976,Diabetes mellitus type 2,3,Rate,2008,2943.69880581145,3202.1545834033204,2682.8261148904303
1,All Population,5,Prevalence,177,Djibouti,3,Both,27,Age-standardized,976,Diabetes mellitus type 2,3,Rate,2008,3047.1528967314603,3309.86816856935,2802.97651435752
1,All Population,5,Prevalence,298,American Samoa,3,Both,27,Age-standardized,976,Diabetes mellitus type 2,3,Rate,2008,15902.970131818109,16860.93328525459,14997.75346763469
1,All Population,5,Prevalence,186,Seychelles,3,Both,27,Age-standardized,976,Diabetes mellitus type 2,3,Rate,2008,6737.58312743459,7313.559689987679,6221.10010074507
1,All Population,5,Prevalence,189,United Republic of Tanzania,3,Both,27,Age-standardized,976,Diabetes mellitus type 2,3,Rate,2008,2584.13092429197,2773.30393882439,2415.86120999882
1,All Population,5,Prevalence,191,Zambia,3,Both,27,Age-standardized,976,Diabetes mellitus type 2,3,Rate,2008,4385.05602272737,4741.524378881791,4019.0531703518004
1,All Population,5,Prevalence,374,Niue,3,Both,27,Age-standardized,976,Diabetes mellitus type 2,3,Rate,2008,14499.30212187469,15559.465780146089,13331.051705551668
1,All Population,5,Prevalence,380,Palau,3,Both,27,Age-standardized,976,Diabetes mellitus type 2,3,Rate,2008,10821.87060800662,11540.50852713299,10062.41630909811
1,All Population,5,Prevalence,193,Botswana,3,Both,27,Age-standardized,976,Diabetes mellitus type 2,3,Rate,2008,4684.2423364200695,5098.73286386815,4318.39526220909
1,All Population,5,Prevalence,187,Somalia,3,Both,27,Age-standardized,976,Diabetes mellitus type 2,3,Rate,2008,3011.46003777341,3257.62555321933,2754.17437579328
1,All Population,5,Prevalence,393,Saint Kitts and Nevis,3,Both,27,Age-standardized,976,Diabetes mellitus type 2,3,Rate,2008,7929.52573680009,8554.86668476784,7317.8417074625995
1,All Population,5,Prevalence,190,Uganda,3,Both,27,Age-standardized,976,Diabetes mellitus type 2,3,Rate,2008,3766.2847259791297,4064.51258223202,3492.3683203860705
1,All Population,5,Prevalence,194,Lesotho,3,Both,27,Age-standardized,976,Diabetes mellitus type 2,3,Rate,2008,3915.04746739127,4268.88086496217,3606.8179966825096
1,All Population,5,Prevalence,413,Tokelau,3,Both,27,Age-standardized,976,Diabetes mellitus type 2,3,Rate,2008,15199.54922362449,16262.513782752769,14114.324511403569
1,All Population,5,Prevalence,206,Gambia,3,Both,27,Age-standardized,976,Diabetes mellitus type 2,3,Rate,2008,5519.493171719831,5977.98398840195,5031.51266366918
1,All Population,5,Prevalence,208,Guinea,3,Both,27,Age-standardized,976,Diabetes mellitus type 2,3,Rate,2008,3606.1105337519703,3906.7802895584396,3318.87861793348
1,All Population,5,Prevalence,202,Cameroon,3,Both,27,Age-standardized,976,Diabetes mellitus type 2,3,Rate,2008,4155.53181686046,4491.8892114538,3854.15466422164
1,All Population,5,Prevalence,204,Chad,3,Both,27,Age-standardized,976,Diabetes mellitus type 2,3,Rate,2008,4189.14579172473,4560.87164909734,3810.32007775252
1,All Population,5,Prevalence,12,Lao People's Democratic Republic,3,Both,27,Age-standardized,976,Diabetes mellitus type 2,3,Rate,2003,4009.4510455036,4407.348533365231,3628.38676773073
1,All Population,5,Prevalence,27,Samoa,3,Both,27,Age-standardized,976,Diabetes mellitus type 2,3,Rate,2003,10314.66012851246,11112.11780509166,9604.488431405329
1,All Population,5,Prevalence,16,Philippines,3,Both,27,Age-standardized,976,Diabetes mellitus type 2,3,Rate,2003,4644.81102303342,5074.24028577018,4197.63118681313
1,All Population,5,Prevalence,203,Cabo Verde,3,Both,27,Age-standardized,976,Diabetes mellitus type 2,3,Rate,2008,5075.50057479735,5481.8135803554105,4653.44829352341
1,All Population,5,Prevalence,205,Côte d'Ivoire,3,Both,27,Age-standardized,976,Diabetes mellitus type 2,3,Rate,2008,4567.40302248409,4968.098789154849,4189.61973607298
1,All Population,5,Prevalence,207,Ghana,3,Both,27,Age-standardized,976,Diabetes mellitus type 2,3,Rate,2008,4546.5638444409105,4905.14096211482,4217.98652825826
1,All Population,5,Prevalence,209,Guinea-Bissau,3,Both,27,Age-standardized,976,Diabetes mellitus type 2,3,Rate,2008,4754.94124722192,5135.868281469489,4352.08928289397
1,All Population,5,Prevalence,218,Togo,3,Both,27,Age-standardized,976,Diabetes mellitus type 2,3,Rate,2008,3278.0543994703003,3534.5803376909,3018.09638314831
1,All Population,5,Prevalence,320,Cook Islands,3,Both,27,Age-standardized,976,Diabetes mellitus type 2,3,Rate,2008,15924.92890536083,16901.565041855447,14973.10388167785
1,All Population,5,Prevalence,351,Guam,3,Both,27,Age-standardized,976,Diabetes mellitus type 2,3,Rate,2008,6373.5172082359195,6966.668465868959,5907.00902074664
1,All Population,5,Prevalence,369,Nauru,3,Both,27,Age-standardized,976,Diabetes mellitus type 2,3,Rate,2008,14171.958795076689,15065.52817154019,13295.98442648178
1,All Population,5,Prevalence,29,Tonga,3,Both,27,Age-standardized,976,Diabetes mellitus type 2,3,Rate,2003,10796.592591819019,11596.64977286696,10115.6176652266
1,All Population,5,Prevalence,422,United States Virgin Islands,3,Both,27,Age-standardized,976,Diabetes mellitus type 2,3,Rate,2008,7200.34189084847,7865.04501704091,6620.34645083138
1,All Population,5,Prevalence,305,Bermuda,3,Both,27,Age-standardized,976,Diabetes mellitus type 2,3,Rate,2008,4909.39818047713,5378.7667752566795,4532.19059810862
1,All Population,5,Prevalence,349,Greenland,3,Both,27,Age-standardized,976,Diabetes mellitus type 2,3,Rate,2008,2312.37937914344,2569.98178690651,2053.38316868519
1,All Population,5,Prevalence,367,Monaco,3,Both,27,Age-standardized,976,Diabetes mellitus type 2,3,Rate,2008,2821.5237769425,3155.96149699192,2526.90515310104
1,All Population,5,Prevalence,435,South Sudan,3,Both,27,Age-standardized,976,Diabetes mellitus type 2,3,Rate,2008,2793.02164828185,3048.06678090217,2565.7148938200003
1,All Population,5,Prevalence,522,Sudan,3,Both,27,Age-standardized,976,Diabetes mellitus type 2,3,Rate,2008,6338.82229292277,6965.42170809871,5749.878497438301
1,All Population,5,Prevalence,11,Indonesia,3,Both,27,Age-standardized,976,Diabetes mellitus type 2,3,Rate,2009,4034.5725806660503,4466.46592043028,3607.62820572608
1,All Population,5,Prevalence,13,Malaysia,3,Both,27,Age-standardized,976,Diabetes mellitus type 2,3,Rate,2009,7043.562429262811,7623.69212082341,6512.06810701013
1,All Population,5,Prevalence,72,New Zealand,3,Both,27,Age-standardized,976,Diabetes mellitus type 2,3,Rate,2003,2669.25847545075,2829.65211967418,2500.11480769345
1,All Population,5,Prevalence,15,Myanmar,3,Both,27,Age-standardized,976,Diabetes mellitus type 2,3,Rate,2009,5261.03894433988,5694.508617805131,4828.51189779344
1,All Population,5,Prevalence,26,Papua New Guinea,3,Both,27,Age-standardized,976,Diabetes mellitus type 2,3,Rate,2009,7552.4145800941205,8136.08288523946,6924.30231162955
1,All Population,5,Prevalence,28,Solomon Islands,3,Both,27,Age-standardized,976,Diabetes mellitus type 2,3,Rate,2009,7802.66606265303,8376.33704483612,7192.97939967229
1,All Population,5,Prevalence,30,Vanuatu,3,Both,27,Age-standardized,976,Diabetes mellitus type 2,3,Rate,2009,8210.9504707284,8932.55969540733,7544.48379736498
1,All Population,5,Prevalence,6,China,3,Both,27,Age-standardized,976,Diabetes mellitus type 2,3,Rate,2009,5396.2933946847,5920.143830462421,4989.58556006499
1,All Population,5,Prevalence,8,Taiwan,3,Both,27,Age-standardized,976,Diabetes mellitus type 2,3,Rate,2009,6086.65032232706,6487.48393129054,5698.88818153983
1,All Population,5,Prevalence,17,Sri Lanka,3,Both,27,Age-standardized,976,Diabetes mellitus type 2,3,Rate,2009,7496.03393454685,7873.611939297611,7089.9697965696505
1,All Population,5,Prevalence,19,Timor-Leste,3,Both,27,Age-standardized,976,Diabetes mellitus type 2,3,Rate,2009,2943.62800585787,3229.0484952238,2677.34094156101
1,All Population,5,Prevalence,23,Kiribati,3,Both,27,Age-standardized,976,Diabetes mellitus type 2,3,Rate,2009,12985.342767919201,13783.630010424591,12091.44776839983
1,All Population,5,Prevalence,74,Andorra,3,Both,27,Age-standardized,976,Diabetes mellitus type 2,3,Rate,2003,2499.17789132381,2814.9606225008597,2230.49449831191
1,All Population,5,Prevalence,7,Democratic People's Republic of Korea,3,Both,27,Age-standardized,976,Diabetes mellitus type 2,3,Rate,2009,4697.7710046895,5177.8498576764505,4290.0329906158195
1,All Population,5,Prevalence,76,Belgium,3,Both,27,Age-standardized,976,Diabetes mellitus type 2,3,Rate,2003,2961.9078335274803,3236.12545059498,2711.3923554573203
1,All Population,5,Prevalence,18,Thailand,3,Both,27,Age-standardized,976,Diabetes mellitus type 2,3,Rate,2009,4423.88402004571,4797.94151876837,4096.9832949855
1,All Population,5,Prevalence,20,Viet Nam,3,Both,27,Age-standardized,976,Diabetes mellitus type 2,3,Rate,2009,3060.14998872669,3337.3269580571996,2812.82887563367
1,All Population,5,Prevalence,22,Fiji,3,Both,27,Age-standardized,976,Diabetes mellitus type 2,3,Rate,2009,13778.53656813745,14597.71988399951,12987.7439102685
1,All Population,5,Prevalence,78,Denmark,3,Both,27,Age-standardized,976,Diabetes mellitus type 2,3,Rate,2003,2399.4032669822,2622.93265719825,2224.90655143227
1,All Population,5,Prevalence,24,Marshall Islands,3,Both,27,Age-standardized,976,Diabetes mellitus type 2,3,Rate,2009,16292.177189103972,17639.96620479733,15016.84415056453
1,All Population,5,Prevalence,87,Luxembourg,3,Both,27,Age-standardized,976,Diabetes mellitus type 2,3,Rate,2003,2713.02490379044,2979.29421902733,2446.8170490022
1,All Population,5,Prevalence,75,Austria,3,Both,27,Age-standardized,976,Diabetes mellitus type 2,3,Rate,2009,2526.16389241031,2707.64967089571,2339.56326077226
1,All Population,5,Prevalence,77,Cyprus,3,Both,27,Age-standardized,976,Diabetes mellitus type 2,3,Rate,2009,4591.47996240317,5043.70793688196,4212.36013492702
1,All Population,5,Prevalence,86,Italy,3,Both,27,Age-standardized,976,Diabetes mellitus type 2,3,Rate,2009,3765.8541934708,4192.666615617871,3309.74093003059
1,All Population,5,Prevalence,67,Japan,3,Both,27,Age-standardized,976,Diabetes mellitus type 2,3,Rate,2009,5515.54300242377,6111.35254810099,4964.21729593057
1,All Population,5,Prevalence,69,Singapore,3,Both,27,Age-standardized,976,Diabetes mellitus type 2,3,Rate,2009,4961.92956753328,5321.499489573181,4666.3250571134695
1,All Population,5,Prevalence,88,Malta,3,Both,27,Age-standardized,976,Diabetes mellitus type 2,3,Rate,2009,3374.3244777477403,3712.1258290038104,3126.26652338293
1,All Population,5,Prevalence,71,Australia,3,Both,27,Age-standardized,976,Diabetes mellitus type 2,3,Rate,2009,2540.92962320171,2729.05912900575,2357.7639926612
1,All Population,5,Prevalence,89,Netherlands,3,Both,27,Age-standardized,976,Diabetes mellitus type 2,3,Rate,2003,3028.49010260986,3270.5151168076795,2778.80000374423
1,All Population,5,Prevalence,90,Norway,3,Both,27,Age-standardized,976,Diabetes mellitus type 2,3,Rate,2009,3979.73711455116,4483.90879720119,3499.28853704844
1,All Population,5,Prevalence,68,Republic of Korea,3,Both,27,Age-standardized,976,Diabetes mellitus type 2,3,Rate,2009,4964.40269874597,5133.82887194318,4776.41381332424
1,All Population,5,Prevalence,92,Spain,3,Both,27,Age-standardized,976,Diabetes mellitus type 2,3,Rate,2009,4718.82852227945,5071.05255524984,4394.27512223076
1,All Population,5,Prevalence,80,France,3,Both,27,Age-standardized,976,Diabetes mellitus type 2,3,Rate,2009,3578.14769244581,3848.80411515156,3310.06440502996
1,All Population,5,Prevalence,91,Portugal,3,Both,27,Age-standardized,976,Diabetes mellitus type 2,3,Rate,2003,4206.93474249426,4515.3403229897995,3925.2466220481597
1,All Population,5,Prevalence,99,Uruguay,3,Both,27,Age-standardized,976,Diabetes mellitus type 2,3,Rate,2009,3003.99762817377,3245.42506632203,2674.82803572684
1,All Population,5,Prevalence,81,Germany,3,Both,27,Age-standardized,976,Diabetes mellitus type 2,3,Rate,2009,4169.51828743647,4512.802338609629,3828.82245037951
1,All Population,5,Prevalence,66,Brunei Darussalam,3,Both,27,Age-standardized,976,Diabetes mellitus type 2,3,Rate,2009,7122.432836004119,7659.21056777869,6608.54682249285
1,All Population,5,Prevalence,82,Greece,3,Both,27,Age-standardized,976,Diabetes mellitus type 2,3,Rate,2009,3224.7385490993497,3531.16604960093,2937.91707156958
1,All Population,5,Prevalence,83,Iceland,3,Both,27,Age-standardized,976,Diabetes mellitus type 2,3,Rate,2009,2944.27928966748,3257.6271466384997,2686.23865450906
1,All Population,5,Prevalence,85,Israel,3,Both,27,Age-standardized,976,Diabetes mellitus type 2,3,Rate,2009,3646.60343293484,3875.5392829716898,3401.71612734393
1,All Population,5,Prevalence,79,Finland,3,Both,27,Age-standardized,976,Diabetes mellitus type 2,3,Rate,2009,4976.0204940209505,5454.81071126349,4541.384420485871
1,All Population,5,Prevalence,84,Ireland,3,Both,27,Age-standardized,976,Diabetes mellitus type 2,3,Rate,2009,2432.46169693901,2642.55493244395,2219.18549479675
1,All Population,5,Prevalence,101,Canada,3,Both,27,Age-standardized,976,Diabetes mellitus type 2,3,Rate,2009,2905.5043961814404,3083.58218426831,2711.37512406213
1,All Population,5,Prevalence,110,Dominica,3,Both,27,Age-standardized,976,Diabetes mellitus type 2,3,Rate,2009,8924.737750447719,9644.08180042616,8278.280001005529
1,All Population,5,Prevalence,105,Antigua and Barbuda,3,Both,27,Age-standardized,976,Diabetes mellitus type 2,3,Rate,2009,8323.21089645957,9031.86593226236,7745.634059264909
1,All Population,5,Prevalence,112,Grenada,3,Both,27,Age-standardized,976,Diabetes mellitus type 2,3,Rate,2009,10305.831700533081,10964.64782129619,9594.27037607887
1,All Population,5,Prevalence,95,United Kingdom,3,Both,27,Age-standardized,976,Diabetes mellitus type 2,3,Rate,2009,4182.16956376991,4515.59792884732,3844.1934149694
1,All Population,5,Prevalence,107,Barbados,3,Both,27,Age-standardized,976,Diabetes mellitus type 2,3,Rate,2009,9669.709712181471,10335.0910467025,8756.88505746751
1,All Population,5,Prevalence,114,Haiti,3,Both,27,Age-standardized,976,Diabetes mellitus type 2,3,Rate,2009,5984.43724858874,6502.91370279346,5425.309796873809
1,All Population,5,Prevalence,125,Colombia,3,Both,27,Age-standardized,976,Diabetes mellitus type 2,3,Rate,2009,4519.97425944671,4883.81170198731,4165.174330577031
1,All Population,5,Prevalence,97,Argentina,3,Both,27,Age-standardized,976,Diabetes mellitus type 2,3,Rate,2009,3251.0071560179003,3435.7431666256,3021.22356534319
1,All Population,5,Prevalence,116,Saint Lucia,3,Both,27,Age-standardized,976,Diabetes mellitus type 2,3,Rate,2009,10295.69058907188,10991.6653883935,9425.273649337041
1,All Population,5,Prevalence,93,Sweden,3,Both,27,Age-standardized,976,Diabetes mellitus type 2,3,Rate,2003,3494.8633735416797,3772.85360008459,3260.66150539797
1,All Population,5,Prevalence,127,El Salvador,3,Both,27,Age-standardized,976,Diabetes mellitus type 2,3,Rate,2009,5999.90776353089,6477.4530157994795,5534.02544164399
1,All Population,5,Prevalence,102,United States of America,3,Both,27,Age-standardized,976,Diabetes mellitus type 2,3,Rate,2003,5280.60761654394,5648.40192327136,4922.54460430145
1,All Population,5,Prevalence,94,Switzerland,3,Both,27,Age-standardized,976,Diabetes mellitus type 2,3,Rate,2009,3157.1250316827,3463.1328550089197,2875.46183335942
1,All Population,5,Prevalence,122,Ecuador,3,Both,27,Age-standardized,976,Diabetes mellitus type 2,3,Rate,2009,5256.00034818967,5590.54965094419,4921.57996657724
1,All Population,5,Prevalence,146,Lebanon,3,Both,27,Age-standardized,976,Diabetes mellitus type 2,3,Rate,2009,8734.79691951293,9488.24723642169,8076.479430320541
1,All Population,5,Prevalence,129,Honduras,3,Both,27,Age-standardized,976,Diabetes mellitus type 2,3,Rate,2009,4749.52348221846,5247.75810561229,4308.49434655992
1,All Population,5,Prevalence,133,Venezuela (Bolivarian Republic of),3,Both,27,Age-standardized,976,Diabetes mellitus type 2,3,Rate,2009,6166.65169565002,6540.84031572402,5742.26500138784
1,All Population,5,Prevalence,157,Yemen,3,Both,27,Age-standardized,976,Diabetes mellitus type 2,3,Rate,2009,3649.1109112713402,4008.04921974958,3323.47889484566
1,All Population,5,Prevalence,131,Nicaragua,3,Both,27,Age-standardized,976,Diabetes mellitus type 2,3,Rate,2009,4538.31587049955,4846.54205645483,4216.5115160509695
1,All Population,5,Prevalence,140,Bahrain,3,Both,27,Age-standardized,976,Diabetes mellitus type 2,3,Rate,2009,14057.99408700263,15314.70389751676,12982.32107045145
1,All Population,5,Prevalence,98,Chile,3,Both,27,Age-standardized,976,Diabetes mellitus type 2,3,Rate,2009,1968.11807264647,2094.56493895103,1861.6682163401101
1,All Population,5,Prevalence,135,Brazil,3,Both,27,Age-standardized,976,Diabetes mellitus type 2,3,Rate,2009,4559.5739725393405,5014.13226785732,4082.0473671376403
1,All Population,5,Prevalence,109,Cuba,3,Both,27,Age-standardized,976,Diabetes mellitus type 2,3,Rate,2009,3738.4680241338397,4043.3480072579796,3463.05929358207
1,All Population,5,Prevalence,142,Iran (Islamic Republic of),3,Both,27,Age-standardized,976,Diabetes mellitus type 2,3,Rate,2009,5818.45623599717,6401.685277636419,5270.29225528645
1,All Population,5,Prevalence,118,Suriname,3,Both,27,Age-standardized,976,Diabetes mellitus type 2,3,Rate,2009,9288.436309593651,10036.614540703109,8619.96351041692
1,All Population,5,Prevalence,111,Dominican Republic,3,Both,27,Age-standardized,976,Diabetes mellitus type 2,3,Rate,2009,6397.16434026303,6944.02197751049,5861.5996419248595
1,All Population,5,Prevalence,113,Guyana,3,Both,27,Age-standardized,976,Diabetes mellitus type 2,3,Rate,2009,10187.98453280618,10903.28286975454,9515.22048276641
1,All Population,5,Prevalence,161,Bangladesh,3,Both,27,Age-standardized,976,Diabetes mellitus type 2,3,Rate,2009,5854.04030812889,6230.90352912284,5511.80887718826
1,All Population,5,Prevalence,139,Algeria,3,Both,27,Age-standardized,976,Diabetes mellitus type 2,3,Rate,2009,7255.36794681604,7861.13004157651,6719.26757091855
1,All Population,5,Prevalence,106,Bahamas,3,Both,27,Age-standardized,976,Diabetes mellitus type 2,3,Rate,2003,7098.84706384183,7623.7020875484295,6597.0620663624495
1,All Population,5,Prevalence,115,Jamaica,3,Both,27,Age-standardized,976,Diabetes mellitus type 2,3,Rate,2009,7875.41164180027,8297.85700250566,7503.23142218589
1,All Population,5,Prevalence,144,Jordan,3,Both,27,Age-standardized,976,Diabetes mellitus type 2,3,Rate,2009,10534.33117696088,11202.45548041828,9970.81582309978
1,All Population,5,Prevalence,172,Equatorial Guinea,3,Both,27,Age-standardized,976,Diabetes mellitus type 2,3,Rate,2009,6215.69882258052,6749.906092138421,5647.75956516572
1,All Population,5,Prevalence,148,Morocco,3,Both,27,Age-standardized,976,Diabetes mellitus type 2,3,Rate,2009,7313.70889493517,7935.277108257741,6735.780623995111
1,All Population,5,Prevalence,155,Türkiye,3,Both,27,Age-standardized,976,Diabetes mellitus type 2,3,Rate,2009,6242.27957762603,6742.089692405049,5809.41537725817
1,All Population,5,Prevalence,128,Guatemala,3,Both,27,Age-standardized,976,Diabetes mellitus type 2,3,Rate,2009,7865.46317851362,8180.61284266227,7515.3976791448
1,All Population,5,Prevalence,150,Oman,3,Both,27,Age-standardized,976,Diabetes mellitus type 2,3,Rate,2009,7548.062912926839,8108.288511222971,7052.876795590691
1,All Population,5,Prevalence,154,Tunisia,3,Both,27,Age-standardized,976,Diabetes mellitus type 2,3,Rate,2009,7746.610310031931,8434.73282659387,7105.045970166831
1,All Population,5,Prevalence,152,Saudi Arabia,3,Both,27,Age-standardized,976,Diabetes mellitus type 2,3,Rate,2009,16326.08284192616,17655.426034277873,15057.30539855068
1,All Population,5,Prevalence,194,Lesotho,3,Both,27,Age-standardized,976,Diabetes mellitus type 2,3,Rate,2009,3952.7152067575303,4309.39370926485,3637.29797605976
1,All Population,5,Prevalence,130,Mexico,3,Both,27,Age-standardized,976,Diabetes mellitus type 2,3,Rate,2009,10826.2278215162,11845.30089128172,9804.69903765531
1,All Population,5,Prevalence,205,Côte d'Ivoire,3,Both,27,Age-standardized,976,Diabetes mellitus type 2,3,Rate,2009,4593.3178522404205,5002.56647615901,4208.57437236708
1,All Population,5,Prevalence,176,Comoros,3,Both,27,Age-standardized,976,Diabetes mellitus type 2,3,Rate,2009,3512.94913601449,3784.52201071836,3207.77383632233
1,All Population,5,Prevalence,126,Costa Rica,3,Both,27,Age-standardized,976,Diabetes mellitus type 2,3,Rate,2009,6450.72853441345,7034.717735230351,5980.10853682267
1,All Population,5,Prevalence,187,Somalia,3,Both,27,Age-standardized,976,Diabetes mellitus type 2,3,Rate,2009,3012.1018066299002,3256.2301094008803,2763.61553433283
1,All Population,5,Prevalence,207,Ghana,3,Both,27,Age-standardized,976,Diabetes mellitus type 2,3,Rate,2009,4592.42447693157,4958.390486591839,4260.88303230873
1,All Population,5,Prevalence,141,Egypt,3,Both,27,Age-standardized,976,Diabetes mellitus type 2,3,Rate,2009,9685.70935149064,10495.27204342707,9028.17089151718
1,All Population,5,Prevalence,143,Iraq,3,Both,27,Age-standardized,976,Diabetes mellitus type 2,3,Rate,2009,9698.71168567578,10346.23568785545,9067.26538680781
1,All Population,5,Prevalence,145,Kuwait,3,Both,27,Age-standardized,976,Diabetes mellitus type 2,3,Rate,2009,14241.860601615,15206.979262378409,13298.94659536862
1,All Population,5,Prevalence,147,Libya,3,Both,27,Age-standardized,976,Diabetes mellitus type 2,3,Rate,2009,9453.55008405539,10256.0147148232,8588.069346464861
1,All Population,5,Prevalence,218,Togo,3,Both,27,Age-standardized,976,Diabetes mellitus type 2,3,Rate,2009,3301.53192779458,3563.77782419533,3039.21352919481
1,All Population,5,Prevalence,190,Uganda,3,Both,27,Age-standardized,976,Diabetes mellitus type 2,3,Rate,2009,3778.49204661398,4101.22430296357,3511.61528253221
1,All Population,5,Prevalence,163,India,3,Both,27,Age-standardized,976,Diabetes mellitus type 2,3,Rate,2009,6046.9545209097305,6581.53263210933,5511.90070727065
1,All Population,5,Prevalence,169,Central African Republic,3,Both,27,Age-standardized,976,Diabetes mellitus type 2,3,Rate,2009,5763.85298802926,6224.12877751394,5280.4380229205
1,All Population,5,Prevalence,209,Guinea-Bissau,3,Both,27,Age-standardized,976,Diabetes mellitus type 2,3,Rate,2009,4770.63436007369,5161.06388771816,4358.87928140335
1,All Population,5,Prevalence,156,United Arab Emirates,3,Both,27,Age-standardized,976,Diabetes mellitus type 2,3,Rate,2009,11944.571015145319,13062.209807231278,10972.58588664868
1,All Population,5,Prevalence,165,Pakistan,3,Both,27,Age-standardized,976,Diabetes mellitus type 2,3,Rate,2009,7833.365325057939,8519.75030538315,7070.600245998029
1,All Population,5,Prevalence,160,Afghanistan,3,Both,27,Age-standardized,976,Diabetes mellitus type 2,3,Rate,2009,8162.582703418,8888.380281427651,7481.10297587739
1,All Population,5,Prevalence,178,Eritrea,3,Both,27,Age-standardized,976,Diabetes mellitus type 2,3,Rate,2009,3076.88544354701,3339.5917858030402,2820.88792766978
1,All Population,5,Prevalence,203,Cabo Verde,3,Both,27,Age-standardized,976,Diabetes mellitus type 2,3,Rate,2009,5126.3925919004205,5541.10370812542,4697.52468128439
1,All Population,5,Prevalence,305,Bermuda,3,Both,27,Age-standardized,976,Diabetes mellitus type 2,3,Rate,2009,4943.948431138239,5399.97364570578,4557.634903981169
1,All Population,5,Prevalence,435,South Sudan,3,Both,27,Age-standardized,976,Diabetes mellitus type 2,3,Rate,2009,2794.8463838293,3056.46980113996,2568.55494231588
1,All Population,5,Prevalence,180,Kenya,3,Both,27,Age-standardized,976,Diabetes mellitus type 2,3,Rate,2009,3191.36693877735,3485.54989730052,2873.59137118577
1,All Population,5,Prevalence,162,Bhutan,3,Both,27,Age-standardized,976,Diabetes mellitus type 2,3,Rate,2009,4556.3328503152,4919.53059146358,4209.67526498437
1,All Population,5,Prevalence,182,Malawi,3,Both,27,Age-standardized,976,Diabetes mellitus type 2,3,Rate,2009,2343.07082445003,2545.95496303459,2155.09721553944
1,All Population,5,Prevalence,349,Greenland,3,Both,27,Age-standardized,976,Diabetes mellitus type 2,3,Rate,2009,2350.5342909421597,2620.8953380940097,2098.6875436307
1,All Population,5,Prevalence,184,Mozambique,3,Both,27,Age-standardized,976,Diabetes mellitus type 2,3,Rate,2009,2436.43631866562,2615.46169184699,2237.60302144901
1,All Population,5,Prevalence,171,Democratic Republic of the Congo,3,Both,27,Age-standardized,976,Diabetes mellitus type 2,3,Rate,2009,5374.0648687843,5847.8617798717105,4929.4301349618
1,All Population,5,Prevalence,367,Monaco,3,Both,27,Age-standardized,976,Diabetes mellitus type 2,3,Rate,2009,2855.8085392428297,3216.1327789935503,2535.53302792958
1,All Population,5,Prevalence,173,Gabon,3,Both,27,Age-standardized,976,Diabetes mellitus type 2,3,Rate,2009,6833.8072533187205,7435.254463289841,6256.91128614586
1,All Population,5,Prevalence,175,Burundi,3,Both,27,Age-standardized,976,Diabetes mellitus type 2,3,Rate,2009,2950.59312055888,3201.7793213613304,2684.66102466326
1,All Population,5,Prevalence,177,Djibouti,3,Both,27,Age-standardized,976,Diabetes mellitus type 2,3,Rate,2009,3057.7426484584403,3343.1245180920296,2811.55332689725
1,All Population,5,Prevalence,196,South Africa,3,Both,27,Age-standardized,976,Diabetes mellitus type 2,3,Rate,2009,6723.12351583694,7337.67195861445,6089.18218932968
1,All Population,5,Prevalence,198,Zimbabwe,3,Both,27,Age-standardized,976,Diabetes mellitus type 2,3,Rate,2009,3817.67316004195,4163.79772089143,3507.9542881702205
1,All Population,5,Prevalence,200,Benin,3,Both,27,Age-standardized,976,Diabetes mellitus type 2,3,Rate,2009,3804.2636821716997,4134.17539731084,3490.95781120521
1,All Population,5,Prevalence,211,Mali,3,Both,27,Age-standardized,976,Diabetes mellitus type 2,3,Rate,2009,7959.966940974709,8675.29174579355,7196.29180162964
1,All Population,5,Prevalence,213,Niger,3,Both,27,Age-standardized,976,Diabetes mellitus type 2,3,Rate,2009,4007.9096612732997,4390.3182641959,3651.99702298825
1,All Population,5,Prevalence,215,Sao Tome and Principe,3,Both,27,Age-standardized,976,Diabetes mellitus type 2,3,Rate,2009,5029.99283656719,5508.6367977409,4564.5596191144095
1,All Population,5,Prevalence,217,Sierra Leone,3,Both,27,Age-standardized,976,Diabetes mellitus type 2,3,Rate,2009,4182.6467258681105,4568.11754198871,3850.6742585075604
1,All Population,5,Prevalence,186,Seychelles,3,Both,27,Age-standardized,976,Diabetes mellitus type 2,3,Rate,2009,6850.526864602511,7404.49763350674,6320.46193853399
1,All Population,5,Prevalence,189,United Republic of Tanzania,3,Both,27,Age-standardized,976,Diabetes mellitus type 2,3,Rate,2009,2606.39580208428,2802.28723299791,2428.2634280488596
1,All Population,5,Prevalence,191,Zambia,3,Both,27,Age-standardized,976,Diabetes mellitus type 2,3,Rate,2009,4461.6752063369095,4818.09545536568,4102.46906249347
1,All Population,5,Prevalence,298,American Samoa,3,Both,27,Age-standardized,976,Diabetes mellitus type 2,3,Rate,2009,16032.01501879056,17011.49682821749,15088.231203297431
1,All Population,5,Prevalence,193,Botswana,3,Both,27,Age-standardized,976,Diabetes mellitus type 2,3,Rate,2009,4686.4173513161095,5100.8392734893405,4305.19239429123
1,All Population,5,Prevalence,374,Niue,3,Both,27,Age-standardized,976,Diabetes mellitus type 2,3,Rate,2009,14662.5341112158,15756.98723537689,13484.366800585201
1,All Population,5,Prevalence,380,Palau,3,Both,27,Age-standardized,976,Diabetes mellitus type 2,3,Rate,2009,10866.37598582517,11589.037779501821,10130.58736597941
1,All Population,5,Prevalence,393,Saint Kitts and Nevis,3,Both,27,Age-standardized,976,Diabetes mellitus type 2,3,Rate,2009,7989.30541334657,8617.146603425519,7404.326427066079
1,All Population,5,Prevalence,413,Tokelau,3,Both,27,Age-standardized,976,Diabetes mellitus type 2,3,Rate,2009,15347.17568245314,16455.33391035359,14216.09530809899
1,All Population,5,Prevalence,202,Cameroon,3,Both,27,Age-standardized,976,Diabetes mellitus type 2,3,Rate,2009,4212.92701119949,4570.27459061342,3901.1211160133003
1,All Population,5,Prevalence,204,Chad,3,Both,27,Age-standardized,976,Diabetes mellitus type 2,3,Rate,2009,4185.6874124069,4560.531725762909,3801.6263269478304
1,All Population,5,Prevalence,206,Gambia,3,Both,27,Age-standardized,976,Diabetes mellitus type 2,3,Rate,2009,5586.877640054489,6062.62668963488,5067.09595813852
1,All Population,5,Prevalence,208,Guinea,3,Both,27,Age-standardized,976,Diabetes mellitus type 2,3,Rate,2009,3631.8273572960497,3935.91347932164,3326.74757113863
1,All Population,5,Prevalence,522,Sudan,3,Both,27,Age-standardized,976,Diabetes mellitus type 2,3,Rate,2009,6454.27743105061,7075.38988857364,5895.44830842883
1,All Population,5,Prevalence,320,Cook Islands,3,Both,27,Age-standardized,976,Diabetes mellitus type 2,3,Rate,2009,16078.70493968526,17113.304472387892,15027.733063264732
1,All Population,5,Prevalence,351,Guam,3,Both,27,Age-standardized,976,Diabetes mellitus type 2,3,Rate,2009,6414.77510670075,7029.26322471584,5928.3947021574195
1,All Population,5,Prevalence,369,Nauru,3,Both,27,Age-standardized,976,Diabetes mellitus type 2,3,Rate,2009,14307.03097870235,15231.25893215469,13351.80406038933
1,All Population,5,Prevalence,422,United States Virgin Islands,3,Both,27,Age-standardized,976,Diabetes mellitus type 2,3,Rate,2009,7261.11327490062,7941.9821661324595,6647.05316814131
1,All Population,5,Prevalence,7,Democratic People's Republic of Korea,3,Both,27,Age-standardized,976,Diabetes mellitus type 2,3,Rate,2010,4734.09387096291,5239.075214605559,4321.87007349574
1,All Population,5,Prevalence,18,Thailand,3,Both,27,Age-standardized,976,Diabetes mellitus type 2,3,Rate,2010,4474.75878456455,4851.57650279735,4133.70086559515
1,All Population,5,Prevalence,20,Viet Nam,3,Both,27,Age-standardized,976,Diabetes mellitus type 2,3,Rate,2010,3089.97137617334,3391.6481110794803,2838.05739186262
1,All Population,5,Prevalence,22,Fiji,3,Both,27,Age-standardized,976,Diabetes mellitus type 2,3,Rate,2010,13962.01715878693,14887.36681090031,13173.392952580321
1,All Population,5,Prevalence,11,Indonesia,3,Both,27,Age-standardized,976,Diabetes mellitus type 2,3,Rate,2010,4063.20343772566,4504.43804123236,3633.89795519762
1,All Population,5,Prevalence,24,Marshall Islands,3,Both,27,Age-standardized,976,Diabetes mellitus type 2,3,Rate,2010,16433.49697650063,17846.11977548064,15175.83513719042
1,All Population,5,Prevalence,13,Malaysia,3,Both,27,Age-standardized,976,Diabetes mellitus type 2,3,Rate,2010,7044.46483763532,7650.14107591387,6471.058246883481
1,All Population,5,Prevalence,15,Myanmar,3,Both,27,Age-standardized,976,Diabetes mellitus type 2,3,Rate,2010,5327.04050415587,5805.49353282391,4876.59340345334
1,All Population,5,Prevalence,26,Papua New Guinea,3,Both,27,Age-standardized,976,Diabetes mellitus type 2,3,Rate,2010,7571.73819075856,8161.82894599082,6939.221510250481
1,All Population,5,Prevalence,28,Solomon Islands,3,Both,27,Age-standardized,976,Diabetes mellitus type 2,3,Rate,2010,7931.16727110245,8531.717281296349,7310.958604302439
1,All Population,5,Prevalence,30,Vanuatu,3,Both,27,Age-standardized,976,Diabetes mellitus type 2,3,Rate,2010,8287.87919446781,9059.94312411547,7600.982472592061
1,All Population,5,Prevalence,6,China,3,Both,27,Age-standardized,976,Diabetes mellitus type 2,3,Rate,2010,5454.3658615655,5981.88582004554,5039.94986983694
1,All Population,5,Prevalence,8,Taiwan,3,Both,27,Age-standardized,976,Diabetes mellitus type 2,3,Rate,2010,6094.4018395332,6539.83724748643,5702.90240370404
1,All Population,5,Prevalence,17,Sri Lanka,3,Both,27,Age-standardized,976,Diabetes mellitus type 2,3,Rate,2010,7538.94998344692,7964.938202523909,7107.626176524171
1,All Population,5,Prevalence,19,Timor-Leste,3,Both,27,Age-standardized,976,Diabetes mellitus type 2,3,Rate,2010,2987.28852900625,3287.5459424267,2718.12588999132
1,All Population,5,Prevalence,23,Kiribati,3,Both,27,Age-standardized,976,Diabetes mellitus type 2,3,Rate,2010,13134.8405256934,13977.120827110151,12246.9668170733
1,All Population,5,Prevalence,71,Australia,3,Both,27,Age-standardized,976,Diabetes mellitus type 2,3,Rate,2010,2539.58871034443,2750.98343983897,2324.95764076514
1,All Population,5,Prevalence,75,Austria,3,Both,27,Age-standardized,976,Diabetes mellitus type 2,3,Rate,2010,2545.38762200586,2736.9936470695197,2356.8081225407
1,All Population,5,Prevalence,77,Cyprus,3,Both,27,Age-standardized,976,Diabetes mellitus type 2,3,Rate,2010,4611.926685048999,5073.7706110810095,4235.7629582448
1,All Population,5,Prevalence,67,Japan,3,Both,27,Age-standardized,976,Diabetes mellitus type 2,3,Rate,2010,5484.4953540957395,6075.88594493184,4931.87266483088
1,All Population,5,Prevalence,69,Singapore,3,Both,27,Age-standardized,976,Diabetes mellitus type 2,3,Rate,2010,4958.8982097976905,5333.9090494601605,4630.11346657439
1,All Population,5,Prevalence,86,Italy,3,Both,27,Age-standardized,976,Diabetes mellitus type 2,3,Rate,2010,3763.41991670694,4193.71593461915,3303.73971881514
1,All Population,5,Prevalence,90,Norway,3,Both,27,Age-standardized,976,Diabetes mellitus type 2,3,Rate,2010,3968.0868941989397,4460.765340265129,3492.62353907302
1,All Population,5,Prevalence,88,Malta,3,Both,27,Age-standardized,976,Diabetes mellitus type 2,3,Rate,2010,3394.4950173363,3739.4196204189802,3126.61225524863
1,All Population,5,Prevalence,92,Spain,3,Both,27,Age-standardized,976,Diabetes mellitus type 2,3,Rate,2010,4710.59680632243,5085.118673162619,4386.29092840951
1,All Population,5,Prevalence,66,Brunei Darussalam,3,Both,27,Age-standardized,976,Diabetes mellitus type 2,3,Rate,2010,7169.930927493249,7759.1383689494405,6664.5163968608
1,All Population,5,Prevalence,68,Republic of Korea,3,Both,27,Age-standardized,976,Diabetes mellitus type 2,3,Rate,2010,4921.38071181309,5091.28957058487,4726.60762168867
1,All Population,5,Prevalence,82,Greece,3,Both,27,Age-standardized,976,Diabetes mellitus type 2,3,Rate,2010,3259.71044854093,3574.9356686429096,2955.12590548461
1,All Population,5,Prevalence,80,France,3,Both,27,Age-standardized,976,Diabetes mellitus type 2,3,Rate,2010,3597.23672128469,3894.21635303259,3329.23951644537
1,All Population,5,Prevalence,84,Ireland,3,Both,27,Age-standardized,976,Diabetes mellitus type 2,3,Rate,2010,2466.42731368993,2684.09724089723,2252.07747149104
1,All Population,5,Prevalence,79,Finland,3,Both,27,Age-standardized,976,Diabetes mellitus type 2,3,Rate,2010,5007.05737477837,5543.66274188881,4540.67159882304
1,All Population,5,Prevalence,81,Germany,3,Both,27,Age-standardized,976,Diabetes mellitus type 2,3,Rate,2010,4163.62756811908,4539.68578580107,3799.1231775524902
1,All Population,5,Prevalence,105,Antigua and Barbuda,3,Both,27,Age-standardized,976,Diabetes mellitus type 2,3,Rate,2010,8331.11586935691,9046.86573675235,7734.82479312745
1,All Population,5,Prevalence,83,Iceland,3,Both,27,Age-standardized,976,Diabetes mellitus type 2,3,Rate,2010,2967.13108988234,3324.10846526941,2699.31147422834
1,All Population,5,Prevalence,107,Barbados,3,Both,27,Age-standardized,976,Diabetes mellitus type 2,3,Rate,2010,9705.6929521078,10429.2676152322,8781.78641584192
1,All Population,5,Prevalence,95,United Kingdom,3,Both,27,Age-standardized,976,Diabetes mellitus type 2,3,Rate,2010,4208.2157346615395,4543.1458543789595,3871.73405551431
1,All Population,5,Prevalence,97,Argentina,3,Both,27,Age-standardized,976,Diabetes mellitus type 2,3,Rate,2010,3265.61534565362,3458.34186867452,3022.27322384484
1,All Population,5,Prevalence,85,Israel,3,Both,27,Age-standardized,976,Diabetes mellitus type 2,3,Rate,2010,3655.43383235233,3905.6977279333596,3403.98838764568
1,All Population,5,Prevalence,99,Uruguay,3,Both,27,Age-standardized,976,Diabetes mellitus type 2,3,Rate,2010,3030.72694281627,3278.7727057302604,2689.95634510904
1,All Population,5,Prevalence,101,Canada,3,Both,27,Age-standardized,976,Diabetes mellitus type 2,3,Rate,2010,2927.7947477808802,3115.90926679373,2733.91834825475
1,All Population,5,Prevalence,98,Chile,3,Both,27,Age-standardized,976,Diabetes mellitus type 2,3,Rate,2010,1985.1360500149199,2123.0676060264,1868.4997408925701
1,All Population,5,Prevalence,94,Switzerland,3,Both,27,Age-standardized,976,Diabetes mellitus type 2,3,Rate,2010,3157.9738128769104,3456.9605120519,2861.5643160474597
1,All Population,5,Prevalence,118,Suriname,3,Both,27,Age-standardized,976,Diabetes mellitus type 2,3,Rate,2010,9423.36558250757,10195.2306860887,8748.18031047512
1,All Population,5,Prevalence,110,Dominica,3,Both,27,Age-standardized,976,Diabetes mellitus type 2,3,Rate,2010,9037.00178312094,9838.531361320189,8391.12136180965
1,All Population,5,Prevalence,112,Grenada,3,Both,27,Age-standardized,976,Diabetes mellitus type 2,3,Rate,2010,10360.759504014599,11052.5590966642,9686.76782826379
1,All Population,5,Prevalence,122,Ecuador,3,Both,27,Age-standardized,976,Diabetes mellitus type 2,3,Rate,2010,5338.67556092668,5691.65232629548,4995.9265197548
1,All Population,5,Prevalence,114,Haiti,3,Both,27,Age-standardized,976,Diabetes mellitus type 2,3,Rate,2010,6022.63860586599,6561.66757608027,5476.84926676733
1,All Population,5,Prevalence,116,Saint Lucia,3,Both,27,Age-standardized,976,Diabetes mellitus type 2,3,Rate,2010,10302.300439461,11050.892808818551,9447.81398283698
1,All Population,5,Prevalence,133,Venezuela (Bolivarian Republic of),3,Both,27,Age-standardized,976,Diabetes mellitus type 2,3,Rate,2010,6201.68841999465,6597.1319740503395,5758.35153124358
1,All Population,5,Prevalence,135,Brazil,3,Both,27,Age-standardized,976,Diabetes mellitus type 2,3,Rate,2010,4587.5067424087,5051.35323947991,4106.52220942049
1,All Population,5,Prevalence,125,Colombia,3,Both,27,Age-standardized,976,Diabetes mellitus type 2,3,Rate,2010,4522.25424901046,4899.85659831198,4143.04369075221
1,All Population,5,Prevalence,127,El Salvador,3,Both,27,Age-standardized,976,Diabetes mellitus type 2,3,Rate,2010,6040.20433748333,6542.4572952012095,5577.4298548769
1,All Population,5,Prevalence,109,Cuba,3,Both,27,Age-standardized,976,Diabetes mellitus type 2,3,Rate,2010,3758.8698211352303,4076.3122143149,3476.7992036333503
1,All Population,5,Prevalence,111,Dominican Republic,3,Both,27,Age-standardized,976,Diabetes mellitus type 2,3,Rate,2010,6529.27333721744,7087.17618928746,5963.26987670864
1,All Population,5,Prevalence,129,Honduras,3,Both,27,Age-standardized,976,Diabetes mellitus type 2,3,Rate,2010,4765.40074757638,5281.61510513462,4317.14597031497
1,All Population,5,Prevalence,131,Nicaragua,3,Both,27,Age-standardized,976,Diabetes mellitus type 2,3,Rate,2010,4584.94657446146,4901.17432101997,4248.55404861453
1,All Population,5,Prevalence,139,Algeria,3,Both,27,Age-standardized,976,Diabetes mellitus type 2,3,Rate,2010,7383.17028442559,7988.94397983044,6846.629670716759
1,All Population,5,Prevalence,113,Guyana,3,Both,27,Age-standardized,976,Diabetes mellitus type 2,3,Rate,2010,10203.94426318538,10979.61791359413,9533.20453533997
1,All Population,5,Prevalence,119,Trinidad and Tobago,3,Both,27,Age-standardized,976,Diabetes mellitus type 2,3,Rate,2003,15083.143866457169,16094.867735874119,13337.938063729249
1,All Population,5,Prevalence,108,Belize,3,Both,27,Age-standardized,976,Diabetes mellitus type 2,3,Rate,2003,8472.80460347678,9039.00512324388,7817.38056234665
1,All Population,5,Prevalence,115,Jamaica,3,Both,27,Age-standardized,976,Diabetes mellitus type 2,3,Rate,2010,7940.8250398113305,8427.71862866012,7527.749472077539
1,All Population,5,Prevalence,126,Costa Rica,3,Both,27,Age-standardized,976,Diabetes mellitus type 2,3,Rate,2010,6546.210659103071,7151.8164880554805,6032.005137746501
1,All Population,5,Prevalence,128,Guatemala,3,Both,27,Age-standardized,976,Diabetes mellitus type 2,3,Rate,2010,8016.48943928377,8363.50785482254,7626.78768844049
1,All Population,5,Prevalence,130,Mexico,3,Both,27,Age-standardized,976,Diabetes mellitus type 2,3,Rate,2010,10820.09384963033,11851.90555636017,9806.97557452796
1,All Population,5,Prevalence,121,Bolivia (Plurinational State of),3,Both,27,Age-standardized,976,Diabetes mellitus type 2,3,Rate,2003,4149.79940493326,4578.0069500585305,3854.8352538079603
1,All Population,5,Prevalence,140,Bahrain,3,Both,27,Age-standardized,976,Diabetes mellitus type 2,3,Rate,2010,14269.20337748622,15633.54726222493,13130.135507450848
1,All Population,5,Prevalence,148,Morocco,3,Both,27,Age-standardized,976,Diabetes mellitus type 2,3,Rate,2010,7432.44280237322,8035.68230815403,6853.52696885662
1,All Population,5,Prevalence,142,Iran (Islamic Republic of),3,Both,27,Age-standardized,976,Diabetes mellitus type 2,3,Rate,2010,5966.02052347541,6572.563322120591,5403.17868238775
1,All Population,5,Prevalence,144,Jordan,3,Both,27,Age-standardized,976,Diabetes mellitus type 2,3,Rate,2010,10656.935908043411,11361.18162036241,10076.53667669222
1,All Population,5,Prevalence,146,Lebanon,3,Both,27,Age-standardized,976,Diabetes mellitus type 2,3,Rate,2010,8884.75887019137,9657.34739863377,8181.292983215991
1,All Population,5,Prevalence,150,Oman,3,Both,27,Age-standardized,976,Diabetes mellitus type 2,3,Rate,2010,7728.47074139081,8303.565783503549,7178.85636504422
1,All Population,5,Prevalence,152,Saudi Arabia,3,Both,27,Age-standardized,976,Diabetes mellitus type 2,3,Rate,2010,16742.51048104441,18128.72951111662,15432.22740811889
1,All Population,5,Prevalence,154,Tunisia,3,Both,27,Age-standardized,976,Diabetes mellitus type 2,3,Rate,2010,7839.0043648662695,8565.36612360069,7199.29142433364
1,All Population,5,Prevalence,132,Panama,3,Both,27,Age-standardized,976,Diabetes mellitus type 2,3,Rate,2003,5422.66504181783,5879.231287613619,5032.03734769364
1,All Population,5,Prevalence,141,Egypt,3,Both,27,Age-standardized,976,Diabetes mellitus type 2,3,Rate,2010,9954.7915982037,10803.13227286321,9221.86004602736
1,All Population,5,Prevalence,123,Peru,3,Both,27,Age-standardized,976,Diabetes mellitus type 2,3,Rate,2003,2325.63033842379,2533.62320155904,2151.20334962588
1,All Population,5,Prevalence,143,Iraq,3,Both,27,Age-standardized,976,Diabetes mellitus type 2,3,Rate,2010,9915.64234834044,10565.20817766097,9240.192417044691
1,All Population,5,Prevalence,155,Türkiye,3,Both,27,Age-standardized,976,Diabetes mellitus type 2,3,Rate,2010,6332.57740398056,6869.59031499771,5910.02962557072
1,All Population,5,Prevalence,157,Yemen,3,Both,27,Age-standardized,976,Diabetes mellitus type 2,3,Rate,2010,3780.6556228005597,4154.57191781269,3433.372704674
1,All Population,5,Prevalence,161,Bangladesh,3,Both,27,Age-standardized,976,Diabetes mellitus type 2,3,Rate,2010,5950.30494970165,6345.48298149554,5583.5383442844095
1,All Population,5,Prevalence,163,India,3,Both,27,Age-standardized,976,Diabetes mellitus type 2,3,Rate,2010,6178.131631827579,6724.363384146651,5631.09428834527
1,All Population,5,Prevalence,165,Pakistan,3,Both,27,Age-standardized,976,Diabetes mellitus type 2,3,Rate,2010,7908.45549754969,8594.19843797505,7145.74035063172
1,All Population,5,Prevalence,117,Saint Vincent and the Grenadines,3,Both,27,Age-standardized,976,Diabetes mellitus type 2,3,Rate,2003,10667.33872342944,11314.70554200676,9795.49205148193
1,All Population,5,Prevalence,169,Central African Republic,3,Both,27,Age-standardized,976,Diabetes mellitus type 2,3,Rate,2010,5809.16373937741,6283.93406474279,5299.99957638949
1,All Population,5,Prevalence,136,Paraguay,3,Both,27,Age-standardized,976,Diabetes mellitus type 2,3,Rate,2003,5442.5151998825295,5813.34262691366,5040.89099050234
1,All Population,5,Prevalence,145,Kuwait,3,Both,27,Age-standardized,976,Diabetes mellitus type 2,3,Rate,2010,14424.40098390492,15461.20329285646,13433.92516654918
1,All Population,5,Prevalence,147,Libya,3,Both,27,Age-standardized,976,Diabetes mellitus type 2,3,Rate,2010,9654.559265122,10527.29641376377,8759.10464379391
1,All Population,5,Prevalence,178,Eritrea,3,Both,27,Age-standardized,976,Diabetes mellitus type 2,3,Rate,2010,3093.1845927268,3382.6161254736103,2827.99161698713
1,All Population,5,Prevalence,180,Kenya,3,Both,27,Age-standardized,976,Diabetes mellitus type 2,3,Rate,2010,3209.53307209145,3505.58505181884,2891.07582152166
1,All Population,5,Prevalence,182,Malawi,3,Both,27,Age-standardized,976,Diabetes mellitus type 2,3,Rate,2010,2343.54729444549,2546.9733000458,2152.52176567505
1,All Population,5,Prevalence,172,Equatorial Guinea,3,Both,27,Age-standardized,976,Diabetes mellitus type 2,3,Rate,2010,6259.842658777689,6777.7117138209,5688.32019342881
1,All Population,5,Prevalence,168,Angola,3,Both,27,Age-standardized,976,Diabetes mellitus type 2,3,Rate,2003,6044.55457887769,6543.200712539569,5526.6195638238705
1,All Population,5,Prevalence,156,United Arab Emirates,3,Both,27,Age-standardized,976,Diabetes mellitus type 2,3,Rate,2010,12159.989168996679,13331.002729446851,11198.45974087392
1,All Population,5,Prevalence,160,Afghanistan,3,Both,27,Age-standardized,976,Diabetes mellitus type 2,3,Rate,2010,8291.46191706801,9057.16358382563,7612.79873055225
1,All Population,5,Prevalence,162,Bhutan,3,Both,27,Age-standardized,976,Diabetes mellitus type 2,3,Rate,2010,4581.10636679799,4965.20322544183,4230.84978865281
1,All Population,5,Prevalence,176,Comoros,3,Both,27,Age-standardized,976,Diabetes mellitus type 2,3,Rate,2010,3528.74667598628,3796.11520695032,3209.4636458491
1,All Population,5,Prevalence,184,Mozambique,3,Both,27,Age-standardized,976,Diabetes mellitus type 2,3,Rate,2010,2453.37745737143,2644.2164809955802,2242.9133720491
1,All Population,5,Prevalence,179,Ethiopia,3,Both,27,Age-standardized,976,Diabetes mellitus type 2,3,Rate,2003,2837.36692641833,3119.75119698957,2540.11282074491
1,All Population,5,Prevalence,149,Palestine,3,Both,27,Age-standardized,976,Diabetes mellitus type 2,3,Rate,2003,8582.12873051427,9145.46834960512,8034.1867921924795
1,All Population,5,Prevalence,171,Democratic Republic of the Congo,3,Both,27,Age-standardized,976,Diabetes mellitus type 2,3,Rate,2010,5389.25989872275,5866.19271305931,4922.75557521795
1,All Population,5,Prevalence,196,South Africa,3,Both,27,Age-standardized,976,Diabetes mellitus type 2,3,Rate,2010,6792.361611722229,7417.097483812141,6156.51768789552
1,All Population,5,Prevalence,173,Gabon,3,Both,27,Age-standardized,976,Diabetes mellitus type 2,3,Rate,2010,6868.01615898334,7505.47379833269,6246.74948777127
1,All Population,5,Prevalence,175,Burundi,3,Both,27,Age-standardized,976,Diabetes mellitus type 2,3,Rate,2010,2956.48970465059,3222.04190841784,2685.09903169168
1,All Population,5,Prevalence,170,Congo,3,Both,27,Age-standardized,976,Diabetes mellitus type 2,3,Rate,2003,6121.00554410521,6728.48421977412,5568.80953839636
1,All Population,5,Prevalence,187,Somalia,3,Both,27,Age-standardized,976,Diabetes mellitus type 2,3,Rate,2010,3013.7027433439102,3260.68575258803,2757.42749686574
1,All Population,5,Prevalence,190,Uganda,3,Both,27,Age-standardized,976,Diabetes mellitus type 2,3,Rate,2010,3783.73436741122,4120.571827859179,3492.01920707723
1,All Population,5,Prevalence,198,Zimbabwe,3,Both,27,Age-standardized,976,Diabetes mellitus type 2,3,Rate,2010,3835.6980725150397,4197.791758960269,3511.99422636447
1,All Population,5,Prevalence,177,Djibouti,3,Both,27,Age-standardized,976,Diabetes mellitus type 2,3,Rate,2010,3070.09642355484,3355.27589296132,2813.66920488287
1,All Population,5,Prevalence,194,Lesotho,3,Both,27,Age-standardized,976,Diabetes mellitus type 2,3,Rate,2010,3982.3004558987996,4355.10987813861,3649.82014487182
1,All Population,5,Prevalence,200,Benin,3,Both,27,Age-standardized,976,Diabetes mellitus type 2,3,Rate,2010,3830.9594135230504,4175.31088935095,3509.88338648176
1,All Population,5,Prevalence,151,Qatar,3,Both,27,Age-standardized,976,Diabetes mellitus type 2,3,Rate,2003,11830.23449915841,12798.76997771229,11001.33936770939
1,All Population,5,Prevalence,164,Nepal,3,Both,27,Age-standardized,976,Diabetes mellitus type 2,3,Rate,2003,5270.85284649585,5749.29613670899,4834.6539060635305
1,All Population,5,Prevalence,181,Madagascar,3,Both,27,Age-standardized,976,Diabetes mellitus type 2,3,Rate,2003,2703.99085681995,2939.1631506127997,2471.08907888327
1,All Population,5,Prevalence,211,Mali,3,Both,27,Age-standardized,976,Diabetes mellitus type 2,3,Rate,2010,7991.89083399781,8724.72592721613,7242.19347658559
1,All Population,5,Prevalence,203,Cabo Verde,3,Both,27,Age-standardized,976,Diabetes mellitus type 2,3,Rate,2010,5171.84305287193,5607.2373108693,4743.4291846905
1,All Population,5,Prevalence,205,Côte d'Ivoire,3,Both,27,Age-standardized,976,Diabetes mellitus type 2,3,Rate,2010,4610.96300533857,5061.3942948349995,4214.03137746056
1,All Population,5,Prevalence,213,Niger,3,Both,27,Age-standardized,976,Diabetes mellitus type 2,3,Rate,2010,4022.8768466616402,4410.18569232741,3656.8261724928198
1,All Population,5,Prevalence,215,Sao Tome and Principe,3,Both,27,Age-standardized,976,Diabetes mellitus type 2,3,Rate,2010,5109.05734954383,5617.15653803628,4664.07615950257
1,All Population,5,Prevalence,186,Seychelles,3,Both,27,Age-standardized,976,Diabetes mellitus type 2,3,Rate,2010,6958.615482347701,7545.417423798879,6395.5172685998705
1,All Population,5,Prevalence,217,Sierra Leone,3,Both,27,Age-standardized,976,Diabetes mellitus type 2,3,Rate,2010,4205.70517752821,4591.12850673289,3874.24557562316
1,All Population,5,Prevalence,207,Ghana,3,Both,27,Age-standardized,976,Diabetes mellitus type 2,3,Rate,2010,4634.61453090021,5015.82475346428,4275.0402701057
1,All Population,5,Prevalence,209,Guinea-Bissau,3,Both,27,Age-standardized,976,Diabetes mellitus type 2,3,Rate,2010,4784.33617168733,5187.43795384267,4359.83256324784
1,All Population,5,Prevalence,189,United Republic of Tanzania,3,Both,27,Age-standardized,976,Diabetes mellitus type 2,3,Rate,2010,2626.1315522672803,2834.4181936907203,2435.91096746954
1,All Population,5,Prevalence,191,Zambia,3,Both,27,Age-standardized,976,Diabetes mellitus type 2,3,Rate,2010,4504.68885675861,4854.94202929523,4142.853249571031
1,All Population,5,Prevalence,153,Syrian Arab Republic,3,Both,27,Age-standardized,976,Diabetes mellitus type 2,3,Rate,2003,7448.049314277499,8094.21747441752,6858.71310197929
1,All Population,5,Prevalence,195,Namibia,3,Both,27,Age-standardized,976,Diabetes mellitus type 2,3,Rate,2003,4299.94358646257,4698.2055490742805,3962.90972805197
1,All Population,5,Prevalence,183,Mauritius,3,Both,27,Age-standardized,976,Diabetes mellitus type 2,3,Rate,2003,11428.16971903533,11896.81533529798,11013.42702521308
1,All Population,5,Prevalence,197,Eswatini,3,Both,27,Age-standardized,976,Diabetes mellitus type 2,3,Rate,2003,5521.76108698076,5947.77142167956,5065.25949105063
1,All Population,5,Prevalence,218,Togo,3,Both,27,Age-standardized,976,Diabetes mellitus type 2,3,Rate,2010,3319.44972953327,3590.9892023494103,3052.5354498172696
1,All Population,5,Prevalence,214,Nigeria,3,Both,27,Age-standardized,976,Diabetes mellitus type 2,3,Rate,2003,3275.73816127827,3596.47094694134,2971.06487593653
1,All Population,5,Prevalence,185,Rwanda,3,Both,27,Age-standardized,976,Diabetes mellitus type 2,3,Rate,2003,2540.15535089876,2756.39158438576,2350.8386063725
1,All Population,5,Prevalence,193,Botswana,3,Both,27,Age-standardized,976,Diabetes mellitus type 2,3,Rate,2010,4684.5886716861,5099.9406980370995,4289.26051273348
1,All Population,5,Prevalence,202,Cameroon,3,Both,27,Age-standardized,976,Diabetes mellitus type 2,3,Rate,2010,4269.44861142603,4635.01285282912,3943.59043362006
1,All Population,5,Prevalence,216,Senegal,3,Both,27,Age-standardized,976,Diabetes mellitus type 2,3,Rate,2003,6204.1273442893,6781.6225490076,5687.49120747672
1,All Population,5,Prevalence,298,American Samoa,3,Both,27,Age-standardized,976,Diabetes mellitus type 2,3,Rate,2010,16090.388836276881,17148.61397848771,15072.65467722451
1,All Population,5,Prevalence,305,Bermuda,3,Both,27,Age-standardized,976,Diabetes mellitus type 2,3,Rate,2010,4972.56295895507,5424.6230490897005,4576.9642007249795
1,All Population,5,Prevalence,374,Niue,3,Both,27,Age-standardized,976,Diabetes mellitus type 2,3,Rate,2010,14795.31109992549,15906.977129648389,13608.06312347691
1,All Population,5,Prevalence,204,Chad,3,Both,27,Age-standardized,976,Diabetes mellitus type 2,3,Rate,2010,4180.46316907748,4569.98381135314,3794.11431656346
1,All Population,5,Prevalence,206,Gambia,3,Both,27,Age-standardized,976,Diabetes mellitus type 2,3,Rate,2010,5630.96638239376,6135.12446481373,5093.27489936808
1,All Population,5,Prevalence,201,Burkina Faso,3,Both,27,Age-standardized,976,Diabetes mellitus type 2,3,Rate,2003,2444.23604563293,2628.88249474245,2271.90309255643
1,All Population,5,Prevalence,208,Guinea,3,Both,27,Age-standardized,976,Diabetes mellitus type 2,3,Rate,2010,3654.4414172264796,3957.40320403127,3330.13801207352
1,All Population,5,Prevalence,380,Palau,3,Both,27,Age-standardized,976,Diabetes mellitus type 2,3,Rate,2010,10923.40233980039,11665.56771216658,10166.52350117254
1,All Population,5,Prevalence,393,Saint Kitts and Nevis,3,Both,27,Age-standardized,976,Diabetes mellitus type 2,3,Rate,2010,8044.489415878391,8710.32419813755,7478.44940700555
1,All Population,5,Prevalence,413,Tokelau,3,Both,27,Age-standardized,976,Diabetes mellitus type 2,3,Rate,2010,15455.237107313971,16624.80041849021,14200.91851706457
1,All Population,5,Prevalence,349,Greenland,3,Both,27,Age-standardized,976,Diabetes mellitus type 2,3,Rate,2010,2382.85057307107,2665.38901348828,2122.93360239579
1,All Population,5,Prevalence,367,Monaco,3,Both,27,Age-standardized,976,Diabetes mellitus type 2,3,Rate,2010,2886.6727105201903,3257.43671201806,2540.22872076656
1,All Population,5,Prevalence,210,Liberia,3,Both,27,Age-standardized,976,Diabetes mellitus type 2,3,Rate,2003,4560.2654015955295,4940.26775047685,4184.24290872629
1,All Population,5,Prevalence,212,Mauritania,3,Both,27,Age-standardized,976,Diabetes mellitus type 2,3,Rate,2003,5186.60915513638,5668.3119056208,4734.10724488491
1,All Population,5,Prevalence,320,Cook Islands,3,Both,27,Age-standardized,976,Diabetes mellitus type 2,3,Rate,2010,16136.85489388356,17259.91505491625,15055.761680369109
1,All Population,5,Prevalence,376,Northern Mariana Islands,3,Both,27,Age-standardized,976,Diabetes mellitus type 2,3,Rate,2003,10131.16840826684,10951.03481633995,9360.61345788656
1,All Population,5,Prevalence,351,Guam,3,Both,27,Age-standardized,976,Diabetes mellitus type 2,3,Rate,2010,6452.008856729689,7065.57268249177,5950.4004998684895
1,All Population,5,Prevalence,435,South Sudan,3,Both,27,Age-standardized,976,Diabetes mellitus type 2,3,Rate,2010,2796.89038066092,3063.4012832828903,2563.8911144202198
1,All Population,5,Prevalence,369,Nauru,3,Both,27,Age-standardized,976,Diabetes mellitus type 2,3,Rate,2010,14378.891563148729,15344.346047465478,13328.343888329138
1,All Population,5,Prevalence,385,Puerto Rico,3,Both,27,Age-standardized,976,Diabetes mellitus type 2,3,Rate,2003,8644.515558207411,9175.35283376312,7978.68634713151
1,All Population,5,Prevalence,422,United States Virgin Islands,3,Both,27,Age-standardized,976,Diabetes mellitus type 2,3,Rate,2010,7314.091271353559,8044.1741717450095,6677.86838450261
1,All Population,5,Prevalence,396,San Marino,3,Both,27,Age-standardized,976,Diabetes mellitus type 2,3,Rate,2003,3051.94331613323,3393.92215302163,2747.74826872337
1,All Population,5,Prevalence,416,Tuvalu,3,Both,27,Age-standardized,976,Diabetes mellitus type 2,3,Rate,2003,8071.03015193847,8727.52347334821,7384.60148175665
1,All Population,5,Prevalence,522,Sudan,3,Both,27,Age-standardized,976,Diabetes mellitus type 2,3,Rate,2010,6576.13609727864,7185.03494106688,6008.34982625643
1,All Population,5,Prevalence,11,Indonesia,3,Both,27,Age-standardized,976,Diabetes mellitus type 2,3,Rate,2011,4078.9348519916202,4512.26518272698,3648.620182331
1,All Population,5,Prevalence,13,Malaysia,3,Both,27,Age-standardized,976,Diabetes mellitus type 2,3,Rate,2011,7011.255640328321,7588.973986418599,6490.804586134411
1,All Population,5,Prevalence,15,Myanmar,3,Both,27,Age-standardized,976,Diabetes mellitus type 2,3,Rate,2011,5405.61620746056,5859.76732307959,4971.08715623331
1,All Population,5,Prevalence,26,Papua New Guinea,3,Both,27,Age-standardized,976,Diabetes mellitus type 2,3,Rate,2011,7594.71397773328,8161.97046942646,7008.15448830836
1,All Population,5,Prevalence,28,Solomon Islands,3,Both,27,Age-standardized,976,Diabetes mellitus type 2,3,Rate,2011,8066.64988748323,8695.53436706293,7485.282188880719
1,All Population,5,Prevalence,30,Vanuatu,3,Both,27,Age-standardized,976,Diabetes mellitus type 2,3,Rate,2011,8355.9649977661,9101.519993372149,7685.9712846068105
1,All Population,5,Prevalence,7,Democratic People's Republic of Korea,3,Both,27,Age-standardized,976,Diabetes mellitus type 2,3,Rate,2011,4764.9723469010005,5239.77203941523,4354.73959299951
1,All Population,5,Prevalence,71,Australia,3,Both,27,Age-standardized,976,Diabetes mellitus type 2,3,Rate,2011,2525.6551654386,2717.22015181585,2333.72736362218
1,All Population,5,Prevalence,75,Austria,3,Both,27,Age-standardized,976,Diabetes mellitus type 2,3,Rate,2011,2562.71616366221,2752.51269669791,2383.8264035305
1,All Population,5,Prevalence,86,Italy,3,Both,27,Age-standardized,976,Diabetes mellitus type 2,3,Rate,2011,3722.6291044828,4144.82172483414,3267.04947756423
1,All Population,5,Prevalence,18,Thailand,3,Both,27,Age-standardized,976,Diabetes mellitus type 2,3,Rate,2011,4524.38614150992,4914.53003865187,4206.36404624184
1,All Population,5,Prevalence,20,Viet Nam,3,Both,27,Age-standardized,976,Diabetes mellitus type 2,3,Rate,2011,3121.99325402216,3402.75908673609,2862.98436427832
1,All Population,5,Prevalence,77,Cyprus,3,Both,27,Age-standardized,976,Diabetes mellitus type 2,3,Rate,2011,4613.32814824859,5079.67491125346,4235.665418657611
1,All Population,5,Prevalence,88,Malta,3,Both,27,Age-standardized,976,Diabetes mellitus type 2,3,Rate,2011,3410.0100424483603,3735.04782774739,3161.95561593284
1,All Population,5,Prevalence,6,China,3,Both,27,Age-standardized,976,Diabetes mellitus type 2,3,Rate,2011,5510.25745425353,6038.01330203087,5087.589760359469
1,All Population,5,Prevalence,90,Norway,3,Both,27,Age-standardized,976,Diabetes mellitus type 2,3,Rate,2011,3967.9184792833203,4453.78894778308,3490.46864820537
1,All Population,5,Prevalence,105,Antigua and Barbuda,3,Both,27,Age-standardized,976,Diabetes mellitus type 2,3,Rate,2011,8330.87297377438,9056.59728319845,7752.0275703486695
1,All Population,5,Prevalence,22,Fiji,3,Both,27,Age-standardized,976,Diabetes mellitus type 2,3,Rate,2011,14202.37322798307,15089.226732799922,13478.59237848209
1,All Population,5,Prevalence,8,Taiwan,3,Both,27,Age-standardized,976,Diabetes mellitus type 2,3,Rate,2011,6085.24797270144,6520.775611873971,5712.43961247307
1,All Population,5,Prevalence,17,Sri Lanka,3,Both,27,Age-standardized,976,Diabetes mellitus type 2,3,Rate,2011,7578.10653089318,8000.42485443051,7167.98529639308
1,All Population,5,Prevalence,24,Marshall Islands,3,Both,27,Age-standardized,976,Diabetes mellitus type 2,3,Rate,2011,16489.91773179904,17743.28014388229,15204.7596635335
1,All Population,5,Prevalence,107,Barbados,3,Both,27,Age-standardized,976,Diabetes mellitus type 2,3,Rate,2011,9763.46847274426,10418.41091860665,8890.86868547955
1,All Population,5,Prevalence,92,Spain,3,Both,27,Age-standardized,976,Diabetes mellitus type 2,3,Rate,2011,4702.22369072315,5067.23394469162,4389.58159586161
1,All Population,5,Prevalence,23,Kiribati,3,Both,27,Age-standardized,976,Diabetes mellitus type 2,3,Rate,2011,13287.54322532904,14099.981958663679,12408.37772131292
1,All Population,5,Prevalence,19,Timor-Leste,3,Both,27,Age-standardized,976,Diabetes mellitus type 2,3,Rate,2011,3024.2491768724103,3324.4156459717997,2750.863068748
1,All Population,5,Prevalence,118,Suriname,3,Both,27,Age-standardized,976,Diabetes mellitus type 2,3,Rate,2011,9571.38667754293,10277.0570914566,8892.63034864662
1,All Population,5,Prevalence,122,Ecuador,3,Both,27,Age-standardized,976,Diabetes mellitus type 2,3,Rate,2011,5396.26598452825,5713.224759787689,5092.95163446015
1,All Population,5,Prevalence,67,Japan,3,Both,27,Age-standardized,976,Diabetes mellitus type 2,3,Rate,2011,5477.41917345509,6055.07839632623,4919.67671527707
1,All Population,5,Prevalence,133,Venezuela (Bolivarian Republic of),3,Both,27,Age-standardized,976,Diabetes mellitus type 2,3,Rate,2011,6246.9337310112405,6638.612581488131,5827.5740141586
1,All Population,5,Prevalence,69,Singapore,3,Both,27,Age-standardized,976,Diabetes mellitus type 2,3,Rate,2011,4931.31252651839,5280.006968821191,4622.71790914172
1,All Population,5,Prevalence,80,France,3,Both,27,Age-standardized,976,Diabetes mellitus type 2,3,Rate,2011,3612.3223126335,3889.50869928262,3358.07908561942
1,All Population,5,Prevalence,135,Brazil,3,Both,27,Age-standardized,976,Diabetes mellitus type 2,3,Rate,2011,4618.54368377504,5084.577587229261,4149.69192784447
1,All Population,5,Prevalence,66,Brunei Darussalam,3,Both,27,Age-standardized,976,Diabetes mellitus type 2,3,Rate,2011,7238.68036687986,7829.1829931728,6772.30545568665
1,All Population,5,Prevalence,148,Morocco,3,Both,27,Age-standardized,976,Diabetes mellitus type 2,3,Rate,2011,7550.07174580362,8189.42580921666,6974.103992473971
1,All Population,5,Prevalence,82,Greece,3,Both,27,Age-standardized,976,Diabetes mellitus type 2,3,Rate,2011,3289.9932308835796,3614.1040668206897,3004.89457808673
1,All Population,5,Prevalence,95,United Kingdom,3,Both,27,Age-standardized,976,Diabetes mellitus type 2,3,Rate,2011,4251.41483354887,4585.36213203445,3911.5042118708698
1,All Population,5,Prevalence,68,Republic of Korea,3,Both,27,Age-standardized,976,Diabetes mellitus type 2,3,Rate,2011,4919.77102617899,5073.18734920455,4742.8156771106605
1,All Population,5,Prevalence,139,Algeria,3,Both,27,Age-standardized,976,Diabetes mellitus type 2,3,Rate,2011,7566.0554328751105,8199.86740075028,7035.069647382989
1,All Population,5,Prevalence,154,Tunisia,3,Both,27,Age-standardized,976,Diabetes mellitus type 2,3,Rate,2011,7971.15212277346,8645.0777158361,7325.93048345269
1,All Population,5,Prevalence,150,Oman,3,Both,27,Age-standardized,976,Diabetes mellitus type 2,3,Rate,2011,7928.80503751876,8492.82343499197,7388.41882215924
1,All Population,5,Prevalence,99,Uruguay,3,Both,27,Age-standardized,976,Diabetes mellitus type 2,3,Rate,2011,3067.48703458994,3293.8701265563195,2771.1332779280897
1,All Population,5,Prevalence,84,Ireland,3,Both,27,Age-standardized,976,Diabetes mellitus type 2,3,Rate,2011,2485.5806273674098,2696.4407147841903,2267.79330202108
1,All Population,5,Prevalence,79,Finland,3,Both,27,Age-standardized,976,Diabetes mellitus type 2,3,Rate,2011,5047.04372771527,5549.28838565526,4609.49545179914
1,All Population,5,Prevalence,152,Saudi Arabia,3,Both,27,Age-standardized,976,Diabetes mellitus type 2,3,Rate,2011,17259.88331967081,18611.3476527653,15933.767747893751
1,All Population,5,Prevalence,163,India,3,Both,27,Age-standardized,976,Diabetes mellitus type 2,3,Rate,2011,6354.869310852499,6919.55812176735,5803.93579862313
1,All Population,5,Prevalence,97,Argentina,3,Both,27,Age-standardized,976,Diabetes mellitus type 2,3,Rate,2011,3284.0957289454,3469.18729287761,3042.45256093299
1,All Population,5,Prevalence,165,Pakistan,3,Both,27,Age-standardized,976,Diabetes mellitus type 2,3,Rate,2011,7975.817861226379,8686.53238574405,7223.86860720544
1,All Population,5,Prevalence,81,Germany,3,Both,27,Age-standardized,976,Diabetes mellitus type 2,3,Rate,2011,4163.95971680258,4524.924852217499,3829.7866260790797
1,All Population,5,Prevalence,101,Canada,3,Both,27,Age-standardized,976,Diabetes mellitus type 2,3,Rate,2011,2934.00458311784,3114.04039254609,2742.91282563351
1,All Population,5,Prevalence,169,Central African Republic,3,Both,27,Age-standardized,976,Diabetes mellitus type 2,3,Rate,2011,5848.89269260193,6332.08435407933,5349.59584832987
1,All Population,5,Prevalence,83,Iceland,3,Both,27,Age-standardized,976,Diabetes mellitus type 2,3,Rate,2011,2982.94170150195,3318.18340475884,2721.2821950644598
1,All Population,5,Prevalence,94,Switzerland,3,Both,27,Age-standardized,976,Diabetes mellitus type 2,3,Rate,2011,3148.8916477726802,3458.5076363102103,2875.09752043197
1,All Population,5,Prevalence,10,Cambodia,3,Both,27,Age-standardized,976,Diabetes mellitus type 2,3,Rate,2004,2745.77608675742,2999.40080016168,2505.19844839708
1,All Population,5,Prevalence,110,Dominica,3,Both,27,Age-standardized,976,Diabetes mellitus type 2,3,Rate,2011,9153.334682699831,9891.579565550319,8472.36772526599
1,All Population,5,Prevalence,85,Israel,3,Both,27,Age-standardized,976,Diabetes mellitus type 2,3,Rate,2011,3644.74081390402,3897.48518105911,3405.1827107322697
1,All Population,5,Prevalence,98,Chile,3,Both,27,Age-standardized,976,Diabetes mellitus type 2,3,Rate,2011,2013.9888421727599,2145.03274206897,1900.52151456628
1,All Population,5,Prevalence,178,Eritrea,3,Both,27,Age-standardized,976,Diabetes mellitus type 2,3,Rate,2011,3106.77058491026,3362.66528158016,2843.32225889962
1,All Population,5,Prevalence,109,Cuba,3,Both,27,Age-standardized,976,Diabetes mellitus type 2,3,Rate,2011,3793.78940774535,4099.44996939068,3533.2053103016597
1,All Population,5,Prevalence,12,Lao People's Democratic Republic,3,Both,27,Age-standardized,976,Diabetes mellitus type 2,3,Rate,2004,4035.26130679394,4448.02745872767,3654.0175062218004
1,All Population,5,Prevalence,111,Dominican Republic,3,Both,27,Age-standardized,976,Diabetes mellitus type 2,3,Rate,2011,6656.92352414006,7229.23876679838,6135.778195806621
1,All Population,5,Prevalence,112,Grenada,3,Both,27,Age-standardized,976,Diabetes mellitus type 2,3,Rate,2011,10400.446615569641,11050.73194351071,9739.302954137689
1,All Population,5,Prevalence,115,Jamaica,3,Both,27,Age-standardized,976,Diabetes mellitus type 2,3,Rate,2011,7974.77143933482,8428.74833189143,7555.6873377313805
1,All Population,5,Prevalence,125,Colombia,3,Both,27,Age-standardized,976,Diabetes mellitus type 2,3,Rate,2011,4536.05171552724,4901.17381828309,4180.62752456429
1,All Population,5,Prevalence,113,Guyana,3,Both,27,Age-standardized,976,Diabetes mellitus type 2,3,Rate,2011,10216.61426926262,10931.59977147525,9575.98088686801
1,All Population,5,Prevalence,126,Costa Rica,3,Both,27,Age-standardized,976,Diabetes mellitus type 2,3,Rate,2011,6672.100346973971,7248.09918072926,6217.82321478358
1,All Population,5,Prevalence,180,Kenya,3,Both,27,Age-standardized,976,Diabetes mellitus type 2,3,Rate,2011,3223.92853652985,3517.2403119579603,2910.60488986695
1,All Population,5,Prevalence,196,South Africa,3,Both,27,Age-standardized,976,Diabetes mellitus type 2,3,Rate,2011,6836.90635610141,7450.78959955115,6204.25479356429
1,All Population,5,Prevalence,114,Haiti,3,Both,27,Age-standardized,976,Diabetes mellitus type 2,3,Rate,2011,6052.72318588511,6563.01314350287,5518.75923473409
1,All Population,5,Prevalence,127,El Salvador,3,Both,27,Age-standardized,976,Diabetes mellitus type 2,3,Rate,2011,6114.29263749722,6605.732061639499,5645.1961788484205
1,All Population,5,Prevalence,140,Bahrain,3,Both,27,Age-standardized,976,Diabetes mellitus type 2,3,Rate,2011,14508.718300481849,15895.60382117145,13399.626914608989
1,All Population,5,Prevalence,116,Saint Lucia,3,Both,27,Age-standardized,976,Diabetes mellitus type 2,3,Rate,2011,10329.928113041171,11010.923710851719,9478.15128430591
1,All Population,5,Prevalence,128,Guatemala,3,Both,27,Age-standardized,976,Diabetes mellitus type 2,3,Rate,2011,8194.10643958403,8553.142265824621,7822.833758688259
1,All Population,5,Prevalence,141,Egypt,3,Both,27,Age-standardized,976,Diabetes mellitus type 2,3,Rate,2011,10215.68325912826,11075.01709800265,9489.924545321759
1,All Population,5,Prevalence,129,Honduras,3,Both,27,Age-standardized,976,Diabetes mellitus type 2,3,Rate,2011,4797.08765617898,5333.07169253089,4359.34376723727
1,All Population,5,Prevalence,182,Malawi,3,Both,27,Age-standardized,976,Diabetes mellitus type 2,3,Rate,2011,2344.40889662395,2538.19392834203,2164.2343614946503
1,All Population,5,Prevalence,14,Maldives,3,Both,27,Age-standardized,976,Diabetes mellitus type 2,3,Rate,2004,3875.4239347420403,4257.991215165101,3551.83175160931
1,All Population,5,Prevalence,25,Micronesia (Federated States of),3,Both,27,Age-standardized,976,Diabetes mellitus type 2,3,Rate,2004,14369.41722683735,15068.984651811601,13659.64936594082
1,All Population,5,Prevalence,142,Iran (Islamic Republic of),3,Both,27,Age-standardized,976,Diabetes mellitus type 2,3,Rate,2011,6151.40331367075,6759.88518717416,5588.39368485627
1,All Population,5,Prevalence,146,Lebanon,3,Both,27,Age-standardized,976,Diabetes mellitus type 2,3,Rate,2011,9042.30704777746,9804.08260941973,8351.79675260078
1,All Population,5,Prevalence,131,Nicaragua,3,Both,27,Age-standardized,976,Diabetes mellitus type 2,3,Rate,2011,4656.00900968719,4981.55892397289,4342.14634125657
1,All Population,5,Prevalence,130,Mexico,3,Both,27,Age-standardized,976,Diabetes mellitus type 2,3,Rate,2011,10903.01486162947,11915.07869296054,9880.27805256033
1,All Population,5,Prevalence,143,Iraq,3,Both,27,Age-standardized,976,Diabetes mellitus type 2,3,Rate,2011,10144.36064172924,10835.37515971963,9487.30824829884
1,All Population,5,Prevalence,156,United Arab Emirates,3,Both,27,Age-standardized,976,Diabetes mellitus type 2,3,Rate,2011,12330.86851588446,13454.04747426625,11388.08889540416
1,All Population,5,Prevalence,198,Zimbabwe,3,Both,27,Age-standardized,976,Diabetes mellitus type 2,3,Rate,2011,3850.4211030237802,4199.319747528551,3531.93892921325
1,All Population,5,Prevalence,145,Kuwait,3,Both,27,Age-standardized,976,Diabetes mellitus type 2,3,Rate,2011,14534.751840450299,15523.97126596988,13536.42721164186
1,All Population,5,Prevalence,144,Jordan,3,Both,27,Age-standardized,976,Diabetes mellitus type 2,3,Rate,2011,10759.34326935816,11452.87081859094,10217.19635062283
1,All Population,5,Prevalence,157,Yemen,3,Both,27,Age-standardized,976,Diabetes mellitus type 2,3,Rate,2011,3919.5919106672904,4294.46782123887,3575.0538792035804
1,All Population,5,Prevalence,155,Türkiye,3,Both,27,Age-standardized,976,Diabetes mellitus type 2,3,Rate,2011,6443.4653969253895,6963.35918707852,6042.92037736371
1,All Population,5,Prevalence,16,Philippines,3,Both,27,Age-standardized,976,Diabetes mellitus type 2,3,Rate,2004,4652.99898521532,5081.06374876281,4202.16729863227
1,All Population,5,Prevalence,27,Samoa,3,Both,27,Age-standardized,976,Diabetes mellitus type 2,3,Rate,2004,10636.68137605525,11500.51521854771,9887.201892476489
1,All Population,5,Prevalence,162,Bhutan,3,Both,27,Age-standardized,976,Diabetes mellitus type 2,3,Rate,2011,4638.26889049869,5024.44125257758,4300.01619585822
1,All Population,5,Prevalence,160,Afghanistan,3,Both,27,Age-standardized,976,Diabetes mellitus type 2,3,Rate,2011,8419.4296228328,9136.32574709808,7758.99226327019
1,All Population,5,Prevalence,184,Mozambique,3,Both,27,Age-standardized,976,Diabetes mellitus type 2,3,Rate,2011,2470.58165509149,2648.53314929698,2267.74766130732
1,All Population,5,Prevalence,147,Libya,3,Both,27,Age-standardized,976,Diabetes mellitus type 2,3,Rate,2011,9900.70526547541,10749.991869130019,9023.05387472206
1,All Population,5,Prevalence,161,Bangladesh,3,Both,27,Age-standardized,976,Diabetes mellitus type 2,3,Rate,2011,6024.61508771582,6413.63808867272,5658.28036632264
1,All Population,5,Prevalence,171,Democratic Republic of the Congo,3,Both,27,Age-standardized,976,Diabetes mellitus type 2,3,Rate,2011,5398.966112242721,5876.20281911029,4944.68065185464
1,All Population,5,Prevalence,200,Benin,3,Both,27,Age-standardized,976,Diabetes mellitus type 2,3,Rate,2011,3865.7922334419304,4186.15512012612,3566.2524445658305
1,All Population,5,Prevalence,172,Equatorial Guinea,3,Both,27,Age-standardized,976,Diabetes mellitus type 2,3,Rate,2011,6300.915765805799,6830.43086031949,5747.20882017935
1,All Population,5,Prevalence,173,Gabon,3,Both,27,Age-standardized,976,Diabetes mellitus type 2,3,Rate,2011,6910.22590629484,7521.41644400432,6345.391132613539
1,All Population,5,Prevalence,213,Niger,3,Both,27,Age-standardized,976,Diabetes mellitus type 2,3,Rate,2011,4036.17636052878,4416.1867516825205,3683.54856057339
1,All Population,5,Prevalence,29,Tonga,3,Both,27,Age-standardized,976,Diabetes mellitus type 2,3,Rate,2004,10977.66322920344,11731.53573248018,10312.08761132017
1,All Population,5,Prevalence,211,Mali,3,Both,27,Age-standardized,976,Diabetes mellitus type 2,3,Rate,2011,8026.89721290202,8777.02566557829,7264.30888381482
1,All Population,5,Prevalence,175,Burundi,3,Both,27,Age-standardized,976,Diabetes mellitus type 2,3,Rate,2011,2963.09618829023,3216.8603818159504,2697.41231705971
1,All Population,5,Prevalence,186,Seychelles,3,Both,27,Age-standardized,976,Diabetes mellitus type 2,3,Rate,2011,7064.6366569194,7646.97407535524,6498.63067028878
1,All Population,5,Prevalence,176,Comoros,3,Both,27,Age-standardized,976,Diabetes mellitus type 2,3,Rate,2011,3558.4372302756897,3832.0016637719596,3261.9891255301904
1,All Population,5,Prevalence,177,Djibouti,3,Both,27,Age-standardized,976,Diabetes mellitus type 2,3,Rate,2011,3093.5152791354803,3373.31102182396,2853.7050667467
1,All Population,5,Prevalence,215,Sao Tome and Principe,3,Both,27,Age-standardized,976,Diabetes mellitus type 2,3,Rate,2011,5169.6194149763005,5667.63899056462,4698.06594692201
1,All Population,5,Prevalence,187,Somalia,3,Both,27,Age-standardized,976,Diabetes mellitus type 2,3,Rate,2011,3017.73971934199,3264.3177970718,2776.08054613047
1,All Population,5,Prevalence,298,American Samoa,3,Both,27,Age-standardized,976,Diabetes mellitus type 2,3,Rate,2011,16054.72666903608,17081.71957458371,15114.305912555128
1,All Population,5,Prevalence,217,Sierra Leone,3,Both,27,Age-standardized,976,Diabetes mellitus type 2,3,Rate,2011,4231.2004291299,4621.37011327305,3900.26201195827
1,All Population,5,Prevalence,190,Uganda,3,Both,27,Age-standardized,976,Diabetes mellitus type 2,3,Rate,2011,3780.09114310261,4111.623281544869,3490.812274964
1,All Population,5,Prevalence,194,Lesotho,3,Both,27,Age-standardized,976,Diabetes mellitus type 2,3,Rate,2011,4003.86478819436,4365.27662762534,3692.52280462439
1,All Population,5,Prevalence,189,United Republic of Tanzania,3,Both,27,Age-standardized,976,Diabetes mellitus type 2,3,Rate,2011,2644.79906172554,2851.9932185459297,2455.19484542518
1,All Population,5,Prevalence,374,Niue,3,Both,27,Age-standardized,976,Diabetes mellitus type 2,3,Rate,2011,14907.415024375501,16000.17457740659,13741.66641800171
1,All Population,5,Prevalence,191,Zambia,3,Both,27,Age-standardized,976,Diabetes mellitus type 2,3,Rate,2011,4517.66127795203,4862.28481026757,4143.28698689689
1,All Population,5,Prevalence,380,Palau,3,Both,27,Age-standardized,976,Diabetes mellitus type 2,3,Rate,2011,11015.075485328089,11756.585420749061,10288.42672821088
1,All Population,5,Prevalence,202,Cameroon,3,Both,27,Age-standardized,976,Diabetes mellitus type 2,3,Rate,2011,4336.242568575651,4700.6969687624705,3996.9435756512803
1,All Population,5,Prevalence,203,Cabo Verde,3,Both,27,Age-standardized,976,Diabetes mellitus type 2,3,Rate,2011,5221.60108159375,5649.98366107901,4823.04241342798
1,All Population,5,Prevalence,193,Botswana,3,Both,27,Age-standardized,976,Diabetes mellitus type 2,3,Rate,2011,4669.428501522159,5077.32832359237,4289.67828902349
1,All Population,5,Prevalence,204,Chad,3,Both,27,Age-standardized,976,Diabetes mellitus type 2,3,Rate,2011,4168.44410541683,4559.5798239041005,3800.94859529993
1,All Population,5,Prevalence,393,Saint Kitts and Nevis,3,Both,27,Age-standardized,976,Diabetes mellitus type 2,3,Rate,2011,8098.51427786231,8754.1228260995,7555.10975858045
1,All Population,5,Prevalence,206,Gambia,3,Both,27,Age-standardized,976,Diabetes mellitus type 2,3,Rate,2011,5656.54955585701,6142.98527293989,5132.09754467792
1,All Population,5,Prevalence,413,Tokelau,3,Both,27,Age-standardized,976,Diabetes mellitus type 2,3,Rate,2011,15528.728333878169,16684.46832293407,14337.72682245315
1,All Population,5,Prevalence,320,Cook Islands,3,Both,27,Age-standardized,976,Diabetes mellitus type 2,3,Rate,2011,16028.675496493139,17122.98908223989,14979.72381256223
1,All Population,5,Prevalence,208,Guinea,3,Both,27,Age-standardized,976,Diabetes mellitus type 2,3,Rate,2011,3675.83443872947,3960.96981046506,3379.43451578508
1,All Population,5,Prevalence,205,Côte d'Ivoire,3,Both,27,Age-standardized,976,Diabetes mellitus type 2,3,Rate,2011,4621.48876602351,5059.46007731714,4217.29870943104
1,All Population,5,Prevalence,218,Togo,3,Both,27,Age-standardized,976,Diabetes mellitus type 2,3,Rate,2011,3333.36087871376,3609.09555570628,3070.52285453389
1,All Population,5,Prevalence,305,Bermuda,3,Both,27,Age-standardized,976,Diabetes mellitus type 2,3,Rate,2011,4992.38748281526,5439.38530547875,4604.76952886923
1,All Population,5,Prevalence,351,Guam,3,Both,27,Age-standardized,976,Diabetes mellitus type 2,3,Rate,2011,6488.26486093971,7086.839047769119,5996.34320857952
1,All Population,5,Prevalence,207,Ghana,3,Both,27,Age-standardized,976,Diabetes mellitus type 2,3,Rate,2011,4677.81301476747,5046.564837185951,4341.670768311949
1,All Population,5,Prevalence,422,United States Virgin Islands,3,Both,27,Age-standardized,976,Diabetes mellitus type 2,3,Rate,2011,7360.5107467793405,7996.53280790115,6761.4413980624995
1,All Population,5,Prevalence,349,Greenland,3,Both,27,Age-standardized,976,Diabetes mellitus type 2,3,Rate,2011,2410.274363683,2693.02724067979,2158.65877657591
1,All Population,5,Prevalence,209,Guinea-Bissau,3,Both,27,Age-standardized,976,Diabetes mellitus type 2,3,Rate,2011,4797.69552309825,5175.5651559116195,4405.30187012987
1,All Population,5,Prevalence,369,Nauru,3,Both,27,Age-standardized,976,Diabetes mellitus type 2,3,Rate,2011,14381.44860841871,15321.756997128292,13428.9356500123
1,All Population,5,Prevalence,435,South Sudan,3,Both,27,Age-standardized,976,Diabetes mellitus type 2,3,Rate,2011,2799.7939866158404,3058.75768724996,2575.42651550078
1,All Population,5,Prevalence,367,Monaco,3,Both,27,Age-standardized,976,Diabetes mellitus type 2,3,Rate,2011,2913.7869800435,3281.13251744731,2590.19543304186
1,All Population,5,Prevalence,522,Sudan,3,Both,27,Age-standardized,976,Diabetes mellitus type 2,3,Rate,2011,6714.5539370932,7326.5833234904,6152.97374954524
1,All Population,5,Prevalence,78,Denmark,3,Both,27,Age-standardized,976,Diabetes mellitus type 2,3,Rate,2004,2453.2601190074997,2694.57340259785,2278.5097607726098
1,All Population,5,Prevalence,89,Netherlands,3,Both,27,Age-standardized,976,Diabetes mellitus type 2,3,Rate,2004,3024.98351888457,3272.5608348415003,2765.16268407909
1,All Population,5,Prevalence,72,New Zealand,3,Both,27,Age-standardized,976,Diabetes mellitus type 2,3,Rate,2004,2758.77008752746,2916.2843120751,2592.02776203461
1,All Population,5,Prevalence,91,Portugal,3,Both,27,Age-standardized,976,Diabetes mellitus type 2,3,Rate,2004,4257.745697768,4551.04524612961,3957.92186256239
1,All Population,5,Prevalence,102,United States of America,3,Both,27,Age-standardized,976,Diabetes mellitus type 2,3,Rate,2004,5381.91436271575,5745.47253081611,5039.93115763682
1,All Population,5,Prevalence,93,Sweden,3,Both,27,Age-standardized,976,Diabetes mellitus type 2,3,Rate,2004,3514.96302062849,3791.8817240207904,3252.4130217033703
1,All Population,5,Prevalence,74,Andorra,3,Both,27,Age-standardized,976,Diabetes mellitus type 2,3,Rate,2004,2529.3617439283103,2842.86328117824,2251.22032706353
1,All Population,5,Prevalence,87,Luxembourg,3,Both,27,Age-standardized,976,Diabetes mellitus type 2,3,Rate,2004,2739.0574529147198,3028.01393581963,2475.4992659087898
1,All Population,5,Prevalence,76,Belgium,3,Both,27,Age-standardized,976,Diabetes mellitus type 2,3,Rate,2004,2992.35051873743,3252.8017368488304,2726.97042315844
1,All Population,5,Prevalence,106,Bahamas,3,Both,27,Age-standardized,976,Diabetes mellitus type 2,3,Rate,2004,7186.09043517105,7691.3515577035105,6699.72622042487
1,All Population,5,Prevalence,117,Saint Vincent and the Grenadines,3,Both,27,Age-standardized,976,Diabetes mellitus type 2,3,Rate,2004,10728.27849960222,11423.09291776864,9816.03883897562
1,All Population,5,Prevalence,136,Paraguay,3,Both,27,Age-standardized,976,Diabetes mellitus type 2,3,Rate,2004,5552.60055058117,5977.74342013153,5136.90463584997
1,All Population,5,Prevalence,108,Belize,3,Both,27,Age-standardized,976,Diabetes mellitus type 2,3,Rate,2004,8678.38965363478,9288.94389308767,7978.9547937854895
1,All Population,5,Prevalence,119,Trinidad and Tobago,3,Both,27,Age-standardized,976,Diabetes mellitus type 2,3,Rate,2004,15054.8028738793,16079.798805622031,13447.596476703719
1,All Population,5,Prevalence,149,Palestine,3,Both,27,Age-standardized,976,Diabetes mellitus type 2,3,Rate,2004,8741.07199756927,9306.87504111513,8215.56411645158
1,All Population,5,Prevalence,121,Bolivia (Plurinational State of),3,Both,27,Age-standardized,976,Diabetes mellitus type 2,3,Rate,2004,4209.576256644959,4630.24661835851,3900.87557857833
1,All Population,5,Prevalence,132,Panama,3,Both,27,Age-standardized,976,Diabetes mellitus type 2,3,Rate,2004,5534.60569841972,6011.47207863211,5118.6404943116995
1,All Population,5,Prevalence,123,Peru,3,Both,27,Age-standardized,976,Diabetes mellitus type 2,3,Rate,2004,2359.85630747486,2577.9392937708,2179.56495047375
1,All Population,5,Prevalence,151,Qatar,3,Both,27,Age-standardized,976,Diabetes mellitus type 2,3,Rate,2004,12057.5757162155,13005.79843758252,11245.87995234508
1,All Population,5,Prevalence,6,China,3,Both,27,Age-standardized,976,Diabetes mellitus type 2,3,Rate,2012,5567.257047981449,6089.31954344993,5141.63207591427
1,All Population,5,Prevalence,164,Nepal,3,Both,27,Age-standardized,976,Diabetes mellitus type 2,3,Rate,2004,5298.73370928483,5785.44204397873,4849.45760833205
1,All Population,5,Prevalence,11,Indonesia,3,Both,27,Age-standardized,976,Diabetes mellitus type 2,3,Rate,2012,4089.3906414954195,4512.83581935261,3660.9967213666396
1,All Population,5,Prevalence,153,Syrian Arab Republic,3,Both,27,Age-standardized,976,Diabetes mellitus type 2,3,Rate,2004,7616.10923260187,8274.71023757331,7002.285674845431
1,All Population,5,Prevalence,8,Taiwan,3,Both,27,Age-standardized,976,Diabetes mellitus type 2,3,Rate,2012,6065.37534912561,6498.70778187162,5689.42255193071
1,All Population,5,Prevalence,17,Sri Lanka,3,Both,27,Age-standardized,976,Diabetes mellitus type 2,3,Rate,2012,7616.89996038164,8045.79585085555,7192.638849475649
1,All Population,5,Prevalence,13,Malaysia,3,Both,27,Age-standardized,976,Diabetes mellitus type 2,3,Rate,2012,6966.9350177812,7546.44704626726,6432.32916242044
1,All Population,5,Prevalence,183,Mauritius,3,Both,27,Age-standardized,976,Diabetes mellitus type 2,3,Rate,2004,11545.46927572243,11985.64088036915,11155.22580778964
1,All Population,5,Prevalence,19,Timor-Leste,3,Both,27,Age-standardized,976,Diabetes mellitus type 2,3,Rate,2012,3060.72951239824,3370.16148709923,2785.37918619156
1,All Population,5,Prevalence,185,Rwanda,3,Both,27,Age-standardized,976,Diabetes mellitus type 2,3,Rate,2004,2521.32621918246,2744.85659504361,2331.3026582885
1,All Population,5,Prevalence,23,Kiribati,3,Both,27,Age-standardized,976,Diabetes mellitus type 2,3,Rate,2012,13447.77977051954,14215.90128182398,12634.13174386217
1,All Population,5,Prevalence,15,Myanmar,3,Both,27,Age-standardized,976,Diabetes mellitus type 2,3,Rate,2012,5504.39608453927,5938.015960517299,5089.089827955369
1,All Population,5,Prevalence,195,Namibia,3,Both,27,Age-standardized,976,Diabetes mellitus type 2,3,Rate,2004,4326.3468132118305,4712.80080815175,3995.02370411519
1,All Population,5,Prevalence,168,Angola,3,Both,27,Age-standardized,976,Diabetes mellitus type 2,3,Rate,2004,6154.24809464303,6674.7275792787805,5647.85108710425
1,All Population,5,Prevalence,7,Democratic People's Republic of Korea,3,Both,27,Age-standardized,976,Diabetes mellitus type 2,3,Rate,2012,4794.58445523634,5271.636004072569,4383.361500506589
1,All Population,5,Prevalence,26,Papua New Guinea,3,Both,27,Age-standardized,976,Diabetes mellitus type 2,3,Rate,2012,7622.5944881797095,8159.68209511601,7015.28024699155
1,All Population,5,Prevalence,30,Vanuatu,3,Both,27,Age-standardized,976,Diabetes mellitus type 2,3,Rate,2012,8425.25906903935,9118.85594726522,7787.278809985961
1,All Population,5,Prevalence,179,Ethiopia,3,Both,27,Age-standardized,976,Diabetes mellitus type 2,3,Rate,2004,2836.59504639857,3122.10076626993,2550.9321285163
1,All Population,5,Prevalence,18,Thailand,3,Both,27,Age-standardized,976,Diabetes mellitus type 2,3,Rate,2012,4577.20863575359,4958.71871333595,4275.0812930290895
1,All Population,5,Prevalence,28,Solomon Islands,3,Both,27,Age-standardized,976,Diabetes mellitus type 2,3,Rate,2012,8215.33908549395,8850.803664496409,7638.71912728744
1,All Population,5,Prevalence,197,Eswatini,3,Both,27,Age-standardized,976,Diabetes mellitus type 2,3,Rate,2004,5593.41204104249,6033.8268222815805,5141.7060370297895
1,All Population,5,Prevalence,170,Congo,3,Both,27,Age-standardized,976,Diabetes mellitus type 2,3,Rate,2004,6165.717685665801,6771.83413308408,5586.25204901891
1,All Population,5,Prevalence,20,Viet Nam,3,Both,27,Age-standardized,976,Diabetes mellitus type 2,3,Rate,2012,3158.03715367972,3422.10357693354,2904.52870655393
1,All Population,5,Prevalence,181,Madagascar,3,Both,27,Age-standardized,976,Diabetes mellitus type 2,3,Rate,2004,2715.24283718689,2948.84059848915,2466.48066151091
1,All Population,5,Prevalence,22,Fiji,3,Both,27,Age-standardized,976,Diabetes mellitus type 2,3,Rate,2012,14516.490605237559,15387.091713801241,13779.71741375656
1,All Population,5,Prevalence,66,Brunei Darussalam,3,Both,27,Age-standardized,976,Diabetes mellitus type 2,3,Rate,2012,7330.048235405349,7898.08448537182,6870.9298156493805
1,All Population,5,Prevalence,71,Australia,3,Both,27,Age-standardized,976,Diabetes mellitus type 2,3,Rate,2012,2505.42247890773,2689.0620962890603,2323.15379386008
1,All Population,5,Prevalence,201,Burkina Faso,3,Both,27,Age-standardized,976,Diabetes mellitus type 2,3,Rate,2004,2442.57720626926,2630.98408021903,2268.08645388689
1,All Population,5,Prevalence,24,Marshall Islands,3,Both,27,Age-standardized,976,Diabetes mellitus type 2,3,Rate,2012,16520.72746498281,17783.1070502031,15246.997654984882
1,All Population,5,Prevalence,210,Liberia,3,Both,27,Age-standardized,976,Diabetes mellitus type 2,3,Rate,2004,4617.9276064591995,5006.20304738333,4249.39708869215
1,All Population,5,Prevalence,68,Republic of Korea,3,Both,27,Age-standardized,976,Diabetes mellitus type 2,3,Rate,2012,4923.18409037197,5071.1194306753105,4757.50745102042
1,All Population,5,Prevalence,75,Austria,3,Both,27,Age-standardized,976,Diabetes mellitus type 2,3,Rate,2012,2582.81941361482,2784.68848024531,2402.02567869132
1,All Population,5,Prevalence,79,Finland,3,Both,27,Age-standardized,976,Diabetes mellitus type 2,3,Rate,2012,5096.85231820338,5576.91255862504,4656.60645550999
1,All Population,5,Prevalence,77,Cyprus,3,Both,27,Age-standardized,976,Diabetes mellitus type 2,3,Rate,2012,4637.06219194588,5079.11726613487,4236.02259144798
1,All Population,5,Prevalence,212,Mauritania,3,Both,27,Age-standardized,976,Diabetes mellitus type 2,3,Rate,2004,5227.87278187926,5699.083054035111,4770.7698087949
1,All Population,5,Prevalence,85,Israel,3,Both,27,Age-standardized,976,Diabetes mellitus type 2,3,Rate,2012,3619.3075118424604,3864.9820014008696,3389.65324860685
1,All Population,5,Prevalence,81,Germany,3,Both,27,Age-standardized,976,Diabetes mellitus type 2,3,Rate,2012,4169.26857571726,4497.9296391305,3842.58865294734
1,All Population,5,Prevalence,86,Italy,3,Both,27,Age-standardized,976,Diabetes mellitus type 2,3,Rate,2012,3636.21651081068,4041.88115543554,3195.13035072503
1,All Population,5,Prevalence,88,Malta,3,Both,27,Age-standardized,976,Diabetes mellitus type 2,3,Rate,2012,3428.6640293651,3738.9235442983804,3186.21948637663
1,All Population,5,Prevalence,69,Singapore,3,Both,27,Age-standardized,976,Diabetes mellitus type 2,3,Rate,2012,4875.7738289014205,5252.862667851519,4545.28164928628
1,All Population,5,Prevalence,376,Northern Mariana Islands,3,Both,27,Age-standardized,976,Diabetes mellitus type 2,3,Rate,2004,10220.9556103689,11074.34379600313,9436.5687747356
1,All Population,5,Prevalence,214,Nigeria,3,Both,27,Age-standardized,976,Diabetes mellitus type 2,3,Rate,2004,3322.1097465959997,3651.68296026522,3014.35740953677
1,All Population,5,Prevalence,94,Switzerland,3,Both,27,Age-standardized,976,Diabetes mellitus type 2,3,Rate,2012,3132.51651946196,3430.04872980183,2862.96537169613
1,All Population,5,Prevalence,83,Iceland,3,Both,27,Age-standardized,976,Diabetes mellitus type 2,3,Rate,2012,2997.9818613704,3307.06575282953,2742.44359399731
1,All Population,5,Prevalence,90,Norway,3,Both,27,Age-standardized,976,Diabetes mellitus type 2,3,Rate,2012,3971.7234964088902,4451.85942589308,3501.88897898627
1,All Population,5,Prevalence,98,Chile,3,Both,27,Age-standardized,976,Diabetes mellitus type 2,3,Rate,2012,2055.3320329609,2183.96325070208,1942.33862782493
1,All Population,5,Prevalence,80,France,3,Both,27,Age-standardized,976,Diabetes mellitus type 2,3,Rate,2012,3626.3473233477603,3893.94439913959,3348.45253295697
1,All Population,5,Prevalence,105,Antigua and Barbuda,3,Both,27,Age-standardized,976,Diabetes mellitus type 2,3,Rate,2012,8330.33360617482,9038.14672837161,7761.9015956926205
1,All Population,5,Prevalence,92,Spain,3,Both,27,Age-standardized,976,Diabetes mellitus type 2,3,Rate,2012,4691.31871908397,5053.86014710774,4382.07198029084
1,All Population,5,Prevalence,385,Puerto Rico,3,Both,27,Age-standardized,976,Diabetes mellitus type 2,3,Rate,2004,8587.78323520466,9149.77572459792,7906.3585761472905
1,All Population,5,Prevalence,67,Japan,3,Both,27,Age-standardized,976,Diabetes mellitus type 2,3,Rate,2012,5481.07183128637,6047.204838139341,4917.05469459658
1,All Population,5,Prevalence,109,Cuba,3,Both,27,Age-standardized,976,Diabetes mellitus type 2,3,Rate,2012,3847.01393665483,4152.18161397903,3581.41125938096
1,All Population,5,Prevalence,82,Greece,3,Both,27,Age-standardized,976,Diabetes mellitus type 2,3,Rate,2012,3322.8573318671197,3640.62562258783,3049.0609108154604
1,All Population,5,Prevalence,396,San Marino,3,Both,27,Age-standardized,976,Diabetes mellitus type 2,3,Rate,2004,3090.8755408356697,3446.3963302970196,2776.40139087193
1,All Population,5,Prevalence,107,Barbados,3,Both,27,Age-standardized,976,Diabetes mellitus type 2,3,Rate,2012,9851.5418347473,10490.37860505839,9010.26247229238
1,All Population,5,Prevalence,95,United Kingdom,3,Both,27,Age-standardized,976,Diabetes mellitus type 2,3,Rate,2012,4312.43355139343,4646.95556832541,3972.05952978832
1,All Population,5,Prevalence,84,Ireland,3,Both,27,Age-standardized,976,Diabetes mellitus type 2,3,Rate,2012,2498.94655940105,2714.65135635894,2279.3448597288098
1,All Population,5,Prevalence,216,Senegal,3,Both,27,Age-standardized,976,Diabetes mellitus type 2,3,Rate,2004,6263.003663906499,6884.4454651896995,5743.07379377743
1,All Population,5,Prevalence,111,Dominican Republic,3,Both,27,Age-standardized,976,Diabetes mellitus type 2,3,Rate,2012,6788.910348506281,7337.5064737721195,6264.51778267592
1,All Population,5,Prevalence,416,Tuvalu,3,Both,27,Age-standardized,976,Diabetes mellitus type 2,3,Rate,2004,8150.6128267452295,8817.14804942554,7465.136546037469
1,All Population,5,Prevalence,97,Argentina,3,Both,27,Age-standardized,976,Diabetes mellitus type 2,3,Rate,2012,3308.75133665003,3504.85625796305,3072.66980238372
1,All Population,5,Prevalence,99,Uruguay,3,Both,27,Age-standardized,976,Diabetes mellitus type 2,3,Rate,2012,3116.37222278536,3335.12751541629,2860.18164757155
1,All Population,5,Prevalence,118,Suriname,3,Both,27,Age-standardized,976,Diabetes mellitus type 2,3,Rate,2012,9731.73838201368,10419.24503070229,9017.54526020117
1,All Population,5,Prevalence,110,Dominica,3,Both,27,Age-standardized,976,Diabetes mellitus type 2,3,Rate,2012,9281.588435583139,10006.15149608826,8617.85433617979
1,All Population,5,Prevalence,101,Canada,3,Both,27,Age-standardized,976,Diabetes mellitus type 2,3,Rate,2012,2933.11253463008,3098.09160371372,2749.01669041414
1,All Population,5,Prevalence,112,Grenada,3,Both,27,Age-standardized,976,Diabetes mellitus type 2,3,Rate,2012,10448.04715082011,11072.59122498935,9816.32071341092
1,All Population,5,Prevalence,116,Saint Lucia,3,Both,27,Age-standardized,976,Diabetes mellitus type 2,3,Rate,2012,10370.02230026394,11004.18321606937,9530.64025651942
1,All Population,5,Prevalence,122,Ecuador,3,Both,27,Age-standardized,976,Diabetes mellitus type 2,3,Rate,2012,5447.30346881719,5740.38167228773,5153.36108297165
1,All Population,5,Prevalence,114,Haiti,3,Both,27,Age-standardized,976,Diabetes mellitus type 2,3,Rate,2012,6083.795222702121,6560.405206239329,5569.122849909009
1,All Population,5,Prevalence,113,Guyana,3,Both,27,Age-standardized,976,Diabetes mellitus type 2,3,Rate,2012,10234.91469357899,10971.239110408711,9616.52747355706
1,All Population,5,Prevalence,126,Costa Rica,3,Both,27,Age-standardized,976,Diabetes mellitus type 2,3,Rate,2012,6834.58598311244,7415.95011350346,6375.73774198131
1,All Population,5,Prevalence,125,Colombia,3,Both,27,Age-standardized,976,Diabetes mellitus type 2,3,Rate,2012,4564.51281948516,4936.0855700355,4230.456532327969
1,All Population,5,Prevalence,115,Jamaica,3,Both,27,Age-standardized,976,Diabetes mellitus type 2,3,Rate,2012,8003.16161035721,8470.61006192562,7586.4945067628405
1,All Population,5,Prevalence,128,Guatemala,3,Both,27,Age-standardized,976,Diabetes mellitus type 2,3,Rate,2012,8399.545995263159,8809.30690387649,8048.452576453061
1,All Population,5,Prevalence,133,Venezuela (Bolivarian Republic of),3,Both,27,Age-standardized,976,Diabetes mellitus type 2,3,Rate,2012,6302.99659891096,6694.84673357597,5887.25669697918
1,All Population,5,Prevalence,127,El Salvador,3,Both,27,Age-standardized,976,Diabetes mellitus type 2,3,Rate,2012,6231.721367939061,6728.17706762607,5708.372811217189
1,All Population,5,Prevalence,141,Egypt,3,Both,27,Age-standardized,976,Diabetes mellitus type 2,3,Rate,2012,10476.94456482235,11342.64125509804,9728.590619588751
1,All Population,5,Prevalence,135,Brazil,3,Both,27,Age-standardized,976,Diabetes mellitus type 2,3,Rate,2012,4655.63794589992,5116.08454516905,4192.86645893848
1,All Population,5,Prevalence,130,Mexico,3,Both,27,Age-standardized,976,Diabetes mellitus type 2,3,Rate,2012,11079.36303300884,12083.41898766697,10042.47865091332
1,All Population,5,Prevalence,129,Honduras,3,Both,27,Age-standardized,976,Diabetes mellitus type 2,3,Rate,2012,4852.878086996519,5366.25414511809,4433.16805849721
1,All Population,5,Prevalence,140,Bahrain,3,Both,27,Age-standardized,976,Diabetes mellitus type 2,3,Rate,2012,14810.75394116734,16275.071055030901,13643.907634547619
1,All Population,5,Prevalence,139,Algeria,3,Both,27,Age-standardized,976,Diabetes mellitus type 2,3,Rate,2012,7812.885969573361,8482.27017073029,7245.175297500809
1,All Population,5,Prevalence,143,Iraq,3,Both,27,Age-standardized,976,Diabetes mellitus type 2,3,Rate,2012,10385.33215249115,11112.633786130149,9693.52669795825
1,All Population,5,Prevalence,131,Nicaragua,3,Both,27,Age-standardized,976,Diabetes mellitus type 2,3,Rate,2012,4755.36207852203,5061.84794526854,4438.133113891659
1,All Population,5,Prevalence,148,Morocco,3,Both,27,Age-standardized,976,Diabetes mellitus type 2,3,Rate,2012,7669.37403582921,8309.76624709231,7096.473983976739
1,All Population,5,Prevalence,142,Iran (Islamic Republic of),3,Both,27,Age-standardized,976,Diabetes mellitus type 2,3,Rate,2012,6391.371559969999,7035.52810796365,5798.09342002625
1,All Population,5,Prevalence,155,Türkiye,3,Both,27,Age-standardized,976,Diabetes mellitus type 2,3,Rate,2012,6588.2454811405605,7072.19110753055,6184.966293913781
1,All Population,5,Prevalence,150,Oman,3,Both,27,Age-standardized,976,Diabetes mellitus type 2,3,Rate,2012,8156.03882480455,8720.3364478043,7621.80465614179
1,All Population,5,Prevalence,145,Kuwait,3,Both,27,Age-standardized,976,Diabetes mellitus type 2,3,Rate,2012,14630.24095626897,15582.654611933189,13569.88198032158
1,All Population,5,Prevalence,144,Jordan,3,Both,27,Age-standardized,976,Diabetes mellitus type 2,3,Rate,2012,10876.21349655582,11492.73787641217,10326.63553634699
1,All Population,5,Prevalence,157,Yemen,3,Both,27,Age-standardized,976,Diabetes mellitus type 2,3,Rate,2012,4069.5209356910495,4453.06923216639,3727.4384291257297
1,All Population,5,Prevalence,156,United Arab Emirates,3,Both,27,Age-standardized,976,Diabetes mellitus type 2,3,Rate,2012,12499.067646871239,13519.47202717064,11569.19234863613
1,All Population,5,Prevalence,147,Libya,3,Both,27,Age-standardized,976,Diabetes mellitus type 2,3,Rate,2012,10190.69224589441,11000.94517145214,9306.0376097479
1,All Population,5,Prevalence,163,India,3,Both,27,Age-standardized,976,Diabetes mellitus type 2,3,Rate,2012,6592.16168721665,7181.06523700346,6045.669108313919
1,All Population,5,Prevalence,152,Saudi Arabia,3,Both,27,Age-standardized,976,Diabetes mellitus type 2,3,Rate,2012,17893.28026469098,19281.8063887826,16549.68961993987
1,All Population,5,Prevalence,165,Pakistan,3,Both,27,Age-standardized,976,Diabetes mellitus type 2,3,Rate,2012,8055.18711065655,8774.25804422869,7317.30211997176
1,All Population,5,Prevalence,146,Lebanon,3,Both,27,Age-standardized,976,Diabetes mellitus type 2,3,Rate,2012,9236.554504800939,10015.06481756199,8534.61019362069
1,All Population,5,Prevalence,160,Afghanistan,3,Both,27,Age-standardized,976,Diabetes mellitus type 2,3,Rate,2012,8548.909603452561,9236.107088842251,7895.59833231174
1,All Population,5,Prevalence,154,Tunisia,3,Both,27,Age-standardized,976,Diabetes mellitus type 2,3,Rate,2012,8150.2810845309905,8807.275737396949,7508.669124761889
1,All Population,5,Prevalence,172,Equatorial Guinea,3,Both,27,Age-standardized,976,Diabetes mellitus type 2,3,Rate,2012,6345.05489473952,6875.9701646801295,5803.38286258522
1,All Population,5,Prevalence,161,Bangladesh,3,Both,27,Age-standardized,976,Diabetes mellitus type 2,3,Rate,2012,6095.55741438054,6459.25112682392,5715.34296389131
1,All Population,5,Prevalence,171,Democratic Republic of the Congo,3,Both,27,Age-standardized,976,Diabetes mellitus type 2,3,Rate,2012,5405.83807569377,5863.19325000421,4961.21413972061
1,All Population,5,Prevalence,162,Bhutan,3,Both,27,Age-standardized,976,Diabetes mellitus type 2,3,Rate,2012,4731.4914520889,5120.99459912438,4398.17459496007
1,All Population,5,Prevalence,176,Comoros,3,Both,27,Age-standardized,976,Diabetes mellitus type 2,3,Rate,2012,3604.9898280096795,3874.08652130504,3335.19500594931
1,All Population,5,Prevalence,169,Central African Republic,3,Both,27,Age-standardized,976,Diabetes mellitus type 2,3,Rate,2012,5890.8185390157405,6349.783636923919,5384.67360144337
1,All Population,5,Prevalence,178,Eritrea,3,Both,27,Age-standardized,976,Diabetes mellitus type 2,3,Rate,2012,3119.98055819079,3368.0816683648395,2869.65101082828
1,All Population,5,Prevalence,182,Malawi,3,Both,27,Age-standardized,976,Diabetes mellitus type 2,3,Rate,2012,2345.64955341526,2531.11998577634,2169.22750321813
1,All Population,5,Prevalence,173,Gabon,3,Both,27,Age-standardized,976,Diabetes mellitus type 2,3,Rate,2012,6961.60083685515,7551.160703170789,6405.75626509556
1,All Population,5,Prevalence,186,Seychelles,3,Both,27,Age-standardized,976,Diabetes mellitus type 2,3,Rate,2012,7173.55707395689,7761.724062386401,6581.3782827144705
1,All Population,5,Prevalence,187,Somalia,3,Both,27,Age-standardized,976,Diabetes mellitus type 2,3,Rate,2012,3024.7031844911803,3257.35031368387,2785.44069980753
1,All Population,5,Prevalence,180,Kenya,3,Both,27,Age-standardized,976,Diabetes mellitus type 2,3,Rate,2012,3238.56451772847,3532.61050297302,2929.82978718512
1,All Population,5,Prevalence,184,Mozambique,3,Both,27,Age-standardized,976,Diabetes mellitus type 2,3,Rate,2012,2489.44601681566,2667.8304803219403,2293.95766027007
1,All Population,5,Prevalence,175,Burundi,3,Both,27,Age-standardized,976,Diabetes mellitus type 2,3,Rate,2012,2971.4644264357803,3208.7676585086397,2704.73301900254
1,All Population,5,Prevalence,189,United Republic of Tanzania,3,Both,27,Age-standardized,976,Diabetes mellitus type 2,3,Rate,2012,2664.69199551275,2869.0802224528097,2475.0389109022703
1,All Population,5,Prevalence,190,Uganda,3,Both,27,Age-standardized,976,Diabetes mellitus type 2,3,Rate,2012,3770.01939719055,4085.7501152,3473.63649482983
1,All Population,5,Prevalence,196,South Africa,3,Both,27,Age-standardized,976,Diabetes mellitus type 2,3,Rate,2012,6873.266238644909,7475.52896442264,6243.86572986037
1,All Population,5,Prevalence,177,Djibouti,3,Both,27,Age-standardized,976,Diabetes mellitus type 2,3,Rate,2012,3130.2555428844603,3411.36385476599,2890.8396025453203
1,All Population,5,Prevalence,191,Zambia,3,Both,27,Age-standardized,976,Diabetes mellitus type 2,3,Rate,2012,4521.61918346112,4854.63936657944,4181.82429748533
1,All Population,5,Prevalence,203,Cabo Verde,3,Both,27,Age-standardized,976,Diabetes mellitus type 2,3,Rate,2012,5279.5194100655,5719.02320897868,4866.06795038905
1,All Population,5,Prevalence,194,Lesotho,3,Both,27,Age-standardized,976,Diabetes mellitus type 2,3,Rate,2012,4021.7725930323704,4374.62991178078,3720.0261159505103
1,All Population,5,Prevalence,204,Chad,3,Both,27,Age-standardized,976,Diabetes mellitus type 2,3,Rate,2012,4147.9893185725505,4511.77709742737,3789.1971910520897
1,All Population,5,Prevalence,193,Botswana,3,Both,27,Age-standardized,976,Diabetes mellitus type 2,3,Rate,2012,4640.238709391921,5043.01700029961,4272.67434564413
1,All Population,5,Prevalence,198,Zimbabwe,3,Both,27,Age-standardized,976,Diabetes mellitus type 2,3,Rate,2012,3865.2114160207,4209.24083604482,3538.79031472295
1,All Population,5,Prevalence,205,Côte d'Ivoire,3,Both,27,Age-standardized,976,Diabetes mellitus type 2,3,Rate,2012,4629.32455910932,5048.49217885567,4222.210932342709
1,All Population,5,Prevalence,211,Mali,3,Both,27,Age-standardized,976,Diabetes mellitus type 2,3,Rate,2012,8068.775621387759,8819.16733152256,7350.34507325251
1,All Population,5,Prevalence,206,Gambia,3,Both,27,Age-standardized,976,Diabetes mellitus type 2,3,Rate,2012,5678.38470032973,6142.76374005333,5164.504724061881
1,All Population,5,Prevalence,200,Benin,3,Both,27,Age-standardized,976,Diabetes mellitus type 2,3,Rate,2012,3909.39247110799,4219.66286773097,3617.00098931392
1,All Population,5,Prevalence,207,Ghana,3,Both,27,Age-standardized,976,Diabetes mellitus type 2,3,Rate,2012,4725.41585323687,5087.57066136265,4388.385949131491
1,All Population,5,Prevalence,218,Togo,3,Both,27,Age-standardized,976,Diabetes mellitus type 2,3,Rate,2012,3345.96784014983,3632.56366357953,3085.974708242
1,All Population,5,Prevalence,202,Cameroon,3,Both,27,Age-standardized,976,Diabetes mellitus type 2,3,Rate,2012,4416.81248909787,4780.55538084784,4077.43260911498
1,All Population,5,Prevalence,208,Guinea,3,Both,27,Age-standardized,976,Diabetes mellitus type 2,3,Rate,2012,3697.8080577890196,3980.2427253041296,3422.7660356315996
1,All Population,5,Prevalence,209,Guinea-Bissau,3,Both,27,Age-standardized,976,Diabetes mellitus type 2,3,Rate,2012,4812.31183556036,5172.52643187553,4427.2940028189505
1,All Population,5,Prevalence,213,Niger,3,Both,27,Age-standardized,976,Diabetes mellitus type 2,3,Rate,2012,4049.73595703325,4430.65518669412,3700.95861745352
1,All Population,5,Prevalence,305,Bermuda,3,Both,27,Age-standardized,976,Diabetes mellitus type 2,3,Rate,2012,5007.50718151374,5429.2910546218,4623.258674565041
1,All Population,5,Prevalence,215,Sao Tome and Principe,3,Both,27,Age-standardized,976,Diabetes mellitus type 2,3,Rate,2012,5224.455854329261,5727.88522553119,4758.9405662481895
1,All Population,5,Prevalence,320,Cook Islands,3,Both,27,Age-standardized,976,Diabetes mellitus type 2,3,Rate,2012,15776.846364954039,16808.28500521191,14822.47422441318
1,All Population,5,Prevalence,349,Greenland,3,Both,27,Age-standardized,976,Diabetes mellitus type 2,3,Rate,2012,2436.42066394782,2703.32550571425,2186.04230547527
1,All Population,5,Prevalence,298,American Samoa,3,Both,27,Age-standardized,976,Diabetes mellitus type 2,3,Rate,2012,15951.537696640891,16901.16924709132,15092.10249762109
1,All Population,5,Prevalence,369,Nauru,3,Both,27,Age-standardized,976,Diabetes mellitus type 2,3,Rate,2012,14344.76881356104,15275.02930613523,13453.38079579298
1,All Population,5,Prevalence,351,Guam,3,Both,27,Age-standardized,976,Diabetes mellitus type 2,3,Rate,2012,6526.273511391691,7119.86527302445,6052.77915491499
1,All Population,5,Prevalence,217,Sierra Leone,3,Both,27,Age-standardized,976,Diabetes mellitus type 2,3,Rate,2012,4260.70789356621,4635.58943865948,3932.2735494909202
1,All Population,5,Prevalence,367,Monaco,3,Both,27,Age-standardized,976,Diabetes mellitus type 2,3,Rate,2012,2935.6936292915198,3301.52142183266,2617.07649378155
1,All Population,5,Prevalence,380,Palau,3,Both,27,Age-standardized,976,Diabetes mellitus type 2,3,Rate,2012,11142.74485415028,11887.1949279056,10429.853689426689
1,All Population,5,Prevalence,374,Niue,3,Both,27,Age-standardized,976,Diabetes mellitus type 2,3,Rate,2012,15012.02131285086,16081.15664508872,13869.06629379721
1,All Population,5,Prevalence,393,Saint Kitts and Nevis,3,Both,27,Age-standardized,976,Diabetes mellitus type 2,3,Rate,2012,8155.54471530991,8832.84773069031,7596.637339129949
1,All Population,5,Prevalence,435,South Sudan,3,Both,27,Age-standardized,976,Diabetes mellitus type 2,3,Rate,2012,2803.65974130613,3054.9392222147703,2582.63405030886
1,All Population,5,Prevalence,422,United States Virgin Islands,3,Both,27,Age-standardized,976,Diabetes mellitus type 2,3,Rate,2012,7406.398910208969,8012.141488788679,6800.885552660479
1,All Population,5,Prevalence,413,Tokelau,3,Both,27,Age-standardized,976,Diabetes mellitus type 2,3,Rate,2012,15584.39451506437,16722.82612263428,14428.37034814602
1,All Population,5,Prevalence,522,Sudan,3,Both,27,Age-standardized,976,Diabetes mellitus type 2,3,Rate,2012,6870.40426843743,7505.574393032501,6302.2447452387205
1,All Population,5,Prevalence,12,Lao People's Democratic Republic,3,Both,27,Age-standardized,976,Diabetes mellitus type 2,3,Rate,2005,4064.08932319573,4498.00413795458,3687.30055809903
1,All Population,5,Prevalence,14,Maldives,3,Both,27,Age-standardized,976,Diabetes mellitus type 2,3,Rate,2005,3908.8838652931704,4302.2894753904,3571.16666472876
1,All Population,5,Prevalence,25,Micronesia (Federated States of),3,Both,27,Age-standardized,976,Diabetes mellitus type 2,3,Rate,2005,14626.360780386929,15422.278250620238,13871.589932257892
1,All Population,5,Prevalence,16,Philippines,3,Both,27,Age-standardized,976,Diabetes mellitus type 2,3,Rate,2005,4667.734180305501,5096.128072884129,4212.6625468926
1,All Population,5,Prevalence,27,Samoa,3,Both,27,Age-standardized,976,Diabetes mellitus type 2,3,Rate,2005,10886.045057358711,11821.96693576907,10092.36346473889
1,All Population,5,Prevalence,29,Tonga,3,Both,27,Age-standardized,976,Diabetes mellitus type 2,3,Rate,2005,11148.74721264071,11896.89971110031,10468.3226811979
1,All Population,5,Prevalence,10,Cambodia,3,Both,27,Age-standardized,976,Diabetes mellitus type 2,3,Rate,2005,2771.53759857203,3034.8460824418703,2525.6500893717002
1,All Population,5,Prevalence,72,New Zealand,3,Both,27,Age-standardized,976,Diabetes mellitus type 2,3,Rate,2005,2833.94841153797,2994.5970665759,2661.31597811353
1,All Population,5,Prevalence,74,Andorra,3,Both,27,Age-standardized,976,Diabetes mellitus type 2,3,Rate,2005,2551.51428512269,2863.56283565007,2274.88901414734
1,All Population,5,Prevalence,6,China,3,Both,27,Age-standardized,976,Diabetes mellitus type 2,3,Rate,2013,5621.28191271554,6139.98336468862,5192.219898275171
1,All Population,5,Prevalence,76,Belgium,3,Both,27,Age-standardized,976,Diabetes mellitus type 2,3,Rate,2005,3010.42577880122,3265.33594467926,2738.79755860372
1,All Population,5,Prevalence,8,Taiwan,3,Both,27,Age-standardized,976,Diabetes mellitus type 2,3,Rate,2013,6040.09448111514,6470.35666229119,5640.90091556079
1,All Population,5,Prevalence,7,Democratic People's Republic of Korea,3,Both,27,Age-standardized,976,Diabetes mellitus type 2,3,Rate,2013,4823.72429111112,5319.70494516961,4426.92413173745
1,All Population,5,Prevalence,106,Bahamas,3,Both,27,Age-standardized,976,Diabetes mellitus type 2,3,Rate,2005,7256.36559352408,7773.83895831459,6765.5555361798
1,All Population,5,Prevalence,11,Indonesia,3,Both,27,Age-standardized,976,Diabetes mellitus type 2,3,Rate,2013,4099.144248833661,4524.13113438796,3669.94390003322
1,All Population,5,Prevalence,87,Luxembourg,3,Both,27,Age-standardized,976,Diabetes mellitus type 2,3,Rate,2005,2757.02738758379,3064.9071280735,2487.22833526402
1,All Population,5,Prevalence,117,Saint Vincent and the Grenadines,3,Both,27,Age-standardized,976,Diabetes mellitus type 2,3,Rate,2005,10772.58626796357,11531.82257666286,9826.17141503748
1,All Population,5,Prevalence,78,Denmark,3,Both,27,Age-standardized,976,Diabetes mellitus type 2,3,Rate,2005,2506.24610235268,2769.86859105476,2321.2060701018
1,All Population,5,Prevalence,17,Sri Lanka,3,Both,27,Age-standardized,976,Diabetes mellitus type 2,3,Rate,2013,7654.64006359799,8086.439711650879,7237.146623262431
1,All Population,5,Prevalence,13,Malaysia,3,Both,27,Age-standardized,976,Diabetes mellitus type 2,3,Rate,2013,6922.98077896489,7487.72903127881,6373.03774167155
1,All Population,5,Prevalence,18,Thailand,3,Both,27,Age-standardized,976,Diabetes mellitus type 2,3,Rate,2013,4631.7242232564995,5002.15325964598,4297.44491084669
1,All Population,5,Prevalence,108,Belize,3,Both,27,Age-standardized,976,Diabetes mellitus type 2,3,Rate,2005,8850.02651547988,9461.24339666639,8057.828721075811
1,All Population,5,Prevalence,89,Netherlands,3,Both,27,Age-standardized,976,Diabetes mellitus type 2,3,Rate,2005,3020.8598762480497,3271.60708739262,2752.35858033457
1,All Population,5,Prevalence,91,Portugal,3,Both,27,Age-standardized,976,Diabetes mellitus type 2,3,Rate,2005,4292.59509761771,4621.80514155609,3966.68825213258
1,All Population,5,Prevalence,20,Viet Nam,3,Both,27,Age-standardized,976,Diabetes mellitus type 2,3,Rate,2013,3196.14827681466,3447.9392276138497,2927.82337798595
1,All Population,5,Prevalence,119,Trinidad and Tobago,3,Both,27,Age-standardized,976,Diabetes mellitus type 2,3,Rate,2005,15054.791105243801,16144.91062523376,13586.096993533889
1,All Population,5,Prevalence,132,Panama,3,Both,27,Age-standardized,976,Diabetes mellitus type 2,3,Rate,2005,5626.6234811922595,6112.31253730759,5186.89227900086
1,All Population,5,Prevalence,93,Sweden,3,Both,27,Age-standardized,976,Diabetes mellitus type 2,3,Rate,2005,3533.31957989246,3810.4325042358,3264.4332033129103
1,All Population,5,Prevalence,102,United States of America,3,Both,27,Age-standardized,976,Diabetes mellitus type 2,3,Rate,2005,5473.64272119413,5832.96874769232,5139.54733149708
1,All Population,5,Prevalence,121,Bolivia (Plurinational State of),3,Both,27,Age-standardized,976,Diabetes mellitus type 2,3,Rate,2005,4254.94890285731,4669.55120134874,3913.2881907742703
1,All Population,5,Prevalence,19,Timor-Leste,3,Both,27,Age-standardized,976,Diabetes mellitus type 2,3,Rate,2013,3097.52443718234,3399.0952339000796,2820.95149431104
1,All Population,5,Prevalence,15,Myanmar,3,Both,27,Age-standardized,976,Diabetes mellitus type 2,3,Rate,2013,5607.72555022321,6044.0824387086495,5204.36479574268
1,All Population,5,Prevalence,136,Paraguay,3,Both,27,Age-standardized,976,Diabetes mellitus type 2,3,Rate,2005,5646.62586754346,6085.08725062321,5212.07837734675
1,All Population,5,Prevalence,23,Kiribati,3,Both,27,Age-standardized,976,Diabetes mellitus type 2,3,Rate,2013,13607.468846604179,14357.135597966331,12833.50620806532
1,All Population,5,Prevalence,22,Fiji,3,Both,27,Age-standardized,976,Diabetes mellitus type 2,3,Rate,2013,14850.48563546174,15725.51964823532,14075.92783720834
1,All Population,5,Prevalence,123,Peru,3,Both,27,Age-standardized,976,Diabetes mellitus type 2,3,Rate,2005,2392.17484038648,2614.62974903523,2205.32115237922
1,All Population,5,Prevalence,24,Marshall Islands,3,Both,27,Age-standardized,976,Diabetes mellitus type 2,3,Rate,2013,16541.15019133171,17803.98619051575,15228.860468239469
1,All Population,5,Prevalence,26,Papua New Guinea,3,Both,27,Age-standardized,976,Diabetes mellitus type 2,3,Rate,2013,7655.15172978833,8171.74963294193,7085.351811587159
1,All Population,5,Prevalence,28,Solomon Islands,3,Both,27,Age-standardized,976,Diabetes mellitus type 2,3,Rate,2013,8366.300136436499,9004.791121528211,7770.07962201814
1,All Population,5,Prevalence,30,Vanuatu,3,Both,27,Age-standardized,976,Diabetes mellitus type 2,3,Rate,2013,8494.463330602981,9148.885706674779,7873.975920721329
1,All Population,5,Prevalence,149,Palestine,3,Both,27,Age-standardized,976,Diabetes mellitus type 2,3,Rate,2005,8918.25219008667,9516.98603548704,8371.2020556378
1,All Population,5,Prevalence,151,Qatar,3,Both,27,Age-standardized,976,Diabetes mellitus type 2,3,Rate,2005,12270.004639539451,13282.31752253759,11354.337325018329
1,All Population,5,Prevalence,67,Japan,3,Both,27,Age-standardized,976,Diabetes mellitus type 2,3,Rate,2013,5488.490678717129,6043.810493250279,4918.02202921539
1,All Population,5,Prevalence,69,Singapore,3,Both,27,Age-standardized,976,Diabetes mellitus type 2,3,Rate,2013,4806.6458111600405,5216.01775408937,4455.4656679052205
1,All Population,5,Prevalence,66,Brunei Darussalam,3,Both,27,Age-standardized,976,Diabetes mellitus type 2,3,Rate,2013,7429.9141072601,7970.284356864619,6935.55436865769
1,All Population,5,Prevalence,68,Republic of Korea,3,Both,27,Age-standardized,976,Diabetes mellitus type 2,3,Rate,2013,4930.54509165756,5074.59311678199,4781.568618065
1,All Population,5,Prevalence,71,Australia,3,Both,27,Age-standardized,976,Diabetes mellitus type 2,3,Rate,2013,2482.73435268621,2662.97252376768,2305.5036834100697
1,All Population,5,Prevalence,80,France,3,Both,27,Age-standardized,976,Diabetes mellitus type 2,3,Rate,2013,3638.28165011783,3914.65726257171,3333.73624931252
1,All Population,5,Prevalence,75,Austria,3,Both,27,Age-standardized,976,Diabetes mellitus type 2,3,Rate,2013,2602.19421644971,2809.53719871884,2416.0693122827597
1,All Population,5,Prevalence,77,Cyprus,3,Both,27,Age-standardized,976,Diabetes mellitus type 2,3,Rate,2013,4642.64672826517,5072.76918123646,4254.09559564772
1,All Population,5,Prevalence,82,Greece,3,Both,27,Age-standardized,976,Diabetes mellitus type 2,3,Rate,2013,3356.16535797659,3679.2312167122304,3083.7986937671603
1,All Population,5,Prevalence,84,Ireland,3,Both,27,Age-standardized,976,Diabetes mellitus type 2,3,Rate,2013,2510.1968622247,2747.84406367523,2285.57170229557
1,All Population,5,Prevalence,79,Finland,3,Both,27,Age-standardized,976,Diabetes mellitus type 2,3,Rate,2013,5147.37790289068,5621.2672784120105,4700.68148647311
1,All Population,5,Prevalence,81,Germany,3,Both,27,Age-standardized,976,Diabetes mellitus type 2,3,Rate,2013,4178.1776446237,4496.7074701661595,3856.6665564804703
1,All Population,5,Prevalence,83,Iceland,3,Both,27,Age-standardized,976,Diabetes mellitus type 2,3,Rate,2013,3012.76332194624,3324.7867592840403,2742.19960420185
1,All Population,5,Prevalence,85,Israel,3,Both,27,Age-standardized,976,Diabetes mellitus type 2,3,Rate,2013,3587.6996185378202,3827.65488858223,3379.51096456871
1,All Population,5,Prevalence,86,Italy,3,Both,27,Age-standardized,976,Diabetes mellitus type 2,3,Rate,2013,3534.1502525498695,3930.5139111199696,3116.95241461062
1,All Population,5,Prevalence,88,Malta,3,Both,27,Age-standardized,976,Diabetes mellitus type 2,3,Rate,2013,3448.1747456279204,3739.68453128942,3219.0697693737397
1,All Population,5,Prevalence,90,Norway,3,Both,27,Age-standardized,976,Diabetes mellitus type 2,3,Rate,2013,3977.5245889436696,4452.8124674402,3511.03138222982
1,All Population,5,Prevalence,92,Spain,3,Both,27,Age-standardized,976,Diabetes mellitus type 2,3,Rate,2013,4681.47624715011,5039.1641779193005,4362.37281548331
1,All Population,5,Prevalence,95,United Kingdom,3,Both,27,Age-standardized,976,Diabetes mellitus type 2,3,Rate,2013,4383.05118935002,4718.50722652001,4039.03300985746
1,All Population,5,Prevalence,97,Argentina,3,Both,27,Age-standardized,976,Diabetes mellitus type 2,3,Rate,2013,3336.69961725336,3537.7619801925102,3082.07887344598
1,All Population,5,Prevalence,94,Switzerland,3,Both,27,Age-standardized,976,Diabetes mellitus type 2,3,Rate,2013,3114.37061439223,3389.80259362373,2834.12281447754
1,All Population,5,Prevalence,98,Chile,3,Both,27,Age-standardized,976,Diabetes mellitus type 2,3,Rate,2013,2100.12826939576,2230.9182714428,1986.5241741700402
1,All Population,5,Prevalence,105,Antigua and Barbuda,3,Both,27,Age-standardized,976,Diabetes mellitus type 2,3,Rate,2013,8330.41431026611,9043.076250313841,7713.650928158359
1,All Population,5,Prevalence,99,Uruguay,3,Both,27,Age-standardized,976,Diabetes mellitus type 2,3,Rate,2013,3167.61260457254,3374.26535617735,2944.9366539367898
1,All Population,5,Prevalence,101,Canada,3,Both,27,Age-standardized,976,Diabetes mellitus type 2,3,Rate,2013,2929.76092671562,3106.38671696401,2746.93214736456
1,All Population,5,Prevalence,153,Syrian Arab Republic,3,Both,27,Age-standardized,976,Diabetes mellitus type 2,3,Rate,2005,7786.003465223509,8490.93269614858,7102.270785932919
1,All Population,5,Prevalence,164,Nepal,3,Both,27,Age-standardized,976,Diabetes mellitus type 2,3,Rate,2005,5326.08803996155,5826.24192792488,4896.08533706355
1,All Population,5,Prevalence,168,Angola,3,Both,27,Age-standardized,976,Diabetes mellitus type 2,3,Rate,2005,6237.36931554838,6784.01482984453,5710.09200914535
1,All Population,5,Prevalence,109,Cuba,3,Both,27,Age-standardized,976,Diabetes mellitus type 2,3,Rate,2013,3911.40065258202,4204.80080009241,3630.58186889032
1,All Population,5,Prevalence,107,Barbados,3,Both,27,Age-standardized,976,Diabetes mellitus type 2,3,Rate,2013,9951.224749936551,10634.980062267101,9145.061182740701
1,All Population,5,Prevalence,179,Ethiopia,3,Both,27,Age-standardized,976,Diabetes mellitus type 2,3,Rate,2005,2836.67437471443,3125.90472973866,2559.87187505588
1,All Population,5,Prevalence,170,Congo,3,Both,27,Age-standardized,976,Diabetes mellitus type 2,3,Rate,2005,6201.05282189356,6809.640578685699,5620.45367522961
1,All Population,5,Prevalence,111,Dominican Republic,3,Both,27,Age-standardized,976,Diabetes mellitus type 2,3,Rate,2013,6920.1944714835,7485.37120814642,6397.34522348087
1,All Population,5,Prevalence,110,Dominica,3,Both,27,Age-standardized,976,Diabetes mellitus type 2,3,Rate,2013,9411.93231053642,10197.99938675426,8698.788552956941
1,All Population,5,Prevalence,181,Madagascar,3,Both,27,Age-standardized,976,Diabetes mellitus type 2,3,Rate,2005,2725.18807431479,2964.4309580047297,2462.4773974528403
1,All Population,5,Prevalence,201,Burkina Faso,3,Both,27,Age-standardized,976,Diabetes mellitus type 2,3,Rate,2005,2442.5728365200202,2642.95270445866,2255.9175375996
1,All Population,5,Prevalence,183,Mauritius,3,Both,27,Age-standardized,976,Diabetes mellitus type 2,3,Rate,2005,11648.30533763771,12135.42287643787,11235.337437575641
1,All Population,5,Prevalence,112,Grenada,3,Both,27,Age-standardized,976,Diabetes mellitus type 2,3,Rate,2013,10495.10959231571,11116.96830646812,9879.073462288809
1,All Population,5,Prevalence,113,Guyana,3,Both,27,Age-standardized,976,Diabetes mellitus type 2,3,Rate,2013,10255.62746519517,11095.48709765819,9589.86717767753
1,All Population,5,Prevalence,212,Mauritania,3,Both,27,Age-standardized,976,Diabetes mellitus type 2,3,Rate,2005,5262.73727446984,5723.3863842242,4801.29358516048
1,All Population,5,Prevalence,114,Haiti,3,Both,27,Age-standardized,976,Diabetes mellitus type 2,3,Rate,2013,6115.54363826344,6579.665988243561,5601.48626075336
1,All Population,5,Prevalence,185,Rwanda,3,Both,27,Age-standardized,976,Diabetes mellitus type 2,3,Rate,2005,2510.46330312693,2736.00266379735,2312.11129094966
1,All Population,5,Prevalence,115,Jamaica,3,Both,27,Age-standardized,976,Diabetes mellitus type 2,3,Rate,2013,8029.38298427609,8487.34386097961,7620.116777568101
1,All Population,5,Prevalence,214,Nigeria,3,Both,27,Age-standardized,976,Diabetes mellitus type 2,3,Rate,2005,3362.07643344852,3700.4207874980702,3051.4826665981
1,All Population,5,Prevalence,116,Saint Lucia,3,Both,27,Age-standardized,976,Diabetes mellitus type 2,3,Rate,2013,10421.13210175589,11095.46946284585,9587.08981994378
1,All Population,5,Prevalence,195,Namibia,3,Both,27,Age-standardized,976,Diabetes mellitus type 2,3,Rate,2005,4353.055737331029,4740.55423732578,4020.04129826076
1,All Population,5,Prevalence,118,Suriname,3,Both,27,Age-standardized,976,Diabetes mellitus type 2,3,Rate,2013,9894.85256387463,10611.331637779369,9177.23788368084
1,All Population,5,Prevalence,122,Ecuador,3,Both,27,Age-standardized,976,Diabetes mellitus type 2,3,Rate,2013,5493.22446463112,5797.69985787393,5208.10587560152
1,All Population,5,Prevalence,125,Colombia,3,Both,27,Age-standardized,976,Diabetes mellitus type 2,3,Rate,2013,4603.95594667847,4951.873864276899,4292.53400334633
1,All Population,5,Prevalence,197,Eswatini,3,Both,27,Age-standardized,976,Diabetes mellitus type 2,3,Rate,2005,5658.437271876561,6139.59583100066,5208.755901057681
1,All Population,5,Prevalence,216,Senegal,3,Both,27,Age-standardized,976,Diabetes mellitus type 2,3,Rate,2005,6318.412353332439,6955.8044214375695,5796.429561170719
1,All Population,5,Prevalence,126,Costa Rica,3,Both,27,Age-standardized,976,Diabetes mellitus type 2,3,Rate,2013,7007.0022039470505,7596.88028901517,6528.196773064419
1,All Population,5,Prevalence,127,El Salvador,3,Both,27,Age-standardized,976,Diabetes mellitus type 2,3,Rate,2013,6368.4813526237895,6865.91259696774,5825.1242667656
1,All Population,5,Prevalence,133,Venezuela (Bolivarian Republic of),3,Both,27,Age-standardized,976,Diabetes mellitus type 2,3,Rate,2013,6364.77616637076,6773.196743071121,5940.16329997851
1,All Population,5,Prevalence,210,Liberia,3,Both,27,Age-standardized,976,Diabetes mellitus type 2,3,Rate,2005,4664.81221518692,5057.91381749641,4292.46623058152
1,All Population,5,Prevalence,129,Honduras,3,Both,27,Age-standardized,976,Diabetes mellitus type 2,3,Rate,2013,4919.37087999234,5430.84737295215,4482.18543785727
1,All Population,5,Prevalence,128,Guatemala,3,Both,27,Age-standardized,976,Diabetes mellitus type 2,3,Rate,2013,8606.708684593601,9089.577063658031,8231.44115854309
1,All Population,5,Prevalence,135,Brazil,3,Both,27,Age-standardized,976,Diabetes mellitus type 2,3,Rate,2013,4698.30728747616,5164.6822104585,4232.59652070135
1,All Population,5,Prevalence,140,Bahrain,3,Both,27,Age-standardized,976,Diabetes mellitus type 2,3,Rate,2013,15145.34571443315,16531.66675604367,13942.56852979227
1,All Population,5,Prevalence,130,Mexico,3,Both,27,Age-standardized,976,Diabetes mellitus type 2,3,Rate,2013,11286.02890882819,12290.42841380075,10242.373355916561
1,All Population,5,Prevalence,131,Nicaragua,3,Both,27,Age-standardized,976,Diabetes mellitus type 2,3,Rate,2013,4864.802667066359,5178.45719718725,4547.840008230751
1,All Population,5,Prevalence,139,Algeria,3,Both,27,Age-standardized,976,Diabetes mellitus type 2,3,Rate,2013,8095.56271836865,8806.16315971348,7479.70607544875
1,All Population,5,Prevalence,141,Egypt,3,Both,27,Age-standardized,976,Diabetes mellitus type 2,3,Rate,2013,10737.62261564671,11588.81301347824,9959.29662341538
1,All Population,5,Prevalence,142,Iran (Islamic Republic of),3,Both,27,Age-standardized,976,Diabetes mellitus type 2,3,Rate,2013,6643.602917404461,7312.8847777888,6010.65674638532
1,All Population,5,Prevalence,416,Tuvalu,3,Both,27,Age-standardized,976,Diabetes mellitus type 2,3,Rate,2005,8242.22110155512,8956.07084166116,7550.04992082608
1,All Population,5,Prevalence,143,Iraq,3,Both,27,Age-standardized,976,Diabetes mellitus type 2,3,Rate,2013,10633.00784093495,11410.59819523706,9919.18198720573
1,All Population,5,Prevalence,148,Morocco,3,Both,27,Age-standardized,976,Diabetes mellitus type 2,3,Rate,2013,7794.2525190591405,8425.072045105291,7200.76931036384
1,All Population,5,Prevalence,376,Northern Mariana Islands,3,Both,27,Age-standardized,976,Diabetes mellitus type 2,3,Rate,2005,10295.23272836209,11148.42766432326,9505.84698395606
1,All Population,5,Prevalence,144,Jordan,3,Both,27,Age-standardized,976,Diabetes mellitus type 2,3,Rate,2013,11001.01696549547,11583.78455711663,10411.2958584284
1,All Population,5,Prevalence,146,Lebanon,3,Both,27,Age-standardized,976,Diabetes mellitus type 2,3,Rate,2013,9455.73629687886,10246.42904753927,8724.521122213599
1,All Population,5,Prevalence,385,Puerto Rico,3,Both,27,Age-standardized,976,Diabetes mellitus type 2,3,Rate,2005,8527.022781797481,9128.56129952799,7799.36895537264
1,All Population,5,Prevalence,145,Kuwait,3,Both,27,Age-standardized,976,Diabetes mellitus type 2,3,Rate,2013,14725.79984166371,15678.783306171801,13694.88756529838
1,All Population,5,Prevalence,150,Oman,3,Both,27,Age-standardized,976,Diabetes mellitus type 2,3,Rate,2013,8401.23567783688,8962.83837644511,7860.16115455402
1,All Population,5,Prevalence,156,United Arab Emirates,3,Both,27,Age-standardized,976,Diabetes mellitus type 2,3,Rate,2013,12669.02017590517,13688.483015883048,11764.7150130839
1,All Population,5,Prevalence,154,Tunisia,3,Both,27,Age-standardized,976,Diabetes mellitus type 2,3,Rate,2013,8355.0119260785,9034.41854291486,7704.43694528515
1,All Population,5,Prevalence,157,Yemen,3,Both,27,Age-standardized,976,Diabetes mellitus type 2,3,Rate,2013,4233.852900236469,4649.71703515894,3877.53513298012
1,All Population,5,Prevalence,147,Libya,3,Both,27,Age-standardized,976,Diabetes mellitus type 2,3,Rate,2013,10501.62015740164,11388.0845972899,9626.83521679393
1,All Population,5,Prevalence,152,Saudi Arabia,3,Both,27,Age-standardized,976,Diabetes mellitus type 2,3,Rate,2013,18537.192024804543,19911.33288070743,17228.48021700377
1,All Population,5,Prevalence,396,San Marino,3,Both,27,Age-standardized,976,Diabetes mellitus type 2,3,Rate,2005,3122.0352770312697,3488.67527919275,2809.81387966506
1,All Population,5,Prevalence,155,Türkiye,3,Both,27,Age-standardized,976,Diabetes mellitus type 2,3,Rate,2013,6744.87757403833,7201.480744864721,6336.93958459546
1,All Population,5,Prevalence,160,Afghanistan,3,Both,27,Age-standardized,976,Diabetes mellitus type 2,3,Rate,2013,8681.05080135686,9366.765336790391,8020.06487591537
1,All Population,5,Prevalence,163,India,3,Both,27,Age-standardized,976,Diabetes mellitus type 2,3,Rate,2013,6842.5963597994105,7454.60926091656,6273.75654959019
1,All Population,5,Prevalence,161,Bangladesh,3,Both,27,Age-standardized,976,Diabetes mellitus type 2,3,Rate,2013,6159.50386591441,6533.533128701701,5763.86904233263
1,All Population,5,Prevalence,165,Pakistan,3,Both,27,Age-standardized,976,Diabetes mellitus type 2,3,Rate,2013,8136.511138493679,8868.00692837246,7406.620016644911
1,All Population,5,Prevalence,162,Bhutan,3,Both,27,Age-standardized,976,Diabetes mellitus type 2,3,Rate,2013,4836.99223675994,5228.33809266727,4497.35571454013
1,All Population,5,Prevalence,172,Equatorial Guinea,3,Both,27,Age-standardized,976,Diabetes mellitus type 2,3,Rate,2013,6391.8611285447905,6951.79841066162,5848.59069652593
1,All Population,5,Prevalence,173,Gabon,3,Both,27,Age-standardized,976,Diabetes mellitus type 2,3,Rate,2013,7017.4177044746,7625.54079188115,6429.082842690929
1,All Population,5,Prevalence,169,Central African Republic,3,Both,27,Age-standardized,976,Diabetes mellitus type 2,3,Rate,2013,5934.2819605739,6391.219033028669,5424.6545322821
1,All Population,5,Prevalence,176,Comoros,3,Both,27,Age-standardized,976,Diabetes mellitus type 2,3,Rate,2013,3659.10581196056,3932.5337277559497,3400.81109196687
1,All Population,5,Prevalence,171,Democratic Republic of the Congo,3,Both,27,Age-standardized,976,Diabetes mellitus type 2,3,Rate,2013,5412.20004876557,5877.45582579767,4952.23853666949
1,All Population,5,Prevalence,178,Eritrea,3,Both,27,Age-standardized,976,Diabetes mellitus type 2,3,Rate,2013,3132.6276402487597,3387.39054985309,2877.5794728655696
1,All Population,5,Prevalence,175,Burundi,3,Both,27,Age-standardized,976,Diabetes mellitus type 2,3,Rate,2013,2980.60321839268,3218.34650625321,2714.45995058782
1,All Population,5,Prevalence,187,Somalia,3,Both,27,Age-standardized,976,Diabetes mellitus type 2,3,Rate,2013,3033.69622019405,3264.1670310606696,2785.62890315044
1,All Population,5,Prevalence,177,Djibouti,3,Both,27,Age-standardized,976,Diabetes mellitus type 2,3,Rate,2013,3171.7947566382,3452.4193961151595,2929.10526391248
1,All Population,5,Prevalence,180,Kenya,3,Both,27,Age-standardized,976,Diabetes mellitus type 2,3,Rate,2013,3253.48046372542,3553.0254115932103,2949.24840376051
1,All Population,5,Prevalence,186,Seychelles,3,Both,27,Age-standardized,976,Diabetes mellitus type 2,3,Rate,2013,7283.10450612242,7920.297702805449,6671.0977330844
1,All Population,5,Prevalence,182,Malawi,3,Both,27,Age-standardized,976,Diabetes mellitus type 2,3,Rate,2013,2347.30715133002,2528.50481783101,2172.3127290306397
1,All Population,5,Prevalence,190,Uganda,3,Both,27,Age-standardized,976,Diabetes mellitus type 2,3,Rate,2013,3757.5222067984796,4070.2615817842902,3467.5851402822104
1,All Population,5,Prevalence,196,South Africa,3,Both,27,Age-standardized,976,Diabetes mellitus type 2,3,Rate,2013,6905.41646647001,7520.39478838288,6279.34104789618
1,All Population,5,Prevalence,189,United Republic of Tanzania,3,Both,27,Age-standardized,976,Diabetes mellitus type 2,3,Rate,2013,2684.36571290874,2898.61003803018,2498.41975311123
1,All Population,5,Prevalence,194,Lesotho,3,Both,27,Age-standardized,976,Diabetes mellitus type 2,3,Rate,2013,4037.6227403601597,4377.00586628395,3757.23212158581
1,All Population,5,Prevalence,184,Mozambique,3,Both,27,Age-standardized,976,Diabetes mellitus type 2,3,Rate,2013,2508.83752729089,2683.02869489783,2320.25242560412
1,All Population,5,Prevalence,202,Cameroon,3,Both,27,Age-standardized,976,Diabetes mellitus type 2,3,Rate,2013,4502.05205785647,4859.261052857089,4155.02945285469
1,All Population,5,Prevalence,191,Zambia,3,Both,27,Age-standardized,976,Diabetes mellitus type 2,3,Rate,2013,4522.48778117316,4857.92396120029,4191.60341501445
1,All Population,5,Prevalence,198,Zimbabwe,3,Both,27,Age-standardized,976,Diabetes mellitus type 2,3,Rate,2013,3880.3338247763804,4224.4990832987505,3553.2020007911397
1,All Population,5,Prevalence,204,Chad,3,Both,27,Age-standardized,976,Diabetes mellitus type 2,3,Rate,2013,4125.47964602202,4476.31711322485,3775.56278430407
1,All Population,5,Prevalence,203,Cabo Verde,3,Both,27,Age-standardized,976,Diabetes mellitus type 2,3,Rate,2013,5337.08326201357,5772.52330259765,4925.45217801422
1,All Population,5,Prevalence,205,Côte d'Ivoire,3,Both,27,Age-standardized,976,Diabetes mellitus type 2,3,Rate,2013,4636.54168371972,5061.34416915328,4212.89769863711
1,All Population,5,Prevalence,211,Mali,3,Both,27,Age-standardized,976,Diabetes mellitus type 2,3,Rate,2013,8108.53551336559,8846.93214931909,7389.044425257151
1,All Population,5,Prevalence,193,Botswana,3,Both,27,Age-standardized,976,Diabetes mellitus type 2,3,Rate,2013,4607.11909950229,5005.64645275967,4251.00333269552
1,All Population,5,Prevalence,200,Benin,3,Both,27,Age-standardized,976,Diabetes mellitus type 2,3,Rate,2013,3959.5845707555295,4253.95928840592,3668.37401931052
1,All Population,5,Prevalence,208,Guinea,3,Both,27,Age-standardized,976,Diabetes mellitus type 2,3,Rate,2013,3718.6516822857798,3995.4433931862704,3446.90890437793
1,All Population,5,Prevalence,206,Gambia,3,Both,27,Age-standardized,976,Diabetes mellitus type 2,3,Rate,2013,5698.36923417468,6158.1455719898395,5187.72130504924
1,All Population,5,Prevalence,207,Ghana,3,Both,27,Age-standardized,976,Diabetes mellitus type 2,3,Rate,2013,4773.74386951603,5126.58461883368,4430.82840680247
1,All Population,5,Prevalence,213,Niger,3,Both,27,Age-standardized,976,Diabetes mellitus type 2,3,Rate,2013,4065.00750945528,4441.671184944939,3722.34918756034
1,All Population,5,Prevalence,218,Togo,3,Both,27,Age-standardized,976,Diabetes mellitus type 2,3,Rate,2013,3358.19865265077,3658.1862516276797,3106.20015774848
1,All Population,5,Prevalence,209,Guinea-Bissau,3,Both,27,Age-standardized,976,Diabetes mellitus type 2,3,Rate,2013,4828.12829316798,5185.11775639048,4465.28303719742
1,All Population,5,Prevalence,215,Sao Tome and Principe,3,Both,27,Age-standardized,976,Diabetes mellitus type 2,3,Rate,2013,5277.43416622798,5784.63844894891,4804.74251766435
1,All Population,5,Prevalence,305,Bermuda,3,Both,27,Age-standardized,976,Diabetes mellitus type 2,3,Rate,2013,5023.10314171407,5443.54327358981,4632.78669554947
1,All Population,5,Prevalence,217,Sierra Leone,3,Both,27,Age-standardized,976,Diabetes mellitus type 2,3,Rate,2013,4291.89621669556,4650.482698905091,3965.97693945612
1,All Population,5,Prevalence,298,American Samoa,3,Both,27,Age-standardized,976,Diabetes mellitus type 2,3,Rate,2013,15825.55790195056,16770.80677903802,14985.620361275129
1,All Population,5,Prevalence,349,Greenland,3,Both,27,Age-standardized,976,Diabetes mellitus type 2,3,Rate,2013,2461.84021670951,2716.4947241209497,2208.57940711553
1,All Population,5,Prevalence,320,Cook Islands,3,Both,27,Age-standardized,976,Diabetes mellitus type 2,3,Rate,2013,15477.188956938751,16435.13589199182,14529.030211848909
1,All Population,5,Prevalence,367,Monaco,3,Both,27,Age-standardized,976,Diabetes mellitus type 2,3,Rate,2013,2958.0412209025403,3318.7986584948003,2637.36462887187
1,All Population,5,Prevalence,374,Niue,3,Both,27,Age-standardized,976,Diabetes mellitus type 2,3,Rate,2013,15108.902716368131,16187.53489503259,14010.70090256208
1,All Population,5,Prevalence,351,Guam,3,Both,27,Age-standardized,976,Diabetes mellitus type 2,3,Rate,2013,6565.78840647946,7163.1262889502195,6090.561080677339
1,All Population,5,Prevalence,422,United States Virgin Islands,3,Both,27,Age-standardized,976,Diabetes mellitus type 2,3,Rate,2013,7453.37932508134,8056.83516513844,6854.887828422609
1,All Population,5,Prevalence,435,South Sudan,3,Both,27,Age-standardized,976,Diabetes mellitus type 2,3,Rate,2013,2808.37671344627,3061.83384650234,2585.0237686250302
1,All Population,5,Prevalence,380,Palau,3,Both,27,Age-standardized,976,Diabetes mellitus type 2,3,Rate,2013,11286.7644192299,12027.15355776451,10573.01864769273
1,All Population,5,Prevalence,369,Nauru,3,Both,27,Age-standardized,976,Diabetes mellitus type 2,3,Rate,2013,14294.21148233761,15240.58959304298,13417.0506038923
1,All Population,5,Prevalence,393,Saint Kitts and Nevis,3,Both,27,Age-standardized,976,Diabetes mellitus type 2,3,Rate,2013,8215.41881278562,8914.78437087178,7617.08167497742
1,All Population,5,Prevalence,413,Tokelau,3,Both,27,Age-standardized,976,Diabetes mellitus type 2,3,Rate,2013,15631.92801869171,16739.77633677406,14496.65792465373
1,All Population,5,Prevalence,522,Sudan,3,Both,27,Age-standardized,976,Diabetes mellitus type 2,3,Rate,2013,7031.81869544607,7678.523919636,6456.88146888663
1,All Population,5,Prevalence,10,Cambodia,3,Both,27,Age-standardized,976,Diabetes mellitus type 2,3,Rate,2006,2798.64952809702,3063.5094145461303,2562.80313347547
1,All Population,5,Prevalence,12,Lao People's Democratic Republic,3,Both,27,Age-standardized,976,Diabetes mellitus type 2,3,Rate,2006,4100.66323890879,4516.96897459837,3731.99950250579
1,All Population,5,Prevalence,29,Tonga,3,Both,27,Age-standardized,976,Diabetes mellitus type 2,3,Rate,2006,11321.1641920237,12043.18029330141,10629.18184532933
1,All Population,5,Prevalence,14,Maldives,3,Both,27,Age-standardized,976,Diabetes mellitus type 2,3,Rate,2006,3947.82799942133,4315.77443554997,3633.44768914683
1,All Population,5,Prevalence,16,Philippines,3,Both,27,Age-standardized,976,Diabetes mellitus type 2,3,Rate,2006,4692.85606489146,5121.90224129463,4233.5834118085395
1,All Population,5,Prevalence,25,Micronesia (Federated States of),3,Both,27,Age-standardized,976,Diabetes mellitus type 2,3,Rate,2006,14827.252062637239,15588.577082905942,14087.036515981292
1,All Population,5,Prevalence,27,Samoa,3,Both,27,Age-standardized,976,Diabetes mellitus type 2,3,Rate,2006,11065.541967567411,11960.17732297919,10285.59242373695
1,All Population,5,Prevalence,76,Belgium,3,Both,27,Age-standardized,976,Diabetes mellitus type 2,3,Rate,2006,3019.90576355908,3281.9395627131703,2754.30542084031
1,All Population,5,Prevalence,78,Denmark,3,Both,27,Age-standardized,976,Diabetes mellitus type 2,3,Rate,2006,2559.44552945179,2813.5969965269,2379.83628232262
1,All Population,5,Prevalence,87,Luxembourg,3,Both,27,Age-standardized,976,Diabetes mellitus type 2,3,Rate,2006,2768.5039681459302,3081.4232547818897,2504.6415174294098
1,All Population,5,Prevalence,89,Netherlands,3,Both,27,Age-standardized,976,Diabetes mellitus type 2,3,Rate,2006,3013.97422842445,3258.37924168689,2758.55906778008
1,All Population,5,Prevalence,72,New Zealand,3,Both,27,Age-standardized,976,Diabetes mellitus type 2,3,Rate,2006,2896.7484520627,3052.91006055834,2730.2364925285797
1,All Population,5,Prevalence,91,Portugal,3,Both,27,Age-standardized,976,Diabetes mellitus type 2,3,Rate,2006,4318.93139356415,4633.46185465637,3985.7236509429304
1,All Population,5,Prevalence,74,Andorra,3,Both,27,Age-standardized,976,Diabetes mellitus type 2,3,Rate,2006,2571.18500137369,2886.89198654034,2295.00864233411
1,All Population,5,Prevalence,93,Sweden,3,Both,27,Age-standardized,976,Diabetes mellitus type 2,3,Rate,2006,3567.45249840401,3842.8821402178596,3298.2351970043496
1,All Population,5,Prevalence,102,United States of America,3,Both,27,Age-standardized,976,Diabetes mellitus type 2,3,Rate,2006,5562.80226589363,5917.87209816932,5237.40250900422
1,All Population,5,Prevalence,123,Peru,3,Both,27,Age-standardized,976,Diabetes mellitus type 2,3,Rate,2006,2423.88952356262,2644.39877354287,2238.6524353987
1,All Population,5,Prevalence,106,Bahamas,3,Both,27,Age-standardized,976,Diabetes mellitus type 2,3,Rate,2006,7313.6405144991395,7809.83467326586,6817.290812405489
1,All Population,5,Prevalence,108,Belize,3,Both,27,Age-standardized,976,Diabetes mellitus type 2,3,Rate,2006,9001.79922796856,9645.76925234167,8311.374602373451
1,All Population,5,Prevalence,117,Saint Vincent and the Grenadines,3,Both,27,Age-standardized,976,Diabetes mellitus type 2,3,Rate,2006,10797.824165924989,11482.191970435899,9885.94909883903
1,All Population,5,Prevalence,136,Paraguay,3,Both,27,Age-standardized,976,Diabetes mellitus type 2,3,Rate,2006,5726.14683001626,6131.32488847414,5291.01455077795
1,All Population,5,Prevalence,119,Trinidad and Tobago,3,Both,27,Age-standardized,976,Diabetes mellitus type 2,3,Rate,2006,15100.39464169708,16181.01821686681,13743.2041333319
1,All Population,5,Prevalence,121,Bolivia (Plurinational State of),3,Both,27,Age-standardized,976,Diabetes mellitus type 2,3,Rate,2006,4289.091647147749,4696.01931245928,3969.79889745261
1,All Population,5,Prevalence,149,Palestine,3,Both,27,Age-standardized,976,Diabetes mellitus type 2,3,Rate,2006,9132.52677160938,9720.61644552039,8565.72889585582
1,All Population,5,Prevalence,151,Qatar,3,Both,27,Age-standardized,976,Diabetes mellitus type 2,3,Rate,2006,12465.322964772791,13485.212129850292,11587.29337600787
1,All Population,5,Prevalence,132,Panama,3,Both,27,Age-standardized,976,Diabetes mellitus type 2,3,Rate,2006,5698.15933133567,6148.95534970057,5257.69544296792
1,All Population,5,Prevalence,170,Congo,3,Both,27,Age-standardized,976,Diabetes mellitus type 2,3,Rate,2006,6228.44225803053,6830.88650811654,5652.41812956275
1,All Population,5,Prevalence,153,Syrian Arab Republic,3,Both,27,Age-standardized,976,Diabetes mellitus type 2,3,Rate,2006,7957.75519434814,8690.92798194345,7282.58430698543
1,All Population,5,Prevalence,181,Madagascar,3,Both,27,Age-standardized,976,Diabetes mellitus type 2,3,Rate,2006,2736.95386027508,2974.85976713556,2477.23520115391
1,All Population,5,Prevalence,164,Nepal,3,Both,27,Age-standardized,976,Diabetes mellitus type 2,3,Rate,2006,5362.56646764101,5837.63329653611,4942.17469206651
1,All Population,5,Prevalence,183,Mauritius,3,Both,27,Age-standardized,976,Diabetes mellitus type 2,3,Rate,2006,11756.97610761444,12204.20003314491,11356.74422699298
1,All Population,5,Prevalence,185,Rwanda,3,Both,27,Age-standardized,976,Diabetes mellitus type 2,3,Rate,2006,2506.0521168096197,2729.9037044184097,2311.49106835431
1,All Population,5,Prevalence,168,Angola,3,Both,27,Age-standardized,976,Diabetes mellitus type 2,3,Rate,2006,6296.82918706544,6853.0139116540795,5759.49049591372
1,All Population,5,Prevalence,195,Namibia,3,Both,27,Age-standardized,976,Diabetes mellitus type 2,3,Rate,2006,4384.47011537552,4763.80165933345,4058.4159022340095
1,All Population,5,Prevalence,179,Ethiopia,3,Both,27,Age-standardized,976,Diabetes mellitus type 2,3,Rate,2006,2837.4801809556398,3125.52523098044,2563.96461427673
1,All Population,5,Prevalence,197,Eswatini,3,Both,27,Age-standardized,976,Diabetes mellitus type 2,3,Rate,2006,5723.45143887698,6202.90315325778,5278.428669403
1,All Population,5,Prevalence,210,Liberia,3,Both,27,Age-standardized,976,Diabetes mellitus type 2,3,Rate,2006,4706.6341064614,5095.6959548423,4332.93531839632
1,All Population,5,Prevalence,201,Burkina Faso,3,Both,27,Age-standardized,976,Diabetes mellitus type 2,3,Rate,2006,2447.07794671426,2647.6261045146,2264.45773121381
1,All Population,5,Prevalence,212,Mauritania,3,Both,27,Age-standardized,976,Diabetes mellitus type 2,3,Rate,2006,5294.78451609444,5747.30639865881,4830.12971768564
1,All Population,5,Prevalence,376,Northern Mariana Islands,3,Both,27,Age-standardized,976,Diabetes mellitus type 2,3,Rate,2006,10355.5748045086,11179.34138718893,9586.96489662326
1,All Population,5,Prevalence,214,Nigeria,3,Both,27,Age-standardized,976,Diabetes mellitus type 2,3,Rate,2006,3396.24453859875,3734.20052831187,3081.49345101661
1,All Population,5,Prevalence,385,Puerto Rico,3,Both,27,Age-standardized,976,Diabetes mellitus type 2,3,Rate,2006,8453.96842227137,9016.05486616006,7773.900858964029
1,All Population,5,Prevalence,396,San Marino,3,Both,27,Age-standardized,976,Diabetes mellitus type 2,3,Rate,2006,3149.10114320731,3491.3660314153703,2837.8809372385404
1,All Population,5,Prevalence,216,Senegal,3,Both,27,Age-standardized,976,Diabetes mellitus type 2,3,Rate,2006,6372.57490869771,6971.61375817189,5844.21396148763
1,All Population,5,Prevalence,416,Tuvalu,3,Both,27,Age-standardized,976,Diabetes mellitus type 2,3,Rate,2006,8355.56120816693,9031.286714603979,7665.848989562241
1,All Population,5,Prevalence,7,Democratic People's Republic of Korea,3,Both,27,Age-standardized,976,Diabetes mellitus type 2,3,Rate,2014,4852.79449285587,5360.746195298189,4453.64100502562
1,All Population,5,Prevalence,6,China,3,Both,27,Age-standardized,976,Diabetes mellitus type 2,3,Rate,2014,5668.73092030498,6183.58996106637,5228.92432014681
1,All Population,5,Prevalence,18,Thailand,3,Both,27,Age-standardized,976,Diabetes mellitus type 2,3,Rate,2014,4684.82435277887,5080.64695348462,4327.3603149958
1,All Population,5,Prevalence,11,Indonesia,3,Both,27,Age-standardized,976,Diabetes mellitus type 2,3,Rate,2014,4112.77880501184,4534.05882625934,3679.07009022891
1,All Population,5,Prevalence,8,Taiwan,3,Both,27,Age-standardized,976,Diabetes mellitus type 2,3,Rate,2014,6013.59093377353,6435.87077383211,5589.81055347535
1,All Population,5,Prevalence,20,Viet Nam,3,Both,27,Age-standardized,976,Diabetes mellitus type 2,3,Rate,2014,3234.3688402243997,3505.1004903970997,2948.70820370925
1,All Population,5,Prevalence,13,Malaysia,3,Both,27,Age-standardized,976,Diabetes mellitus type 2,3,Rate,2014,6891.045912138739,7454.17688971623,6367.598326876139
1,All Population,5,Prevalence,17,Sri Lanka,3,Both,27,Age-standardized,976,Diabetes mellitus type 2,3,Rate,2014,7690.935496732571,8103.109666439371,7273.3701410444
1,All Population,5,Prevalence,15,Myanmar,3,Both,27,Age-standardized,976,Diabetes mellitus type 2,3,Rate,2014,5699.8601176067195,6162.40405158462,5290.61374106369
1,All Population,5,Prevalence,22,Fiji,3,Both,27,Age-standardized,976,Diabetes mellitus type 2,3,Rate,2014,15151.608976350819,16042.10069020085,14327.85494381155
1,All Population,5,Prevalence,19,Timor-Leste,3,Both,27,Age-standardized,976,Diabetes mellitus type 2,3,Rate,2014,3135.00167766229,3445.09251354664,2852.76735484252
1,All Population,5,Prevalence,26,Papua New Guinea,3,Both,27,Age-standardized,976,Diabetes mellitus type 2,3,Rate,2014,7692.12392806887,8231.338422759089,7143.27748524565
1,All Population,5,Prevalence,24,Marshall Islands,3,Both,27,Age-standardized,976,Diabetes mellitus type 2,3,Rate,2014,16566.35117266413,17842.2997523619,15162.115364124402
1,All Population,5,Prevalence,23,Kiribati,3,Both,27,Age-standardized,976,Diabetes mellitus type 2,3,Rate,2014,13758.54198099683,14492.35826263163,12950.01479034037
1,All Population,5,Prevalence,28,Solomon Islands,3,Both,27,Age-standardized,976,Diabetes mellitus type 2,3,Rate,2014,8508.63224379009,9224.109014398931,7891.21487160923
1,All Population,5,Prevalence,30,Vanuatu,3,Both,27,Age-standardized,976,Diabetes mellitus type 2,3,Rate,2014,8562.394360116079,9222.49436892541,7946.65282895219
1,All Population,5,Prevalence,66,Brunei Darussalam,3,Both,27,Age-standardized,976,Diabetes mellitus type 2,3,Rate,2014,7523.622309477731,8100.98895734073,6994.47517871838
1,All Population,5,Prevalence,67,Japan,3,Both,27,Age-standardized,976,Diabetes mellitus type 2,3,Rate,2014,5493.01827563777,6042.93964804645,4916.72059072256
1,All Population,5,Prevalence,69,Singapore,3,Both,27,Age-standardized,976,Diabetes mellitus type 2,3,Rate,2014,4739.31113638925,5181.965829421651,4349.784895120621
1,All Population,5,Prevalence,71,Australia,3,Both,27,Age-standardized,976,Diabetes mellitus type 2,3,Rate,2014,2461.12645729391,2655.00009224746,2290.3286326943303
1,All Population,5,Prevalence,68,Republic of Korea,3,Both,27,Age-standardized,976,Diabetes mellitus type 2,3,Rate,2014,4941.43278510696,5091.04900802431,4802.21227159932
1,All Population,5,Prevalence,75,Austria,3,Both,27,Age-standardized,976,Diabetes mellitus type 2,3,Rate,2014,2617.26214253297,2832.179557255,2426.13106454417
1,All Population,5,Prevalence,79,Finland,3,Both,27,Age-standardized,976,Diabetes mellitus type 2,3,Rate,2014,5189.16473495373,5652.77863244401,4766.999328974221
1,All Population,5,Prevalence,77,Cyprus,3,Both,27,Age-standardized,976,Diabetes mellitus type 2,3,Rate,2014,4659.2748781971495,5110.68437708458,4262.240616814391
1,All Population,5,Prevalence,80,France,3,Both,27,Age-standardized,976,Diabetes mellitus type 2,3,Rate,2014,3647.0023395375,3945.01674789836,3335.8271988444203
1,All Population,5,Prevalence,81,Germany,3,Both,27,Age-standardized,976,Diabetes mellitus type 2,3,Rate,2014,4189.04960985881,4492.77339290019,3864.8333271894903
1,All Population,5,Prevalence,86,Italy,3,Both,27,Age-standardized,976,Diabetes mellitus type 2,3,Rate,2014,3445.9430917973195,3846.52556567908,3042.09991279218
1,All Population,5,Prevalence,83,Iceland,3,Both,27,Age-standardized,976,Diabetes mellitus type 2,3,Rate,2014,3028.73755381429,3340.8044935573103,2752.39940815699
1,All Population,5,Prevalence,82,Greece,3,Both,27,Age-standardized,976,Diabetes mellitus type 2,3,Rate,2014,3387.44813128755,3719.14493139244,3098.2354028253603
1,All Population,5,Prevalence,84,Ireland,3,Both,27,Age-standardized,976,Diabetes mellitus type 2,3,Rate,2014,2523.4941338836,2777.55117206748,2285.51307057266
1,All Population,5,Prevalence,88,Malta,3,Both,27,Age-standardized,976,Diabetes mellitus type 2,3,Rate,2014,3468.2666215144905,3743.4650773767203,3227.5944910370004
1,All Population,5,Prevalence,85,Israel,3,Both,27,Age-standardized,976,Diabetes mellitus type 2,3,Rate,2014,3557.57287925061,3799.4634975176896,3350.4759042068304
1,All Population,5,Prevalence,95,United Kingdom,3,Both,27,Age-standardized,976,Diabetes mellitus type 2,3,Rate,2014,4454.79505183399,4799.54943737485,4096.14114887266
1,All Population,5,Prevalence,94,Switzerland,3,Both,27,Age-standardized,976,Diabetes mellitus type 2,3,Rate,2014,3099.9572433988697,3380.34076738498,2804.61670012511
1,All Population,5,Prevalence,90,Norway,3,Both,27,Age-standardized,976,Diabetes mellitus type 2,3,Rate,2014,3983.83396903071,4459.4095756957495,3510.78091318275
1,All Population,5,Prevalence,98,Chile,3,Both,27,Age-standardized,976,Diabetes mellitus type 2,3,Rate,2014,2141.06832586711,2284.75126697842,2024.97893460665
1,All Population,5,Prevalence,97,Argentina,3,Both,27,Age-standardized,976,Diabetes mellitus type 2,3,Rate,2014,3365.01206787586,3585.9450265464798,3093.7240754851
1,All Population,5,Prevalence,92,Spain,3,Both,27,Age-standardized,976,Diabetes mellitus type 2,3,Rate,2014,4676.16534075464,5044.94061918954,4330.17286222096
1,All Population,5,Prevalence,105,Antigua and Barbuda,3,Both,27,Age-standardized,976,Diabetes mellitus type 2,3,Rate,2014,8335.701093061849,9018.0741401194,7668.1153175106
1,All Population,5,Prevalence,110,Dominica,3,Both,27,Age-standardized,976,Diabetes mellitus type 2,3,Rate,2014,9540.13983917072,10327.30446628871,8782.03625310532
1,All Population,5,Prevalence,99,Uruguay,3,Both,27,Age-standardized,976,Diabetes mellitus type 2,3,Rate,2014,3211.04420744582,3422.4213758254996,3005.07517070422
1,All Population,5,Prevalence,107,Barbados,3,Both,27,Age-standardized,976,Diabetes mellitus type 2,3,Rate,2014,10043.96486593894,10758.009659731732,9292.61452545063
1,All Population,5,Prevalence,112,Grenada,3,Both,27,Age-standardized,976,Diabetes mellitus type 2,3,Rate,2014,10535.57012510219,11188.16489577084,9909.92642832215
1,All Population,5,Prevalence,101,Canada,3,Both,27,Age-standardized,976,Diabetes mellitus type 2,3,Rate,2014,2928.63456497662,3128.9623236425,2736.23168548823
1,All Population,5,Prevalence,109,Cuba,3,Both,27,Age-standardized,976,Diabetes mellitus type 2,3,Rate,2014,3979.69917169073,4284.50211518264,3679.53545638489
1,All Population,5,Prevalence,114,Haiti,3,Both,27,Age-standardized,976,Diabetes mellitus type 2,3,Rate,2014,6147.64387931738,6632.1768930225,5632.58153785999
1,All Population,5,Prevalence,118,Suriname,3,Both,27,Age-standardized,976,Diabetes mellitus type 2,3,Rate,2014,10052.32712898286,10773.31350655364,9283.67762371098
1,All Population,5,Prevalence,116,Saint Lucia,3,Both,27,Age-standardized,976,Diabetes mellitus type 2,3,Rate,2014,10470.60019369411,11171.79643612667,9648.057926123089
1,All Population,5,Prevalence,111,Dominican Republic,3,Both,27,Age-standardized,976,Diabetes mellitus type 2,3,Rate,2014,7045.5987707657005,7615.284148360769,6517.23900019959
1,All Population,5,Prevalence,122,Ecuador,3,Both,27,Age-standardized,976,Diabetes mellitus type 2,3,Rate,2014,5538.5500393946495,5827.8928831700905,5268.59330288955
1,All Population,5,Prevalence,113,Guyana,3,Both,27,Age-standardized,976,Diabetes mellitus type 2,3,Rate,2014,10275.80227976884,11246.48600140321,9528.768345119031
1,All Population,5,Prevalence,125,Colombia,3,Both,27,Age-standardized,976,Diabetes mellitus type 2,3,Rate,2014,4650.86356265349,4980.51888330657,4343.19190029037
1,All Population,5,Prevalence,126,Costa Rica,3,Both,27,Age-standardized,976,Diabetes mellitus type 2,3,Rate,2014,7162.40211979725,7757.190774213541,6667.389758899119
1,All Population,5,Prevalence,127,El Salvador,3,Both,27,Age-standardized,976,Diabetes mellitus type 2,3,Rate,2014,6500.949844585931,7025.853667754351,5928.59128955063
1,All Population,5,Prevalence,133,Venezuela (Bolivarian Republic of),3,Both,27,Age-standardized,976,Diabetes mellitus type 2,3,Rate,2014,6427.664113713729,6873.13626335978,6020.428138852551
1,All Population,5,Prevalence,115,Jamaica,3,Both,27,Age-standardized,976,Diabetes mellitus type 2,3,Rate,2014,8057.93201168402,8514.65313210949,7643.52020222556
1,All Population,5,Prevalence,129,Honduras,3,Both,27,Age-standardized,976,Diabetes mellitus type 2,3,Rate,2014,4983.45023515533,5482.04954443063,4521.97102633461
1,All Population,5,Prevalence,128,Guatemala,3,Both,27,Age-standardized,976,Diabetes mellitus type 2,3,Rate,2014,8790.18537956012,9375.618727699759,8380.962061353921
1,All Population,5,Prevalence,130,Mexico,3,Both,27,Age-standardized,976,Diabetes mellitus type 2,3,Rate,2014,11459.92822259956,12447.19712408668,10414.133528349601
1,All Population,5,Prevalence,131,Nicaragua,3,Both,27,Age-standardized,976,Diabetes mellitus type 2,3,Rate,2014,4966.28647069645,5304.15976709296,4637.4544929863305
1,All Population,5,Prevalence,135,Brazil,3,Both,27,Age-standardized,976,Diabetes mellitus type 2,3,Rate,2014,4746.202413056791,5227.692143016619,4277.10780286173
1,All Population,5,Prevalence,141,Egypt,3,Both,27,Age-standardized,976,Diabetes mellitus type 2,3,Rate,2014,10997.13790672732,11847.40552814358,10172.76769677829
1,All Population,5,Prevalence,139,Algeria,3,Both,27,Age-standardized,976,Diabetes mellitus type 2,3,Rate,2014,8385.87940822422,9140.78240052963,7736.8424779018
1,All Population,5,Prevalence,140,Bahrain,3,Both,27,Age-standardized,976,Diabetes mellitus type 2,3,Rate,2014,15478.46836008392,16716.99226480113,14238.958455314449
1,All Population,5,Prevalence,143,Iraq,3,Both,27,Age-standardized,976,Diabetes mellitus type 2,3,Rate,2014,10881.044525881089,11681.72232257292,10143.02170856126
1,All Population,5,Prevalence,142,Iran (Islamic Republic of),3,Both,27,Age-standardized,976,Diabetes mellitus type 2,3,Rate,2014,6865.3676127687395,7553.008521166379,6197.25617938987
1,All Population,5,Prevalence,145,Kuwait,3,Both,27,Age-standardized,976,Diabetes mellitus type 2,3,Rate,2014,14841.40403651301,15811.2504694252,13809.27367182864
1,All Population,5,Prevalence,148,Morocco,3,Both,27,Age-standardized,976,Diabetes mellitus type 2,3,Rate,2014,7928.41090032433,8584.68102401386,7314.57375803975
1,All Population,5,Prevalence,144,Jordan,3,Both,27,Age-standardized,976,Diabetes mellitus type 2,3,Rate,2014,11131.71939394966,11754.90917485534,10516.42947788184
1,All Population,5,Prevalence,155,Türkiye,3,Both,27,Age-standardized,976,Diabetes mellitus type 2,3,Rate,2014,6891.2593863047405,7354.1551209187,6447.542860197671
1,All Population,5,Prevalence,147,Libya,3,Both,27,Age-standardized,976,Diabetes mellitus type 2,3,Rate,2014,10810.49737759842,11785.62307266012,9927.645095673599
1,All Population,5,Prevalence,150,Oman,3,Both,27,Age-standardized,976,Diabetes mellitus type 2,3,Rate,2014,8655.41413287031,9261.23775026885,8105.5913918490805
1,All Population,5,Prevalence,146,Lebanon,3,Both,27,Age-standardized,976,Diabetes mellitus type 2,3,Rate,2014,9695.527356656761,10459.714755926268,8916.041585187071
1,All Population,5,Prevalence,157,Yemen,3,Both,27,Age-standardized,976,Diabetes mellitus type 2,3,Rate,2014,4416.0352726879,4884.70591418078,4035.97905237812
1,All Population,5,Prevalence,152,Saudi Arabia,3,Both,27,Age-standardized,976,Diabetes mellitus type 2,3,Rate,2014,19085.67791611407,20493.89337436765,17800.04946834832
1,All Population,5,Prevalence,156,United Arab Emirates,3,Both,27,Age-standardized,976,Diabetes mellitus type 2,3,Rate,2014,12850.391109062559,13882.272648199958,11889.40031441067
1,All Population,5,Prevalence,161,Bangladesh,3,Both,27,Age-standardized,976,Diabetes mellitus type 2,3,Rate,2014,6212.74465645495,6601.0042739665405,5815.70962838733
1,All Population,5,Prevalence,163,India,3,Both,27,Age-standardized,976,Diabetes mellitus type 2,3,Rate,2014,7058.82825345506,7692.36230254963,6470.2655744296
1,All Population,5,Prevalence,160,Afghanistan,3,Both,27,Age-standardized,976,Diabetes mellitus type 2,3,Rate,2014,8816.11659695266,9505.03258612386,8151.339865086329
1,All Population,5,Prevalence,154,Tunisia,3,Both,27,Age-standardized,976,Diabetes mellitus type 2,3,Rate,2014,8563.9516357246,9269.17234852864,7900.447084506241
1,All Population,5,Prevalence,172,Equatorial Guinea,3,Both,27,Age-standardized,976,Diabetes mellitus type 2,3,Rate,2014,6440.82394815914,7017.113238018061,5893.43446487599
1,All Population,5,Prevalence,171,Democratic Republic of the Congo,3,Both,27,Age-standardized,976,Diabetes mellitus type 2,3,Rate,2014,5420.40039750875,5900.87031814103,4961.45294791649
1,All Population,5,Prevalence,165,Pakistan,3,Both,27,Age-standardized,976,Diabetes mellitus type 2,3,Rate,2014,8209.45834479262,8947.20749883608,7474.00698596004
1,All Population,5,Prevalence,178,Eritrea,3,Both,27,Age-standardized,976,Diabetes mellitus type 2,3,Rate,2014,3144.5160967421803,3400.3762293165296,2886.14035356866
1,All Population,5,Prevalence,162,Bhutan,3,Both,27,Age-standardized,976,Diabetes mellitus type 2,3,Rate,2014,4930.84755691555,5343.34755686085,4572.94707380613
1,All Population,5,Prevalence,176,Comoros,3,Both,27,Age-standardized,976,Diabetes mellitus type 2,3,Rate,2014,3711.15569431966,3975.6515678046703,3451.78963494789
1,All Population,5,Prevalence,173,Gabon,3,Both,27,Age-standardized,976,Diabetes mellitus type 2,3,Rate,2014,7071.995813568669,7735.3312706059205,6454.39719266716
1,All Population,5,Prevalence,180,Kenya,3,Both,27,Age-standardized,976,Diabetes mellitus type 2,3,Rate,2014,3268.13779063855,3573.1856208690597,2965.3784799598197
1,All Population,5,Prevalence,169,Central African Republic,3,Both,27,Age-standardized,976,Diabetes mellitus type 2,3,Rate,2014,5978.39312763975,6442.9560995703505,5485.01739389437
1,All Population,5,Prevalence,175,Burundi,3,Both,27,Age-standardized,976,Diabetes mellitus type 2,3,Rate,2014,2989.2112577636804,3237.73751911378,2722.668554412
1,All Population,5,Prevalence,177,Djibouti,3,Both,27,Age-standardized,976,Diabetes mellitus type 2,3,Rate,2014,3210.5325192682103,3479.40331863212,2947.95224422195
1,All Population,5,Prevalence,182,Malawi,3,Both,27,Age-standardized,976,Diabetes mellitus type 2,3,Rate,2014,2349.19334389693,2523.9535167601803,2179.88278557185
1,All Population,5,Prevalence,187,Somalia,3,Both,27,Age-standardized,976,Diabetes mellitus type 2,3,Rate,2014,3043.44304010086,3292.7183266405596,2787.96540242094
1,All Population,5,Prevalence,184,Mozambique,3,Both,27,Age-standardized,976,Diabetes mellitus type 2,3,Rate,2014,2527.3784916918703,2716.60746122828,2344.3193814117
1,All Population,5,Prevalence,186,Seychelles,3,Both,27,Age-standardized,976,Diabetes mellitus type 2,3,Rate,2014,7390.9316505118,8056.133881186351,6764.91737892275
1,All Population,5,Prevalence,191,Zambia,3,Both,27,Age-standardized,976,Diabetes mellitus type 2,3,Rate,2014,4526.14380530821,4869.1990387102405,4179.4076384440295
1,All Population,5,Prevalence,196,South Africa,3,Both,27,Age-standardized,976,Diabetes mellitus type 2,3,Rate,2014,6937.2947099351195,7561.7423053924795,6313.88038060553
1,All Population,5,Prevalence,190,Uganda,3,Both,27,Age-standardized,976,Diabetes mellitus type 2,3,Rate,2014,3746.99380800111,4053.0432165693105,3436.98133796485
1,All Population,5,Prevalence,193,Botswana,3,Both,27,Age-standardized,976,Diabetes mellitus type 2,3,Rate,2014,4580.18910782966,4980.02399422494,4235.81296350252
1,All Population,5,Prevalence,203,Cabo Verde,3,Both,27,Age-standardized,976,Diabetes mellitus type 2,3,Rate,2014,5383.538727224501,5821.41653956431,4957.67507711824
1,All Population,5,Prevalence,194,Lesotho,3,Both,27,Age-standardized,976,Diabetes mellitus type 2,3,Rate,2014,4053.1956074019,4380.42133279176,3791.6517343138403
1,All Population,5,Prevalence,198,Zimbabwe,3,Both,27,Age-standardized,976,Diabetes mellitus type 2,3,Rate,2014,3895.39018884025,4249.93629234711,3582.98559744534
1,All Population,5,Prevalence,189,United Republic of Tanzania,3,Both,27,Age-standardized,976,Diabetes mellitus type 2,3,Rate,2014,2702.91667148184,2914.63917261,2505.83305817344
1,All Population,5,Prevalence,205,Côte d'Ivoire,3,Both,27,Age-standardized,976,Diabetes mellitus type 2,3,Rate,2014,4645.30850686756,5070.28930586709,4219.5447171479
1,All Population,5,Prevalence,200,Benin,3,Both,27,Age-standardized,976,Diabetes mellitus type 2,3,Rate,2014,4013.0921002109703,4295.15436863213,3710.81479073795
1,All Population,5,Prevalence,202,Cameroon,3,Both,27,Age-standardized,976,Diabetes mellitus type 2,3,Rate,2014,4581.85670842403,4957.87373875614,4232.11044685832
1,All Population,5,Prevalence,204,Chad,3,Both,27,Age-standardized,976,Diabetes mellitus type 2,3,Rate,2014,4107.56553695736,4460.9511377941,3762.2072057353
1,All Population,5,Prevalence,207,Ghana,3,Both,27,Age-standardized,976,Diabetes mellitus type 2,3,Rate,2014,4819.19355698858,5205.84916119243,4472.67574347124
1,All Population,5,Prevalence,211,Mali,3,Both,27,Age-standardized,976,Diabetes mellitus type 2,3,Rate,2014,8137.725385793409,8880.186909362379,7300.10357330964
1,All Population,5,Prevalence,209,Guinea-Bissau,3,Both,27,Age-standardized,976,Diabetes mellitus type 2,3,Rate,2014,4845.1199985513995,5222.73227339409,4482.771042346611
1,All Population,5,Prevalence,218,Togo,3,Both,27,Age-standardized,976,Diabetes mellitus type 2,3,Rate,2014,3370.94981431323,3669.51109184158,3100.69647990757
1,All Population,5,Prevalence,213,Niger,3,Both,27,Age-standardized,976,Diabetes mellitus type 2,3,Rate,2014,4079.01028096013,4453.058449418,3734.9619435846603
1,All Population,5,Prevalence,206,Gambia,3,Both,27,Age-standardized,976,Diabetes mellitus type 2,3,Rate,2014,5718.39474470527,6173.41764336482,5219.05159959659
1,All Population,5,Prevalence,208,Guinea,3,Both,27,Age-standardized,976,Diabetes mellitus type 2,3,Rate,2014,3736.6347201298595,4014.3949048955997,3481.78597549364
1,All Population,5,Prevalence,215,Sao Tome and Principe,3,Both,27,Age-standardized,976,Diabetes mellitus type 2,3,Rate,2014,5332.50274996561,5836.57665622236,4846.16605504644
1,All Population,5,Prevalence,320,Cook Islands,3,Both,27,Age-standardized,976,Diabetes mellitus type 2,3,Rate,2014,15225.84966473136,16227.164385682041,14252.72524447572
1,All Population,5,Prevalence,217,Sierra Leone,3,Both,27,Age-standardized,976,Diabetes mellitus type 2,3,Rate,2014,4322.77900851573,4694.88867506585,3998.18728796426
1,All Population,5,Prevalence,369,Nauru,3,Both,27,Age-standardized,976,Diabetes mellitus type 2,3,Rate,2014,14256.58565352243,15185.09447989632,13358.0001664405
1,All Population,5,Prevalence,298,American Samoa,3,Both,27,Age-standardized,976,Diabetes mellitus type 2,3,Rate,2014,15721.4019787964,16751.56781610831,14902.46907354257
1,All Population,5,Prevalence,305,Bermuda,3,Both,27,Age-standardized,976,Diabetes mellitus type 2,3,Rate,2014,5044.03836068263,5473.07273134691,4642.4603056470105
1,All Population,5,Prevalence,351,Guam,3,Both,27,Age-standardized,976,Diabetes mellitus type 2,3,Rate,2014,6607.07867747733,7181.67405284958,6093.25468631275
1,All Population,5,Prevalence,374,Niue,3,Both,27,Age-standardized,976,Diabetes mellitus type 2,3,Rate,2014,15199.798021027162,16315.31204382331,14084.5015752211
1,All Population,5,Prevalence,380,Palau,3,Both,27,Age-standardized,976,Diabetes mellitus type 2,3,Rate,2014,11427.27057385163,12159.26055858275,10694.19470290869
1,All Population,5,Prevalence,349,Greenland,3,Both,27,Age-standardized,976,Diabetes mellitus type 2,3,Rate,2014,2489.18860918079,2769.7647750023,2223.17629450587
1,All Population,5,Prevalence,422,United States Virgin Islands,3,Both,27,Age-standardized,976,Diabetes mellitus type 2,3,Rate,2014,7502.96646124146,8135.98617162058,6896.4640025165
1,All Population,5,Prevalence,393,Saint Kitts and Nevis,3,Both,27,Age-standardized,976,Diabetes mellitus type 2,3,Rate,2014,8275.9803058433,9009.5004236678,7639.52164615182
1,All Population,5,Prevalence,435,South Sudan,3,Both,27,Age-standardized,976,Diabetes mellitus type 2,3,Rate,2014,2813.90197844509,3069.9202228621302,2575.7101262616998
1,All Population,5,Prevalence,367,Monaco,3,Both,27,Age-standardized,976,Diabetes mellitus type 2,3,Rate,2014,2982.1007568939,3337.2137062515003,2664.9363103639903
1,All Population,5,Prevalence,413,Tokelau,3,Both,27,Age-standardized,976,Diabetes mellitus type 2,3,Rate,2014,15681.82517471185,16783.39477845853,14511.47840501579
1,All Population,5,Prevalence,522,Sudan,3,Both,27,Age-standardized,976,Diabetes mellitus type 2,3,Rate,2014,7186.91836898938,7840.11428028478,6605.41918148914
1,All Population,5,Prevalence,12,Lao People's Democratic Republic,3,Both,27,Age-standardized,976,Diabetes mellitus type 2,3,Rate,2007,4148.69258282657,4581.45635981639,3795.4430879755705
1,All Population,5,Prevalence,14,Maldives,3,Both,27,Age-standardized,976,Diabetes mellitus type 2,3,Rate,2007,3993.99731251917,4346.38895533212,3678.9762535874897
1,All Population,5,Prevalence,10,Cambodia,3,Both,27,Age-standardized,976,Diabetes mellitus type 2,3,Rate,2007,2830.1685818556102,3090.74132206897,2595.70116935621
1,All Population,5,Prevalence,25,Micronesia (Federated States of),3,Both,27,Age-standardized,976,Diabetes mellitus type 2,3,Rate,2007,15004.3671918661,15725.02736673541,14268.74372689462
1,All Population,5,Prevalence,16,Philippines,3,Both,27,Age-standardized,976,Diabetes mellitus type 2,3,Rate,2007,4727.43329293581,5157.70555619099,4262.78690750703
1,All Population,5,Prevalence,27,Samoa,3,Both,27,Age-standardized,976,Diabetes mellitus type 2,3,Rate,2007,11221.03296231869,12070.80966267388,10463.370575860401
1,All Population,5,Prevalence,29,Tonga,3,Both,27,Age-standardized,976,Diabetes mellitus type 2,3,Rate,2007,11505.437124074459,12253.986178423871,10790.168447806669
1,All Population,5,Prevalence,72,New Zealand,3,Both,27,Age-standardized,976,Diabetes mellitus type 2,3,Rate,2007,2959.52047796235,3111.57553257363,2786.11318596889
1,All Population,5,Prevalence,74,Andorra,3,Both,27,Age-standardized,976,Diabetes mellitus type 2,3,Rate,2007,2591.0367450314,2892.77231758491,2313.84130215384
1,All Population,5,Prevalence,76,Belgium,3,Both,27,Age-standardized,976,Diabetes mellitus type 2,3,Rate,2007,3029.32313946367,3300.36002335678,2754.8393291353
1,All Population,5,Prevalence,93,Sweden,3,Both,27,Age-standardized,976,Diabetes mellitus type 2,3,Rate,2007,3625.8704216558504,3913.49711954216,3370.5341098013096
1,All Population,5,Prevalence,7,Democratic People's Republic of Korea,3,Both,27,Age-standardized,976,Diabetes mellitus type 2,3,Rate,2015,4882.4204182603,5385.37924674306,4460.70630545416
1,All Population,5,Prevalence,6,China,3,Both,27,Age-standardized,976,Diabetes mellitus type 2,3,Rate,2015,5705.63338442411,6217.7809394478,5252.48258895468
1,All Population,5,Prevalence,78,Denmark,3,Both,27,Age-standardized,976,Diabetes mellitus type 2,3,Rate,2007,2612.81746894417,2860.86392261521,2428.1549611097
1,All Population,5,Prevalence,87,Luxembourg,3,Both,27,Age-standardized,976,Diabetes mellitus type 2,3,Rate,2007,2778.17139038362,3094.83209609596,2514.51666308751
1,All Population,5,Prevalence,8,Taiwan,3,Both,27,Age-standardized,976,Diabetes mellitus type 2,3,Rate,2015,5994.17617512837,6423.808625062109,5556.77328915495
1,All Population,5,Prevalence,11,Indonesia,3,Both,27,Age-standardized,976,Diabetes mellitus type 2,3,Rate,2015,4134.9005870417395,4556.75263390445,3709.3728249710202
1,All Population,5,Prevalence,106,Bahamas,3,Both,27,Age-standardized,976,Diabetes mellitus type 2,3,Rate,2007,7371.11032959729,7839.055829284241,6858.88984216196
1,All Population,5,Prevalence,89,Netherlands,3,Both,27,Age-standardized,976,Diabetes mellitus type 2,3,Rate,2007,3003.22742893707,3229.29879907953,2765.6242126114403
1,All Population,5,Prevalence,13,Malaysia,3,Both,27,Age-standardized,976,Diabetes mellitus type 2,3,Rate,2015,6882.657622027879,7493.76130791015,6334.29357402137
1,All Population,5,Prevalence,18,Thailand,3,Both,27,Age-standardized,976,Diabetes mellitus type 2,3,Rate,2015,4734.060998134631,5192.54622732781,4343.30888455866
1,All Population,5,Prevalence,17,Sri Lanka,3,Both,27,Age-standardized,976,Diabetes mellitus type 2,3,Rate,2015,7722.974385578719,8102.88931842327,7305.31063956702
1,All Population,5,Prevalence,108,Belize,3,Both,27,Age-standardized,976,Diabetes mellitus type 2,3,Rate,2007,9152.45437953757,9767.34067480306,8495.52028383011
1,All Population,5,Prevalence,117,Saint Vincent and the Grenadines,3,Both,27,Age-standardized,976,Diabetes mellitus type 2,3,Rate,2007,10818.95761110356,11436.42635746719,9940.910136576551
1,All Population,5,Prevalence,102,United States of America,3,Both,27,Age-standardized,976,Diabetes mellitus type 2,3,Rate,2007,5660.01773413235,6012.69713666431,5341.81867451979
1,All Population,5,Prevalence,15,Myanmar,3,Both,27,Age-standardized,976,Diabetes mellitus type 2,3,Rate,2015,5765.222053831119,6248.27572195185,5339.04406304823
1,All Population,5,Prevalence,20,Viet Nam,3,Both,27,Age-standardized,976,Diabetes mellitus type 2,3,Rate,2015,3270.88393388527,3542.4165997899,2974.53378377172
1,All Population,5,Prevalence,19,Timor-Leste,3,Both,27,Age-standardized,976,Diabetes mellitus type 2,3,Rate,2015,3173.8111824685,3494.9267321804,2886.49146816775
1,All Population,5,Prevalence,91,Portugal,3,Both,27,Age-standardized,976,Diabetes mellitus type 2,3,Rate,2007,4345.87233527474,4666.22778279643,4027.76335953823
1,All Population,5,Prevalence,22,Fiji,3,Both,27,Age-standardized,976,Diabetes mellitus type 2,3,Rate,2015,15366.61404484509,16309.202953933049,14516.491799200809
1,All Population,5,Prevalence,119,Trinidad and Tobago,3,Both,27,Age-standardized,976,Diabetes mellitus type 2,3,Rate,2007,15177.840127618361,16208.236550806929,13929.39742126448
1,All Population,5,Prevalence,26,Papua New Guinea,3,Both,27,Age-standardized,976,Diabetes mellitus type 2,3,Rate,2015,7733.3419298769395,8278.93532735745,7181.6259960774605
1,All Population,5,Prevalence,23,Kiribati,3,Both,27,Age-standardized,976,Diabetes mellitus type 2,3,Rate,2015,13892.90618420801,14707.132680710942,13084.31294528731
1,All Population,5,Prevalence,24,Marshall Islands,3,Both,27,Age-standardized,976,Diabetes mellitus type 2,3,Rate,2015,16611.40802517762,17971.90281263323,15129.37558647818
1,All Population,5,Prevalence,121,Bolivia (Plurinational State of),3,Both,27,Age-standardized,976,Diabetes mellitus type 2,3,Rate,2007,4322.6035974265105,4723.0578897304695,4000.78794205976
1,All Population,5,Prevalence,28,Solomon Islands,3,Both,27,Age-standardized,976,Diabetes mellitus type 2,3,Rate,2015,8631.467843698549,9363.206456405449,7988.37307499531
1,All Population,5,Prevalence,30,Vanuatu,3,Both,27,Age-standardized,976,Diabetes mellitus type 2,3,Rate,2015,8627.76694504857,9340.055742332539,7990.85535400267
1,All Population,5,Prevalence,123,Peru,3,Both,27,Age-standardized,976,Diabetes mellitus type 2,3,Rate,2007,2458.32313956805,2691.3006964134097,2277.0664182824
1,All Population,5,Prevalence,132,Panama,3,Both,27,Age-standardized,976,Diabetes mellitus type 2,3,Rate,2007,5763.915517959111,6180.80587424453,5345.26364174438
1,All Population,5,Prevalence,151,Qatar,3,Both,27,Age-standardized,976,Diabetes mellitus type 2,3,Rate,2007,12656.93681970391,13675.996962062769,11816.80506683319
1,All Population,5,Prevalence,153,Syrian Arab Republic,3,Both,27,Age-standardized,976,Diabetes mellitus type 2,3,Rate,2007,8135.565871041819,8821.14182078733,7452.028683305791
1,All Population,5,Prevalence,67,Japan,3,Both,27,Age-standardized,976,Diabetes mellitus type 2,3,Rate,2015,5487.79045929137,6052.8053200584,4906.64282409016
1,All Population,5,Prevalence,66,Brunei Darussalam,3,Both,27,Age-standardized,976,Diabetes mellitus type 2,3,Rate,2015,7598.83396249809,8191.3303248525,7035.17393261026
1,All Population,5,Prevalence,136,Paraguay,3,Both,27,Age-standardized,976,Diabetes mellitus type 2,3,Rate,2007,5803.61690033224,6185.653783312519,5369.34416682255
1,All Population,5,Prevalence,69,Singapore,3,Both,27,Age-standardized,976,Diabetes mellitus type 2,3,Rate,2015,4690.30533593953,5141.39114915805,4284.108860360069
1,All Population,5,Prevalence,71,Australia,3,Both,27,Age-standardized,976,Diabetes mellitus type 2,3,Rate,2015,2444.41182606016,2647.91394377115,2261.40915729207
1,All Population,5,Prevalence,68,Republic of Korea,3,Both,27,Age-standardized,976,Diabetes mellitus type 2,3,Rate,2015,4954.76833711653,5112.63962881588,4808.64335225437
1,All Population,5,Prevalence,164,Nepal,3,Both,27,Age-standardized,976,Diabetes mellitus type 2,3,Rate,2007,5412.089090743831,5860.94268141886,4979.78671580248
1,All Population,5,Prevalence,75,Austria,3,Both,27,Age-standardized,976,Diabetes mellitus type 2,3,Rate,2015,2624.52513295572,2842.3188321315197,2431.87590206933
1,All Population,5,Prevalence,149,Palestine,3,Both,27,Age-standardized,976,Diabetes mellitus type 2,3,Rate,2007,9382.60871341696,9956.84821170633,8798.648281667309
1,All Population,5,Prevalence,80,France,3,Both,27,Age-standardized,976,Diabetes mellitus type 2,3,Rate,2015,3651.5501071127997,3967.04190700121,3308.80547169591
1,All Population,5,Prevalence,77,Cyprus,3,Both,27,Age-standardized,976,Diabetes mellitus type 2,3,Rate,2015,4666.12375821503,5155.10304114464,4247.58378900423
1,All Population,5,Prevalence,179,Ethiopia,3,Both,27,Age-standardized,976,Diabetes mellitus type 2,3,Rate,2007,2838.17012202232,3125.2992979602304,2555.7712699199797
1,All Population,5,Prevalence,82,Greece,3,Both,27,Age-standardized,976,Diabetes mellitus type 2,3,Rate,2015,3414.33812222694,3758.47144639734,3116.29807082247
1,All Population,5,Prevalence,79,Finland,3,Both,27,Age-standardized,976,Diabetes mellitus type 2,3,Rate,2015,5213.07559300702,5697.103761825921,4772.644274159929
1,All Population,5,Prevalence,168,Angola,3,Both,27,Age-standardized,976,Diabetes mellitus type 2,3,Rate,2007,6349.62444637383,6897.627092382951,5799.4033652217695
1,All Population,5,Prevalence,86,Italy,3,Both,27,Age-standardized,976,Diabetes mellitus type 2,3,Rate,2015,3400.7223509811897,3814.04686304058,2988.25637040264
1,All Population,5,Prevalence,84,Ireland,3,Both,27,Age-standardized,976,Diabetes mellitus type 2,3,Rate,2015,2542.59013369488,2822.19097328591,2277.98873361332
1,All Population,5,Prevalence,81,Germany,3,Both,27,Age-standardized,976,Diabetes mellitus type 2,3,Rate,2015,4199.27197110282,4517.37130734811,3873.15036081361
1,All Population,5,Prevalence,181,Madagascar,3,Both,27,Age-standardized,976,Diabetes mellitus type 2,3,Rate,2007,2752.23129962321,2982.22883025402,2513.86204515443
1,All Population,5,Prevalence,170,Congo,3,Both,27,Age-standardized,976,Diabetes mellitus type 2,3,Rate,2007,6253.102410288309,6849.01778832743,5670.08632059278
1,All Population,5,Prevalence,88,Malta,3,Both,27,Age-standardized,976,Diabetes mellitus type 2,3,Rate,2015,3487.20879655418,3779.9790922710295,3243.1387167517796
1,All Population,5,Prevalence,95,United Kingdom,3,Both,27,Age-standardized,976,Diabetes mellitus type 2,3,Rate,2015,4519.44448520665,4865.53650559892,4150.50193183181
1,All Population,5,Prevalence,94,Switzerland,3,Both,27,Age-standardized,976,Diabetes mellitus type 2,3,Rate,2015,3094.7577144452903,3380.8975430209102,2777.88905951937
1,All Population,5,Prevalence,83,Iceland,3,Both,27,Age-standardized,976,Diabetes mellitus type 2,3,Rate,2015,3047.49179791133,3385.77029754877,2770.29173611796
1,All Population,5,Prevalence,97,Argentina,3,Both,27,Age-standardized,976,Diabetes mellitus type 2,3,Rate,2015,3390.76732224067,3633.9095647609197,3116.57898530672
1,All Population,5,Prevalence,90,Norway,3,Both,27,Age-standardized,976,Diabetes mellitus type 2,3,Rate,2015,3988.6432413293696,4460.96819761186,3501.6456282168497
1,All Population,5,Prevalence,98,Chile,3,Both,27,Age-standardized,976,Diabetes mellitus type 2,3,Rate,2015,2168.9567511801197,2320.91899011463,2045.66479443198
1,All Population,5,Prevalence,85,Israel,3,Both,27,Age-standardized,976,Diabetes mellitus type 2,3,Rate,2015,3538.0082859856698,3786.42929774475,3328.57254633915
1,All Population,5,Prevalence,183,Mauritius,3,Both,27,Age-standardized,976,Diabetes mellitus type 2,3,Rate,2007,11891.448165861759,12349.2252444911,11485.355262208719
1,All Population,5,Prevalence,99,Uruguay,3,Both,27,Age-standardized,976,Diabetes mellitus type 2,3,Rate,2015,3236.7198903148796,3459.72453113644,3010.6497709832697
1,All Population,5,Prevalence,92,Spain,3,Both,27,Age-standardized,976,Diabetes mellitus type 2,3,Rate,2015,4678.4742441539,5050.37396621316,4314.93696648119
1,All Population,5,Prevalence,201,Burkina Faso,3,Both,27,Age-standardized,976,Diabetes mellitus type 2,3,Rate,2007,2455.3245668862,2659.3557806199296,2266.64641394946
1,All Population,5,Prevalence,101,Canada,3,Both,27,Age-standardized,976,Diabetes mellitus type 2,3,Rate,2015,2934.63468945908,3156.23742386859,2737.29870112522
1,All Population,5,Prevalence,105,Antigua and Barbuda,3,Both,27,Age-standardized,976,Diabetes mellitus type 2,3,Rate,2015,8354.05166466016,9006.01447850326,7669.267688041451
1,All Population,5,Prevalence,109,Cuba,3,Both,27,Age-standardized,976,Diabetes mellitus type 2,3,Rate,2015,4044.69076581195,4374.24928968461,3724.3399949221302
1,All Population,5,Prevalence,212,Mauritania,3,Both,27,Age-standardized,976,Diabetes mellitus type 2,3,Rate,2007,5327.76045890795,5763.64644605754,4861.18381886584
1,All Population,5,Prevalence,185,Rwanda,3,Both,27,Age-standardized,976,Diabetes mellitus type 2,3,Rate,2007,2502.52955461627,2722.07877253641,2310.45295796418
1,All Population,5,Prevalence,110,Dominica,3,Both,27,Age-standardized,976,Diabetes mellitus type 2,3,Rate,2015,9659.91815320658,10486.61232475458,8877.85660227902
1,All Population,5,Prevalence,111,Dominican Republic,3,Both,27,Age-standardized,976,Diabetes mellitus type 2,3,Rate,2015,7160.172261981571,7772.503681330641,6592.84640320368
1,All Population,5,Prevalence,214,Nigeria,3,Both,27,Age-standardized,976,Diabetes mellitus type 2,3,Rate,2007,3428.34917094512,3765.69228664806,3110.02471792716
1,All Population,5,Prevalence,107,Barbados,3,Both,27,Age-standardized,976,Diabetes mellitus type 2,3,Rate,2015,10110.663343628281,10844.20997598379,9363.77750877859
1,All Population,5,Prevalence,195,Namibia,3,Both,27,Age-standardized,976,Diabetes mellitus type 2,3,Rate,2007,4423.08311310534,4784.272934810109,4099.79306638144
1,All Population,5,Prevalence,113,Guyana,3,Both,27,Age-standardized,976,Diabetes mellitus type 2,3,Rate,2015,10292.41775238491,11349.892307169499,9533.57817042595
1,All Population,5,Prevalence,112,Grenada,3,Both,27,Age-standardized,976,Diabetes mellitus type 2,3,Rate,2015,10565.41774363279,11249.38722401747,9851.42142538015
1,All Population,5,Prevalence,114,Haiti,3,Both,27,Age-standardized,976,Diabetes mellitus type 2,3,Rate,2015,6179.82576850917,6687.89750582547,5655.639204571959
1,All Population,5,Prevalence,216,Senegal,3,Both,27,Age-standardized,976,Diabetes mellitus type 2,3,Rate,2007,6428.32436660512,7015.1051379445,5894.53154461802
1,All Population,5,Prevalence,115,Jamaica,3,Both,27,Age-standardized,976,Diabetes mellitus type 2,3,Rate,2015,8091.657325573159,8628.89337040177,7663.2125672202
1,All Population,5,Prevalence,197,Eswatini,3,Both,27,Age-standardized,976,Diabetes mellitus type 2,3,Rate,2007,5792.7871346540105,6261.698767078549,5339.70651216951
1,All Population,5,Prevalence,125,Colombia,3,Both,27,Age-standardized,976,Diabetes mellitus type 2,3,Rate,2015,4701.69683109528,5038.186143964131,4401.5871320797
1,All Population,5,Prevalence,118,Suriname,3,Both,27,Age-standardized,976,Diabetes mellitus type 2,3,Rate,2015,10195.11178786913,10954.63703128343,9382.02052107894
1,All Population,5,Prevalence,116,Saint Lucia,3,Both,27,Age-standardized,976,Diabetes mellitus type 2,3,Rate,2015,10514.10104102092,11246.115163501181,9674.6235210391
1,All Population,5,Prevalence,127,El Salvador,3,Both,27,Age-standardized,976,Diabetes mellitus type 2,3,Rate,2015,6605.47730039413,7168.012960747549,6031.76502370842
1,All Population,5,Prevalence,122,Ecuador,3,Both,27,Age-standardized,976,Diabetes mellitus type 2,3,Rate,2015,5586.14868337002,5877.98054911332,5297.45316433292
1,All Population,5,Prevalence,129,Honduras,3,Both,27,Age-standardized,976,Diabetes mellitus type 2,3,Rate,2015,5031.96020543799,5571.0132082583905,4545.41428567394
1,All Population,5,Prevalence,133,Venezuela (Bolivarian Republic of),3,Both,27,Age-standardized,976,Diabetes mellitus type 2,3,Rate,2015,6486.486775683351,6939.03081179776,6072.11934250881
1,All Population,5,Prevalence,126,Costa Rica,3,Both,27,Age-standardized,976,Diabetes mellitus type 2,3,Rate,2015,7274.269255424811,7880.48988812845,6751.86233450472
1,All Population,5,Prevalence,140,Bahrain,3,Both,27,Age-standardized,976,Diabetes mellitus type 2,3,Rate,2015,15775.15833698536,16902.94695509782,14576.89617333216
1,All Population,5,Prevalence,396,San Marino,3,Both,27,Age-standardized,976,Diabetes mellitus type 2,3,Rate,2007,3173.6220499649403,3524.65885711086,2867.59210214071
1,All Population,5,Prevalence,131,Nicaragua,3,Both,27,Age-standardized,976,Diabetes mellitus type 2,3,Rate,2015,5041.8205176348,5381.29769822859,4696.15108493989
1,All Population,5,Prevalence,141,Egypt,3,Both,27,Age-standardized,976,Diabetes mellitus type 2,3,Rate,2015,11254.71009195216,12189.39193834992,10360.13674325065
1,All Population,5,Prevalence,128,Guatemala,3,Both,27,Age-standardized,976,Diabetes mellitus type 2,3,Rate,2015,8926.07966932365,9599.63290720244,8471.48565672394
1,All Population,5,Prevalence,135,Brazil,3,Both,27,Age-standardized,976,Diabetes mellitus type 2,3,Rate,2015,4798.87235223038,5297.18123618396,4327.66217327667
1,All Population,5,Prevalence,142,Iran (Islamic Republic of),3,Both,27,Age-standardized,976,Diabetes mellitus type 2,3,Rate,2015,7014.48853704213,7708.34240237722,6345.611881948809
1,All Population,5,Prevalence,144,Jordan,3,Both,27,Age-standardized,976,Diabetes mellitus type 2,3,Rate,2015,11262.28557211451,11939.045379832169,10586.856481367391
1,All Population,5,Prevalence,210,Liberia,3,Both,27,Age-standardized,976,Diabetes mellitus type 2,3,Rate,2007,4748.51093503631,5137.331557390519,4386.46196732949
1,All Population,5,Prevalence,416,Tuvalu,3,Both,27,Age-standardized,976,Diabetes mellitus type 2,3,Rate,2007,8493.017940261,9168.24232327959,7781.79788098822
1,All Population,5,Prevalence,143,Iraq,3,Both,27,Age-standardized,976,Diabetes mellitus type 2,3,Rate,2015,11122.867058316679,11982.991179209259,10280.96858513082
1,All Population,5,Prevalence,130,Mexico,3,Both,27,Age-standardized,976,Diabetes mellitus type 2,3,Rate,2015,11537.5609764231,12564.84488286047,10505.061804592811
1,All Population,5,Prevalence,148,Morocco,3,Both,27,Age-standardized,976,Diabetes mellitus type 2,3,Rate,2015,8075.53026195767,8775.70203757258,7424.651277985419
1,All Population,5,Prevalence,139,Algeria,3,Both,27,Age-standardized,976,Diabetes mellitus type 2,3,Rate,2015,8655.85898720761,9457.71212378905,7949.05058709312
1,All Population,5,Prevalence,146,Lebanon,3,Both,27,Age-standardized,976,Diabetes mellitus type 2,3,Rate,2015,9927.39382963322,10727.96232546038,9118.28764907215
1,All Population,5,Prevalence,145,Kuwait,3,Both,27,Age-standardized,976,Diabetes mellitus type 2,3,Rate,2015,14988.46020407451,15989.74694545931,13902.922206873289
1,All Population,5,Prevalence,150,Oman,3,Both,27,Age-standardized,976,Diabetes mellitus type 2,3,Rate,2015,8909.64109095701,9567.65991902558,8298.39724140042
1,All Population,5,Prevalence,147,Libya,3,Both,27,Age-standardized,976,Diabetes mellitus type 2,3,Rate,2015,11094.31480375838,12177.18474321151,10168.63453607407
1,All Population,5,Prevalence,152,Saudi Arabia,3,Both,27,Age-standardized,976,Diabetes mellitus type 2,3,Rate,2015,19431.79923207762,20970.08369931877,17969.6634832243
1,All Population,5,Prevalence,155,Türkiye,3,Both,27,Age-standardized,976,Diabetes mellitus type 2,3,Rate,2015,7005.37994816047,7501.84232816408,6538.94017606636
1,All Population,5,Prevalence,157,Yemen,3,Both,27,Age-standardized,976,Diabetes mellitus type 2,3,Rate,2015,4619.17896631222,5131.20346741208,4211.08302384581
1,All Population,5,Prevalence,156,United Arab Emirates,3,Both,27,Age-standardized,976,Diabetes mellitus type 2,3,Rate,2015,13053.417064175448,14181.85817388814,11998.58761137707
1,All Population,5,Prevalence,376,Northern Mariana Islands,3,Both,27,Age-standardized,976,Diabetes mellitus type 2,3,Rate,2007,10414.95728912261,11193.98076458098,9638.78875728721
1,All Population,5,Prevalence,154,Tunisia,3,Both,27,Age-standardized,976,Diabetes mellitus type 2,3,Rate,2015,8755.71232177373,9509.71631911369,8073.7724641568
1,All Population,5,Prevalence,160,Afghanistan,3,Both,27,Age-standardized,976,Diabetes mellitus type 2,3,Rate,2015,8955.891817414551,9684.81357267996,8251.287494302049
1,All Population,5,Prevalence,161,Bangladesh,3,Both,27,Age-standardized,976,Diabetes mellitus type 2,3,Rate,2015,6251.45106911195,6639.76031718139,5850.29915241542
1,All Population,5,Prevalence,165,Pakistan,3,Both,27,Age-standardized,976,Diabetes mellitus type 2,3,Rate,2015,8264.04286220135,9024.829764289361,7536.24229134882
1,All Population,5,Prevalence,385,Puerto Rico,3,Both,27,Age-standardized,976,Diabetes mellitus type 2,3,Rate,2007,8365.9767175738,8912.53459636559,7781.051791575031
1,All Population,5,Prevalence,162,Bhutan,3,Both,27,Age-standardized,976,Diabetes mellitus type 2,3,Rate,2015,4989.24365737518,5426.636739610441,4630.56333749844
1,All Population,5,Prevalence,163,India,3,Both,27,Age-standardized,976,Diabetes mellitus type 2,3,Rate,2015,7193.6285697453,7827.332817025311,6591.83419114196
1,All Population,5,Prevalence,172,Equatorial Guinea,3,Both,27,Age-standardized,976,Diabetes mellitus type 2,3,Rate,2015,6491.518920782891,7075.38995126882,5926.79189026621
1,All Population,5,Prevalence,169,Central African Republic,3,Both,27,Age-standardized,976,Diabetes mellitus type 2,3,Rate,2015,6022.42918632493,6492.75281897555,5522.9428332727
1,All Population,5,Prevalence,176,Comoros,3,Both,27,Age-standardized,976,Diabetes mellitus type 2,3,Rate,2015,3751.8981479193,4018.2618285818803,3495.53377103208
1,All Population,5,Prevalence,171,Democratic Republic of the Congo,3,Both,27,Age-standardized,976,Diabetes mellitus type 2,3,Rate,2015,5432.24270876669,5930.79162233754,4977.757813547911
1,All Population,5,Prevalence,178,Eritrea,3,Both,27,Age-standardized,976,Diabetes mellitus type 2,3,Rate,2015,3155.6089747286796,3411.62987575035,2896.09021073951
1,All Population,5,Prevalence,173,Gabon,3,Both,27,Age-standardized,976,Diabetes mellitus type 2,3,Rate,2015,7121.152632711341,7794.035905364991,6472.068957332281
1,All Population,5,Prevalence,187,Somalia,3,Both,27,Age-standardized,976,Diabetes mellitus type 2,3,Rate,2015,3052.56731164737,3305.2047984993997,2792.93956610349
1,All Population,5,Prevalence,186,Seychelles,3,Both,27,Age-standardized,976,Diabetes mellitus type 2,3,Rate,2015,7495.170838108919,8192.10692808088,6823.3204371447
1,All Population,5,Prevalence,180,Kenya,3,Both,27,Age-standardized,976,Diabetes mellitus type 2,3,Rate,2015,3282.04904894078,3592.40950986301,2982.65717609803
1,All Population,5,Prevalence,196,South Africa,3,Both,27,Age-standardized,976,Diabetes mellitus type 2,3,Rate,2015,6972.963546376761,7587.58074067294,6345.50520863553
1,All Population,5,Prevalence,175,Burundi,3,Both,27,Age-standardized,976,Diabetes mellitus type 2,3,Rate,2015,2996.6152490928903,3248.4075765707903,2733.69270252694
1,All Population,5,Prevalence,190,Uganda,3,Both,27,Age-standardized,976,Diabetes mellitus type 2,3,Rate,2015,3742.19401821,4054.5152021143,3416.7231468356604
1,All Population,5,Prevalence,194,Lesotho,3,Both,27,Age-standardized,976,Diabetes mellitus type 2,3,Rate,2015,4070.36964562944,4395.10864897612,3802.9875924447
1,All Population,5,Prevalence,189,United Republic of Tanzania,3,Both,27,Age-standardized,976,Diabetes mellitus type 2,3,Rate,2015,2719.24667347293,2931.6059902422703,2513.42032264318
1,All Population,5,Prevalence,182,Malawi,3,Both,27,Age-standardized,976,Diabetes mellitus type 2,3,Rate,2015,2351.58870422683,2527.1843496768,2186.94817530739
1,All Population,5,Prevalence,177,Djibouti,3,Both,27,Age-standardized,976,Diabetes mellitus type 2,3,Rate,2015,3234.95216131605,3498.46621094957,2969.73260440981
1,All Population,5,Prevalence,198,Zimbabwe,3,Both,27,Age-standardized,976,Diabetes mellitus type 2,3,Rate,2015,3910.3442670377603,4263.17649435457,3597.18247511606
1,All Population,5,Prevalence,191,Zambia,3,Both,27,Age-standardized,976,Diabetes mellitus type 2,3,Rate,2015,4538.53775271329,4867.2762503956,4181.08633582866
1,All Population,5,Prevalence,203,Cabo Verde,3,Both,27,Age-standardized,976,Diabetes mellitus type 2,3,Rate,2015,5408.64489279113,5844.11546626962,4984.71405983262
1,All Population,5,Prevalence,184,Mozambique,3,Both,27,Age-standardized,976,Diabetes mellitus type 2,3,Rate,2015,2543.7968762011096,2753.12784838709,2357.8961817138097
1,All Population,5,Prevalence,202,Cameroon,3,Both,27,Age-standardized,976,Diabetes mellitus type 2,3,Rate,2015,4646.68542687776,5050.631822711,4274.48454770894
1,All Population,5,Prevalence,200,Benin,3,Both,27,Age-standardized,976,Diabetes mellitus type 2,3,Rate,2015,4068.2695368019504,4344.86797430577,3759.77674814716
1,All Population,5,Prevalence,205,Côte d'Ivoire,3,Both,27,Age-standardized,976,Diabetes mellitus type 2,3,Rate,2015,4657.380331901019,5100.05360250523,4216.68838915061
1,All Population,5,Prevalence,193,Botswana,3,Both,27,Age-standardized,976,Diabetes mellitus type 2,3,Rate,2015,4569.55556952461,4973.08893830093,4209.21277511507
1,All Population,5,Prevalence,204,Chad,3,Both,27,Age-standardized,976,Diabetes mellitus type 2,3,Rate,2015,4099.99693352941,4459.92960172161,3742.89019812625
1,All Population,5,Prevalence,208,Guinea,3,Both,27,Age-standardized,976,Diabetes mellitus type 2,3,Rate,2015,3750.11869041905,4038.4854411594297,3492.03347282828
1,All Population,5,Prevalence,211,Mali,3,Both,27,Age-standardized,976,Diabetes mellitus type 2,3,Rate,2015,8148.053209739451,8912.668730845979,7271.09748931713
1,All Population,5,Prevalence,207,Ghana,3,Both,27,Age-standardized,976,Diabetes mellitus type 2,3,Rate,2015,4858.284905241881,5252.16806096292,4506.96126897432
1,All Population,5,Prevalence,213,Niger,3,Both,27,Age-standardized,976,Diabetes mellitus type 2,3,Rate,2015,4092.984963819,4463.59543666596,3745.15706294327
1,All Population,5,Prevalence,206,Gambia,3,Both,27,Age-standardized,976,Diabetes mellitus type 2,3,Rate,2015,5740.26873313921,6231.10895144566,5232.82666827848
1,All Population,5,Prevalence,215,Sao Tome and Principe,3,Both,27,Age-standardized,976,Diabetes mellitus type 2,3,Rate,2015,5393.656389909391,5921.9693013677,4899.92068183434
1,All Population,5,Prevalence,218,Togo,3,Both,27,Age-standardized,976,Diabetes mellitus type 2,3,Rate,2015,3384.2745353957803,3676.89144134452,3095.67904313948
1,All Population,5,Prevalence,209,Guinea-Bissau,3,Both,27,Age-standardized,976,Diabetes mellitus type 2,3,Rate,2015,4863.26077427796,5252.399851109691,4464.1877037166805
1,All Population,5,Prevalence,217,Sierra Leone,3,Both,27,Age-standardized,976,Diabetes mellitus type 2,3,Rate,2015,4351.75459348218,4737.0881427923205,4023.4657018702997
1,All Population,5,Prevalence,305,Bermuda,3,Both,27,Age-standardized,976,Diabetes mellitus type 2,3,Rate,2015,5075.24854879044,5514.09315815621,4649.76703430338
1,All Population,5,Prevalence,367,Monaco,3,Both,27,Age-standardized,976,Diabetes mellitus type 2,3,Rate,2015,3010.9339954033603,3354.88175007822,2689.5597934584603
1,All Population,5,Prevalence,298,American Samoa,3,Both,27,Age-standardized,976,Diabetes mellitus type 2,3,Rate,2015,15683.567415913418,16784.899642395932,14837.2444085319
1,All Population,5,Prevalence,320,Cook Islands,3,Both,27,Age-standardized,976,Diabetes mellitus type 2,3,Rate,2015,15120.546478923841,16291.22024028883,14066.056457183198
1,All Population,5,Prevalence,374,Niue,3,Both,27,Age-standardized,976,Diabetes mellitus type 2,3,Rate,2015,15285.660145483209,16437.04008467053,14106.32011360496
1,All Population,5,Prevalence,349,Greenland,3,Both,27,Age-standardized,976,Diabetes mellitus type 2,3,Rate,2015,2522.31640899147,2821.49592192366,2250.3872607292496
1,All Population,5,Prevalence,351,Guam,3,Both,27,Age-standardized,976,Diabetes mellitus type 2,3,Rate,2015,6649.184847669259,7279.82335878376,6085.61983963474
1,All Population,5,Prevalence,380,Palau,3,Both,27,Age-standardized,976,Diabetes mellitus type 2,3,Rate,2015,11547.349092125609,12282.924171235481,10800.42313325854
1,All Population,5,Prevalence,393,Saint Kitts and Nevis,3,Both,27,Age-standardized,976,Diabetes mellitus type 2,3,Rate,2015,8335.99650467333,9095.65336132012,7648.90467488471
1,All Population,5,Prevalence,422,United States Virgin Islands,3,Both,27,Age-standardized,976,Diabetes mellitus type 2,3,Rate,2015,7556.56901784688,8228.943399619431,6934.15416437783
1,All Population,5,Prevalence,413,Tokelau,3,Both,27,Age-standardized,976,Diabetes mellitus type 2,3,Rate,2015,15744.676964768109,16859.294963822642,14579.6979094307
1,All Population,5,Prevalence,369,Nauru,3,Both,27,Age-standardized,976,Diabetes mellitus type 2,3,Rate,2015,14259.38142192775,15174.1495811551,13330.193198606948
1,All Population,5,Prevalence,435,South Sudan,3,Both,27,Age-standardized,976,Diabetes mellitus type 2,3,Rate,2015,2819.89778730732,3073.19837525332,2579.66827614865
1,All Population,5,Prevalence,522,Sudan,3,Both,27,Age-standardized,976,Diabetes mellitus type 2,3,Rate,2015,7323.83667369374,7998.211912887319,6715.198965512121
1,All Population,5,Prevalence,16,Philippines,3,Both,27,Age-standardized,976,Diabetes mellitus type 2,3,Rate,2008,4769.13134735847,5201.23412387834,4298.2685294787
1,All Population,5,Prevalence,10,Cambodia,3,Both,27,Age-standardized,976,Diabetes mellitus type 2,3,Rate,2008,2863.76763491242,3126.49228539753,2629.08767254227
1,All Population,5,Prevalence,29,Tonga,3,Both,27,Age-standardized,976,Diabetes mellitus type 2,3,Rate,2008,11692.72759102028,12502.858972498148,10954.71543072081
1,All Population,5,Prevalence,12,Lao People's Democratic Republic,3,Both,27,Age-standardized,976,Diabetes mellitus type 2,3,Rate,2008,4201.4505953568505,4606.73432354861,3847.89614505248
1,All Population,5,Prevalence,14,Maldives,3,Both,27,Age-standardized,976,Diabetes mellitus type 2,3,Rate,2008,4042.0262194436596,4391.98275003777,3702.74107994273
1,All Population,5,Prevalence,25,Micronesia (Federated States of),3,Both,27,Age-standardized,976,Diabetes mellitus type 2,3,Rate,2008,15171.867884838979,15879.76955739113,14426.342160582608
1,All Population,5,Prevalence,27,Samoa,3,Both,27,Age-standardized,976,Diabetes mellitus type 2,3,Rate,2008,11364.05131119599,12206.14475473247,10620.139596131039
1,All Population,5,Prevalence,76,Belgium,3,Both,27,Age-standardized,976,Diabetes mellitus type 2,3,Rate,2008,3038.3271129013096,3309.87306789753,2764.4694080145
1,All Population,5,Prevalence,78,Denmark,3,Both,27,Age-standardized,976,Diabetes mellitus type 2,3,Rate,2008,2664.12349354296,2902.15791830313,2467.26159293908
1,All Population,5,Prevalence,87,Luxembourg,3,Both,27,Age-standardized,976,Diabetes mellitus type 2,3,Rate,2008,2785.9839985071003,3112.4010082028,2525.7721255646197
1,All Population,5,Prevalence,7,Democratic People's Republic of Korea,3,Both,27,Age-standardized,976,Diabetes mellitus type 2,3,Rate,2016,4916.71835885331,5438.41049779008,4497.1009309697
1,All Population,5,Prevalence,89,Netherlands,3,Both,27,Age-standardized,976,Diabetes mellitus type 2,3,Rate,2008,2990.35018428259,3232.2253004024496,2738.03556538869
1,All Population,5,Prevalence,11,Indonesia,3,Both,27,Age-standardized,976,Diabetes mellitus type 2,3,Rate,2016,4205.198604929939,4640.62625175821,3767.69742105115
1,All Population,5,Prevalence,18,Thailand,3,Both,27,Age-standardized,976,Diabetes mellitus type 2,3,Rate,2016,4784.934579789,5224.91064194658,4385.7921971342
1,All Population,5,Prevalence,72,New Zealand,3,Both,27,Age-standardized,976,Diabetes mellitus type 2,3,Rate,2008,3020.03576330956,3169.74639750998,2853.03587718439
1,All Population,5,Prevalence,13,Malaysia,3,Both,27,Age-standardized,976,Diabetes mellitus type 2,3,Rate,2016,6897.29214518499,7500.2623842596095,6357.801146394319
1,All Population,5,Prevalence,91,Portugal,3,Both,27,Age-standardized,976,Diabetes mellitus type 2,3,Rate,2008,4370.06128340505,4708.63207820154,4049.04854031362
1,All Population,5,Prevalence,6,China,3,Both,27,Age-standardized,976,Diabetes mellitus type 2,3,Rate,2016,5771.04191311187,6288.660529683621,5316.62116066558
1,All Population,5,Prevalence,20,Viet Nam,3,Both,27,Age-standardized,976,Diabetes mellitus type 2,3,Rate,2016,3310.4625016880505,3581.7992364863403,3008.2329791116
1,All Population,5,Prevalence,8,Taiwan,3,Both,27,Age-standardized,976,Diabetes mellitus type 2,3,Rate,2016,5967.40918660831,6375.749889622701,5571.21949854513
1,All Population,5,Prevalence,74,Andorra,3,Both,27,Age-standardized,976,Diabetes mellitus type 2,3,Rate,2008,2608.25972748182,2898.57010943239,2331.82741038118
1,All Population,5,Prevalence,15,Myanmar,3,Both,27,Age-standardized,976,Diabetes mellitus type 2,3,Rate,2016,5813.60755750069,6283.050122370119,5397.94784376312
1,All Population,5,Prevalence,17,Sri Lanka,3,Both,27,Age-standardized,976,Diabetes mellitus type 2,3,Rate,2016,7767.82912586597,8192.09506263222,7348.39440699191
1,All Population,5,Prevalence,102,United States of America,3,Both,27,Age-standardized,976,Diabetes mellitus type 2,3,Rate,2008,5760.82073106249,6108.23417745142,5450.14767528893
1,All Population,5,Prevalence,22,Fiji,3,Both,27,Age-standardized,976,Diabetes mellitus type 2,3,Rate,2016,15501.158101816029,16419.207590142152,14754.68128475137
1,All Population,5,Prevalence,93,Sweden,3,Both,27,Age-standardized,976,Diabetes mellitus type 2,3,Rate,2008,3692.3734576895,3991.11774267487,3444.9429257031998
1,All Population,5,Prevalence,26,Papua New Guinea,3,Both,27,Age-standardized,976,Diabetes mellitus type 2,3,Rate,2016,7793.7111744185395,8336.23723506667,7261.39613023003
1,All Population,5,Prevalence,19,Timor-Leste,3,Both,27,Age-standardized,976,Diabetes mellitus type 2,3,Rate,2016,3213.77138317242,3528.2274195412397,2925.78981654053
1,All Population,5,Prevalence,24,Marshall Islands,3,Both,27,Age-standardized,976,Diabetes mellitus type 2,3,Rate,2016,16700.66331267029,18054.48505820382,15180.39807394323
1,All Population,5,Prevalence,123,Peru,3,Both,27,Age-standardized,976,Diabetes mellitus type 2,3,Rate,2008,2494.95373332904,2728.57099833374,2312.67212876541
1,All Population,5,Prevalence,23,Kiribati,3,Both,27,Age-standardized,976,Diabetes mellitus type 2,3,Rate,2016,14033.038400865169,14832.21612883939,13183.203337361821
1,All Population,5,Prevalence,28,Solomon Islands,3,Both,27,Age-standardized,976,Diabetes mellitus type 2,3,Rate,2016,8746.93005230828,9439.35488370305,8106.12730653143
1,All Population,5,Prevalence,117,Saint Vincent and the Grenadines,3,Both,27,Age-standardized,976,Diabetes mellitus type 2,3,Rate,2008,10834.23608700525,11440.48490696838,9997.3496335661
1,All Population,5,Prevalence,106,Bahamas,3,Both,27,Age-standardized,976,Diabetes mellitus type 2,3,Rate,2008,7428.73500299102,7884.786226927689,6929.59879025653
1,All Population,5,Prevalence,30,Vanuatu,3,Both,27,Age-standardized,976,Diabetes mellitus type 2,3,Rate,2016,8697.11194652189,9400.35953324372,8053.7466620817595
1,All Population,5,Prevalence,119,Trinidad and Tobago,3,Both,27,Age-standardized,976,Diabetes mellitus type 2,3,Rate,2008,15270.10670927815,16277.85949815726,14106.088060364391
1,All Population,5,Prevalence,136,Paraguay,3,Both,27,Age-standardized,976,Diabetes mellitus type 2,3,Rate,2008,5882.43063947136,6247.88753249342,5461.278838420651
1,All Population,5,Prevalence,121,Bolivia (Plurinational State of),3,Both,27,Age-standardized,976,Diabetes mellitus type 2,3,Rate,2008,4356.67167639065,4774.3326299888995,4024.23773052395
1,All Population,5,Prevalence,108,Belize,3,Both,27,Age-standardized,976,Diabetes mellitus type 2,3,Rate,2008,9298.9225026529,9914.26619252451,8656.19675620649
1,All Population,5,Prevalence,149,Palestine,3,Both,27,Age-standardized,976,Diabetes mellitus type 2,3,Rate,2008,9648.04708289388,10238.87509170032,9028.03263860927
1,All Population,5,Prevalence,67,Japan,3,Both,27,Age-standardized,976,Diabetes mellitus type 2,3,Rate,2016,5460.98646573285,6018.15780850621,4893.8786798522
1,All Population,5,Prevalence,69,Singapore,3,Both,27,Age-standardized,976,Diabetes mellitus type 2,3,Rate,2016,4656.01902111522,5104.65643361038,4242.56420601729
1,All Population,5,Prevalence,66,Brunei Darussalam,3,Both,27,Age-standardized,976,Diabetes mellitus type 2,3,Rate,2016,7663.21367502171,8222.68503803196,7150.575392612441
1,All Population,5,Prevalence,132,Panama,3,Both,27,Age-standardized,976,Diabetes mellitus type 2,3,Rate,2008,5829.86687255496,6241.47800178817,5405.2458413983995
1,All Population,5,Prevalence,71,Australia,3,Both,27,Age-standardized,976,Diabetes mellitus type 2,3,Rate,2016,2429.40599587299,2616.21656478581,2249.2407458229
1,All Population,5,Prevalence,151,Qatar,3,Both,27,Age-standardized,976,Diabetes mellitus type 2,3,Rate,2008,12843.65328381926,13870.43210839623,11995.3451884874
1,All Population,5,Prevalence,68,Republic of Korea,3,Both,27,Age-standardized,976,Diabetes mellitus type 2,3,Rate,2016,4983.75688550043,5132.852804948619,4831.5427410471
1,All Population,5,Prevalence,170,Congo,3,Both,27,Age-standardized,976,Diabetes mellitus type 2,3,Rate,2008,6276.3596709045,6863.54377215804,5691.49628241334
1,All Population,5,Prevalence,75,Austria,3,Both,27,Age-standardized,976,Diabetes mellitus type 2,3,Rate,2016,2620.99574916616,2818.7145450007,2427.96377559625
1,All Population,5,Prevalence,79,Finland,3,Both,27,Age-standardized,976,Diabetes mellitus type 2,3,Rate,2016,5205.30933908683,5653.81937815118,4739.5497134462
1,All Population,5,Prevalence,80,France,3,Both,27,Age-standardized,976,Diabetes mellitus type 2,3,Rate,2016,3650.09422296454,3979.63695993855,3352.27411358374
1,All Population,5,Prevalence,181,Madagascar,3,Both,27,Age-standardized,976,Diabetes mellitus type 2,3,Rate,2008,2768.00417357696,2999.37137766276,2528.3171738471397
1,All Population,5,Prevalence,153,Syrian Arab Republic,3,Both,27,Age-standardized,976,Diabetes mellitus type 2,3,Rate,2008,8320.91091030198,9072.02882151696,7592.82989734683
1,All Population,5,Prevalence,77,Cyprus,3,Both,27,Age-standardized,976,Diabetes mellitus type 2,3,Rate,2016,4710.441046257391,5182.57373638058,4331.31552166679
1,All Population,5,Prevalence,81,Germany,3,Both,27,Age-standardized,976,Diabetes mellitus type 2,3,Rate,2016,4218.12523824291,4522.36131525679,3893.61491376402
1,All Population,5,Prevalence,82,Greece,3,Both,27,Age-standardized,976,Diabetes mellitus type 2,3,Rate,2016,3437.688633691,3765.36820088247,3148.3538996237203
1,All Population,5,Prevalence,164,Nepal,3,Both,27,Age-standardized,976,Diabetes mellitus type 2,3,Rate,2008,5467.2492163416,5891.9225966492395,5022.858748736439
1,All Population,5,Prevalence,83,Iceland,3,Both,27,Age-standardized,976,Diabetes mellitus type 2,3,Rate,2016,3077.11375991571,3397.6902873702397,2795.1204895217697
1,All Population,5,Prevalence,183,Mauritius,3,Both,27,Age-standardized,976,Diabetes mellitus type 2,3,Rate,2008,12043.62452647416,12541.967958005678,11616.10782300484
1,All Population,5,Prevalence,84,Ireland,3,Both,27,Age-standardized,976,Diabetes mellitus type 2,3,Rate,2016,2576.46324375184,2830.7085657429902,2333.04138680854
1,All Population,5,Prevalence,86,Italy,3,Both,27,Age-standardized,976,Diabetes mellitus type 2,3,Rate,2016,3410.9642077214503,3817.5720389444,2999.2579710717
1,All Population,5,Prevalence,88,Malta,3,Both,27,Age-standardized,976,Diabetes mellitus type 2,3,Rate,2016,3508.56021775173,3805.37729213474,3284.44641862741
1,All Population,5,Prevalence,85,Israel,3,Both,27,Age-standardized,976,Diabetes mellitus type 2,3,Rate,2016,3533.83183888085,3751.8841931250995,3339.2239162160304
1,All Population,5,Prevalence,168,Angola,3,Both,27,Age-standardized,976,Diabetes mellitus type 2,3,Rate,2008,6397.485005640189,6912.50520568536,5815.48910623668
1,All Population,5,Prevalence,95,United Kingdom,3,Both,27,Age-standardized,976,Diabetes mellitus type 2,3,Rate,2016,4589.2651145958,4952.05844013971,4207.28206341787
1,All Population,5,Prevalence,195,Namibia,3,Both,27,Age-standardized,976,Diabetes mellitus type 2,3,Rate,2008,4465.01028163334,4847.38841839899,4148.88113392523
1,All Population,5,Prevalence,185,Rwanda,3,Both,27,Age-standardized,976,Diabetes mellitus type 2,3,Rate,2008,2499.91609403146,2718.04165284989,2300.85164514885
1,All Population,5,Prevalence,90,Norway,3,Both,27,Age-standardized,976,Diabetes mellitus type 2,3,Rate,2016,3990.71754120735,4473.08505019652,3502.85200695604
1,All Population,5,Prevalence,94,Switzerland,3,Both,27,Age-standardized,976,Diabetes mellitus type 2,3,Rate,2016,3101.55170608343,3364.51321304902,2794.93492560285
1,All Population,5,Prevalence,179,Ethiopia,3,Both,27,Age-standardized,976,Diabetes mellitus type 2,3,Rate,2008,2839.2727467691498,3126.74248249201,2546.6683935821798
1,All Population,5,Prevalence,92,Spain,3,Both,27,Age-standardized,976,Diabetes mellitus type 2,3,Rate,2016,4701.05439559794,5081.3965957045,4333.6084226081
1,All Population,5,Prevalence,197,Eswatini,3,Both,27,Age-standardized,976,Diabetes mellitus type 2,3,Rate,2008,5859.0466806698005,6312.74314212775,5404.90428199651
1,All Population,5,Prevalence,97,Argentina,3,Both,27,Age-standardized,976,Diabetes mellitus type 2,3,Rate,2016,3419.33534558477,3647.31910536464,3173.15364472962
1,All Population,5,Prevalence,98,Chile,3,Both,27,Age-standardized,976,Diabetes mellitus type 2,3,Rate,2016,2186.49731805467,2329.63444491685,2062.1774515786396
1,All Population,5,Prevalence,99,Uruguay,3,Both,27,Age-standardized,976,Diabetes mellitus type 2,3,Rate,2016,3246.4477145578203,3468.53643565988,3031.15957500156
1,All Population,5,Prevalence,105,Antigua and Barbuda,3,Both,27,Age-standardized,976,Diabetes mellitus type 2,3,Rate,2016,8388.84551901759,9023.00181391962,7727.98373996469
1,All Population,5,Prevalence,109,Cuba,3,Both,27,Age-standardized,976,Diabetes mellitus type 2,3,Rate,2016,4114.13311774457,4435.15211804642,3814.7571154144002
1,All Population,5,Prevalence,110,Dominica,3,Both,27,Age-standardized,976,Diabetes mellitus type 2,3,Rate,2016,9777.71403626163,10569.84983602703,9017.96753444606
1,All Population,5,Prevalence,101,Canada,3,Both,27,Age-standardized,976,Diabetes mellitus type 2,3,Rate,2016,2956.72692483654,3168.1005953948397,2756.04911124635
1,All Population,5,Prevalence,107,Barbados,3,Both,27,Age-standardized,976,Diabetes mellitus type 2,3,Rate,2016,10169.219393232399,10870.68693771007,9441.88255095954
1,All Population,5,Prevalence,216,Senegal,3,Both,27,Age-standardized,976,Diabetes mellitus type 2,3,Rate,2008,6484.56503015569,7043.01535363851,5933.58440819089
1,All Population,5,Prevalence,201,Burkina Faso,3,Both,27,Age-standardized,976,Diabetes mellitus type 2,3,Rate,2008,2465.09050169221,2669.87407223332,2271.65197736338
1,All Population,5,Prevalence,111,Dominican Republic,3,Both,27,Age-standardized,976,Diabetes mellitus type 2,3,Rate,2016,7262.38265911525,7877.81912580701,6715.62692977606
1,All Population,5,Prevalence,112,Grenada,3,Both,27,Age-standardized,976,Diabetes mellitus type 2,3,Rate,2016,10605.75226540939,11248.84622709081,9941.7615412329
1,All Population,5,Prevalence,116,Saint Lucia,3,Both,27,Age-standardized,976,Diabetes mellitus type 2,3,Rate,2016,10541.09672589625,11264.02761500892,9712.0593589253
1,All Population,5,Prevalence,118,Suriname,3,Both,27,Age-standardized,976,Diabetes mellitus type 2,3,Rate,2016,10322.670632173931,11100.56088550572,9584.644081401759
1,All Population,5,Prevalence,113,Guyana,3,Both,27,Age-standardized,976,Diabetes mellitus type 2,3,Rate,2016,10306.00507023689,11284.38982640958,9591.36004373632
1,All Population,5,Prevalence,210,Liberia,3,Both,27,Age-standardized,976,Diabetes mellitus type 2,3,Rate,2008,4788.91496970159,5181.8360403325105,4424.12605193497
1,All Population,5,Prevalence,114,Haiti,3,Both,27,Age-standardized,976,Diabetes mellitus type 2,3,Rate,2016,6216.8976752444,6698.5331281297995,5702.55684326463
1,All Population,5,Prevalence,125,Colombia,3,Both,27,Age-standardized,976,Diabetes mellitus type 2,3,Rate,2016,4777.93265869861,5108.443410264999,4462.8279028632205
1,All Population,5,Prevalence,212,Mauritania,3,Both,27,Age-standardized,976,Diabetes mellitus type 2,3,Rate,2008,5360.69986403183,5819.16991922858,4892.13350887933
1,All Population,5,Prevalence,115,Jamaica,3,Both,27,Age-standardized,976,Diabetes mellitus type 2,3,Rate,2016,8166.44360747829,8657.96103164436,7693.59060711232
1,All Population,5,Prevalence,122,Ecuador,3,Both,27,Age-standardized,976,Diabetes mellitus type 2,3,Rate,2016,5645.3378125369,5919.3405358071905,5366.82827512958
1,All Population,5,Prevalence,126,Costa Rica,3,Both,27,Age-standardized,976,Diabetes mellitus type 2,3,Rate,2016,7355.466195045709,7912.9178292202705,6864.1093192731
1,All Population,5,Prevalence,127,El Salvador,3,Both,27,Age-standardized,976,Diabetes mellitus type 2,3,Rate,2016,6690.573989442961,7211.23328798495,6143.18430703181
1,All Population,5,Prevalence,128,Guatemala,3,Both,27,Age-standardized,976,Diabetes mellitus type 2,3,Rate,2016,9026.54218041546,9621.11062091369,8606.146794176011
1,All Population,5,Prevalence,214,Nigeria,3,Both,27,Age-standardized,976,Diabetes mellitus type 2,3,Rate,2008,3459.89408788093,3796.28938707468,3138.20592175394
1,All Population,5,Prevalence,129,Honduras,3,Both,27,Age-standardized,976,Diabetes mellitus type 2,3,Rate,2016,5074.52646013941,5585.97064287894,4606.01193942569
1,All Population,5,Prevalence,130,Mexico,3,Both,27,Age-standardized,976,Diabetes mellitus type 2,3,Rate,2016,11522.0062597764,12516.76583121582,10480.52162547555
1,All Population,5,Prevalence,133,Venezuela (Bolivarian Republic of),3,Both,27,Age-standardized,976,Diabetes mellitus type 2,3,Rate,2016,6546.99358151727,7015.9329141916805,6129.8764710510195
1,All Population,5,Prevalence,135,Brazil,3,Both,27,Age-standardized,976,Diabetes mellitus type 2,3,Rate,2016,4890.14666361158,5395.198304901,4398.488702991471
1,All Population,5,Prevalence,131,Nicaragua,3,Both,27,Age-standardized,976,Diabetes mellitus type 2,3,Rate,2016,5099.38523802304,5443.4958228123405,4756.8992652795505
1,All Population,5,Prevalence,140,Bahrain,3,Both,27,Age-standardized,976,Diabetes mellitus type 2,3,Rate,2016,16064.785859735039,17292.27276938557,14885.52856701208
1,All Population,5,Prevalence,139,Algeria,3,Both,27,Age-standardized,976,Diabetes mellitus type 2,3,Rate,2016,8903.97803504666,9676.70866202055,8180.15486044729
1,All Population,5,Prevalence,376,Northern Mariana Islands,3,Both,27,Age-standardized,976,Diabetes mellitus type 2,3,Rate,2008,10477.00545407483,11300.729888750639,9684.46780767346
1,All Population,5,Prevalence,142,Iran (Islamic Republic of),3,Both,27,Age-standardized,976,Diabetes mellitus type 2,3,Rate,2016,7089.774067275791,7798.616463252491,6391.22375983959
1,All Population,5,Prevalence,141,Egypt,3,Both,27,Age-standardized,976,Diabetes mellitus type 2,3,Rate,2016,11506.097707344989,12434.53370551609,10594.42353352888
1,All Population,5,Prevalence,144,Jordan,3,Both,27,Age-standardized,976,Diabetes mellitus type 2,3,Rate,2016,11394.33696684052,12094.83314205965,10759.48205930322
1,All Population,5,Prevalence,148,Morocco,3,Both,27,Age-standardized,976,Diabetes mellitus type 2,3,Rate,2016,8246.07510661782,8916.75538602035,7617.21740319123
1,All Population,5,Prevalence,385,Puerto Rico,3,Both,27,Age-standardized,976,Diabetes mellitus type 2,3,Rate,2008,8275.334983639621,8787.833862405441,7738.2346367787695
1,All Population,5,Prevalence,143,Iraq,3,Both,27,Age-standardized,976,Diabetes mellitus type 2,3,Rate,2016,11360.659328060781,12231.255167339159,10587.8151322343
1,All Population,5,Prevalence,155,Türkiye,3,Both,27,Age-standardized,976,Diabetes mellitus type 2,3,Rate,2016,7113.395041657961,7619.88716849904,6652.129487029109
1,All Population,5,Prevalence,146,Lebanon,3,Both,27,Age-standardized,976,Diabetes mellitus type 2,3,Rate,2016,10148.74214133398,10940.60543835262,9325.31061528584
1,All Population,5,Prevalence,145,Kuwait,3,Both,27,Age-standardized,976,Diabetes mellitus type 2,3,Rate,2016,15233.162990880799,16265.5649714644,14180.873876951591
1,All Population,5,Prevalence,150,Oman,3,Both,27,Age-standardized,976,Diabetes mellitus type 2,3,Rate,2016,9176.81606281296,9870.559501510701,8564.5947237653
1,All Population,5,Prevalence,396,San Marino,3,Both,27,Age-standardized,976,Diabetes mellitus type 2,3,Rate,2008,3197.55607497318,3549.9400138085703,2882.03375657282
1,All Population,5,Prevalence,157,Yemen,3,Both,27,Age-standardized,976,Diabetes mellitus type 2,3,Rate,2016,4860.7817954436005,5402.89000018101,4438.0787646783
1,All Population,5,Prevalence,156,United Arab Emirates,3,Both,27,Age-standardized,976,Diabetes mellitus type 2,3,Rate,2016,13325.28937711189,14445.92600832347,12294.647587902879
1,All Population,5,Prevalence,147,Libya,3,Both,27,Age-standardized,976,Diabetes mellitus type 2,3,Rate,2016,11340.703735653631,12481.26099185709,10395.30656801248
1,All Population,5,Prevalence,152,Saudi Arabia,3,Both,27,Age-standardized,976,Diabetes mellitus type 2,3,Rate,2016,19703.83552556854,21236.47871626268,18240.83194805472
1,All Population,5,Prevalence,163,India,3,Both,27,Age-standardized,976,Diabetes mellitus type 2,3,Rate,2016,7292.3275929068195,7940.111834779889,6685.01185886082
1,All Population,5,Prevalence,416,Tuvalu,3,Both,27,Age-standardized,976,Diabetes mellitus type 2,3,Rate,2008,8647.7144562653,9353.89425672328,7926.324980672201
1,All Population,5,Prevalence,161,Bangladesh,3,Both,27,Age-standardized,976,Diabetes mellitus type 2,3,Rate,2016,6283.126208107779,6667.426573485739,5881.9088780936
1,All Population,5,Prevalence,172,Equatorial Guinea,3,Both,27,Age-standardized,976,Diabetes mellitus type 2,3,Rate,2016,6554.9358809081905,7156.92112346365,6005.47863657581
1,All Population,5,Prevalence,160,Afghanistan,3,Both,27,Age-standardized,976,Diabetes mellitus type 2,3,Rate,2016,9103.267383349039,9812.864191301169,8408.69057844049
1,All Population,5,Prevalence,165,Pakistan,3,Both,27,Age-standardized,976,Diabetes mellitus type 2,3,Rate,2016,8314.35236082178,9080.20992407771,7595.548245477001
1,All Population,5,Prevalence,154,Tunisia,3,Both,27,Age-standardized,976,Diabetes mellitus type 2,3,Rate,2016,8935.36006662126,9703.03862556256,8260.38713941278
1,All Population,5,Prevalence,171,Democratic Republic of the Congo,3,Both,27,Age-standardized,976,Diabetes mellitus type 2,3,Rate,2016,5455.00206208103,5933.92498179041,4967.83191084971
1,All Population,5,Prevalence,169,Central African Republic,3,Both,27,Age-standardized,976,Diabetes mellitus type 2,3,Rate,2016,6074.65320274389,6552.01842113768,5566.03404161895
1,All Population,5,Prevalence,162,Bhutan,3,Both,27,Age-standardized,976,Diabetes mellitus type 2,3,Rate,2016,5013.06793777275,5447.865673886,4650.6947094976495
1,All Population,5,Prevalence,176,Comoros,3,Both,27,Age-standardized,976,Diabetes mellitus type 2,3,Rate,2016,3785.26942772359,4050.3090283569,3519.79391590311
1,All Population,5,Prevalence,173,Gabon,3,Both,27,Age-standardized,976,Diabetes mellitus type 2,3,Rate,2016,7174.127226981899,7863.036904282831,6552.493047849151
1,All Population,5,Prevalence,177,Djibouti,3,Both,27,Age-standardized,976,Diabetes mellitus type 2,3,Rate,2016,3252.63653434651,3524.1146478519695,2995.39167514746
1,All Population,5,Prevalence,178,Eritrea,3,Both,27,Age-standardized,976,Diabetes mellitus type 2,3,Rate,2016,3169.14162833985,3415.05956008709,2913.49901929764
1,All Population,5,Prevalence,182,Malawi,3,Both,27,Age-standardized,976,Diabetes mellitus type 2,3,Rate,2016,2359.26232933104,2533.76290066522,2193.11975056494
1,All Population,5,Prevalence,175,Burundi,3,Both,27,Age-standardized,976,Diabetes mellitus type 2,3,Rate,2016,3006.74478871921,3248.94723291547,2753.15528964989
1,All Population,5,Prevalence,187,Somalia,3,Both,27,Age-standardized,976,Diabetes mellitus type 2,3,Rate,2016,3064.31362894917,3310.98017250952,2815.32577471802
1,All Population,5,Prevalence,180,Kenya,3,Both,27,Age-standardized,976,Diabetes mellitus type 2,3,Rate,2016,3296.57797399839,3608.7984075120303,2994.90837055483
1,All Population,5,Prevalence,184,Mozambique,3,Both,27,Age-standardized,976,Diabetes mellitus type 2,3,Rate,2016,2566.48016231147,2767.78093354171,2379.91458687281
1,All Population,5,Prevalence,186,Seychelles,3,Both,27,Age-standardized,976,Diabetes mellitus type 2,3,Rate,2016,7595.6320530801495,8306.92069250464,6979.22803855881
1,All Population,5,Prevalence,190,Uganda,3,Both,27,Age-standardized,976,Diabetes mellitus type 2,3,Rate,2016,3748.0460310561903,4064.11923394347,3428.49621517282
1,All Population,5,Prevalence,196,South Africa,3,Both,27,Age-standardized,976,Diabetes mellitus type 2,3,Rate,2016,7029.22791438715,7665.13765414822,6399.8576523108195
1,All Population,5,Prevalence,189,United Republic of Tanzania,3,Both,27,Age-standardized,976,Diabetes mellitus type 2,3,Rate,2016,2735.4452093167397,2951.29710752852,2538.67349259524
1,All Population,5,Prevalence,194,Lesotho,3,Both,27,Age-standardized,976,Diabetes mellitus type 2,3,Rate,2016,4093.2607563938004,4405.18732540225,3814.9786694189197
1,All Population,5,Prevalence,203,Cabo Verde,3,Both,27,Age-standardized,976,Diabetes mellitus type 2,3,Rate,2016,5413.720552675471,5859.34483000912,4985.735656759601
1,All Population,5,Prevalence,202,Cameroon,3,Both,27,Age-standardized,976,Diabetes mellitus type 2,3,Rate,2016,4707.60682305264,5118.01840243944,4327.46743518526
1,All Population,5,Prevalence,205,Côte d'Ivoire,3,Both,27,Age-standardized,976,Diabetes mellitus type 2,3,Rate,2016,4679.54971130329,5081.61272385537,4265.53502267194
1,All Population,5,Prevalence,191,Zambia,3,Both,27,Age-standardized,976,Diabetes mellitus type 2,3,Rate,2016,4578.02380330548,4913.0771664904305,4216.729796692221
1,All Population,5,Prevalence,198,Zimbabwe,3,Both,27,Age-standardized,976,Diabetes mellitus type 2,3,Rate,2016,3928.96530829911,4290.89506602798,3606.0938390446704
1,All Population,5,Prevalence,204,Chad,3,Both,27,Age-standardized,976,Diabetes mellitus type 2,3,Rate,2016,4103.67464532762,4452.51705078932,3761.3739475022203
1,All Population,5,Prevalence,211,Mali,3,Both,27,Age-standardized,976,Diabetes mellitus type 2,3,Rate,2016,8100.27103612541,8835.08677302534,7278.98596267601
1,All Population,5,Prevalence,207,Ghana,3,Both,27,Age-standardized,976,Diabetes mellitus type 2,3,Rate,2016,4897.72581605486,5279.63592244614,4538.03054223793
1,All Population,5,Prevalence,193,Botswana,3,Both,27,Age-standardized,976,Diabetes mellitus type 2,3,Rate,2016,4585.7625796478405,4982.78255398916,4241.75805799824
1,All Population,5,Prevalence,200,Benin,3,Both,27,Age-standardized,976,Diabetes mellitus type 2,3,Rate,2016,4143.04144777281,4428.11231475433,3836.64327861637
1,All Population,5,Prevalence,218,Togo,3,Both,27,Age-standardized,976,Diabetes mellitus type 2,3,Rate,2016,3400.0848571549695,3687.14509122193,3109.0340927492603
1,All Population,5,Prevalence,206,Gambia,3,Both,27,Age-standardized,976,Diabetes mellitus type 2,3,Rate,2016,5769.86416831031,6255.24142300158,5266.49830775593
1,All Population,5,Prevalence,213,Niger,3,Both,27,Age-standardized,976,Diabetes mellitus type 2,3,Rate,2016,4112.37315921498,4484.07720517769,3768.7489483494296
1,All Population,5,Prevalence,209,Guinea-Bissau,3,Both,27,Age-standardized,976,Diabetes mellitus type 2,3,Rate,2016,4889.00333444188,5268.41699866759,4503.96332934839
1,All Population,5,Prevalence,217,Sierra Leone,3,Both,27,Age-standardized,976,Diabetes mellitus type 2,3,Rate,2016,4380.94119240583,4773.70673514771,4051.1455299053096
1,All Population,5,Prevalence,208,Guinea,3,Both,27,Age-standardized,976,Diabetes mellitus type 2,3,Rate,2016,3761.9669484591,4042.7552802951504,3500.27156582149
1,All Population,5,Prevalence,215,Sao Tome and Principe,3,Both,27,Age-standardized,976,Diabetes mellitus type 2,3,Rate,2016,5466.73428545136,5990.884503208839,4997.28916628137
1,All Population,5,Prevalence,320,Cook Islands,3,Both,27,Age-standardized,976,Diabetes mellitus type 2,3,Rate,2016,15177.253286089152,16292.416957950758,14155.37473433117
1,All Population,5,Prevalence,298,American Samoa,3,Both,27,Age-standardized,976,Diabetes mellitus type 2,3,Rate,2016,15739.14287095673,16716.44559364633,14922.16115493335
1,All Population,5,Prevalence,305,Bermuda,3,Both,27,Age-standardized,976,Diabetes mellitus type 2,3,Rate,2016,5129.31104330962,5564.31280235129,4714.60620749576
1,All Population,5,Prevalence,349,Greenland,3,Both,27,Age-standardized,976,Diabetes mellitus type 2,3,Rate,2016,2562.29622779431,2842.44950404111,2299.43710198551
1,All Population,5,Prevalence,351,Guam,3,Both,27,Age-standardized,976,Diabetes mellitus type 2,3,Rate,2016,6700.56421458764,7328.15392596393,6183.78767810955
1,All Population,5,Prevalence,374,Niue,3,Both,27,Age-standardized,976,Diabetes mellitus type 2,3,Rate,2016,15388.006292773309,16493.18755673053,14211.924793497828
1,All Population,5,Prevalence,367,Monaco,3,Both,27,Age-standardized,976,Diabetes mellitus type 2,3,Rate,2016,3048.81066927568,3392.72728927964,2739.30697364169
1,All Population,5,Prevalence,369,Nauru,3,Both,27,Age-standardized,976,Diabetes mellitus type 2,3,Rate,2016,14347.35820536396,15260.820830758228,13440.406693266079
1,All Population,5,Prevalence,380,Palau,3,Both,27,Age-standardized,976,Diabetes mellitus type 2,3,Rate,2016,11674.91840984505,12383.79928177578,10942.04982798979
1,All Population,5,Prevalence,435,South Sudan,3,Both,27,Age-standardized,976,Diabetes mellitus type 2,3,Rate,2016,2829.1432385920302,3081.48453100287,2601.19418611229
1,All Population,5,Prevalence,422,United States Virgin Islands,3,Both,27,Age-standardized,976,Diabetes mellitus type 2,3,Rate,2016,7623.57767163114,8294.03035910976,6978.213387885509
1,All Population,5,Prevalence,393,Saint Kitts and Nevis,3,Both,27,Age-standardized,976,Diabetes mellitus type 2,3,Rate,2016,8408.627795759969,9198.90894986025,7736.660270950841
1,All Population,5,Prevalence,413,Tokelau,3,Both,27,Age-standardized,976,Diabetes mellitus type 2,3,Rate,2016,15833.1127744684,16984.520068563088,14659.32239197509
1,All Population,5,Prevalence,522,Sudan,3,Both,27,Age-standardized,976,Diabetes mellitus type 2,3,Rate,2016,7436.08751105998,8137.7992942315595,6837.18420273115
1,All Population,5,Prevalence,10,Cambodia,3,Both,27,Age-standardized,976,Diabetes mellitus type 2,3,Rate,2009,2897.54360156791,3161.01959546067,2650.87910761599
1,All Population,5,Prevalence,12,Lao People's Democratic Republic,3,Both,27,Age-standardized,976,Diabetes mellitus type 2,3,Rate,2009,4252.5152578451,4659.54524379648,3868.2260016721802
1,All Population,5,Prevalence,14,Maldives,3,Both,27,Age-standardized,976,Diabetes mellitus type 2,3,Rate,2009,4086.70841469452,4444.798176192699,3728.92145100337
1,All Population,5,Prevalence,16,Philippines,3,Both,27,Age-standardized,976,Diabetes mellitus type 2,3,Rate,2009,4814.56107179403,5249.48465427444,4337.07271179355
1,All Population,5,Prevalence,25,Micronesia (Federated States of),3,Both,27,Age-standardized,976,Diabetes mellitus type 2,3,Rate,2009,15343.98045407373,16094.10273246845,14538.82931143555
1,All Population,5,Prevalence,27,Samoa,3,Both,27,Age-standardized,976,Diabetes mellitus type 2,3,Rate,2009,11506.16534484182,12315.15607081759,10736.440287044601
1,All Population,5,Prevalence,29,Tonga,3,Both,27,Age-standardized,976,Diabetes mellitus type 2,3,Rate,2009,11874.42975364024,12694.0280137848,11107.736512695301
1,All Population,5,Prevalence,72,New Zealand,3,Both,27,Age-standardized,976,Diabetes mellitus type 2,3,Rate,2009,3076.6225941221,3226.98774575437,2914.61722054079
1,All Population,5,Prevalence,74,Andorra,3,Both,27,Age-standardized,976,Diabetes mellitus type 2,3,Rate,2009,2621.47183841702,2903.22863379105,2341.3823058716603
1,All Population,5,Prevalence,76,Belgium,3,Both,27,Age-standardized,976,Diabetes mellitus type 2,3,Rate,2009,3046.7684601799097,3338.15917162498,2774.31708584632
1,All Population,5,Prevalence,93,Sweden,3,Both,27,Age-standardized,976,Diabetes mellitus type 2,3,Rate,2009,3751.68243322151,4052.0975774206104,3472.8449812142403
1,All Population,5,Prevalence,7,Democratic People's Republic of Korea,3,Both,27,Age-standardized,976,Diabetes mellitus type 2,3,Rate,2017,4956.91849198152,5484.18907349831,4513.67846457656
1,All Population,5,Prevalence,78,Denmark,3,Both,27,Age-standardized,976,Diabetes mellitus type 2,3,Rate,2009,2710.41426361696,2953.98209933291,2496.18054214741
1,All Population,5,Prevalence,6,China,3,Both,27,Age-standardized,976,Diabetes mellitus type 2,3,Rate,2017,5880.8826575296,6413.41411497972,5418.25458863586
1,All Population,5,Prevalence,8,Taiwan,3,Both,27,Age-standardized,976,Diabetes mellitus type 2,3,Rate,2017,5925.73257059174,6350.07118029732,5555.6332557530795
1,All Population,5,Prevalence,11,Indonesia,3,Both,27,Age-standardized,976,Diabetes mellitus type 2,3,Rate,2017,4336.40969223572,4797.02103554566,3891.34147527662
1,All Population,5,Prevalence,106,Bahamas,3,Both,27,Age-standardized,976,Diabetes mellitus type 2,3,Rate,2009,7486.475263939809,7970.60624538172,6960.57267384064
1,All Population,5,Prevalence,87,Luxembourg,3,Both,27,Age-standardized,976,Diabetes mellitus type 2,3,Rate,2009,2792.99681850409,3128.3895925491397,2521.4369096474497
1,All Population,5,Prevalence,18,Thailand,3,Both,27,Age-standardized,976,Diabetes mellitus type 2,3,Rate,2017,4842.32916380139,5261.40517741975,4431.69807870947
1,All Population,5,Prevalence,108,Belize,3,Both,27,Age-standardized,976,Diabetes mellitus type 2,3,Rate,2009,9419.29002272432,10078.7114767721,8743.481940885451
1,All Population,5,Prevalence,13,Malaysia,3,Both,27,Age-standardized,976,Diabetes mellitus type 2,3,Rate,2017,6925.68971653492,7533.2391113637,6368.48449200016
1,All Population,5,Prevalence,117,Saint Vincent and the Grenadines,3,Both,27,Age-standardized,976,Diabetes mellitus type 2,3,Rate,2009,10836.29581198045,11513.529634761451,10037.98806523225
1,All Population,5,Prevalence,89,Netherlands,3,Both,27,Age-standardized,976,Diabetes mellitus type 2,3,Rate,2009,2977.22043821205,3226.0756281894,2723.62979578724
1,All Population,5,Prevalence,20,Viet Nam,3,Both,27,Age-standardized,976,Diabetes mellitus type 2,3,Rate,2017,3358.13812984256,3624.60498197893,3063.1380114602603
1,All Population,5,Prevalence,17,Sri Lanka,3,Both,27,Age-standardized,976,Diabetes mellitus type 2,3,Rate,2017,7827.95096807565,8281.143925300941,7387.34514148343
1,All Population,5,Prevalence,15,Myanmar,3,Both,27,Age-standardized,976,Diabetes mellitus type 2,3,Rate,2017,5863.56094582266,6303.5749065214795,5424.91120921596
1,All Population,5,Prevalence,22,Fiji,3,Both,27,Age-standardized,976,Diabetes mellitus type 2,3,Rate,2017,15606.54704728008,16490.922909331042,14875.134917568781
1,All Population,5,Prevalence,91,Portugal,3,Both,27,Age-standardized,976,Diabetes mellitus type 2,3,Rate,2009,4387.8657718596805,4732.16830922428,4062.49629157247
1,All Population,5,Prevalence,19,Timor-Leste,3,Both,27,Age-standardized,976,Diabetes mellitus type 2,3,Rate,2017,3255.89085284375,3556.9216511253103,2967.8195801779502
1,All Population,5,Prevalence,24,Marshall Islands,3,Both,27,Age-standardized,976,Diabetes mellitus type 2,3,Rate,2017,16829.78510294879,18179.98133520571,15278.858723048119
1,All Population,5,Prevalence,119,Trinidad and Tobago,3,Both,27,Age-standardized,976,Diabetes mellitus type 2,3,Rate,2009,15356.51528991136,16332.640665525849,14273.20030188012
1,All Population,5,Prevalence,26,Papua New Guinea,3,Both,27,Age-standardized,976,Diabetes mellitus type 2,3,Rate,2017,7876.1259024623,8420.53918151093,7350.178202901079
1,All Population,5,Prevalence,132,Panama,3,Both,27,Age-standardized,976,Diabetes mellitus type 2,3,Rate,2009,5900.09678562951,6330.46028344076,5487.217670118011
1,All Population,5,Prevalence,23,Kiribati,3,Both,27,Age-standardized,976,Diabetes mellitus type 2,3,Rate,2017,14190.80032373757,15010.897991526459,13328.206601700529
1,All Population,5,Prevalence,121,Bolivia (Plurinational State of),3,Both,27,Age-standardized,976,Diabetes mellitus type 2,3,Rate,2009,4392.56057352121,4831.11559163951,4039.34740461227
1,All Population,5,Prevalence,102,United States of America,3,Both,27,Age-standardized,976,Diabetes mellitus type 2,3,Rate,2009,5861.278541541759,6191.85369563999,5560.59758140433
1,All Population,5,Prevalence,28,Solomon Islands,3,Both,27,Age-standardized,976,Diabetes mellitus type 2,3,Rate,2017,8867.477440943749,9512.17717027259,8227.51054184722
1,All Population,5,Prevalence,123,Peru,3,Both,27,Age-standardized,976,Diabetes mellitus type 2,3,Rate,2009,2533.32367253935,2789.39319941087,2335.29939089632
1,All Population,5,Prevalence,136,Paraguay,3,Both,27,Age-standardized,976,Diabetes mellitus type 2,3,Rate,2009,5965.43662530635,6364.810435144309,5517.26710178403
1,All Population,5,Prevalence,30,Vanuatu,3,Both,27,Age-standardized,976,Diabetes mellitus type 2,3,Rate,2017,8773.49997374757,9472.59069287933,8132.69660069529
1,All Population,5,Prevalence,151,Qatar,3,Both,27,Age-standardized,976,Diabetes mellitus type 2,3,Rate,2009,13025.14365282434,14088.182604320571,12135.05219774295
1,All Population,5,Prevalence,67,Japan,3,Both,27,Age-standardized,976,Diabetes mellitus type 2,3,Rate,2017,5414.58953548516,5967.76237679924,4860.95568802693
1,All Population,5,Prevalence,66,Brunei Darussalam,3,Both,27,Age-standardized,976,Diabetes mellitus type 2,3,Rate,2017,7730.3318990261,8255.95794767603,7256.27054572371
1,All Population,5,Prevalence,153,Syrian Arab Republic,3,Both,27,Age-standardized,976,Diabetes mellitus type 2,3,Rate,2009,8512.37302135979,9325.40100996809,7757.409339030711
1,All Population,5,Prevalence,69,Singapore,3,Both,27,Age-standardized,976,Diabetes mellitus type 2,3,Rate,2017,4614.329865610451,5053.63779133102,4226.62526846101
1,All Population,5,Prevalence,71,Australia,3,Both,27,Age-standardized,976,Diabetes mellitus type 2,3,Rate,2017,2411.85123624693,2592.10147263946,2220.85984725054
1,All Population,5,Prevalence,68,Republic of Korea,3,Both,27,Age-standardized,976,Diabetes mellitus type 2,3,Rate,2017,5032.69019092048,5175.58092956996,4866.29653177582
1,All Population,5,Prevalence,164,Nepal,3,Both,27,Age-standardized,976,Diabetes mellitus type 2,3,Rate,2009,5520.5354171477,5970.18305744849,5057.94233795022
1,All Population,5,Prevalence,75,Austria,3,Both,27,Age-standardized,976,Diabetes mellitus type 2,3,Rate,2017,2609.15663925669,2808.53227250187,2418.51585212887
1,All Population,5,Prevalence,80,France,3,Both,27,Age-standardized,976,Diabetes mellitus type 2,3,Rate,2017,3643.6977503882404,3990.5423595999896,3370.18992862353
1,All Population,5,Prevalence,77,Cyprus,3,Both,27,Age-standardized,976,Diabetes mellitus type 2,3,Rate,2017,4758.30007086348,5201.00584011247,4392.56607819513
1,All Population,5,Prevalence,79,Finland,3,Both,27,Age-standardized,976,Diabetes mellitus type 2,3,Rate,2017,5170.4899210903595,5601.79072122489,4740.32821789624
1,All Population,5,Prevalence,82,Greece,3,Both,27,Age-standardized,976,Diabetes mellitus type 2,3,Rate,2017,3460.85239445934,3771.4427258612895,3162.3702256999895
1,All Population,5,Prevalence,86,Italy,3,Both,27,Age-standardized,976,Diabetes mellitus type 2,3,Rate,2017,3455.5784492018597,3859.9082490186897,3042.61438741352
1,All Population,5,Prevalence,81,Germany,3,Both,27,Age-standardized,976,Diabetes mellitus type 2,3,Rate,2017,4250.60460901762,4566.17968319733,3937.65568351815
1,All Population,5,Prevalence,84,Ireland,3,Both,27,Age-standardized,976,Diabetes mellitus type 2,3,Rate,2017,2626.40072744873,2863.55806750445,2389.2816783006197
1,All Population,5,Prevalence,95,United Kingdom,3,Both,27,Age-standardized,976,Diabetes mellitus type 2,3,Rate,2017,4674.78096302323,5052.58185013681,4277.346795398141
1,All Population,5,Prevalence,88,Malta,3,Both,27,Age-standardized,976,Diabetes mellitus type 2,3,Rate,2017,3536.69928084469,3831.31104213753,3302.2651634782997
1,All Population,5,Prevalence,168,Angola,3,Both,27,Age-standardized,976,Diabetes mellitus type 2,3,Rate,2009,6442.021023091999,6965.37089797247,5828.67955131775
1,All Population,5,Prevalence,83,Iceland,3,Both,27,Age-standardized,976,Diabetes mellitus type 2,3,Rate,2017,3119.12416969171,3440.0653255543602,2837.33346343138
1,All Population,5,Prevalence,149,Palestine,3,Both,27,Age-standardized,976,Diabetes mellitus type 2,3,Rate,2009,9907.20287660721,10565.98294876885,9288.66809343436
1,All Population,5,Prevalence,179,Ethiopia,3,Both,27,Age-standardized,976,Diabetes mellitus type 2,3,Rate,2009,2840.93701737246,3126.79728945753,2550.00441329649
1,All Population,5,Prevalence,94,Switzerland,3,Both,27,Age-standardized,976,Diabetes mellitus type 2,3,Rate,2017,3116.4992304223997,3388.42086604388,2841.2764363721603
1,All Population,5,Prevalence,170,Congo,3,Both,27,Age-standardized,976,Diabetes mellitus type 2,3,Rate,2009,6299.92521756282,6881.9051907115,5730.61774189622
1,All Population,5,Prevalence,90,Norway,3,Both,27,Age-standardized,976,Diabetes mellitus type 2,3,Rate,2017,3989.97290632735,4476.33861031355,3501.4019881413
1,All Population,5,Prevalence,85,Israel,3,Both,27,Age-standardized,976,Diabetes mellitus type 2,3,Rate,2017,3537.22702518888,3758.43558186089,3356.91204540821
1,All Population,5,Prevalence,181,Madagascar,3,Both,27,Age-standardized,976,Diabetes mellitus type 2,3,Rate,2009,2781.21649700051,3012.86103446582,2538.8949549241797
1,All Population,5,Prevalence,97,Argentina,3,Both,27,Age-standardized,976,Diabetes mellitus type 2,3,Rate,2017,3455.32417037683,3673.14098032345,3233.18184787745
1,All Population,5,Prevalence,98,Chile,3,Both,27,Age-standardized,976,Diabetes mellitus type 2,3,Rate,2017,2202.34053333093,2343.88156599779,2074.72872198094
1,All Population,5,Prevalence,92,Spain,3,Both,27,Age-standardized,976,Diabetes mellitus type 2,3,Rate,2017,4745.6250786869205,5134.1822378670095,4354.87368612211
1,All Population,5,Prevalence,201,Burkina Faso,3,Both,27,Age-standardized,976,Diabetes mellitus type 2,3,Rate,2009,2473.81122242664,2686.1769624366602,2271.50423367203
1,All Population,5,Prevalence,105,Antigua and Barbuda,3,Both,27,Age-standardized,976,Diabetes mellitus type 2,3,Rate,2017,8440.87760401117,9055.21550473296,7801.82116745117
1,All Population,5,Prevalence,99,Uruguay,3,Both,27,Age-standardized,976,Diabetes mellitus type 2,3,Rate,2017,3251.02817175504,3483.46186254392,3042.75187777307
1,All Population,5,Prevalence,109,Cuba,3,Both,27,Age-standardized,976,Diabetes mellitus type 2,3,Rate,2017,4195.81770209423,4547.02966901965,3905.8209985757403
1,All Population,5,Prevalence,210,Liberia,3,Both,27,Age-standardized,976,Diabetes mellitus type 2,3,Rate,2009,4824.9723399768,5225.61312173577,4447.54365501095
1,All Population,5,Prevalence,110,Dominica,3,Both,27,Age-standardized,976,Diabetes mellitus type 2,3,Rate,2017,9902.429611564601,10649.97115294281,9164.24872253858
1,All Population,5,Prevalence,107,Barbados,3,Both,27,Age-standardized,976,Diabetes mellitus type 2,3,Rate,2017,10242.83254084888,10927.11118621037,9522.342769096811
1,All Population,5,Prevalence,183,Mauritius,3,Both,27,Age-standardized,976,Diabetes mellitus type 2,3,Rate,2009,12205.48855164019,12683.049258579671,11751.53976554743
1,All Population,5,Prevalence,212,Mauritania,3,Both,27,Age-standardized,976,Diabetes mellitus type 2,3,Rate,2009,5389.67549403074,5861.03187061359,4922.83570749351
1,All Population,5,Prevalence,101,Canada,3,Both,27,Age-standardized,976,Diabetes mellitus type 2,3,Rate,2017,2994.87412987079,3204.36465461096,2791.68597281332
1,All Population,5,Prevalence,112,Grenada,3,Both,27,Age-standardized,976,Diabetes mellitus type 2,3,Rate,2017,10666.12520820997,11317.10590470983,10047.9273313558
1,All Population,5,Prevalence,195,Namibia,3,Both,27,Age-standardized,976,Diabetes mellitus type 2,3,Rate,2009,4506.39972683831,4911.64215738778,4179.46935217489
1,All Population,5,Prevalence,185,Rwanda,3,Both,27,Age-standardized,976,Diabetes mellitus type 2,3,Rate,2009,2498.45645939919,2721.03574439749,2288.86553252821
1,All Population,5,Prevalence,214,Nigeria,3,Both,27,Age-standardized,976,Diabetes mellitus type 2,3,Rate,2009,3491.9295039226904,3827.03333797683,3166.19918208182
1,All Population,5,Prevalence,111,Dominican Republic,3,Both,27,Age-standardized,976,Diabetes mellitus type 2,3,Rate,2017,7357.82120339906,7976.7883654784,6841.3092249688
1,All Population,5,Prevalence,216,Senegal,3,Both,27,Age-standardized,976,Diabetes mellitus type 2,3,Rate,2009,6539.942257363319,7115.4760268462305,5977.280930940789
1,All Population,5,Prevalence,114,Haiti,3,Both,27,Age-standardized,976,Diabetes mellitus type 2,3,Rate,2017,6261.19123504508,6751.4161978969605,5749.25071058361
1,All Population,5,Prevalence,118,Suriname,3,Both,27,Age-standardized,976,Diabetes mellitus type 2,3,Rate,2017,10443.558114829959,11185.62474796295,9763.27571497745
1,All Population,5,Prevalence,113,Guyana,3,Both,27,Age-standardized,976,Diabetes mellitus type 2,3,Rate,2017,10315.62129992723,11180.35418446945,9649.3214933092
1,All Population,5,Prevalence,125,Colombia,3,Both,27,Age-standardized,976,Diabetes mellitus type 2,3,Rate,2017,4892.54619112673,5220.40952955308,4541.47046113824
1,All Population,5,Prevalence,116,Saint Lucia,3,Both,27,Age-standardized,976,Diabetes mellitus type 2,3,Rate,2017,10554.095166845991,11238.43452462556,9681.32003008292
1,All Population,5,Prevalence,197,Eswatini,3,Both,27,Age-standardized,976,Diabetes mellitus type 2,3,Rate,2009,5915.6421478333605,6372.703708576089,5443.95403669561
1,All Population,5,Prevalence,122,Ecuador,3,Both,27,Age-standardized,976,Diabetes mellitus type 2,3,Rate,2017,5716.740883694551,5999.82261388587,5422.2730966627105
1,All Population,5,Prevalence,127,El Salvador,3,Both,27,Age-standardized,976,Diabetes mellitus type 2,3,Rate,2017,6776.6512209906305,7289.66458668067,6236.58195994771
1,All Population,5,Prevalence,115,Jamaica,3,Both,27,Age-standardized,976,Diabetes mellitus type 2,3,Rate,2017,8293.6273684447,8801.34242611907,7786.4934555749
1,All Population,5,Prevalence,126,Costa Rica,3,Both,27,Age-standardized,976,Diabetes mellitus type 2,3,Rate,2017,7437.95376380549,7997.5018315213,6944.44122522246
1,All Population,5,Prevalence,129,Honduras,3,Both,27,Age-standardized,976,Diabetes mellitus type 2,3,Rate,2017,5125.23698515694,5638.33350706373,4673.5587523309005
1,All Population,5,Prevalence,133,Venezuela (Bolivarian Republic of),3,Both,27,Age-standardized,976,Diabetes mellitus type 2,3,Rate,2017,6613.97237149957,7093.97216545479,6159.81263693602
1,All Population,5,Prevalence,140,Bahrain,3,Both,27,Age-standardized,976,Diabetes mellitus type 2,3,Rate,2017,16388.32322057389,17650.11509530765,15247.83012877773
1,All Population,5,Prevalence,128,Guatemala,3,Both,27,Age-standardized,976,Diabetes mellitus type 2,3,Rate,2017,9119.66870487636,9643.15702897759,8711.25528995401
1,All Population,5,Prevalence,396,San Marino,3,Both,27,Age-standardized,976,Diabetes mellitus type 2,3,Rate,2009,3222.10863322228,3554.38384961702,2898.9123790588296
1,All Population,5,Prevalence,135,Brazil,3,Both,27,Age-standardized,976,Diabetes mellitus type 2,3,Rate,2017,5028.46795529791,5548.87381311227,4517.73538275071
1,All Population,5,Prevalence,131,Nicaragua,3,Both,27,Age-standardized,976,Diabetes mellitus type 2,3,Rate,2017,5156.7761919846,5508.30298778396,4809.04853926156
1,All Population,5,Prevalence,142,Iran (Islamic Republic of),3,Both,27,Age-standardized,976,Diabetes mellitus type 2,3,Rate,2017,7133.816903116701,7859.04404480104,6414.48198071256
1,All Population,5,Prevalence,141,Egypt,3,Both,27,Age-standardized,976,Diabetes mellitus type 2,3,Rate,2017,11755.167733873819,12743.37995790964,10848.38216445105
1,All Population,5,Prevalence,130,Mexico,3,Both,27,Age-standardized,976,Diabetes mellitus type 2,3,Rate,2017,11472.22339869191,12433.68223938576,10424.248018223161
1,All Population,5,Prevalence,416,Tuvalu,3,Both,27,Age-standardized,976,Diabetes mellitus type 2,3,Rate,2009,8812.53417598478,9551.08591742152,8080.12583900916
1,All Population,5,Prevalence,139,Algeria,3,Both,27,Age-standardized,976,Diabetes mellitus type 2,3,Rate,2017,9150.21467165962,9920.54761078201,8395.22207917553
1,All Population,5,Prevalence,143,Iraq,3,Both,27,Age-standardized,976,Diabetes mellitus type 2,3,Rate,2017,11600.07626526801,12516.357874468209,10855.39601960153
1,All Population,5,Prevalence,147,Libya,3,Both,27,Age-standardized,976,Diabetes mellitus type 2,3,Rate,2017,11567.090972831149,12732.236848648528,10587.29338753786
1,All Population,5,Prevalence,144,Jordan,3,Both,27,Age-standardized,976,Diabetes mellitus type 2,3,Rate,2017,11534.0969696791,12287.63715812326,10887.04953348934
1,All Population,5,Prevalence,148,Morocco,3,Both,27,Age-standardized,976,Diabetes mellitus type 2,3,Rate,2017,8441.76384457261,9129.59537861628,7816.3936206155095
1,All Population,5,Prevalence,152,Saudi Arabia,3,Both,27,Age-standardized,976,Diabetes mellitus type 2,3,Rate,2017,20069.667315566152,21718.21589617903,18436.97083480019
1,All Population,5,Prevalence,145,Kuwait,3,Both,27,Age-standardized,976,Diabetes mellitus type 2,3,Rate,2017,15595.33114553584,16685.527607711152,14455.227218934699
1,All Population,5,Prevalence,150,Oman,3,Both,27,Age-standardized,976,Diabetes mellitus type 2,3,Rate,2017,9464.36453211482,10206.43401320667,8807.7648326733
1,All Population,5,Prevalence,146,Lebanon,3,Both,27,Age-standardized,976,Diabetes mellitus type 2,3,Rate,2017,10388.7575471035,11192.576744166829,9570.63484190746
1,All Population,5,Prevalence,376,Northern Mariana Islands,3,Both,27,Age-standardized,976,Diabetes mellitus type 2,3,Rate,2009,10536.80148041659,11326.71524538697,9737.080092137041
1,All Population,5,Prevalence,157,Yemen,3,Both,27,Age-standardized,976,Diabetes mellitus type 2,3,Rate,2017,5146.370307793511,5683.1822077220495,4703.85845290639
1,All Population,5,Prevalence,156,United Arab Emirates,3,Both,27,Age-standardized,976,Diabetes mellitus type 2,3,Rate,2017,13675.645573340369,14793.29480690445,12652.54592352483
1,All Population,5,Prevalence,154,Tunisia,3,Both,27,Age-standardized,976,Diabetes mellitus type 2,3,Rate,2017,9119.755415463731,9860.44004433464,8437.84635569132
1,All Population,5,Prevalence,161,Bangladesh,3,Both,27,Age-standardized,976,Diabetes mellitus type 2,3,Rate,2017,6315.726220043601,6717.06023123725,5915.12468232005
1,All Population,5,Prevalence,155,Türkiye,3,Both,27,Age-standardized,976,Diabetes mellitus type 2,3,Rate,2017,7244.291305863269,7750.64845557923,6748.71414421151
1,All Population,5,Prevalence,160,Afghanistan,3,Both,27,Age-standardized,976,Diabetes mellitus type 2,3,Rate,2017,9259.24746581566,9990.90774735048,8551.93887763111
1,All Population,5,Prevalence,163,India,3,Both,27,Age-standardized,976,Diabetes mellitus type 2,3,Rate,2017,7414.9574415424995,8083.427726249851,6797.16386711502
1,All Population,5,Prevalence,385,Puerto Rico,3,Both,27,Age-standardized,976,Diabetes mellitus type 2,3,Rate,2009,8193.95338414827,8700.30294563966,7667.70483156198
1,All Population,5,Prevalence,171,Democratic Republic of the Congo,3,Both,27,Age-standardized,976,Diabetes mellitus type 2,3,Rate,2017,5489.14881571834,5963.7506500460495,5010.95343433659
1,All Population,5,Prevalence,162,Bhutan,3,Both,27,Age-standardized,976,Diabetes mellitus type 2,3,Rate,2017,5023.85744745244,5460.6098841801595,4670.995582105969
1,All Population,5,Prevalence,165,Pakistan,3,Both,27,Age-standardized,976,Diabetes mellitus type 2,3,Rate,2017,8374.03488466979,9149.0001295082,7612.7918792970995
1,All Population,5,Prevalence,172,Equatorial Guinea,3,Both,27,Age-standardized,976,Diabetes mellitus type 2,3,Rate,2017,6635.27225287683,7248.632529502309,6085.81931380235
1,All Population,5,Prevalence,173,Gabon,3,Both,27,Age-standardized,976,Diabetes mellitus type 2,3,Rate,2017,7236.09735676722,7895.87821053101,6630.2929913200705
1,All Population,5,Prevalence,178,Eritrea,3,Both,27,Age-standardized,976,Diabetes mellitus type 2,3,Rate,2017,3186.9062749319,3433.5946818771204,2932.97490094973
1,All Population,5,Prevalence,176,Comoros,3,Both,27,Age-standardized,976,Diabetes mellitus type 2,3,Rate,2017,3820.1166958789204,4091.9368823037603,3564.12117154305
1,All Population,5,Prevalence,187,Somalia,3,Both,27,Age-standardized,976,Diabetes mellitus type 2,3,Rate,2017,3080.70542914181,3325.88680438507,2859.04282852829
1,All Population,5,Prevalence,169,Central African Republic,3,Both,27,Age-standardized,976,Diabetes mellitus type 2,3,Rate,2017,6137.51132668858,6625.7642004088,5634.64698900002
1,All Population,5,Prevalence,180,Kenya,3,Both,27,Age-standardized,976,Diabetes mellitus type 2,3,Rate,2017,3313.27260464904,3627.27136744066,3008.09453493189
1,All Population,5,Prevalence,175,Burundi,3,Both,27,Age-standardized,976,Diabetes mellitus type 2,3,Rate,2017,3021.75282241333,3263.2908395130703,2783.63038574297
1,All Population,5,Prevalence,186,Seychelles,3,Both,27,Age-standardized,976,Diabetes mellitus type 2,3,Rate,2017,7695.79259619184,8433.49333302402,7040.398181462219
1,All Population,5,Prevalence,190,Uganda,3,Both,27,Age-standardized,976,Diabetes mellitus type 2,3,Rate,2017,3763.0914061765498,4085.5332545068604,3471.1717549638997
1,All Population,5,Prevalence,194,Lesotho,3,Both,27,Age-standardized,976,Diabetes mellitus type 2,3,Rate,2017,4121.83657149324,4448.2700569619,3838.6198062660796
1,All Population,5,Prevalence,182,Malawi,3,Both,27,Age-standardized,976,Diabetes mellitus type 2,3,Rate,2017,2374.34476003295,2553.75787071613,2210.38660256315
1,All Population,5,Prevalence,196,South Africa,3,Both,27,Age-standardized,976,Diabetes mellitus type 2,3,Rate,2017,7107.23360846534,7751.8911140643295,6466.889971534701
1,All Population,5,Prevalence,177,Djibouti,3,Both,27,Age-standardized,976,Diabetes mellitus type 2,3,Rate,2017,3269.8656345270097,3555.01661620408,3020.0746053468
1,All Population,5,Prevalence,189,United Republic of Tanzania,3,Both,27,Age-standardized,976,Diabetes mellitus type 2,3,Rate,2017,2752.6882080488704,2960.4923914381,2556.78832970716
1,All Population,5,Prevalence,200,Benin,3,Both,27,Age-standardized,976,Diabetes mellitus type 2,3,Rate,2017,4243.919889709509,4554.2182466082995,3940.1923850091302
1,All Population,5,Prevalence,184,Mozambique,3,Both,27,Age-standardized,976,Diabetes mellitus type 2,3,Rate,2017,2599.78148056927,2800.60050848612,2410.29160538401
1,All Population,5,Prevalence,205,Côte d'Ivoire,3,Both,27,Age-standardized,976,Diabetes mellitus type 2,3,Rate,2017,4712.9281900919505,5099.32223163269,4316.35981801497
1,All Population,5,Prevalence,203,Cabo Verde,3,Both,27,Age-standardized,976,Diabetes mellitus type 2,3,Rate,2017,5410.59603183809,5859.49180156388,4981.36110226712
1,All Population,5,Prevalence,202,Cameroon,3,Both,27,Age-standardized,976,Diabetes mellitus type 2,3,Rate,2017,4773.911051230561,5180.82587700979,4366.8964224192305
1,All Population,5,Prevalence,191,Zambia,3,Both,27,Age-standardized,976,Diabetes mellitus type 2,3,Rate,2017,4646.369579757889,4988.30561961663,4282.00665459066
1,All Population,5,Prevalence,198,Zimbabwe,3,Both,27,Age-standardized,976,Diabetes mellitus type 2,3,Rate,2017,3952.6385991903203,4320.22332643065,3615.4528578228296
1,All Population,5,Prevalence,206,Gambia,3,Both,27,Age-standardized,976,Diabetes mellitus type 2,3,Rate,2017,5807.99970965462,6289.49956471751,5307.12096545662
1,All Population,5,Prevalence,207,Ghana,3,Both,27,Age-standardized,976,Diabetes mellitus type 2,3,Rate,2017,4943.547374756789,5339.96798821072,4545.45974159783
1,All Population,5,Prevalence,193,Botswana,3,Both,27,Age-standardized,976,Diabetes mellitus type 2,3,Rate,2017,4623.93631572678,5009.952847194,4281.879329678321
1,All Population,5,Prevalence,204,Chad,3,Both,27,Age-standardized,976,Diabetes mellitus type 2,3,Rate,2017,4112.80270665494,4460.08002446533,3758.8216889952896
1,All Population,5,Prevalence,211,Mali,3,Both,27,Age-standardized,976,Diabetes mellitus type 2,3,Rate,2017,7987.90283978434,8700.58106278667,7221.43878388157
1,All Population,5,Prevalence,208,Guinea,3,Both,27,Age-standardized,976,Diabetes mellitus type 2,3,Rate,2017,3775.40166565302,4056.73940677977,3506.00940089329
1,All Population,5,Prevalence,218,Togo,3,Both,27,Age-standardized,976,Diabetes mellitus type 2,3,Rate,2017,3419.79590157162,3693.95964509505,3134.5422434213697
1,All Population,5,Prevalence,209,Guinea-Bissau,3,Both,27,Age-standardized,976,Diabetes mellitus type 2,3,Rate,2017,4924.177873972721,5321.39279460392,4531.24889652289
1,All Population,5,Prevalence,213,Niger,3,Both,27,Age-standardized,976,Diabetes mellitus type 2,3,Rate,2017,4138.70610994008,4499.2074815303295,3801.72948776352
1,All Population,5,Prevalence,305,Bermuda,3,Both,27,Age-standardized,976,Diabetes mellitus type 2,3,Rate,2017,5207.3461177777,5649.54574142381,4760.0581871717
1,All Population,5,Prevalence,215,Sao Tome and Principe,3,Both,27,Age-standardized,976,Diabetes mellitus type 2,3,Rate,2017,5551.45446624295,6082.16011241456,5083.96543422595
1,All Population,5,Prevalence,298,American Samoa,3,Both,27,Age-standardized,976,Diabetes mellitus type 2,3,Rate,2017,15858.60751946627,16858.93287486014,15012.930741838778
1,All Population,5,Prevalence,217,Sierra Leone,3,Both,27,Age-standardized,976,Diabetes mellitus type 2,3,Rate,2017,4413.7540087241505,4804.20940458724,4089.2751120871
1,All Population,5,Prevalence,349,Greenland,3,Both,27,Age-standardized,976,Diabetes mellitus type 2,3,Rate,2017,2610.35654798286,2885.80836147274,2350.53191550617
1,All Population,5,Prevalence,320,Cook Islands,3,Both,27,Age-standardized,976,Diabetes mellitus type 2,3,Rate,2017,15313.128799803319,16363.73521516665,14309.04392930283
1,All Population,5,Prevalence,367,Monaco,3,Both,27,Age-standardized,976,Diabetes mellitus type 2,3,Rate,2017,3095.97206309893,3438.64695447546,2789.5550369068897
1,All Population,5,Prevalence,374,Niue,3,Both,27,Age-standardized,976,Diabetes mellitus type 2,3,Rate,2017,15512.793392542831,16624.52185113435,14383.01267962188
1,All Population,5,Prevalence,351,Guam,3,Both,27,Age-standardized,976,Diabetes mellitus type 2,3,Rate,2017,6763.1301681634695,7384.53097385762,6248.18609634135
1,All Population,5,Prevalence,380,Palau,3,Both,27,Age-standardized,976,Diabetes mellitus type 2,3,Rate,2017,11827.058377971649,12569.98428269723,11098.08779887893
1,All Population,5,Prevalence,422,United States Virgin Islands,3,Both,27,Age-standardized,976,Diabetes mellitus type 2,3,Rate,2017,7706.00533808395,8385.6310147121,7056.68027410245
1,All Population,5,Prevalence,413,Tokelau,3,Both,27,Age-standardized,976,Diabetes mellitus type 2,3,Rate,2017,15941.67525006734,17121.62535263863,14785.01405371837
1,All Population,5,Prevalence,369,Nauru,3,Both,27,Age-standardized,976,Diabetes mellitus type 2,3,Rate,2017,14515.26217065336,15434.32502707226,13586.48412519064
1,All Population,5,Prevalence,435,South Sudan,3,Both,27,Age-standardized,976,Diabetes mellitus type 2,3,Rate,2017,2841.90650752091,3080.59998112311,2615.9484762678003
1,All Population,5,Prevalence,393,Saint Kitts and Nevis,3,Both,27,Age-standardized,976,Diabetes mellitus type 2,3,Rate,2017,8499.257707012759,9264.911270372519,7842.5657623807
1,All Population,5,Prevalence,522,Sudan,3,Both,27,Age-standardized,976,Diabetes mellitus type 2,3,Rate,2017,7534.1688046358195,8244.57760481508,6904.75738890638
1,All Population,5,Prevalence,16,Philippines,3,Both,27,Age-standardized,976,Diabetes mellitus type 2,3,Rate,2010,4860.28969457071,5298.78718474475,4376.16607319986
1,All Population,5,Prevalence,10,Cambodia,3,Both,27,Age-standardized,976,Diabetes mellitus type 2,3,Rate,2010,2929.08640921049,3206.22645809764,2670.7714188577
1,All Population,5,Prevalence,12,Lao People's Democratic Republic,3,Both,27,Age-standardized,976,Diabetes mellitus type 2,3,Rate,2010,4295.61082388112,4714.7294227931,3888.13991433252
1,All Population,5,Prevalence,14,Maldives,3,Both,27,Age-standardized,976,Diabetes mellitus type 2,3,Rate,2010,4122.76534146361,4496.28715456766,3761.7716961216497
1,All Population,5,Prevalence,25,Micronesia (Federated States of),3,Both,27,Age-standardized,976,Diabetes mellitus type 2,3,Rate,2010,15534.574990271829,16348.362429256062,14658.68088141575
1,All Population,5,Prevalence,27,Samoa,3,Both,27,Age-standardized,976,Diabetes mellitus type 2,3,Rate,2010,11658.9632209978,12505.86396143041,10861.21655821451
1,All Population,5,Prevalence,29,Tonga,3,Both,27,Age-standardized,976,Diabetes mellitus type 2,3,Rate,2010,12041.1326730636,12916.16611509401,11260.69766405043
1,All Population,5,Prevalence,74,Andorra,3,Both,27,Age-standardized,976,Diabetes mellitus type 2,3,Rate,2010,2628.4869492583503,2920.92529089078,2343.3627952175
1,All Population,5,Prevalence,87,Luxembourg,3,Both,27,Age-standardized,976,Diabetes mellitus type 2,3,Rate,2010,2798.89872898948,3158.60463997058,2539.77626515497
1,All Population,5,Prevalence,76,Belgium,3,Both,27,Age-standardized,976,Diabetes mellitus type 2,3,Rate,2010,3054.36018616055,3373.58990562122,2769.78412604305
1,All Population,5,Prevalence,72,New Zealand,3,Both,27,Age-standardized,976,Diabetes mellitus type 2,3,Rate,2010,3127.1024312775003,3277.8681014855397,2965.810246487
1,All Population,5,Prevalence,89,Netherlands,3,Both,27,Age-standardized,976,Diabetes mellitus type 2,3,Rate,2010,2965.52270561792,3234.4507688925205,2719.09512334597
1,All Population,5,Prevalence,121,Bolivia (Plurinational State of),3,Both,27,Age-standardized,976,Diabetes mellitus type 2,3,Rate,2010,4431.52983775385,4908.33678646231,4040.7765508893704
1,All Population,5,Prevalence,102,United States of America,3,Both,27,Age-standardized,976,Diabetes mellitus type 2,3,Rate,2010,5957.58621721111,6277.152465013721,5664.1558132779
1,All Population,5,Prevalence,78,Denmark,3,Both,27,Age-standardized,976,Diabetes mellitus type 2,3,Rate,2010,2749.4094016478302,3011.94145872684,2522.51936125254
1,All Population,5,Prevalence,132,Panama,3,Both,27,Age-standardized,976,Diabetes mellitus type 2,3,Rate,2010,5980.764470328239,6397.41096632504,5546.54084900395
1,All Population,5,Prevalence,117,Saint Vincent and the Grenadines,3,Both,27,Age-standardized,976,Diabetes mellitus type 2,3,Rate,2010,10829.50327957508,11579.03200937423,10030.49289331606
1,All Population,5,Prevalence,123,Peru,3,Both,27,Age-standardized,976,Diabetes mellitus type 2,3,Rate,2010,2572.78365294974,2841.1115388893,2365.936124586
1,All Population,5,Prevalence,91,Portugal,3,Both,27,Age-standardized,976,Diabetes mellitus type 2,3,Rate,2010,4395.62607789297,4735.62801996696,4058.33663311115
1,All Population,5,Prevalence,106,Bahamas,3,Both,27,Age-standardized,976,Diabetes mellitus type 2,3,Rate,2010,7544.403219326649,8075.96399248162,6935.0232628922395
1,All Population,5,Prevalence,149,Palestine,3,Both,27,Age-standardized,976,Diabetes mellitus type 2,3,Rate,2010,10138.847200257751,10851.09006008626,9474.29577197309
1,All Population,5,Prevalence,119,Trinidad and Tobago,3,Both,27,Age-standardized,976,Diabetes mellitus type 2,3,Rate,2010,15418.8976536728,16379.138874390132,14380.79574558859
1,All Population,5,Prevalence,93,Sweden,3,Both,27,Age-standardized,976,Diabetes mellitus type 2,3,Rate,2010,3787.25438135862,4098.2062241249205,3481.69534701986
1,All Population,5,Prevalence,136,Paraguay,3,Both,27,Age-standardized,976,Diabetes mellitus type 2,3,Rate,2010,6055.79368385954,6530.8027076831195,5580.174329544489
1,All Population,5,Prevalence,108,Belize,3,Both,27,Age-standardized,976,Diabetes mellitus type 2,3,Rate,2010,9514.26377155272,10221.23489183043,8826.86912834007
1,All Population,5,Prevalence,168,Angola,3,Both,27,Age-standardized,976,Diabetes mellitus type 2,3,Rate,2010,6485.11666727962,7041.155640483319,5840.80862527046
1,All Population,5,Prevalence,151,Qatar,3,Both,27,Age-standardized,976,Diabetes mellitus type 2,3,Rate,2010,13201.23375328872,14332.68618275341,12212.66003836818
1,All Population,5,Prevalence,179,Ethiopia,3,Both,27,Age-standardized,976,Diabetes mellitus type 2,3,Rate,2010,2843.3372715146998,3125.18398664157,2556.37519595722
1,All Population,5,Prevalence,164,Nepal,3,Both,27,Age-standardized,976,Diabetes mellitus type 2,3,Rate,2010,5564.19203391188,6009.68155364454,5082.28045873852
1,All Population,5,Prevalence,170,Congo,3,Both,27,Age-standardized,976,Diabetes mellitus type 2,3,Rate,2010,6324.86708262882,6901.472338338351,5747.84849909731
1,All Population,5,Prevalence,153,Syrian Arab Republic,3,Both,27,Age-standardized,976,Diabetes mellitus type 2,3,Rate,2010,8711.01091934096,9558.58072545866,7917.059944263389
1,All Population,5,Prevalence,195,Namibia,3,Both,27,Age-standardized,976,Diabetes mellitus type 2,3,Rate,2010,4543.396379504739,4953.66264253069,4201.77734581986
1,All Population,5,Prevalence,181,Madagascar,3,Both,27,Age-standardized,976,Diabetes mellitus type 2,3,Rate,2010,2788.84478645447,3021.79105993724,2549.84023826462
1,All Population,5,Prevalence,216,Senegal,3,Both,27,Age-standardized,976,Diabetes mellitus type 2,3,Rate,2010,6593.83425210598,7189.843771534141,6011.04383006643
1,All Population,5,Prevalence,210,Liberia,3,Both,27,Age-standardized,976,Diabetes mellitus type 2,3,Rate,2010,4854.28447522904,5259.70064587781,4461.603728750079
1,All Population,5,Prevalence,197,Eswatini,3,Both,27,Age-standardized,976,Diabetes mellitus type 2,3,Rate,2010,5956.4325972548395,6432.46591937064,5468.91064280252
1,All Population,5,Prevalence,183,Mauritius,3,Both,27,Age-standardized,976,Diabetes mellitus type 2,3,Rate,2010,12368.35268787801,12839.4786341595,11844.274902086501
1,All Population,5,Prevalence,212,Mauritania,3,Both,27,Age-standardized,976,Diabetes mellitus type 2,3,Rate,2010,5413.83968531204,5896.87923316271,4927.92370049279
1,All Population,5,Prevalence,376,Northern Mariana Islands,3,Both,27,Age-standardized,976,Diabetes mellitus type 2,3,Rate,2010,10580.67539208706,11391.28417187933,9767.171009095631
1,All Population,5,Prevalence,185,Rwanda,3,Both,27,Age-standardized,976,Diabetes mellitus type 2,3,Rate,2010,2498.33092783797,2715.8376898946403,2294.04150473183
1,All Population,5,Prevalence,201,Burkina Faso,3,Both,27,Age-standardized,976,Diabetes mellitus type 2,3,Rate,2010,2478.90245770868,2700.6738055894803,2272.84613181426
1,All Population,5,Prevalence,214,Nigeria,3,Both,27,Age-standardized,976,Diabetes mellitus type 2,3,Rate,2010,3525.64813985595,3859.1770735681403,3194.14040294985
1,All Population,5,Prevalence,385,Puerto Rico,3,Both,27,Age-standardized,976,Diabetes mellitus type 2,3,Rate,2010,8133.965051190289,8638.63935248574,7619.02429255326
1,All Population,5,Prevalence,7,Democratic People's Republic of Korea,3,Both,27,Age-standardized,976,Diabetes mellitus type 2,3,Rate,2018,4998.87721200329,5548.85010742404,4509.45091858362
1,All Population,5,Prevalence,6,China,3,Both,27,Age-standardized,976,Diabetes mellitus type 2,3,Rate,2018,5996.66711100468,6546.69109066672,5515.62618833303
1,All Population,5,Prevalence,18,Thailand,3,Both,27,Age-standardized,976,Diabetes mellitus type 2,3,Rate,2018,4903.2132789191,5321.12262276459,4472.85479372187
1,All Population,5,Prevalence,8,Taiwan,3,Both,27,Age-standardized,976,Diabetes mellitus type 2,3,Rate,2018,5884.18535312135,6299.45047813269,5532.20101940287
1,All Population,5,Prevalence,11,Indonesia,3,Both,27,Age-standardized,976,Diabetes mellitus type 2,3,Rate,2018,4492.5840141073895,4982.93513307719,4022.54085709714
1,All Population,5,Prevalence,13,Malaysia,3,Both,27,Age-standardized,976,Diabetes mellitus type 2,3,Rate,2018,6964.15618011433,7584.627525847509,6381.75866605197
1,All Population,5,Prevalence,396,San Marino,3,Both,27,Age-standardized,976,Diabetes mellitus type 2,3,Rate,2010,3245.29994367099,3570.36916695311,2908.99713579422
1,All Population,5,Prevalence,17,Sri Lanka,3,Both,27,Age-standardized,976,Diabetes mellitus type 2,3,Rate,2018,7891.77922333006,8390.90968850587,7411.038617765011
1,All Population,5,Prevalence,26,Papua New Guinea,3,Both,27,Age-standardized,976,Diabetes mellitus type 2,3,Rate,2018,7961.9375021024,8536.02756296092,7425.430282460819
1,All Population,5,Prevalence,20,Viet Nam,3,Both,27,Age-standardized,976,Diabetes mellitus type 2,3,Rate,2018,3412.13195330872,3692.6837265881395,3129.72179577585
1,All Population,5,Prevalence,15,Myanmar,3,Both,27,Age-standardized,976,Diabetes mellitus type 2,3,Rate,2018,5912.4039100343,6383.46838215938,5456.86106682913
1,All Population,5,Prevalence,19,Timor-Leste,3,Both,27,Age-standardized,976,Diabetes mellitus type 2,3,Rate,2018,3300.7667012707902,3605.68905229042,3008.3578998057096
1,All Population,5,Prevalence,23,Kiribati,3,Both,27,Age-standardized,976,Diabetes mellitus type 2,3,Rate,2018,14341.778469046229,15236.267473225478,13457.320747474061
1,All Population,5,Prevalence,22,Fiji,3,Both,27,Age-standardized,976,Diabetes mellitus type 2,3,Rate,2018,15699.79802946889,16544.18391986189,14913.127421733161
1,All Population,5,Prevalence,28,Solomon Islands,3,Both,27,Age-standardized,976,Diabetes mellitus type 2,3,Rate,2018,8983.05696748943,9635.48693796099,8351.85430801527
1,All Population,5,Prevalence,24,Marshall Islands,3,Both,27,Age-standardized,976,Diabetes mellitus type 2,3,Rate,2018,16970.89423077757,18385.71237637811,15361.675242201289
1,All Population,5,Prevalence,30,Vanuatu,3,Both,27,Age-standardized,976,Diabetes mellitus type 2,3,Rate,2018,8850.6319743926,9554.554876891929,8208.71753438297
1,All Population,5,Prevalence,416,Tuvalu,3,Both,27,Age-standardized,976,Diabetes mellitus type 2,3,Rate,2010,8980.16500217488,9753.803834302691,8245.392896143381
1,All Population,5,Prevalence,66,Brunei Darussalam,3,Both,27,Age-standardized,976,Diabetes mellitus type 2,3,Rate,2018,7792.43951251279,8353.65191437436,7313.95785720337
1,All Population,5,Prevalence,67,Japan,3,Both,27,Age-standardized,976,Diabetes mellitus type 2,3,Rate,2018,5361.48149548725,5910.5324023418,4809.59624270172
1,All Population,5,Prevalence,68,Republic of Korea,3,Both,27,Age-standardized,976,Diabetes mellitus type 2,3,Rate,2018,5088.243356920831,5230.68100785935,4915.08665874918
1,All Population,5,Prevalence,71,Australia,3,Both,27,Age-standardized,976,Diabetes mellitus type 2,3,Rate,2018,2394.1494557249002,2579.50775356329,2194.7466052699297
1,All Population,5,Prevalence,69,Singapore,3,Both,27,Age-standardized,976,Diabetes mellitus type 2,3,Rate,2018,4569.03836880057,5002.43418556499,4202.36920638641
1,All Population,5,Prevalence,79,Finland,3,Both,27,Age-standardized,976,Diabetes mellitus type 2,3,Rate,2018,5127.16671038064,5587.5335460486,4714.9000463714
1,All Population,5,Prevalence,75,Austria,3,Both,27,Age-standardized,976,Diabetes mellitus type 2,3,Rate,2018,2593.6848148068298,2798.92379074231,2403.09667527953
1,All Population,5,Prevalence,80,France,3,Both,27,Age-standardized,976,Diabetes mellitus type 2,3,Rate,2018,3636.01880676876,3962.8370474070502,3360.0321035093098
1,All Population,5,Prevalence,77,Cyprus,3,Both,27,Age-standardized,976,Diabetes mellitus type 2,3,Rate,2018,4807.376305941139,5242.314038406929,4447.33554536558
1,All Population,5,Prevalence,82,Greece,3,Both,27,Age-standardized,976,Diabetes mellitus type 2,3,Rate,2018,3485.63864508704,3812.2803235924102,3147.18717823416
1,All Population,5,Prevalence,81,Germany,3,Both,27,Age-standardized,976,Diabetes mellitus type 2,3,Rate,2018,4289.89392114693,4614.04682040945,3959.63413855731
1,All Population,5,Prevalence,84,Ireland,3,Both,27,Age-standardized,976,Diabetes mellitus type 2,3,Rate,2018,2684.9552858371003,2907.95295404105,2447.57795085744
1,All Population,5,Prevalence,86,Italy,3,Both,27,Age-standardized,976,Diabetes mellitus type 2,3,Rate,2018,3515.02044168992,3918.84190557696,3099.91630567622
1,All Population,5,Prevalence,83,Iceland,3,Both,27,Age-standardized,976,Diabetes mellitus type 2,3,Rate,2018,3168.72925082426,3488.6081698764197,2897.1426855868904
1,All Population,5,Prevalence,95,United Kingdom,3,Both,27,Age-standardized,976,Diabetes mellitus type 2,3,Rate,2018,4764.7542679773505,5157.13162759333,4352.42207082442
1,All Population,5,Prevalence,88,Malta,3,Both,27,Age-standardized,976,Diabetes mellitus type 2,3,Rate,2018,3567.5157586911305,3885.4205699885997,3331.88195085211
1,All Population,5,Prevalence,94,Switzerland,3,Both,27,Age-standardized,976,Diabetes mellitus type 2,3,Rate,2018,3135.7071391268696,3429.32598956901,2860.08548397012
1,All Population,5,Prevalence,85,Israel,3,Both,27,Age-standardized,976,Diabetes mellitus type 2,3,Rate,2018,3545.73226789726,3768.87707345959,3355.84814376513
1,All Population,5,Prevalence,97,Argentina,3,Both,27,Age-standardized,976,Diabetes mellitus type 2,3,Rate,2018,3494.4512019008403,3718.9873971924103,3279.6926017249802
1,All Population,5,Prevalence,90,Norway,3,Both,27,Age-standardized,976,Diabetes mellitus type 2,3,Rate,2018,3987.42519851364,4478.03783802862,3494.1600644925497
1,All Population,5,Prevalence,105,Antigua and Barbuda,3,Both,27,Age-standardized,976,Diabetes mellitus type 2,3,Rate,2018,8501.431169911031,9083.68996310901,7871.93591787899
1,All Population,5,Prevalence,98,Chile,3,Both,27,Age-standardized,976,Diabetes mellitus type 2,3,Rate,2018,2216.94435846823,2362.02331950024,2080.64634600746
1,All Population,5,Prevalence,99,Uruguay,3,Both,27,Age-standardized,976,Diabetes mellitus type 2,3,Rate,2018,3254.54797987055,3491.19947882328,3037.96143497106
1,All Population,5,Prevalence,92,Spain,3,Both,27,Age-standardized,976,Diabetes mellitus type 2,3,Rate,2018,4800.763783153599,5201.07327586495,4413.47674042403
1,All Population,5,Prevalence,107,Barbados,3,Both,27,Age-standardized,976,Diabetes mellitus type 2,3,Rate,2018,10320.4778794066,11040.71152662964,9590.98233740451
1,All Population,5,Prevalence,101,Canada,3,Both,27,Age-standardized,976,Diabetes mellitus type 2,3,Rate,2018,3040.44732512509,3247.3184435524,2837.89426184059
1,All Population,5,Prevalence,110,Dominica,3,Both,27,Age-standardized,976,Diabetes mellitus type 2,3,Rate,2018,10028.720919049081,10755.972718786621,9307.26574309192
1,All Population,5,Prevalence,112,Grenada,3,Both,27,Age-standardized,976,Diabetes mellitus type 2,3,Rate,2018,10736.83996823688,11421.4067389999,10116.93625341612
1,All Population,5,Prevalence,114,Haiti,3,Both,27,Age-standardized,976,Diabetes mellitus type 2,3,Rate,2018,6307.95948085131,6830.7052997540795,5796.5371799265895
1,All Population,5,Prevalence,109,Cuba,3,Both,27,Age-standardized,976,Diabetes mellitus type 2,3,Rate,2018,4282.75740658556,4636.85348306188,3986.8360270451403
1,All Population,5,Prevalence,118,Suriname,3,Both,27,Age-standardized,976,Diabetes mellitus type 2,3,Rate,2018,10563.10901704798,11366.72577494055,9842.36961246831
1,All Population,5,Prevalence,126,Costa Rica,3,Both,27,Age-standardized,976,Diabetes mellitus type 2,3,Rate,2018,7523.27751901667,8108.9338878793,6983.46480830328
1,All Population,5,Prevalence,122,Ecuador,3,Both,27,Age-standardized,976,Diabetes mellitus type 2,3,Rate,2018,5792.21355681087,6071.549004689579,5468.26183064021
1,All Population,5,Prevalence,116,Saint Lucia,3,Both,27,Age-standardized,976,Diabetes mellitus type 2,3,Rate,2018,10562.05461654421,11281.88080717618,9679.21935911032
1,All Population,5,Prevalence,111,Dominican Republic,3,Both,27,Age-standardized,976,Diabetes mellitus type 2,3,Rate,2018,7452.269145577719,8095.617286850371,6933.10056409622
1,All Population,5,Prevalence,127,El Salvador,3,Both,27,Age-standardized,976,Diabetes mellitus type 2,3,Rate,2018,6858.41024365561,7377.33606385878,6316.5910048322
1,All Population,5,Prevalence,113,Guyana,3,Both,27,Age-standardized,976,Diabetes mellitus type 2,3,Rate,2018,10315.78576528972,11128.17433399163,9632.84411927867
1,All Population,5,Prevalence,125,Colombia,3,Both,27,Age-standardized,976,Diabetes mellitus type 2,3,Rate,2018,5029.56169605439,5369.546444636881,4649.23724767201
1,All Population,5,Prevalence,129,Honduras,3,Both,27,Age-standardized,976,Diabetes mellitus type 2,3,Rate,2018,5177.73601707327,5693.23470339883,4726.61354592667
1,All Population,5,Prevalence,128,Guatemala,3,Both,27,Age-standardized,976,Diabetes mellitus type 2,3,Rate,2018,9204.4200184407,9696.10311765928,8800.99190895433
1,All Population,5,Prevalence,115,Jamaica,3,Both,27,Age-standardized,976,Diabetes mellitus type 2,3,Rate,2018,8440.55283927523,8991.2256489532,7879.65736330999
1,All Population,5,Prevalence,133,Venezuela (Bolivarian Republic of),3,Both,27,Age-standardized,976,Diabetes mellitus type 2,3,Rate,2018,6681.7579148631,7179.509249911021,6224.928982183929
1,All Population,5,Prevalence,130,Mexico,3,Both,27,Age-standardized,976,Diabetes mellitus type 2,3,Rate,2018,11410.57313119143,12370.18362282188,10356.75139747633
1,All Population,5,Prevalence,131,Nicaragua,3,Both,27,Age-standardized,976,Diabetes mellitus type 2,3,Rate,2018,5210.775215935911,5576.40228318319,4840.31073950282
1,All Population,5,Prevalence,140,Bahrain,3,Both,27,Age-standardized,976,Diabetes mellitus type 2,3,Rate,2018,16722.85740052073,18008.01674765836,15601.49481171238
1,All Population,5,Prevalence,135,Brazil,3,Both,27,Age-standardized,976,Diabetes mellitus type 2,3,Rate,2018,5175.9066637204105,5713.53322212793,4644.312496511329
1,All Population,5,Prevalence,142,Iran (Islamic Republic of),3,Both,27,Age-standardized,976,Diabetes mellitus type 2,3,Rate,2018,7170.35138600821,7925.14435888773,6431.29756948026
1,All Population,5,Prevalence,141,Egypt,3,Both,27,Age-standardized,976,Diabetes mellitus type 2,3,Rate,2018,12012.46398902171,12954.10478553391,11098.28724148543
1,All Population,5,Prevalence,139,Algeria,3,Both,27,Age-standardized,976,Diabetes mellitus type 2,3,Rate,2018,9398.93289864009,10193.59846152056,8615.48493367099
1,All Population,5,Prevalence,143,Iraq,3,Both,27,Age-standardized,976,Diabetes mellitus type 2,3,Rate,2018,11840.01486034636,12797.22438126045,11051.09842697539
1,All Population,5,Prevalence,144,Jordan,3,Both,27,Age-standardized,976,Diabetes mellitus type 2,3,Rate,2018,11676.35472525998,12458.62081761976,11006.26199423983
1,All Population,5,Prevalence,148,Morocco,3,Both,27,Age-standardized,976,Diabetes mellitus type 2,3,Rate,2018,8652.66309787763,9359.137392219249,8006.576220943901
1,All Population,5,Prevalence,155,Türkiye,3,Both,27,Age-standardized,976,Diabetes mellitus type 2,3,Rate,2018,7380.586161108189,7930.95602211341,6854.187185723121
1,All Population,5,Prevalence,146,Lebanon,3,Both,27,Age-standardized,976,Diabetes mellitus type 2,3,Rate,2018,10651.38724027286,11472.30426569794,9855.009276963441
1,All Population,5,Prevalence,145,Kuwait,3,Both,27,Age-standardized,976,Diabetes mellitus type 2,3,Rate,2018,16030.16326126864,17165.21164495969,14815.538254287969
1,All Population,5,Prevalence,157,Yemen,3,Both,27,Age-standardized,976,Diabetes mellitus type 2,3,Rate,2018,5462.67994457744,5989.61122923891,4968.83913385717
1,All Population,5,Prevalence,150,Oman,3,Both,27,Age-standardized,976,Diabetes mellitus type 2,3,Rate,2018,9755.0930952172,10485.337088087921,9060.425349080831
1,All Population,5,Prevalence,156,United Arab Emirates,3,Both,27,Age-standardized,976,Diabetes mellitus type 2,3,Rate,2018,14056.730297176002,15237.59247756673,13023.456989202108
1,All Population,5,Prevalence,147,Libya,3,Both,27,Age-standardized,976,Diabetes mellitus type 2,3,Rate,2018,11794.19829044798,12983.96432350607,10793.97801461153
1,All Population,5,Prevalence,163,India,3,Both,27,Age-standardized,976,Diabetes mellitus type 2,3,Rate,2018,7536.757837969931,8225.574228823181,6901.58950192062
1,All Population,5,Prevalence,161,Bangladesh,3,Both,27,Age-standardized,976,Diabetes mellitus type 2,3,Rate,2018,6346.718408938979,6791.569397209641,5945.98573616764
1,All Population,5,Prevalence,160,Afghanistan,3,Both,27,Age-standardized,976,Diabetes mellitus type 2,3,Rate,2018,9422.23208969145,10187.55767506004,8693.88570183808
1,All Population,5,Prevalence,152,Saudi Arabia,3,Both,27,Age-standardized,976,Diabetes mellitus type 2,3,Rate,2018,20481.24514205726,22242.63938195758,18723.898301006968
1,All Population,5,Prevalence,165,Pakistan,3,Both,27,Age-standardized,976,Diabetes mellitus type 2,3,Rate,2018,8431.91238518943,9211.922186003769,7663.45434806379
1,All Population,5,Prevalence,171,Democratic Republic of the Congo,3,Both,27,Age-standardized,976,Diabetes mellitus type 2,3,Rate,2018,5529.5409225761105,6011.4878681223,5058.25959168606
1,All Population,5,Prevalence,169,Central African Republic,3,Both,27,Age-standardized,976,Diabetes mellitus type 2,3,Rate,2018,6201.67010678291,6702.41685547555,5678.04644067874
1,All Population,5,Prevalence,162,Bhutan,3,Both,27,Age-standardized,976,Diabetes mellitus type 2,3,Rate,2018,5028.7635194961895,5468.94039595328,4651.26762098041
1,All Population,5,Prevalence,176,Comoros,3,Both,27,Age-standardized,976,Diabetes mellitus type 2,3,Rate,2018,3854.3905970491696,4111.21703170739,3591.78908007391
1,All Population,5,Prevalence,154,Tunisia,3,Both,27,Age-standardized,976,Diabetes mellitus type 2,3,Rate,2018,9305.27337720918,10017.145913383769,8595.360549950381
1,All Population,5,Prevalence,172,Equatorial Guinea,3,Both,27,Age-standardized,976,Diabetes mellitus type 2,3,Rate,2018,6723.92132688944,7330.51111943144,6157.74235705517
1,All Population,5,Prevalence,173,Gabon,3,Both,27,Age-standardized,976,Diabetes mellitus type 2,3,Rate,2018,7302.80639323,7935.2431772870505,6706.42540852486
1,All Population,5,Prevalence,178,Eritrea,3,Both,27,Age-standardized,976,Diabetes mellitus type 2,3,Rate,2018,3206.2346288950503,3460.18612883897,2958.62488276054
1,All Population,5,Prevalence,175,Burundi,3,Both,27,Age-standardized,976,Diabetes mellitus type 2,3,Rate,2018,3038.44619653951,3282.25871834238,2810.93483042293
1,All Population,5,Prevalence,180,Kenya,3,Both,27,Age-standardized,976,Diabetes mellitus type 2,3,Rate,2018,3331.06126650645,3646.60016786206,3022.87350046101
1,All Population,5,Prevalence,177,Djibouti,3,Both,27,Age-standardized,976,Diabetes mellitus type 2,3,Rate,2018,3285.5699944898397,3551.16270053617,3034.17374356983
1,All Population,5,Prevalence,187,Somalia,3,Both,27,Age-standardized,976,Diabetes mellitus type 2,3,Rate,2018,3098.25622492265,3352.80242451358,2882.2874896438097
1,All Population,5,Prevalence,190,Uganda,3,Both,27,Age-standardized,976,Diabetes mellitus type 2,3,Rate,2018,3782.40530038189,4114.12338223215,3510.0610484039703
1,All Population,5,Prevalence,182,Malawi,3,Both,27,Age-standardized,976,Diabetes mellitus type 2,3,Rate,2018,2393.50848440212,2578.73622382464,2212.1625025961803
1,All Population,5,Prevalence,184,Mozambique,3,Both,27,Age-standardized,976,Diabetes mellitus type 2,3,Rate,2018,2636.46146082808,2850.77647032371,2433.29467132957
1,All Population,5,Prevalence,189,United Republic of Tanzania,3,Both,27,Age-standardized,976,Diabetes mellitus type 2,3,Rate,2018,2769.3381642088298,2979.74176209276,2569.9039321924097
1,All Population,5,Prevalence,186,Seychelles,3,Both,27,Age-standardized,976,Diabetes mellitus type 2,3,Rate,2018,7798.2061736241,8553.01474574629,7135.16850739612
1,All Population,5,Prevalence,191,Zambia,3,Both,27,Age-standardized,976,Diabetes mellitus type 2,3,Rate,2018,4724.1023998703195,5080.40235021977,4331.61795805328
1,All Population,5,Prevalence,196,South Africa,3,Both,27,Age-standardized,976,Diabetes mellitus type 2,3,Rate,2018,7188.37224971299,7839.09764478536,6531.47255580421
1,All Population,5,Prevalence,194,Lesotho,3,Both,27,Age-standardized,976,Diabetes mellitus type 2,3,Rate,2018,4151.25998274346,4510.36834884555,3848.21390387851
1,All Population,5,Prevalence,193,Botswana,3,Both,27,Age-standardized,976,Diabetes mellitus type 2,3,Rate,2018,4670.24750073219,5063.02204082335,4314.6754394523405
1,All Population,5,Prevalence,203,Cabo Verde,3,Both,27,Age-standardized,976,Diabetes mellitus type 2,3,Rate,2018,5404.68667095847,5846.43677976944,4961.74593785706
1,All Population,5,Prevalence,198,Zimbabwe,3,Both,27,Age-standardized,976,Diabetes mellitus type 2,3,Rate,2018,3978.18936728543,4336.36822409771,3643.06493033659
1,All Population,5,Prevalence,202,Cameroon,3,Both,27,Age-standardized,976,Diabetes mellitus type 2,3,Rate,2018,4836.113049408939,5265.96290136662,4397.98411659227
1,All Population,5,Prevalence,200,Benin,3,Both,27,Age-standardized,976,Diabetes mellitus type 2,3,Rate,2018,4352.04421704764,4690.17834386651,4025.2645527265795
1,All Population,5,Prevalence,205,Côte d'Ivoire,3,Both,27,Age-standardized,976,Diabetes mellitus type 2,3,Rate,2018,4751.07353235076,5163.20466263579,4351.78976207685
1,All Population,5,Prevalence,204,Chad,3,Both,27,Age-standardized,976,Diabetes mellitus type 2,3,Rate,2018,4124.0849946832195,4469.85594902505,3767.1837212954397
1,All Population,5,Prevalence,209,Guinea-Bissau,3,Both,27,Age-standardized,976,Diabetes mellitus type 2,3,Rate,2018,4961.733142592039,5379.31602009839,4554.2007541679595
1,All Population,5,Prevalence,211,Mali,3,Both,27,Age-standardized,976,Diabetes mellitus type 2,3,Rate,2018,7851.93417502853,8591.07829633055,7142.8922791427
1,All Population,5,Prevalence,207,Ghana,3,Both,27,Age-standardized,976,Diabetes mellitus type 2,3,Rate,2018,4991.03903081772,5415.12729547591,4576.63578281461
1,All Population,5,Prevalence,206,Gambia,3,Both,27,Age-standardized,976,Diabetes mellitus type 2,3,Rate,2018,5848.91160844679,6336.86443824006,5346.658340680429
1,All Population,5,Prevalence,218,Togo,3,Both,27,Age-standardized,976,Diabetes mellitus type 2,3,Rate,2018,3443.02606640512,3717.8982102554296,3149.06658941657
1,All Population,5,Prevalence,213,Niger,3,Both,27,Age-standardized,976,Diabetes mellitus type 2,3,Rate,2018,4169.1742605042,4510.59560866429,3829.55313785371
1,All Population,5,Prevalence,217,Sierra Leone,3,Both,27,Age-standardized,976,Diabetes mellitus type 2,3,Rate,2018,4447.60409551632,4845.50952200462,4113.597040661731
1,All Population,5,Prevalence,208,Guinea,3,Both,27,Age-standardized,976,Diabetes mellitus type 2,3,Rate,2018,3789.62719345674,4085.61164249449,3509.5460874730798
1,All Population,5,Prevalence,215,Sao Tome and Principe,3,Both,27,Age-standardized,976,Diabetes mellitus type 2,3,Rate,2018,5641.8965532413495,6156.5562156286505,5154.1791841841505
1,All Population,5,Prevalence,320,Cook Islands,3,Both,27,Age-standardized,976,Diabetes mellitus type 2,3,Rate,2018,15478.111881375258,16542.88779565771,14407.462282679831
1,All Population,5,Prevalence,305,Bermuda,3,Both,27,Age-standardized,976,Diabetes mellitus type 2,3,Rate,2018,5296.97441230181,5802.67817922782,4849.1350049291195
1,All Population,5,Prevalence,351,Guam,3,Both,27,Age-standardized,976,Diabetes mellitus type 2,3,Rate,2018,6831.240928778349,7467.25158695848,6315.00336342945
1,All Population,5,Prevalence,298,American Samoa,3,Both,27,Age-standardized,976,Diabetes mellitus type 2,3,Rate,2018,16000.65805520871,17003.75307936418,15115.238287172051
1,All Population,5,Prevalence,374,Niue,3,Both,27,Age-standardized,976,Diabetes mellitus type 2,3,Rate,2018,15640.000963499251,16790.46174825345,14455.40220195137
1,All Population,5,Prevalence,349,Greenland,3,Both,27,Age-standardized,976,Diabetes mellitus type 2,3,Rate,2018,2666.00162816972,2953.67334161057,2403.76693932425
1,All Population,5,Prevalence,369,Nauru,3,Both,27,Age-standardized,976,Diabetes mellitus type 2,3,Rate,2018,14713.72762561607,15644.24073530003,13801.92733194902
1,All Population,5,Prevalence,367,Monaco,3,Both,27,Age-standardized,976,Diabetes mellitus type 2,3,Rate,2018,3151.6051660605303,3501.7566020830805,2836.45177519478
1,All Population,5,Prevalence,380,Palau,3,Both,27,Age-standardized,976,Diabetes mellitus type 2,3,Rate,2018,11976.44432559613,12799.84728319013,11228.8835305904
1,All Population,5,Prevalence,435,South Sudan,3,Both,27,Age-standardized,976,Diabetes mellitus type 2,3,Rate,2018,2855.7006372835,3093.5982722888,2637.97401908112
1,All Population,5,Prevalence,393,Saint Kitts and Nevis,3,Both,27,Age-standardized,976,Diabetes mellitus type 2,3,Rate,2018,8598.58656378561,9333.32932557975,7957.6747900802
1,All Population,5,Prevalence,422,United States Virgin Islands,3,Both,27,Age-standardized,976,Diabetes mellitus type 2,3,Rate,2018,7794.220356223459,8495.49127051625,7148.2860865445
1,All Population,5,Prevalence,413,Tokelau,3,Both,27,Age-standardized,976,Diabetes mellitus type 2,3,Rate,2018,16055.95570050571,17253.14144789062,14834.016458742799
1,All Population,5,Prevalence,522,Sudan,3,Both,27,Age-standardized,976,Diabetes mellitus type 2,3,Rate,2018,7631.84111976862,8348.27869068014,7000.185638018081
1,All Population,5,Prevalence,10,Cambodia,3,Both,27,Age-standardized,976,Diabetes mellitus type 2,3,Rate,2011,2961.08566557186,3221.2855967559303,2706.5277011375897
1,All Population,5,Prevalence,25,Micronesia (Federated States of),3,Both,27,Age-standardized,976,Diabetes mellitus type 2,3,Rate,2011,15807.301865529449,16606.97499457084,14959.852084163169
1,All Population,5,Prevalence,12,Lao People's Democratic Republic,3,Both,27,Age-standardized,976,Diabetes mellitus type 2,3,Rate,2011,4328.62797581706,4735.56141660708,3930.6347241862904
1,All Population,5,Prevalence,27,Samoa,3,Both,27,Age-standardized,976,Diabetes mellitus type 2,3,Rate,2011,11847.42660465697,12666.072309380921,11032.96411198861
1,All Population,5,Prevalence,72,New Zealand,3,Both,27,Age-standardized,976,Diabetes mellitus type 2,3,Rate,2011,3169.93730344114,3319.4992800166,3013.88255085251
1,All Population,5,Prevalence,29,Tonga,3,Both,27,Age-standardized,976,Diabetes mellitus type 2,3,Rate,2011,12196.06055881314,13032.937242460292,11433.95375819455
1,All Population,5,Prevalence,7,Democratic People's Republic of Korea,3,Both,27,Age-standardized,976,Diabetes mellitus type 2,3,Rate,2019,5037.78772779317,5583.5011798428295,4521.2728423115095
1,All Population,5,Prevalence,14,Maldives,3,Both,27,Age-standardized,976,Diabetes mellitus type 2,3,Rate,2011,4150.87049858781,4525.0680936721,3798.9723041306897
1,All Population,5,Prevalence,91,Portugal,3,Both,27,Age-standardized,976,Diabetes mellitus type 2,3,Rate,2011,4390.23384952986,4721.667621714029,4060.3492725387
1,All Population,5,Prevalence,6,China,3,Both,27,Age-standardized,976,Diabetes mellitus type 2,3,Rate,2019,6079.94047814404,6649.25368297994,5583.48971410175
1,All Population,5,Prevalence,8,Taiwan,3,Both,27,Age-standardized,976,Diabetes mellitus type 2,3,Rate,2019,5857.25743222186,6281.2515463931,5473.07387479725
1,All Population,5,Prevalence,11,Indonesia,3,Both,27,Age-standardized,976,Diabetes mellitus type 2,3,Rate,2019,4637.69242347742,5152.1273378511905,4144.09924218115
1,All Population,5,Prevalence,87,Luxembourg,3,Both,27,Age-standardized,976,Diabetes mellitus type 2,3,Rate,2011,2803.85235310079,3139.63324443058,2538.9509105593897
1,All Population,5,Prevalence,102,United States of America,3,Both,27,Age-standardized,976,Diabetes mellitus type 2,3,Rate,2011,6052.7339132917,6380.75294242748,5753.16530009723
1,All Population,5,Prevalence,16,Philippines,3,Both,27,Age-standardized,976,Diabetes mellitus type 2,3,Rate,2011,4920.11499513434,5359.23112433416,4436.35261076353
1,All Population,5,Prevalence,74,Andorra,3,Both,27,Age-standardized,976,Diabetes mellitus type 2,3,Rate,2011,2619.04769355114,2915.96757084916,2339.17066912189
1,All Population,5,Prevalence,13,Malaysia,3,Both,27,Age-standardized,976,Diabetes mellitus type 2,3,Rate,2019,7009.06373111855,7671.07055157354,6349.56597084276
1,All Population,5,Prevalence,18,Thailand,3,Both,27,Age-standardized,976,Diabetes mellitus type 2,3,Rate,2019,4964.44074057047,5405.4094509631095,4515.20080392703
1,All Population,5,Prevalence,93,Sweden,3,Both,27,Age-standardized,976,Diabetes mellitus type 2,3,Rate,2011,3803.1719300394902,4102.35803933769,3503.70150890826
1,All Population,5,Prevalence,15,Myanmar,3,Both,27,Age-standardized,976,Diabetes mellitus type 2,3,Rate,2019,5957.3130163693295,6450.75370902864,5468.689406401149
1,All Population,5,Prevalence,20,Viet Nam,3,Both,27,Age-standardized,976,Diabetes mellitus type 2,3,Rate,2019,3470.6457100821,3770.14024196039,3176.3140898661004
1,All Population,5,Prevalence,17,Sri Lanka,3,Both,27,Age-standardized,976,Diabetes mellitus type 2,3,Rate,2019,7944.49354430362,8465.23269584019,7431.18296000019
1,All Population,5,Prevalence,117,Saint Vincent and the Grenadines,3,Both,27,Age-standardized,976,Diabetes mellitus type 2,3,Rate,2011,10792.76971762807,11510.36705399635,10054.91141285449
1,All Population,5,Prevalence,22,Fiji,3,Both,27,Age-standardized,976,Diabetes mellitus type 2,3,Rate,2019,15798.590096620379,16622.20041977655,15000.52784844361
1,All Population,5,Prevalence,26,Papua New Guinea,3,Both,27,Age-standardized,976,Diabetes mellitus type 2,3,Rate,2019,8032.481579625541,8658.709930713962,7490.415119576261
1,All Population,5,Prevalence,19,Timor-Leste,3,Both,27,Age-standardized,976,Diabetes mellitus type 2,3,Rate,2019,3348.57386302814,3678.48270953339,3037.29673709852
1,All Population,5,Prevalence,24,Marshall Islands,3,Both,27,Age-standardized,976,Diabetes mellitus type 2,3,Rate,2019,17096.078297507782,18549.41938003551,15496.25087300644
1,All Population,5,Prevalence,28,Solomon Islands,3,Both,27,Age-standardized,976,Diabetes mellitus type 2,3,Rate,2019,9083.58870927776,9771.64322386682,8446.66404014807
1,All Population,5,Prevalence,89,Netherlands,3,Both,27,Age-standardized,976,Diabetes mellitus type 2,3,Rate,2011,2953.16508770873,3213.55636540573,2713.97661622917
1,All Population,5,Prevalence,106,Bahamas,3,Both,27,Age-standardized,976,Diabetes mellitus type 2,3,Rate,2011,7606.69250674261,8126.027222352899,7024.82517785599
1,All Population,5,Prevalence,23,Kiribati,3,Both,27,Age-standardized,976,Diabetes mellitus type 2,3,Rate,2019,14460.70069412218,15426.02852409389,13503.97518807455
1,All Population,5,Prevalence,30,Vanuatu,3,Both,27,Age-standardized,976,Diabetes mellitus type 2,3,Rate,2019,8922.121586952091,9644.42093301889,8266.489151737009
1,All Population,5,Prevalence,76,Belgium,3,Both,27,Age-standardized,976,Diabetes mellitus type 2,3,Rate,2011,3056.20504362172,3360.92249472061,2782.70819866713
1,All Population,5,Prevalence,119,Trinidad and Tobago,3,Both,27,Age-standardized,976,Diabetes mellitus type 2,3,Rate,2011,15465.979996550861,16368.232348991902,14487.710548604578
1,All Population,5,Prevalence,149,Palestine,3,Both,27,Age-standardized,976,Diabetes mellitus type 2,3,Rate,2011,10342.34862320113,11030.043863379111,9680.55218694253
1,All Population,5,Prevalence,67,Japan,3,Both,27,Age-standardized,976,Diabetes mellitus type 2,3,Rate,2019,5315.07948219971,5863.12159178845,4762.52699546344
1,All Population,5,Prevalence,132,Panama,3,Both,27,Age-standardized,976,Diabetes mellitus type 2,3,Rate,2011,6097.16815346953,6526.32211413839,5664.43944435438
1,All Population,5,Prevalence,69,Singapore,3,Both,27,Age-standardized,976,Diabetes mellitus type 2,3,Rate,2019,4521.54308683416,4960.54590736056,4110.16188745642
1,All Population,5,Prevalence,66,Brunei Darussalam,3,Both,27,Age-standardized,976,Diabetes mellitus type 2,3,Rate,2019,7841.36558224756,8446.59535918529,7356.552748373189
1,All Population,5,Prevalence,71,Australia,3,Both,27,Age-standardized,976,Diabetes mellitus type 2,3,Rate,2019,2378.6761574786296,2576.18957706857,2170.78932923786
1,All Population,5,Prevalence,108,Belize,3,Both,27,Age-standardized,976,Diabetes mellitus type 2,3,Rate,2011,9577.526472653359,10229.737737292071,8907.27911298413
1,All Population,5,Prevalence,78,Denmark,3,Both,27,Age-standardized,976,Diabetes mellitus type 2,3,Rate,2011,2784.41217702434,3032.6712871126297,2559.33374195405
1,All Population,5,Prevalence,68,Republic of Korea,3,Both,27,Age-standardized,976,Diabetes mellitus type 2,3,Rate,2019,5137.25677696197,5276.46805946303,4965.00603978879
1,All Population,5,Prevalence,75,Austria,3,Both,27,Age-standardized,976,Diabetes mellitus type 2,3,Rate,2019,2579.06138065742,2792.3726436879197,2375.04633966739
1,All Population,5,Prevalence,80,France,3,Both,27,Age-standardized,976,Diabetes mellitus type 2,3,Rate,2019,3630.48561061821,3970.74788943481,3334.6763515608004
1,All Population,5,Prevalence,151,Qatar,3,Both,27,Age-standardized,976,Diabetes mellitus type 2,3,Rate,2011,13373.349427226338,14469.74334795918,12457.76139660896
1,All Population,5,Prevalence,164,Nepal,3,Both,27,Age-standardized,976,Diabetes mellitus type 2,3,Rate,2011,5605.631847805171,6051.23015405856,5155.3451269265
1,All Population,5,Prevalence,77,Cyprus,3,Both,27,Age-standardized,976,Diabetes mellitus type 2,3,Rate,2019,4856.2435326204895,5293.50656779822,4458.78648777142
1,All Population,5,Prevalence,82,Greece,3,Both,27,Age-standardized,976,Diabetes mellitus type 2,3,Rate,2019,3513.6168592333197,3847.0343000800303,3150.6069084992496
1,All Population,5,Prevalence,79,Finland,3,Both,27,Age-standardized,976,Diabetes mellitus type 2,3,Rate,2019,5094.05052791008,5581.40367292269,4682.72249238438
1,All Population,5,Prevalence,121,Bolivia (Plurinational State of),3,Both,27,Age-standardized,976,Diabetes mellitus type 2,3,Rate,2011,4488.50526290107,4951.04542464124,4134.7504696570695
1,All Population,5,Prevalence,86,Italy,3,Both,27,Age-standardized,976,Diabetes mellitus type 2,3,Rate,2019,3570.2834153718604,3977.1114346802,3151.22773354277
1,All Population,5,Prevalence,84,Ireland,3,Both,27,Age-standardized,976,Diabetes mellitus type 2,3,Rate,2019,2744.59129148029,2970.89352478864,2494.4561455446797
1,All Population,5,Prevalence,81,Germany,3,Both,27,Age-standardized,976,Diabetes mellitus type 2,3,Rate,2019,4329.300358913571,4650.81346701612,3993.88587886239
1,All Population,5,Prevalence,88,Malta,3,Both,27,Age-standardized,976,Diabetes mellitus type 2,3,Rate,2019,3599.4404669393098,3939.68033514078,3351.5831970461604
1,All Population,5,Prevalence,95,United Kingdom,3,Both,27,Age-standardized,976,Diabetes mellitus type 2,3,Rate,2019,4848.28945653962,5254.71517511238,4420.49281421045
1,All Population,5,Prevalence,83,Iceland,3,Both,27,Age-standardized,976,Diabetes mellitus type 2,3,Rate,2019,3218.5259056569903,3545.0830082914104,2939.63426987002
1,All Population,5,Prevalence,92,Spain,3,Both,27,Age-standardized,976,Diabetes mellitus type 2,3,Rate,2019,4854.78722715792,5264.13104219566,4455.10382717369
1,All Population,5,Prevalence,94,Switzerland,3,Both,27,Age-standardized,976,Diabetes mellitus type 2,3,Rate,2019,3155.05766016456,3469.9720086852903,2877.67495957275
1,All Population,5,Prevalence,136,Paraguay,3,Both,27,Age-standardized,976,Diabetes mellitus type 2,3,Rate,2011,6174.71499620997,6650.610675968451,5723.24304998127
1,All Population,5,Prevalence,185,Rwanda,3,Both,27,Age-standardized,976,Diabetes mellitus type 2,3,Rate,2011,2501.08327703544,2718.90644429967,2293.31793753242
1,All Population,5,Prevalence,90,Norway,3,Both,27,Age-standardized,976,Diabetes mellitus type 2,3,Rate,2019,3984.9150373276702,4481.11554275688,3495.34304128791
1,All Population,5,Prevalence,85,Israel,3,Both,27,Age-standardized,976,Diabetes mellitus type 2,3,Rate,2019,3551.06812035648,3778.1811804386703,3364.4858187494497
1,All Population,5,Prevalence,153,Syrian Arab Republic,3,Both,27,Age-standardized,976,Diabetes mellitus type 2,3,Rate,2011,8920.006157165559,9747.01157957153,8133.3033104633605
1,All Population,5,Prevalence,97,Argentina,3,Both,27,Age-standardized,976,Diabetes mellitus type 2,3,Rate,2019,3532.39933547117,3751.3878946900004,3315.86083931441
1,All Population,5,Prevalence,179,Ethiopia,3,Both,27,Age-standardized,976,Diabetes mellitus type 2,3,Rate,2011,2846.35893065238,3129.95708699854,2562.48379860548
1,All Population,5,Prevalence,123,Peru,3,Both,27,Age-standardized,976,Diabetes mellitus type 2,3,Rate,2011,2614.20027160007,2872.1370357063397,2404.72114905025
1,All Population,5,Prevalence,168,Angola,3,Both,27,Age-standardized,976,Diabetes mellitus type 2,3,Rate,2011,6528.77398754754,7074.095907271199,5941.524842872
1,All Population,5,Prevalence,197,Eswatini,3,Both,27,Age-standardized,976,Diabetes mellitus type 2,3,Rate,2011,5985.869722506601,6458.5478714787705,5499.98431777185
1,All Population,5,Prevalence,99,Uruguay,3,Both,27,Age-standardized,976,Diabetes mellitus type 2,3,Rate,2019,3260.62901800584,3506.0750089957896,3035.53368259441
1,All Population,5,Prevalence,98,Chile,3,Both,27,Age-standardized,976,Diabetes mellitus type 2,3,Rate,2019,2230.873073255,2389.10713064703,2080.08720126208
1,All Population,5,Prevalence,101,Canada,3,Both,27,Age-standardized,976,Diabetes mellitus type 2,3,Rate,2019,3084.8540789118797,3293.2834078976402,2870.88004383533
1,All Population,5,Prevalence,210,Liberia,3,Both,27,Age-standardized,976,Diabetes mellitus type 2,3,Rate,2011,4880.4922118063805,5285.79641297527,4495.91950401258
1,All Population,5,Prevalence,109,Cuba,3,Both,27,Age-standardized,976,Diabetes mellitus type 2,3,Rate,2019,4367.96123812957,4762.19483055178,4037.0032114614796
1,All Population,5,Prevalence,105,Antigua and Barbuda,3,Both,27,Age-standardized,976,Diabetes mellitus type 2,3,Rate,2019,8563.034672709651,9153.75058329712,7904.577922106901
1,All Population,5,Prevalence,110,Dominica,3,Both,27,Age-standardized,976,Diabetes mellitus type 2,3,Rate,2019,10151.624120280529,10970.95802312046,9434.55470450966
1,All Population,5,Prevalence,111,Dominican Republic,3,Both,27,Age-standardized,976,Diabetes mellitus type 2,3,Rate,2019,7551.47851851462,8212.7924270892,7036.31818969015
1,All Population,5,Prevalence,107,Barbados,3,Both,27,Age-standardized,976,Diabetes mellitus type 2,3,Rate,2019,10391.063126229199,11145.79853156808,9650.82594715262
1,All Population,5,Prevalence,181,Madagascar,3,Both,27,Age-standardized,976,Diabetes mellitus type 2,3,Rate,2011,2790.6271104939597,3015.09908226716,2565.07748758831
1,All Population,5,Prevalence,112,Grenada,3,Both,27,Age-standardized,976,Diabetes mellitus type 2,3,Rate,2019,10800.98900389047,11521.495526476121,10163.33235280589
1,All Population,5,Prevalence,113,Guyana,3,Both,27,Age-standardized,976,Diabetes mellitus type 2,3,Rate,2019,10299.877202248601,11075.25617746904,9607.5376806368
1,All Population,5,Prevalence,170,Congo,3,Both,27,Age-standardized,976,Diabetes mellitus type 2,3,Rate,2011,6354.82703807793,6912.022228840759,5777.20455467936
1,All Population,5,Prevalence,118,Suriname,3,Both,27,Age-standardized,976,Diabetes mellitus type 2,3,Rate,2019,10686.52210257247,11563.77433087515,9877.50424519864
1,All Population,5,Prevalence,114,Haiti,3,Both,27,Age-standardized,976,Diabetes mellitus type 2,3,Rate,2019,6352.306900897819,6906.30248713798,5841.51497602804
1,All Population,5,Prevalence,115,Jamaica,3,Both,27,Age-standardized,976,Diabetes mellitus type 2,3,Rate,2019,8574.53926416954,9145.48645064751,7964.2761744319805
1,All Population,5,Prevalence,125,Colombia,3,Both,27,Age-standardized,976,Diabetes mellitus type 2,3,Rate,2019,5173.29136353128,5539.759426935159,4765.76575159832
1,All Population,5,Prevalence,122,Ecuador,3,Both,27,Age-standardized,976,Diabetes mellitus type 2,3,Rate,2019,5863.13371647685,6198.43227324004,5499.65347690307
1,All Population,5,Prevalence,212,Mauritania,3,Both,27,Age-standardized,976,Diabetes mellitus type 2,3,Rate,2011,5435.08581323877,5898.90055528184,4937.52042029379
1,All Population,5,Prevalence,127,El Salvador,3,Both,27,Age-standardized,976,Diabetes mellitus type 2,3,Rate,2019,6930.99284931505,7489.777737546719,6377.94724660549
1,All Population,5,Prevalence,116,Saint Lucia,3,Both,27,Age-standardized,976,Diabetes mellitus type 2,3,Rate,2019,10573.94724373987,11346.28543350877,9657.993870983719
1,All Population,5,Prevalence,126,Costa Rica,3,Both,27,Age-standardized,976,Diabetes mellitus type 2,3,Rate,2019,7612.84304894341,8235.513717382211,7018.992094910451
1,All Population,5,Prevalence,201,Burkina Faso,3,Both,27,Age-standardized,976,Diabetes mellitus type 2,3,Rate,2011,2481.9043137191397,2683.5632615037302,2287.12755746942
1,All Population,5,Prevalence,129,Honduras,3,Both,27,Age-standardized,976,Diabetes mellitus type 2,3,Rate,2019,5225.86400366676,5761.99187040915,4746.81451408121
1,All Population,5,Prevalence,133,Venezuela (Bolivarian Republic of),3,Both,27,Age-standardized,976,Diabetes mellitus type 2,3,Rate,2019,6743.81477038632,7271.5634653362395,6288.008851592191
1,All Population,5,Prevalence,128,Guatemala,3,Both,27,Age-standardized,976,Diabetes mellitus type 2,3,Rate,2019,9281.19239223844,9758.192004748691,8854.95481104187
1,All Population,5,Prevalence,139,Algeria,3,Both,27,Age-standardized,976,Diabetes mellitus type 2,3,Rate,2019,9654.400835584529,10471.78939162375,8861.64680591949
1,All Population,5,Prevalence,140,Bahrain,3,Both,27,Age-standardized,976,Diabetes mellitus type 2,3,Rate,2019,17043.323020506028,18277.06905296964,15923.53185908135
1,All Population,5,Prevalence,183,Mauritius,3,Both,27,Age-standardized,976,Diabetes mellitus type 2,3,Rate,2011,12574.05846838795,13082.54873321296,12073.29583619262
1,All Population,5,Prevalence,385,Puerto Rico,3,Both,27,Age-standardized,976,Diabetes mellitus type 2,3,Rate,2011,8086.79966327278,8569.272993851231,7573.64781093631
1,All Population,5,Prevalence,131,Nicaragua,3,Both,27,Age-standardized,976,Diabetes mellitus type 2,3,Rate,2019,5258.16604104807,5638.0249593524295,4859.0777999401
1,All Population,5,Prevalence,135,Brazil,3,Both,27,Age-standardized,976,Diabetes mellitus type 2,3,Rate,2019,5294.050911891561,5846.05825859571,4747.57575552319
1,All Population,5,Prevalence,141,Egypt,3,Both,27,Age-standardized,976,Diabetes mellitus type 2,3,Rate,2019,12288.83529946266,13311.715747705799,11370.82246009873
1,All Population,5,Prevalence,195,Namibia,3,Both,27,Age-standardized,976,Diabetes mellitus type 2,3,Rate,2011,4577.77774257474,4973.64829348364,4247.8745808474505
1,All Population,5,Prevalence,144,Jordan,3,Both,27,Age-standardized,976,Diabetes mellitus type 2,3,Rate,2019,11815.95587953699,12662.127496816769,11118.93259636464
1,All Population,5,Prevalence,130,Mexico,3,Both,27,Age-standardized,976,Diabetes mellitus type 2,3,Rate,2019,11359.33056653876,12327.223975218481,10307.838507598719
1,All Population,5,Prevalence,142,Iran (Islamic Republic of),3,Both,27,Age-standardized,976,Diabetes mellitus type 2,3,Rate,2019,7222.2169280135195,7990.016385439159,6460.85919186262
1,All Population,5,Prevalence,146,Lebanon,3,Both,27,Age-standardized,976,Diabetes mellitus type 2,3,Rate,2019,10931.49820738437,11776.587197694891,10105.23234481457
1,All Population,5,Prevalence,143,Iraq,3,Both,27,Age-standardized,976,Diabetes mellitus type 2,3,Rate,2019,12079.23508095143,13076.670226828579,11246.40793453034
1,All Population,5,Prevalence,214,Nigeria,3,Both,27,Age-standardized,976,Diabetes mellitus type 2,3,Rate,2011,3566.2005587099497,3897.8109084972402,3233.70110333912
1,All Population,5,Prevalence,148,Morocco,3,Both,27,Age-standardized,976,Diabetes mellitus type 2,3,Rate,2019,8869.114763567271,9602.06918986836,8160.77983111578
1,All Population,5,Prevalence,145,Kuwait,3,Both,27,Age-standardized,976,Diabetes mellitus type 2,3,Rate,2019,16470.84414257703,17649.92249530405,15155.48378483205
1,All Population,5,Prevalence,376,Northern Mariana Islands,3,Both,27,Age-standardized,976,Diabetes mellitus type 2,3,Rate,2011,10592.86765481062,11424.61700708774,9764.87505687188
1,All Population,5,Prevalence,150,Oman,3,Both,27,Age-standardized,976,Diabetes mellitus type 2,3,Rate,2019,10031.69894742869,10844.87529736034,9304.70825736285
1,All Population,5,Prevalence,147,Libya,3,Both,27,Age-standardized,976,Diabetes mellitus type 2,3,Rate,2019,12042.62810711149,13270.06854128536,11019.499801453241
1,All Population,5,Prevalence,396,San Marino,3,Both,27,Age-standardized,976,Diabetes mellitus type 2,3,Rate,2011,3272.72097354259,3612.2257137798097,2943.50675309387
1,All Population,5,Prevalence,155,Türkiye,3,Both,27,Age-standardized,976,Diabetes mellitus type 2,3,Rate,2019,7504.68166926265,8125.278359375129,6928.7391331482595
1,All Population,5,Prevalence,152,Saudi Arabia,3,Both,27,Age-standardized,976,Diabetes mellitus type 2,3,Rate,2019,20890.526576846092,22719.27561465567,19171.14227767195
1,All Population,5,Prevalence,160,Afghanistan,3,Both,27,Age-standardized,976,Diabetes mellitus type 2,3,Rate,2019,9589.367832776039,10385.23239371265,8815.683080868659
1,All Population,5,Prevalence,216,Senegal,3,Both,27,Age-standardized,976,Diabetes mellitus type 2,3,Rate,2011,6654.821642963891,7214.222630253959,6119.63868661455
1,All Population,5,Prevalence,156,United Arab Emirates,3,Both,27,Age-standardized,976,Diabetes mellitus type 2,3,Rate,2019,14426.74915670755,15697.29703912735,13327.16387112426
1,All Population,5,Prevalence,157,Yemen,3,Both,27,Age-standardized,976,Diabetes mellitus type 2,3,Rate,2019,5796.39708927093,6341.20450743894,5244.51709248377
1,All Population,5,Prevalence,163,India,3,Both,27,Age-standardized,976,Diabetes mellitus type 2,3,Rate,2019,7632.90557134412,8328.00136603968,6978.35747924348
1,All Population,5,Prevalence,154,Tunisia,3,Both,27,Age-standardized,976,Diabetes mellitus type 2,3,Rate,2019,9488.30834089401,10181.29922743578,8743.681610895499
1,All Population,5,Prevalence,162,Bhutan,3,Both,27,Age-standardized,976,Diabetes mellitus type 2,3,Rate,2019,5034.8390934522795,5495.82166841687,4631.6388693278495
1,All Population,5,Prevalence,172,Equatorial Guinea,3,Both,27,Age-standardized,976,Diabetes mellitus type 2,3,Rate,2019,6812.14395431948,7441.70763767702,6221.53944273356
1,All Population,5,Prevalence,165,Pakistan,3,Both,27,Age-standardized,976,Diabetes mellitus type 2,3,Rate,2019,8476.86501943057,9290.533994051151,7670.00973166157
1,All Population,5,Prevalence,161,Bangladesh,3,Both,27,Age-standardized,976,Diabetes mellitus type 2,3,Rate,2019,6373.5955225747,6805.48892865749,5947.04586248476
1,All Population,5,Prevalence,416,Tuvalu,3,Both,27,Age-standardized,976,Diabetes mellitus type 2,3,Rate,2011,9182.936051317241,9938.029184618399,8466.73811954339
1,All Population,5,Prevalence,171,Democratic Republic of the Congo,3,Both,27,Age-standardized,976,Diabetes mellitus type 2,3,Rate,2019,5571.15481645655,6080.07532878804,5083.8956109009405
1,All Population,5,Prevalence,169,Central African Republic,3,Both,27,Age-standardized,976,Diabetes mellitus type 2,3,Rate,2019,6257.967623750239,6794.49686785345,5727.65307362528
1,All Population,5,Prevalence,176,Comoros,3,Both,27,Age-standardized,976,Diabetes mellitus type 2,3,Rate,2019,3885.3975244514604,4144.78634909543,3605.9029431881504
1,All Population,5,Prevalence,178,Eritrea,3,Both,27,Age-standardized,976,Diabetes mellitus type 2,3,Rate,2019,3224.4334449993403,3490.7022087360197,2978.1180522918503
1,All Population,5,Prevalence,173,Gabon,3,Both,27,Age-standardized,976,Diabetes mellitus type 2,3,Rate,2019,7368.65640618471,8050.2072291081195,6754.75179856634
1,All Population,5,Prevalence,186,Seychelles,3,Both,27,Age-standardized,976,Diabetes mellitus type 2,3,Rate,2019,7905.883661083481,8729.1593602388,7224.84063497677
1,All Population,5,Prevalence,187,Somalia,3,Both,27,Age-standardized,976,Diabetes mellitus type 2,3,Rate,2019,3113.50628055693,3364.8696611203304,2884.72943859101
1,All Population,5,Prevalence,180,Kenya,3,Both,27,Age-standardized,976,Diabetes mellitus type 2,3,Rate,2019,3348.60244556466,3664.14866599502,3035.9978354252403
1,All Population,5,Prevalence,175,Burundi,3,Both,27,Age-standardized,976,Diabetes mellitus type 2,3,Rate,2019,3053.18254152184,3306.3444919797703,2809.76611807183
1,All Population,5,Prevalence,194,Lesotho,3,Both,27,Age-standardized,976,Diabetes mellitus type 2,3,Rate,2019,4176.763327093709,4558.34238119212,3860.00246176833
1,All Population,5,Prevalence,196,South Africa,3,Both,27,Age-standardized,976,Diabetes mellitus type 2,3,Rate,2019,7254.22995179104,7912.8347080256,6585.50554809834
1,All Population,5,Prevalence,189,United Republic of Tanzania,3,Both,27,Age-standardized,976,Diabetes mellitus type 2,3,Rate,2019,2783.8075177395,2999.8669441666602,2577.83536779158
1,All Population,5,Prevalence,190,Uganda,3,Both,27,Age-standardized,976,Diabetes mellitus type 2,3,Rate,2019,3801.3650143755804,4145.8127094763095,3500.7602095935204
1,All Population,5,Prevalence,182,Malawi,3,Both,27,Age-standardized,976,Diabetes mellitus type 2,3,Rate,2019,2413.29576042572,2606.06821038824,2217.60991856163
1,All Population,5,Prevalence,193,Botswana,3,Both,27,Age-standardized,976,Diabetes mellitus type 2,3,Rate,2019,4710.91634753237,5113.21624531862,4338.81309381272
1,All Population,5,Prevalence,177,Djibouti,3,Both,27,Age-standardized,976,Diabetes mellitus type 2,3,Rate,2019,3299.8622407054404,3565.8197181917603,3023.5201273875
1,All Population,5,Prevalence,198,Zimbabwe,3,Both,27,Age-standardized,976,Diabetes mellitus type 2,3,Rate,2019,4001.9654044194,4351.30908019598,3667.73701767351
1,All Population,5,Prevalence,191,Zambia,3,Both,27,Age-standardized,976,Diabetes mellitus type 2,3,Rate,2019,4791.76105974309,5170.28501613826,4368.645307599199
1,All Population,5,Prevalence,184,Mozambique,3,Both,27,Age-standardized,976,Diabetes mellitus type 2,3,Rate,2019,2668.91732663853,2889.08121006738,2449.68324137461
1,All Population,5,Prevalence,202,Cameroon,3,Both,27,Age-standardized,976,Diabetes mellitus type 2,3,Rate,2019,4883.82346160628,5313.84223053652,4423.47857543821
1,All Population,5,Prevalence,206,Gambia,3,Both,27,Age-standardized,976,Diabetes mellitus type 2,3,Rate,2019,5886.863148727551,6404.8586688407195,5382.4987137382905
1,All Population,5,Prevalence,203,Cabo Verde,3,Both,27,Age-standardized,976,Diabetes mellitus type 2,3,Rate,2019,5401.54659309427,5889.89335631473,4933.63289355039
1,All Population,5,Prevalence,200,Benin,3,Both,27,Age-standardized,976,Diabetes mellitus type 2,3,Rate,2019,4447.62733928422,4803.26572507118,4096.74138450089
1,All Population,5,Prevalence,211,Mali,3,Both,27,Age-standardized,976,Diabetes mellitus type 2,3,Rate,2019,7733.61914654528,8494.37239043346,7018.03282692916
1,All Population,5,Prevalence,204,Chad,3,Both,27,Age-standardized,976,Diabetes mellitus type 2,3,Rate,2019,4134.4593765869995,4478.80365067829,3764.06357620586
1,All Population,5,Prevalence,208,Guinea,3,Both,27,Age-standardized,976,Diabetes mellitus type 2,3,Rate,2019,3803.7928192923896,4125.12102341744,3508.53380991644
1,All Population,5,Prevalence,205,Côte d'Ivoire,3,Both,27,Age-standardized,976,Diabetes mellitus type 2,3,Rate,2019,4787.74638688272,5213.66149726179,4398.95379950164
1,All Population,5,Prevalence,218,Togo,3,Both,27,Age-standardized,976,Diabetes mellitus type 2,3,Rate,2019,3469.7483185369497,3730.12765781914,3175.35551937972
1,All Population,5,Prevalence,213,Niger,3,Both,27,Age-standardized,976,Diabetes mellitus type 2,3,Rate,2019,4197.1778071509,4536.91772613274,3832.1547216297604
1,All Population,5,Prevalence,207,Ghana,3,Both,27,Age-standardized,976,Diabetes mellitus type 2,3,Rate,2019,5035.45697469898,5464.650817775149,4619.3648509984805
1,All Population,5,Prevalence,215,Sao Tome and Principe,3,Both,27,Age-standardized,976,Diabetes mellitus type 2,3,Rate,2019,5732.26944371084,6246.24138164934,5219.70195817106
1,All Population,5,Prevalence,298,American Samoa,3,Both,27,Age-standardized,976,Diabetes mellitus type 2,3,Rate,2019,16123.99568737275,17274.401122277188,15168.89333978661
1,All Population,5,Prevalence,209,Guinea-Bissau,3,Both,27,Age-standardized,976,Diabetes mellitus type 2,3,Rate,2019,4994.62796941897,5434.27236087152,4562.42764270478
1,All Population,5,Prevalence,217,Sierra Leone,3,Both,27,Age-standardized,976,Diabetes mellitus type 2,3,Rate,2019,4480.24933477803,4879.77810467998,4126.56409907636
1,All Population,5,Prevalence,305,Bermuda,3,Both,27,Age-standardized,976,Diabetes mellitus type 2,3,Rate,2019,5385.02047514042,5910.96289324578,4914.74393856873
1,All Population,5,Prevalence,374,Niue,3,Both,27,Age-standardized,976,Diabetes mellitus type 2,3,Rate,2019,15748.84289983835,16948.21264999255,14545.702772083749
1,All Population,5,Prevalence,320,Cook Islands,3,Both,27,Age-standardized,976,Diabetes mellitus type 2,3,Rate,2019,15621.87621408071,16729.3096597562,14434.94007236728
1,All Population,5,Prevalence,369,Nauru,3,Both,27,Age-standardized,976,Diabetes mellitus type 2,3,Rate,2019,14895.22194390501,15846.262774528699,13926.342724353468
1,All Population,5,Prevalence,367,Monaco,3,Both,27,Age-standardized,976,Diabetes mellitus type 2,3,Rate,2019,3208.60141160727,3565.9818670936697,2885.61526450929
1,All Population,5,Prevalence,380,Palau,3,Both,27,Age-standardized,976,Diabetes mellitus type 2,3,Rate,2019,12099.11814305611,13033.28390808174,11293.41966765837
1,All Population,5,Prevalence,393,Saint Kitts and Nevis,3,Both,27,Age-standardized,976,Diabetes mellitus type 2,3,Rate,2019,8695.10258599345,9475.56240255663,8069.20625747196
1,All Population,5,Prevalence,349,Greenland,3,Both,27,Age-standardized,976,Diabetes mellitus type 2,3,Rate,2019,2720.34095125993,3042.52770019826,2460.05629667687
1,All Population,5,Prevalence,351,Guam,3,Both,27,Age-standardized,976,Diabetes mellitus type 2,3,Rate,2019,6898.275027809809,7567.59329218689,6330.22904719215
1,All Population,5,Prevalence,413,Tokelau,3,Both,27,Age-standardized,976,Diabetes mellitus type 2,3,Rate,2019,16161.401060837448,17409.78963070487,14899.7625953448
1,All Population,5,Prevalence,422,United States Virgin Islands,3,Both,27,Age-standardized,976,Diabetes mellitus type 2,3,Rate,2019,7878.72139620716,8600.49382109475,7191.53326821264
1,All Population,5,Prevalence,435,South Sudan,3,Both,27,Age-standardized,976,Diabetes mellitus type 2,3,Rate,2019,2868.7991606780297,3109.21073445384,2644.85617366145
1,All Population,5,Prevalence,522,Sudan,3,Both,27,Age-standardized,976,Diabetes mellitus type 2,3,Rate,2019,7742.5765983927195,8439.56362986829,7089.447357991049
1,All Population,5,Prevalence,14,Maldives,3,Both,27,Age-standardized,976,Diabetes mellitus type 2,3,Rate,2012,4176.3375042839,4543.79629173146,3846.4127338656904
1,All Population,5,Prevalence,25,Micronesia (Federated States of),3,Both,27,Age-standardized,976,Diabetes mellitus type 2,3,Rate,2012,16176.49834901422,16966.646810436432,15348.003843842831
1,All Population,5,Prevalence,10,Cambodia,3,Both,27,Age-standardized,976,Diabetes mellitus type 2,3,Rate,2012,2996.05964663966,3248.19749927415,2758.20064745941
1,All Population,5,Prevalence,16,Philippines,3,Both,27,Age-standardized,976,Diabetes mellitus type 2,3,Rate,2012,5000.31999186378,5448.65189025342,4523.46466812118
1,All Population,5,Prevalence,27,Samoa,3,Both,27,Age-standardized,976,Diabetes mellitus type 2,3,Rate,2012,12071.11870550807,12946.47904507959,11202.90249533201
1,All Population,5,Prevalence,12,Lao People's Democratic Republic,3,Both,27,Age-standardized,976,Diabetes mellitus type 2,3,Rate,2012,4359.10409128166,4773.7808333167995,3961.27141635272
1,All Population,5,Prevalence,72,New Zealand,3,Both,27,Age-standardized,976,Diabetes mellitus type 2,3,Rate,2012,3208.29960802618,3359.57463112818,3066.4415506497103
1,All Population,5,Prevalence,7,Democratic People's Republic of Korea,3,Both,27,Age-standardized,976,Diabetes mellitus type 2,3,Rate,2020,5069.55813289435,5600.4204107061905,4536.24770226058
1,All Population,5,Prevalence,29,Tonga,3,Both,27,Age-standardized,976,Diabetes mellitus type 2,3,Rate,2012,12348.83881299252,13095.370697609978,11596.29464540309
1,All Population,5,Prevalence,6,China,3,Both,27,Age-standardized,976,Diabetes mellitus type 2,3,Rate,2020,6091.36368767943,6666.73323215137,5586.15819636558
1,All Population,5,Prevalence,8,Taiwan,3,Both,27,Age-standardized,976,Diabetes mellitus type 2,3,Rate,2020,5861.20118859855,6293.15855935636,5425.97448937904
1,All Population,5,Prevalence,11,Indonesia,3,Both,27,Age-standardized,976,Diabetes mellitus type 2,3,Rate,2020,4735.57595453479,5268.85923767404,4232.66962161643
1,All Population,5,Prevalence,87,Luxembourg,3,Both,27,Age-standardized,976,Diabetes mellitus type 2,3,Rate,2012,2806.97616360962,3113.74725090234,2549.6512559263
1,All Population,5,Prevalence,18,Thailand,3,Both,27,Age-standardized,976,Diabetes mellitus type 2,3,Rate,2020,5022.98203600482,5534.53968983264,4565.99328746458
1,All Population,5,Prevalence,13,Malaysia,3,Both,27,Age-standardized,976,Diabetes mellitus type 2,3,Rate,2020,7056.57921522599,7805.702392770369,6369.56515036341
1,All Population,5,Prevalence,74,Andorra,3,Both,27,Age-standardized,976,Diabetes mellitus type 2,3,Rate,2012,2614.58475443828,2921.1352298734,2339.46095847066
1,All Population,5,Prevalence,17,Sri Lanka,3,Both,27,Age-standardized,976,Diabetes mellitus type 2,3,Rate,2020,7976.05629582238,8512.61853312381,7444.80408951859
1,All Population,5,Prevalence,15,Myanmar,3,Both,27,Age-standardized,976,Diabetes mellitus type 2,3,Rate,2020,5995.83256088079,6517.463465469391,5470.39629089807
1,All Population,5,Prevalence,108,Belize,3,Both,27,Age-standardized,976,Diabetes mellitus type 2,3,Rate,2012,9628.40700759959,10210.15924052646,8994.64305787761
1,All Population,5,Prevalence,20,Viet Nam,3,Both,27,Age-standardized,976,Diabetes mellitus type 2,3,Rate,2020,3531.92118683605,3839.6797451385,3205.0759582586497
1,All Population,5,Prevalence,19,Timor-Leste,3,Both,27,Age-standardized,976,Diabetes mellitus type 2,3,Rate,2020,3399.3795124914195,3749.6946369723296,3073.04870879974
1,All Population,5,Prevalence,26,Papua New Guinea,3,Both,27,Age-standardized,976,Diabetes mellitus type 2,3,Rate,2020,8069.11042524837,8742.15529193048,7480.300218102259
1,All Population,5,Prevalence,22,Fiji,3,Both,27,Age-standardized,976,Diabetes mellitus type 2,3,Rate,2020,15920.06991461839,16810.24521082355,15065.876512399882
1,All Population,5,Prevalence,89,Netherlands,3,Both,27,Age-standardized,976,Diabetes mellitus type 2,3,Rate,2012,2938.7639163301,3192.04771645934,2691.24204307758
1,All Population,5,Prevalence,23,Kiribati,3,Both,27,Age-standardized,976,Diabetes mellitus type 2,3,Rate,2020,14522.083124145798,15629.168788975609,13544.79474083582
1,All Population,5,Prevalence,24,Marshall Islands,3,Both,27,Age-standardized,976,Diabetes mellitus type 2,3,Rate,2020,17177.50898944427,18649.861508477312,15546.3896986484
1,All Population,5,Prevalence,76,Belgium,3,Both,27,Age-standardized,976,Diabetes mellitus type 2,3,Rate,2012,3051.72745391809,3363.4554006808303,2780.8344265608303
1,All Population,5,Prevalence,119,Trinidad and Tobago,3,Both,27,Age-standardized,976,Diabetes mellitus type 2,3,Rate,2012,15513.99210629818,16381.50413298489,14570.09724296691
1,All Population,5,Prevalence,28,Solomon Islands,3,Both,27,Age-standardized,976,Diabetes mellitus type 2,3,Rate,2020,9158.93417630872,9878.91711405473,8495.17958275836
1,All Population,5,Prevalence,132,Panama,3,Both,27,Age-standardized,976,Diabetes mellitus type 2,3,Rate,2012,6253.30818436315,6711.87200052412,5794.94113050865
1,All Population,5,Prevalence,102,United States of America,3,Both,27,Age-standardized,976,Diabetes mellitus type 2,3,Rate,2012,6151.23477729296,6488.0221995250895,5844.43106689624
1,All Population,5,Prevalence,30,Vanuatu,3,Both,27,Age-standardized,976,Diabetes mellitus type 2,3,Rate,2020,8981.691087449439,9737.74791023961,8311.31867937022
1,All Population,5,Prevalence,78,Denmark,3,Both,27,Age-standardized,976,Diabetes mellitus type 2,3,Rate,2012,2818.63416233816,3056.36067779187,2592.87213154461
1,All Population,5,Prevalence,121,Bolivia (Plurinational State of),3,Both,27,Age-standardized,976,Diabetes mellitus type 2,3,Rate,2012,4569.1822713131,5039.81511716462,4216.81922572389
1,All Population,5,Prevalence,91,Portugal,3,Both,27,Age-standardized,976,Diabetes mellitus type 2,3,Rate,2012,4375.17103620251,4707.095909526221,4041.9008535298603
1,All Population,5,Prevalence,117,Saint Vincent and the Grenadines,3,Both,27,Age-standardized,976,Diabetes mellitus type 2,3,Rate,2012,10731.27759669546,11445.41510604994,10044.257636921
1,All Population,5,Prevalence,67,Japan,3,Both,27,Age-standardized,976,Diabetes mellitus type 2,3,Rate,2020,5288.70586399131,5838.21260077016,4743.8476769483905
1,All Population,5,Prevalence,136,Paraguay,3,Both,27,Age-standardized,976,Diabetes mellitus type 2,3,Rate,2012,6327.06261647919,6781.401340371431,5880.708223840899
1,All Population,5,Prevalence,149,Palestine,3,Both,27,Age-standardized,976,Diabetes mellitus type 2,3,Rate,2012,10534.71490538878,11192.35147028219,9860.584397443601
1,All Population,5,Prevalence,66,Brunei Darussalam,3,Both,27,Age-standardized,976,Diabetes mellitus type 2,3,Rate,2020,7870.735715301461,8500.77832200471,7342.245447618439
1,All Population,5,Prevalence,71,Australia,3,Both,27,Age-standardized,976,Diabetes mellitus type 2,3,Rate,2020,2367.8292895805,2587.11068713076,2138.76784891308
1,All Population,5,Prevalence,106,Bahamas,3,Both,27,Age-standardized,976,Diabetes mellitus type 2,3,Rate,2012,7676.24059611349,8191.47268972775,7095.14118913453
1,All Population,5,Prevalence,123,Peru,3,Both,27,Age-standardized,976,Diabetes mellitus type 2,3,Rate,2012,2658.76177875898,2912.83264298265,2455.65745684788
1,All Population,5,Prevalence,69,Singapore,3,Both,27,Age-standardized,976,Diabetes mellitus type 2,3,Rate,2020,4460.23221289751,4914.67248102378,4056.25123849382
1,All Population,5,Prevalence,168,Angola,3,Both,27,Age-standardized,976,Diabetes mellitus type 2,3,Rate,2012,6574.16236090395,7135.17612949208,6031.265996780629
1,All Population,5,Prevalence,93,Sweden,3,Both,27,Age-standardized,976,Diabetes mellitus type 2,3,Rate,2012,3815.8381007559797,4110.469050691369,3534.6040517946203
1,All Population,5,Prevalence,68,Republic of Korea,3,Both,27,Age-standardized,976,Diabetes mellitus type 2,3,Rate,2020,5166.3384420537595,5313.441418608139,4995.791092049931
1,All Population,5,Prevalence,75,Austria,3,Both,27,Age-standardized,976,Diabetes mellitus type 2,3,Rate,2020,2569.7737662557,2790.46700867636,2349.18507999206
1,All Population,5,Prevalence,79,Finland,3,Both,27,Age-standardized,976,Diabetes mellitus type 2,3,Rate,2020,5089.33557195927,5615.4626149101505,4640.45125260435
1,All Population,5,Prevalence,80,France,3,Both,27,Age-standardized,976,Diabetes mellitus type 2,3,Rate,2020,3630.47563227833,3980.21503406762,3329.96358690441
1,All Population,5,Prevalence,179,Ethiopia,3,Both,27,Age-standardized,976,Diabetes mellitus type 2,3,Rate,2012,2849.9493279329004,3131.5978599267296,2568.32920052882
1,All Population,5,Prevalence,82,Greece,3,Both,27,Age-standardized,976,Diabetes mellitus type 2,3,Rate,2020,3546.9828781167002,3884.9206893647,3152.62282104643
1,All Population,5,Prevalence,77,Cyprus,3,Both,27,Age-standardized,976,Diabetes mellitus type 2,3,Rate,2020,4883.0269743676,5343.3427313312595,4466.88992124531
1,All Population,5,Prevalence,81,Germany,3,Both,27,Age-standardized,976,Diabetes mellitus type 2,3,Rate,2020,4360.96123838166,4704.51309935242,4006.0179270427398
1,All Population,5,Prevalence,151,Qatar,3,Both,27,Age-standardized,976,Diabetes mellitus type 2,3,Rate,2012,13548.334299210752,14693.607461886479,12650.26285646107
1,All Population,5,Prevalence,164,Nepal,3,Both,27,Age-standardized,976,Diabetes mellitus type 2,3,Rate,2012,5653.552568518299,6080.59750832126,5202.07856978059
1,All Population,5,Prevalence,83,Iceland,3,Both,27,Age-standardized,976,Diabetes mellitus type 2,3,Rate,2020,3264.0755418868303,3588.02431850601,2973.2718873845597
1,All Population,5,Prevalence,84,Ireland,3,Both,27,Age-standardized,976,Diabetes mellitus type 2,3,Rate,2020,2797.78901574155,3026.52090607762,2525.98921420773
1,All Population,5,Prevalence,86,Italy,3,Both,27,Age-standardized,976,Diabetes mellitus type 2,3,Rate,2020,3601.3212036968903,4021.5050660975903,3174.2170140996795
1,All Population,5,Prevalence,170,Congo,3,Both,27,Age-standardized,976,Diabetes mellitus type 2,3,Rate,2012,6390.6962597865695,6963.35228296953,5827.40325844157
1,All Population,5,Prevalence,95,United Kingdom,3,Both,27,Age-standardized,976,Diabetes mellitus type 2,3,Rate,2020,4913.84639707907,5332.8504289844395,4470.46943007268
1,All Population,5,Prevalence,88,Malta,3,Both,27,Age-standardized,976,Diabetes mellitus type 2,3,Rate,2020,3629.2626123443,3994.34880840734,3363.6424311446403
1,All Population,5,Prevalence,97,Argentina,3,Both,27,Age-standardized,976,Diabetes mellitus type 2,3,Rate,2020,3564.7844272094803,3809.0956485808097,3310.66182231964
1,All Population,5,Prevalence,90,Norway,3,Both,27,Age-standardized,976,Diabetes mellitus type 2,3,Rate,2020,3983.39413164584,4486.3508416651,3502.0431889206297
1,All Population,5,Prevalence,85,Israel,3,Both,27,Age-standardized,976,Diabetes mellitus type 2,3,Rate,2020,3547.9285035025896,3786.7736221916402,3357.5899790158596
1,All Population,5,Prevalence,94,Switzerland,3,Both,27,Age-standardized,976,Diabetes mellitus type 2,3,Rate,2020,3170.72594986786,3514.4088800325303,2887.36754130591
1,All Population,5,Prevalence,99,Uruguay,3,Both,27,Age-standardized,976,Diabetes mellitus type 2,3,Rate,2020,3273.1560650326396,3533.43510136543,3022.1024487178597
1,All Population,5,Prevalence,181,Madagascar,3,Both,27,Age-standardized,976,Diabetes mellitus type 2,3,Rate,2012,2789.52494506498,3018.08742879625,2577.11885554971
1,All Population,5,Prevalence,153,Syrian Arab Republic,3,Both,27,Age-standardized,976,Diabetes mellitus type 2,3,Rate,2012,9140.1688091215,9999.33050251666,8335.5198786816
1,All Population,5,Prevalence,92,Spain,3,Both,27,Age-standardized,976,Diabetes mellitus type 2,3,Rate,2020,4895.7565831206,5330.71666820592,4444.8055980259
1,All Population,5,Prevalence,105,Antigua and Barbuda,3,Both,27,Age-standardized,976,Diabetes mellitus type 2,3,Rate,2020,8619.288472713479,9240.04864790271,7944.53329325957
1,All Population,5,Prevalence,98,Chile,3,Both,27,Age-standardized,976,Diabetes mellitus type 2,3,Rate,2020,2244.62351363177,2413.43928609583,2078.32506619689
1,All Population,5,Prevalence,101,Canada,3,Both,27,Age-standardized,976,Diabetes mellitus type 2,3,Rate,2020,3119.30550894706,3351.47545957397,2896.17336930995
1,All Population,5,Prevalence,195,Namibia,3,Both,27,Age-standardized,976,Diabetes mellitus type 2,3,Rate,2012,4613.733912502959,5021.4435480424,4306.0029753436
1,All Population,5,Prevalence,107,Barbados,3,Both,27,Age-standardized,976,Diabetes mellitus type 2,3,Rate,2020,10443.51828625343,11231.255817571,9682.84286091795
1,All Population,5,Prevalence,214,Nigeria,3,Both,27,Age-standardized,976,Diabetes mellitus type 2,3,Rate,2012,3614.50636801638,3944.08111172855,3279.14704523707
1,All Population,5,Prevalence,109,Cuba,3,Both,27,Age-standardized,976,Diabetes mellitus type 2,3,Rate,2020,4444.5671393006705,4895.6787444229,4069.0747382868203
1,All Population,5,Prevalence,114,Haiti,3,Both,27,Age-standardized,976,Diabetes mellitus type 2,3,Rate,2020,6389.5862476346,6993.613130276929,5824.81819628429
1,All Population,5,Prevalence,110,Dominica,3,Both,27,Age-standardized,976,Diabetes mellitus type 2,3,Rate,2020,10266.15043181482,11095.565917581609,9462.71984768678
1,All Population,5,Prevalence,118,Suriname,3,Both,27,Age-standardized,976,Diabetes mellitus type 2,3,Rate,2020,10819.216946250459,11734.23881811409,9944.25038220096
1,All Population,5,Prevalence,112,Grenada,3,Both,27,Age-standardized,976,Diabetes mellitus type 2,3,Rate,2020,10845.26105456885,11626.26295356564,10195.838561692799
1,All Population,5,Prevalence,116,Saint Lucia,3,Both,27,Age-standardized,976,Diabetes mellitus type 2,3,Rate,2020,10596.412451683509,11409.569496877479,9629.27129619553
1,All Population,5,Prevalence,111,Dominican Republic,3,Both,27,Age-standardized,976,Diabetes mellitus type 2,3,Rate,2020,7661.172852715829,8361.11106794316,7128.47998478401
1,All Population,5,Prevalence,210,Liberia,3,Both,27,Age-standardized,976,Diabetes mellitus type 2,3,Rate,2012,4907.17963712261,5303.7797364913995,4518.475605220689
1,All Population,5,Prevalence,115,Jamaica,3,Both,27,Age-standardized,976,Diabetes mellitus type 2,3,Rate,2020,8663.07503019121,9294.40573230436,8020.013097580831
1,All Population,5,Prevalence,113,Guyana,3,Both,27,Age-standardized,976,Diabetes mellitus type 2,3,Rate,2020,10265.25042897266,11033.60888642224,9566.091601158989
1,All Population,5,Prevalence,122,Ecuador,3,Both,27,Age-standardized,976,Diabetes mellitus type 2,3,Rate,2020,5922.84037268378,6306.31791252122,5511.59969787104
1,All Population,5,Prevalence,125,Colombia,3,Both,27,Age-standardized,976,Diabetes mellitus type 2,3,Rate,2020,5307.39628135992,5729.56564456817,4865.0259750103505
1,All Population,5,Prevalence,183,Mauritius,3,Both,27,Age-standardized,976,Diabetes mellitus type 2,3,Rate,2012,12833.653446125309,13310.32086768739,12333.51742489495
1,All Population,5,Prevalence,126,Costa Rica,3,Both,27,Age-standardized,976,Diabetes mellitus type 2,3,Rate,2020,7708.07748593806,8354.74375308104,7053.810886257419
1,All Population,5,Prevalence,127,El Salvador,3,Both,27,Age-standardized,976,Diabetes mellitus type 2,3,Rate,2020,6989.36053930885,7540.553692253189,6412.01933881608
1,All Population,5,Prevalence,197,Eswatini,3,Both,27,Age-standardized,976,Diabetes mellitus type 2,3,Rate,2012,6012.17704509513,6490.262269242041,5562.56927001232
1,All Population,5,Prevalence,216,Senegal,3,Both,27,Age-standardized,976,Diabetes mellitus type 2,3,Rate,2012,6725.828790551661,7268.21379636908,6191.5845284564
1,All Population,5,Prevalence,128,Guatemala,3,Both,27,Age-standardized,976,Diabetes mellitus type 2,3,Rate,2020,9349.17394512607,9855.04079231953,8881.931148015241
1,All Population,5,Prevalence,133,Venezuela (Bolivarian Republic of),3,Both,27,Age-standardized,976,Diabetes mellitus type 2,3,Rate,2020,6795.101758441991,7378.04976074832,6324.588711531081
1,All Population,5,Prevalence,129,Honduras,3,Both,27,Age-standardized,976,Diabetes mellitus type 2,3,Rate,2020,5263.14660937896,5813.74182516746,4743.87323859944
1,All Population,5,Prevalence,130,Mexico,3,Both,27,Age-standardized,976,Diabetes mellitus type 2,3,Rate,2020,11340.4895271878,12319.592543436569,10294.30784199911
1,All Population,5,Prevalence,135,Brazil,3,Both,27,Age-standardized,976,Diabetes mellitus type 2,3,Rate,2020,5344.58662349597,5902.92634144002,4794.87267232151
1,All Population,5,Prevalence,140,Bahrain,3,Both,27,Age-standardized,976,Diabetes mellitus type 2,3,Rate,2020,17322.60601789626,18633.77430492488,16140.534564644222
1,All Population,5,Prevalence,212,Mauritania,3,Both,27,Age-standardized,976,Diabetes mellitus type 2,3,Rate,2012,5456.74585407247,5898.98317544036,4976.14040137655
1,All Population,5,Prevalence,131,Nicaragua,3,Both,27,Age-standardized,976,Diabetes mellitus type 2,3,Rate,2020,5295.46405374916,5691.3483417007,4860.222585974059
1,All Population,5,Prevalence,185,Rwanda,3,Both,27,Age-standardized,976,Diabetes mellitus type 2,3,Rate,2012,2506.73023448822,2716.53264054202,2306.09386060594
1,All Population,5,Prevalence,139,Algeria,3,Both,27,Age-standardized,976,Diabetes mellitus type 2,3,Rate,2020,9921.05565580981,10803.66700351805,9110.18440686828
1,All Population,5,Prevalence,376,Northern Mariana Islands,3,Both,27,Age-standardized,976,Diabetes mellitus type 2,3,Rate,2012,10584.68170747688,11402.25264917503,9746.93348045837
1,All Population,5,Prevalence,142,Iran (Islamic Republic of),3,Both,27,Age-standardized,976,Diabetes mellitus type 2,3,Rate,2020,7310.77840842398,8098.17513567862,6523.7188532642695
1,All Population,5,Prevalence,141,Egypt,3,Both,27,Age-standardized,976,Diabetes mellitus type 2,3,Rate,2020,12595.12997607875,13747.258549589089,11565.002333174849
1,All Population,5,Prevalence,148,Morocco,3,Both,27,Age-standardized,976,Diabetes mellitus type 2,3,Rate,2020,9081.50476273912,9846.00712140577,8336.72106170926
1,All Population,5,Prevalence,144,Jordan,3,Both,27,Age-standardized,976,Diabetes mellitus type 2,3,Rate,2020,11947.87408065812,12877.84493626642,11165.97473461973
1,All Population,5,Prevalence,143,Iraq,3,Both,27,Age-standardized,976,Diabetes mellitus type 2,3,Rate,2020,12316.39957410047,13326.02369829341,11423.432217812999
1,All Population,5,Prevalence,155,Türkiye,3,Both,27,Age-standardized,976,Diabetes mellitus type 2,3,Rate,2020,7598.28951664675,8266.19631556818,6975.622571688001
1,All Population,5,Prevalence,150,Oman,3,Both,27,Age-standardized,976,Diabetes mellitus type 2,3,Rate,2020,10276.93275064429,11156.208366149991,9529.97675764347
1,All Population,5,Prevalence,146,Lebanon,3,Both,27,Age-standardized,976,Diabetes mellitus type 2,3,Rate,2020,11223.56135113743,12134.07938113085,10340.50164841378
1,All Population,5,Prevalence,156,United Arab Emirates,3,Both,27,Age-standardized,976,Diabetes mellitus type 2,3,Rate,2020,14743.17825582764,16149.75962416931,13533.293810302821
1,All Population,5,Prevalence,145,Kuwait,3,Both,27,Age-standardized,976,Diabetes mellitus type 2,3,Rate,2020,16872.875487322388,18159.61898725643,15467.52131854047
1,All Population,5,Prevalence,161,Bangladesh,3,Both,27,Age-standardized,976,Diabetes mellitus type 2,3,Rate,2020,6393.670578766581,6835.887591698151,5923.75768419978
1,All Population,5,Prevalence,163,India,3,Both,27,Age-standardized,976,Diabetes mellitus type 2,3,Rate,2020,7678.08552498741,8372.633112809499,7018.770599604391
1,All Population,5,Prevalence,157,Yemen,3,Both,27,Age-standardized,976,Diabetes mellitus type 2,3,Rate,2020,6134.5573552409705,6699.063936982009,5516.4805092082
1,All Population,5,Prevalence,152,Saudi Arabia,3,Both,27,Age-standardized,976,Diabetes mellitus type 2,3,Rate,2020,21249.459333489733,23058.55943556038,19544.20646137489
1,All Population,5,Prevalence,160,Afghanistan,3,Both,27,Age-standardized,976,Diabetes mellitus type 2,3,Rate,2020,9758.48296235312,10581.56016048171,8932.69287088704
1,All Population,5,Prevalence,147,Libya,3,Both,27,Age-standardized,976,Diabetes mellitus type 2,3,Rate,2020,12333.10169581851,13617.69231083626,11268.971459379989
1,All Population,5,Prevalence,162,Bhutan,3,Both,27,Age-standardized,976,Diabetes mellitus type 2,3,Rate,2020,5049.264362840529,5549.00407541491,4609.65759710162
1,All Population,5,Prevalence,201,Burkina Faso,3,Both,27,Age-standardized,976,Diabetes mellitus type 2,3,Rate,2012,2485.68381028488,2685.7425397642,2298.30738843495
1,All Population,5,Prevalence,165,Pakistan,3,Both,27,Age-standardized,976,Diabetes mellitus type 2,3,Rate,2020,8497.98258660582,9347.46702235601,7656.71677080068
1,All Population,5,Prevalence,172,Equatorial Guinea,3,Both,27,Age-standardized,976,Diabetes mellitus type 2,3,Rate,2020,6890.36344769657,7545.67513084789,6251.066022301629
1,All Population,5,Prevalence,154,Tunisia,3,Both,27,Age-standardized,976,Diabetes mellitus type 2,3,Rate,2020,9664.88561882769,10434.949726244371,8881.27550151954
1,All Population,5,Prevalence,169,Central African Republic,3,Both,27,Age-standardized,976,Diabetes mellitus type 2,3,Rate,2020,6297.45321884526,6882.1297705017205,5744.47268146459
1,All Population,5,Prevalence,385,Puerto Rico,3,Both,27,Age-standardized,976,Diabetes mellitus type 2,3,Rate,2012,8040.00002590655,8520.838074477411,7493.97748833031
1,All Population,5,Prevalence,176,Comoros,3,Both,27,Age-standardized,976,Diabetes mellitus type 2,3,Rate,2020,3910.5292554348803,4186.8553537111,3627.02893873006
1,All Population,5,Prevalence,175,Burundi,3,Both,27,Age-standardized,976,Diabetes mellitus type 2,3,Rate,2020,3063.13245638965,3321.6917942810896,2804.0373402022
1,All Population,5,Prevalence,171,Democratic Republic of the Congo,3,Both,27,Age-standardized,976,Diabetes mellitus type 2,3,Rate,2020,5607.40591931959,6158.2840699792305,5115.6023042302895
1,All Population,5,Prevalence,180,Kenya,3,Both,27,Age-standardized,976,Diabetes mellitus type 2,3,Rate,2020,3363.8209622306204,3678.72843826543,3046.73324302367
1,All Population,5,Prevalence,178,Eritrea,3,Both,27,Age-standardized,976,Diabetes mellitus type 2,3,Rate,2020,3238.6256348907696,3517.32635392991,2973.7120689645203
1,All Population,5,Prevalence,177,Djibouti,3,Both,27,Age-standardized,976,Diabetes mellitus type 2,3,Rate,2020,3307.56424064187,3579.15069298588,3008.54267538343
1,All Population,5,Prevalence,173,Gabon,3,Both,27,Age-standardized,976,Diabetes mellitus type 2,3,Rate,2020,7429.43646858005,8134.6147487076405,6821.456396993381
1,All Population,5,Prevalence,187,Somalia,3,Both,27,Age-standardized,976,Diabetes mellitus type 2,3,Rate,2020,3122.58623244117,3388.6120522025603,2886.53523601494
1,All Population,5,Prevalence,182,Malawi,3,Both,27,Age-standardized,976,Diabetes mellitus type 2,3,Rate,2020,2429.98646726787,2629.7213235352697,2221.53137187023
1,All Population,5,Prevalence,190,Uganda,3,Both,27,Age-standardized,976,Diabetes mellitus type 2,3,Rate,2020,3814.34691156437,4153.32494322789,3486.39483743979
1,All Population,5,Prevalence,186,Seychelles,3,Both,27,Age-standardized,976,Diabetes mellitus type 2,3,Rate,2020,8021.579934969569,8867.32945569296,7310.304514946
1,All Population,5,Prevalence,189,United Republic of Tanzania,3,Both,27,Age-standardized,976,Diabetes mellitus type 2,3,Rate,2020,2794.4915965661,3015.81129680603,2582.56223088647
1,All Population,5,Prevalence,196,South Africa,3,Both,27,Age-standardized,976,Diabetes mellitus type 2,3,Rate,2020,7286.3812826407,7945.376294308359,6610.13653745217
1,All Population,5,Prevalence,184,Mozambique,3,Both,27,Age-standardized,976,Diabetes mellitus type 2,3,Rate,2020,2689.61440610028,2910.92554483715,2464.51851521398
1,All Population,5,Prevalence,194,Lesotho,3,Both,27,Age-standardized,976,Diabetes mellitus type 2,3,Rate,2020,4193.48261928957,4605.650250842,3852.7877348774
1,All Population,5,Prevalence,203,Cabo Verde,3,Both,27,Age-standardized,976,Diabetes mellitus type 2,3,Rate,2020,5406.51988560302,5887.472592146461,4909.625519254239
1,All Population,5,Prevalence,396,San Marino,3,Both,27,Age-standardized,976,Diabetes mellitus type 2,3,Rate,2012,3301.2576900339,3659.41874383413,2977.6387436354203
1,All Population,5,Prevalence,198,Zimbabwe,3,Both,27,Age-standardized,976,Diabetes mellitus type 2,3,Rate,2020,4020.20368319044,4402.17333936503,3682.0321608538
1,All Population,5,Prevalence,191,Zambia,3,Both,27,Age-standardized,976,Diabetes mellitus type 2,3,Rate,2020,4829.5185992184,5229.1100693644,4377.04702410928
1,All Population,5,Prevalence,205,Côte d'Ivoire,3,Both,27,Age-standardized,976,Diabetes mellitus type 2,3,Rate,2020,4816.14177296843,5236.52998459397,4421.732800012191
1,All Population,5,Prevalence,193,Botswana,3,Both,27,Age-standardized,976,Diabetes mellitus type 2,3,Rate,2020,4732.12956220831,5150.99007456257,4333.18803334089
1,All Population,5,Prevalence,209,Guinea-Bissau,3,Both,27,Age-standardized,976,Diabetes mellitus type 2,3,Rate,2020,5015.5273471071005,5482.74653425655,4553.759395394371
1,All Population,5,Prevalence,202,Cameroon,3,Both,27,Age-standardized,976,Diabetes mellitus type 2,3,Rate,2020,4906.89823800319,5353.07735614007,4474.03500706338
1,All Population,5,Prevalence,200,Benin,3,Both,27,Age-standardized,976,Diabetes mellitus type 2,3,Rate,2020,4512.10802359187,4903.70340861015,4144.59732813022
1,All Population,5,Prevalence,207,Ghana,3,Both,27,Age-standardized,976,Diabetes mellitus type 2,3,Rate,2020,5071.74141659787,5513.9850229682,4625.27291564173
1,All Population,5,Prevalence,211,Mali,3,Both,27,Age-standardized,976,Diabetes mellitus type 2,3,Rate,2020,7673.3996397262,8436.73875498577,6925.65476205694
1,All Population,5,Prevalence,204,Chad,3,Both,27,Age-standardized,976,Diabetes mellitus type 2,3,Rate,2020,4139.85118400508,4467.07042422916,3757.8370288206
1,All Population,5,Prevalence,218,Togo,3,Both,27,Age-standardized,976,Diabetes mellitus type 2,3,Rate,2020,3498.58644289724,3754.02287305683,3194.7686196372997
1,All Population,5,Prevalence,213,Niger,3,Both,27,Age-standardized,976,Diabetes mellitus type 2,3,Rate,2020,4219.42621779427,4588.50350188804,3850.4691765558605
1,All Population,5,Prevalence,206,Gambia,3,Both,27,Age-standardized,976,Diabetes mellitus type 2,3,Rate,2020,5916.76643574418,6468.1467469829195,5397.45828644363
1,All Population,5,Prevalence,217,Sierra Leone,3,Both,27,Age-standardized,976,Diabetes mellitus type 2,3,Rate,2020,4509.22957140728,4926.85326374079,4136.4676061786395
1,All Population,5,Prevalence,215,Sao Tome and Principe,3,Both,27,Age-standardized,976,Diabetes mellitus type 2,3,Rate,2020,5816.128087772169,6372.38885721666,5262.22050744016
1,All Population,5,Prevalence,208,Guinea,3,Both,27,Age-standardized,976,Diabetes mellitus type 2,3,Rate,2020,3817.1359895017404,4150.86738346888,3499.3166658769696
1,All Population,5,Prevalence,416,Tuvalu,3,Both,27,Age-standardized,976,Diabetes mellitus type 2,3,Rate,2012,9436.51222605359,10191.70298188084,8740.77442351044
1,All Population,5,Prevalence,298,American Samoa,3,Both,27,Age-standardized,976,Diabetes mellitus type 2,3,Rate,2020,16187.19085068706,17491.16319971282,15144.06554259031
1,All Population,5,Prevalence,305,Bermuda,3,Both,27,Age-standardized,976,Diabetes mellitus type 2,3,Rate,2020,5458.43150181188,6039.84063340635,4976.16399492063
1,All Population,5,Prevalence,320,Cook Islands,3,Both,27,Age-standardized,976,Diabetes mellitus type 2,3,Rate,2020,15694.06768186895,16912.68528253469,14423.13764224785
1,All Population,5,Prevalence,349,Greenland,3,Both,27,Age-standardized,976,Diabetes mellitus type 2,3,Rate,2020,2763.02448349641,3131.28958905186,2490.7788920601097
1,All Population,5,Prevalence,351,Guam,3,Both,27,Age-standardized,976,Diabetes mellitus type 2,3,Rate,2020,6959.12094357289,7674.00636159967,6387.807908172311
1,All Population,5,Prevalence,374,Niue,3,Both,27,Age-standardized,976,Diabetes mellitus type 2,3,Rate,2020,15816.16757913395,17071.212658266642,14449.407055776339
1,All Population,5,Prevalence,367,Monaco,3,Both,27,Age-standardized,976,Diabetes mellitus type 2,3,Rate,2020,3269.86973787998,3643.20543971184,2937.00576818388
1,All Population,5,Prevalence,369,Nauru,3,Both,27,Age-standardized,976,Diabetes mellitus type 2,3,Rate,2020,15012.30117694212,16043.21657128015,13971.30232794774
1,All Population,5,Prevalence,380,Palau,3,Both,27,Age-standardized,976,Diabetes mellitus type 2,3,Rate,2020,12172.11679303073,13229.862144654731,11361.31998864087
1,All Population,5,Prevalence,435,South Sudan,3,Both,27,Age-standardized,976,Diabetes mellitus type 2,3,Rate,2020,2878.5870211001497,3116.43826465622,2649.46435938686
1,All Population,5,Prevalence,422,United States Virgin Islands,3,Both,27,Age-standardized,976,Diabetes mellitus type 2,3,Rate,2020,7950.1129674577105,8708.15315090637,7239.117488651289
1,All Population,5,Prevalence,393,Saint Kitts and Nevis,3,Both,27,Age-standardized,976,Diabetes mellitus type 2,3,Rate,2020,8779.09448030038,9621.04944704845,8168.33633933704
1,All Population,5,Prevalence,413,Tokelau,3,Both,27,Age-standardized,976,Diabetes mellitus type 2,3,Rate,2020,16243.85209710158,17527.375996865678,14868.30962845697
1,All Population,5,Prevalence,522,Sudan,3,Both,27,Age-standardized,976,Diabetes mellitus type 2,3,Rate,2020,7880.08347987423,8601.91700482301,7186.64024505246
1,All Population,5,Prevalence,10,Cambodia,3,Both,27,Age-standardized,976,Diabetes mellitus type 2,3,Rate,2013,3031.32906630747,3295.9604970080604,2793.70352787389
1,All Population,5,Prevalence,25,Micronesia (Federated States of),3,Both,27,Age-standardized,976,Diabetes mellitus type 2,3,Rate,2013,16582.76637242891,17364.88591808939,15747.48674063203
1,All Population,5,Prevalence,12,Lao People's Democratic Republic,3,Both,27,Age-standardized,976,Diabetes mellitus type 2,3,Rate,2013,4388.68147343361,4812.42624248359,4019.95786007219
1,All Population,5,Prevalence,27,Samoa,3,Both,27,Age-standardized,976,Diabetes mellitus type 2,3,Rate,2013,12303.42168053879,13285.0871875546,11434.10040578967
1,All Population,5,Prevalence,14,Maldives,3,Both,27,Age-standardized,976,Diabetes mellitus type 2,3,Rate,2013,4200.93968999092,4571.183838417111,3863.2667720728905
1,All Population,5,Prevalence,78,Denmark,3,Both,27,Age-standardized,976,Diabetes mellitus type 2,3,Rate,2013,2849.44784543588,3095.7017976469,2611.17108666775
1,All Population,5,Prevalence,72,New Zealand,3,Both,27,Age-standardized,976,Diabetes mellitus type 2,3,Rate,2013,3246.0724016054396,3405.1634519373797,3104.75353057427
1,All Population,5,Prevalence,29,Tonga,3,Both,27,Age-standardized,976,Diabetes mellitus type 2,3,Rate,2013,12499.13230647978,13248.239540011511,11770.35362894448
1,All Population,5,Prevalence,16,Philippines,3,Both,27,Age-standardized,976,Diabetes mellitus type 2,3,Rate,2013,5086.85622698711,5543.93905263235,4617.24711468451
1,All Population,5,Prevalence,102,United States of America,3,Both,27,Age-standardized,976,Diabetes mellitus type 2,3,Rate,2013,6250.27959272311,6596.098296978679,5935.35150334035
1,All Population,5,Prevalence,89,Netherlands,3,Both,27,Age-standardized,976,Diabetes mellitus type 2,3,Rate,2013,2924.7907284899297,3177.41109509016,2674.48138697185
1,All Population,5,Prevalence,74,Andorra,3,Both,27,Age-standardized,976,Diabetes mellitus type 2,3,Rate,2013,2611.98906585025,2913.4534792508703,2342.40388850966
1,All Population,5,Prevalence,87,Luxembourg,3,Both,27,Age-standardized,976,Diabetes mellitus type 2,3,Rate,2013,2810.48786599122,3104.63614073819,2562.12993526036
1,All Population,5,Prevalence,117,Saint Vincent and the Grenadines,3,Both,27,Age-standardized,976,Diabetes mellitus type 2,3,Rate,2013,10663.16045181761,11386.03476897559,9968.680588573201
1,All Population,5,Prevalence,91,Portugal,3,Both,27,Age-standardized,976,Diabetes mellitus type 2,3,Rate,2013,4356.80943933652,4668.12097023154,4032.10768858051
1,All Population,5,Prevalence,76,Belgium,3,Both,27,Age-standardized,976,Diabetes mellitus type 2,3,Rate,2013,3047.42831095998,3348.98483816032,2786.06850024843
1,All Population,5,Prevalence,106,Bahamas,3,Both,27,Age-standardized,976,Diabetes mellitus type 2,3,Rate,2013,7751.28789500193,8254.86390248517,7181.94329580889
1,All Population,5,Prevalence,136,Paraguay,3,Both,27,Age-standardized,976,Diabetes mellitus type 2,3,Rate,2013,6491.62310574002,6939.91905786248,6049.57398373323
1,All Population,5,Prevalence,119,Trinidad and Tobago,3,Both,27,Age-standardized,976,Diabetes mellitus type 2,3,Rate,2013,15557.54133170226,16371.57671667652,14687.096296475771
1,All Population,5,Prevalence,132,Panama,3,Both,27,Age-standardized,976,Diabetes mellitus type 2,3,Rate,2013,6419.34216684454,6903.636655257241,5937.09917549717
1,All Population,5,Prevalence,108,Belize,3,Both,27,Age-standardized,976,Diabetes mellitus type 2,3,Rate,2013,9677.20515335671,10199.487504641209,9070.336024562701
1,All Population,5,Prevalence,149,Palestine,3,Both,27,Age-standardized,976,Diabetes mellitus type 2,3,Rate,2013,10722.060916340439,11402.15147915455,10022.03385641029
1,All Population,5,Prevalence,93,Sweden,3,Both,27,Age-standardized,976,Diabetes mellitus type 2,3,Rate,2013,3828.81044627515,4113.65246738788,3552.3720407326596
1,All Population,5,Prevalence,121,Bolivia (Plurinational State of),3,Both,27,Age-standardized,976,Diabetes mellitus type 2,3,Rate,2013,4660.693711370361,5132.79727048854,4298.11506302416
1,All Population,5,Prevalence,164,Nepal,3,Both,27,Age-standardized,976,Diabetes mellitus type 2,3,Rate,2013,5702.5660606731,6125.76903428988,5255.8726037179695
1,All Population,5,Prevalence,151,Qatar,3,Both,27,Age-standardized,976,Diabetes mellitus type 2,3,Rate,2013,13724.41387309816,14934.299026323799,12788.82319749882
1,All Population,5,Prevalence,123,Peru,3,Both,27,Age-standardized,976,Diabetes mellitus type 2,3,Rate,2013,2706.6683454863,2944.74429811637,2499.64415307128
1,All Population,5,Prevalence,183,Mauritius,3,Both,27,Age-standardized,976,Diabetes mellitus type 2,3,Rate,2013,13094.71662735283,13619.97195573845,12575.468034440652
1,All Population,5,Prevalence,179,Ethiopia,3,Both,27,Age-standardized,976,Diabetes mellitus type 2,3,Rate,2013,2854.48999018093,3137.51059351123,2582.5177903452
1,All Population,5,Prevalence,153,Syrian Arab Republic,3,Both,27,Age-standardized,976,Diabetes mellitus type 2,3,Rate,2013,9371.02378637931,10179.0880844095,8567.36985401603
1,All Population,5,Prevalence,197,Eswatini,3,Both,27,Age-standardized,976,Diabetes mellitus type 2,3,Rate,2013,6035.1387695250505,6509.385607017711,5591.94931334675
1,All Population,5,Prevalence,168,Angola,3,Both,27,Age-standardized,976,Diabetes mellitus type 2,3,Rate,2013,6621.24245173344,7175.336572028269,6125.85252552821
1,All Population,5,Prevalence,181,Madagascar,3,Both,27,Age-standardized,976,Diabetes mellitus type 2,3,Rate,2013,2787.39141505463,3015.42276402072,2578.96265291145
1,All Population,5,Prevalence,185,Rwanda,3,Both,27,Age-standardized,976,Diabetes mellitus type 2,3,Rate,2013,2513.57229624942,2718.54987322981,2321.70532616281
1,All Population,5,Prevalence,170,Congo,3,Both,27,Age-standardized,976,Diabetes mellitus type 2,3,Rate,2013,6430.09762742462,7015.4062830760395,5884.61115926047
1,All Population,5,Prevalence,210,Liberia,3,Both,27,Age-standardized,976,Diabetes mellitus type 2,3,Rate,2013,4934.61768666211,5346.77896777612,4535.69683734516
1,All Population,5,Prevalence,201,Burkina Faso,3,Both,27,Age-standardized,976,Diabetes mellitus type 2,3,Rate,2013,2489.82798974449,2698.36663912373,2308.5931127819404
1,All Population,5,Prevalence,212,Mauritania,3,Both,27,Age-standardized,976,Diabetes mellitus type 2,3,Rate,2013,5480.28558073232,5910.66274443792,5001.6803268482
1,All Population,5,Prevalence,385,Puerto Rico,3,Both,27,Age-standardized,976,Diabetes mellitus type 2,3,Rate,2013,8001.46770066327,8499.002400660389,7424.457808910411
1,All Population,5,Prevalence,195,Namibia,3,Both,27,Age-standardized,976,Diabetes mellitus type 2,3,Rate,2013,4650.69352473543,5060.7114664464,4329.57385721389
1,All Population,5,Prevalence,396,San Marino,3,Both,27,Age-standardized,976,Diabetes mellitus type 2,3,Rate,2013,3331.29378373098,3705.5748631825704,3018.58589544275
1,All Population,5,Prevalence,214,Nigeria,3,Both,27,Age-standardized,976,Diabetes mellitus type 2,3,Rate,2013,3666.28316242174,3993.5612408655097,3325.72739758933
1,All Population,5,Prevalence,376,Northern Mariana Islands,3,Both,27,Age-standardized,976,Diabetes mellitus type 2,3,Rate,2013,10577.9525744071,11345.39689475693,9731.750832532909
1,All Population,5,Prevalence,216,Senegal,3,Both,27,Age-standardized,976,Diabetes mellitus type 2,3,Rate,2013,6796.940519577691,7346.703363785389,6234.13912509892
1,All Population,5,Prevalence,416,Tuvalu,3,Both,27,Age-standardized,976,Diabetes mellitus type 2,3,Rate,2013,9708.38876330582,10505.77533886316,9040.32469018055
1,All Population,5,Prevalence,6,China,3,Both,27,Age-standardized,976,Diabetes mellitus type 2,3,Rate,2021,5708.21042179455,6267.68538976444,5232.18451741225
1,All Population,5,Prevalence,7,Democratic People's Republic of Korea,3,Both,27,Age-standardized,976,Diabetes mellitus type 2,3,Rate,2021,5097.33570140925,5660.38379621836,4602.89842606244
1,All Population,5,Prevalence,8,Taiwan,3,Both,27,Age-standardized,976,Diabetes mellitus type 2,3,Rate,2021,5900.476463513351,6308.6706484237,5495.70958376088
1,All Population,5,Prevalence,11,Indonesia,3,Both,27,Age-standardized,976,Diabetes mellitus type 2,3,Rate,2021,4791.91498437805,5323.66486107618,4285.17596495586
1,All Population,5,Prevalence,13,Malaysia,3,Both,27,Age-standardized,976,Diabetes mellitus type 2,3,Rate,2021,7184.99025627635,7865.639252297139,6492.3440715119
1,All Population,5,Prevalence,18,Thailand,3,Both,27,Age-standardized,976,Diabetes mellitus type 2,3,Rate,2021,5094.24243453263,5586.76602774734,4674.581499532051
1,All Population,5,Prevalence,20,Viet Nam,3,Both,27,Age-standardized,976,Diabetes mellitus type 2,3,Rate,2021,3617.62765981779,3939.87556643045,3324.64618346386
1,All Population,5,Prevalence,22,Fiji,3,Both,27,Age-standardized,976,Diabetes mellitus type 2,3,Rate,2021,16107.43979512852,17081.90272360054,15274.90861592743
1,All Population,5,Prevalence,15,Myanmar,3,Both,27,Age-standardized,976,Diabetes mellitus type 2,3,Rate,2021,6035.7263221576795,6510.82983112973,5556.47620151453
1,All Population,5,Prevalence,24,Marshall Islands,3,Both,27,Age-standardized,976,Diabetes mellitus type 2,3,Rate,2021,17209.89333659121,18545.33931045494,15772.757755565619
1,All Population,5,Prevalence,17,Sri Lanka,3,Both,27,Age-standardized,976,Diabetes mellitus type 2,3,Rate,2021,7952.89912590713,8512.892486806251,7412.8653757046595
1,All Population,5,Prevalence,19,Timor-Leste,3,Both,27,Age-standardized,976,Diabetes mellitus type 2,3,Rate,2021,3470.3038905560097,3812.26414280964,3170.8143098979604
1,All Population,5,Prevalence,23,Kiribati,3,Both,27,Age-standardized,976,Diabetes mellitus type 2,3,Rate,2021,14485.82570801586,15412.269175645499,13513.43575744855
1,All Population,5,Prevalence,26,Papua New Guinea,3,Both,27,Age-standardized,976,Diabetes mellitus type 2,3,Rate,2021,8049.9748413564,8700.16056859025,7483.431121433649
1,All Population,5,Prevalence,28,Solomon Islands,3,Both,27,Age-standardized,976,Diabetes mellitus type 2,3,Rate,2021,9201.93055208674,9853.13899991388,8489.025992185401
1,All Population,5,Prevalence,30,Vanuatu,3,Both,27,Age-standardized,976,Diabetes mellitus type 2,3,Rate,2021,9023.52006764796,9736.49808842008,8322.40624087936
1,All Population,5,Prevalence,67,Japan,3,Both,27,Age-standardized,976,Diabetes mellitus type 2,3,Rate,2021,5265.63392602499,5824.95449689193,4719.5052464679
1,All Population,5,Prevalence,69,Singapore,3,Both,27,Age-standardized,976,Diabetes mellitus type 2,3,Rate,2021,4305.65530200189,4758.03425105709,3947.22069576814
1,All Population,5,Prevalence,66,Brunei Darussalam,3,Both,27,Age-standardized,976,Diabetes mellitus type 2,3,Rate,2021,7851.7589941571305,8472.62564090618,7355.6686264643495
1,All Population,5,Prevalence,71,Australia,3,Both,27,Age-standardized,976,Diabetes mellitus type 2,3,Rate,2021,2356.85150429756,2548.88576068525,2176.6328764355603
1,All Population,5,Prevalence,68,Republic of Korea,3,Both,27,Age-standardized,976,Diabetes mellitus type 2,3,Rate,2021,5172.004231005671,5308.74428349616,5013.1409755082295
1,All Population,5,Prevalence,75,Austria,3,Both,27,Age-standardized,976,Diabetes mellitus type 2,3,Rate,2021,2567.90709665038,2786.4319441103803,2373.40857445036
1,All Population,5,Prevalence,80,France,3,Both,27,Age-standardized,976,Diabetes mellitus type 2,3,Rate,2021,3647.9102291682398,3963.0626737599805,3386.3185208678897
1,All Population,5,Prevalence,79,Finland,3,Both,27,Age-standardized,976,Diabetes mellitus type 2,3,Rate,2021,5137.5575551642305,5679.149669145911,4676.49477086946
1,All Population,5,Prevalence,77,Cyprus,3,Both,27,Age-standardized,976,Diabetes mellitus type 2,3,Rate,2021,4897.40998338563,5322.048185750889,4485.961015029339
1,All Population,5,Prevalence,82,Greece,3,Both,27,Age-standardized,976,Diabetes mellitus type 2,3,Rate,2021,3630.3630448484005,3990.51136772852,3291.6520459949998
1,All Population,5,Prevalence,86,Italy,3,Both,27,Age-standardized,976,Diabetes mellitus type 2,3,Rate,2021,3602.58869704658,4048.31768370952,3173.8322408523
1,All Population,5,Prevalence,84,Ireland,3,Both,27,Age-standardized,976,Diabetes mellitus type 2,3,Rate,2021,2862.67184836785,3127.8302747596,2610.54072521811
1,All Population,5,Prevalence,95,United Kingdom,3,Both,27,Age-standardized,976,Diabetes mellitus type 2,3,Rate,2021,4971.10640936259,5411.96201589662,4515.93375449989
1,All Population,5,Prevalence,81,Germany,3,Both,27,Age-standardized,976,Diabetes mellitus type 2,3,Rate,2021,4411.619758215949,4747.17631744819,4106.97607066185
1,All Population,5,Prevalence,83,Iceland,3,Both,27,Age-standardized,976,Diabetes mellitus type 2,3,Rate,2021,3320.27368939809,3637.9681180104103,3040.11412661857
1,All Population,5,Prevalence,85,Israel,3,Both,27,Age-standardized,976,Diabetes mellitus type 2,3,Rate,2021,3500.77184860988,3730.34709679975,3299.8660235527796
1,All Population,5,Prevalence,88,Malta,3,Both,27,Age-standardized,976,Diabetes mellitus type 2,3,Rate,2021,3665.3743599176896,4083.23233490374,3397.6888822079604
1,All Population,5,Prevalence,94,Switzerland,3,Both,27,Age-standardized,976,Diabetes mellitus type 2,3,Rate,2021,3185.6645558444197,3497.89904645905,2922.0312917179003
1,All Population,5,Prevalence,92,Spain,3,Both,27,Age-standardized,976,Diabetes mellitus type 2,3,Rate,2021,4917.2088112375,5347.14757335426,4531.88524626467
1,All Population,5,Prevalence,90,Norway,3,Both,27,Age-standardized,976,Diabetes mellitus type 2,3,Rate,2021,3973.5407364815305,4487.0409331930105,3468.53419661439
1,All Population,5,Prevalence,97,Argentina,3,Both,27,Age-standardized,976,Diabetes mellitus type 2,3,Rate,2021,3593.1576586850497,3800.5077139596096,3382.7754361895204
1,All Population,5,Prevalence,99,Uruguay,3,Both,27,Age-standardized,976,Diabetes mellitus type 2,3,Rate,2021,3331.5685986296203,3558.88373798266,3118.6927230553
1,All Population,5,Prevalence,98,Chile,3,Both,27,Age-standardized,976,Diabetes mellitus type 2,3,Rate,2021,2255.58164185779,2423.35823258878,2094.07056835204
1,All Population,5,Prevalence,105,Antigua and Barbuda,3,Both,27,Age-standardized,976,Diabetes mellitus type 2,3,Rate,2021,8742.06008190597,9359.584348778879,8150.73346783657
1,All Population,5,Prevalence,101,Canada,3,Both,27,Age-standardized,976,Diabetes mellitus type 2,3,Rate,2021,3151.3937037370397,3392.8112840753697,2907.86015303644
1,All Population,5,Prevalence,110,Dominica,3,Both,27,Age-standardized,976,Diabetes mellitus type 2,3,Rate,2021,10412.01301625757,11233.323418755579,9674.3542261023
1,All Population,5,Prevalence,107,Barbados,3,Both,27,Age-standardized,976,Diabetes mellitus type 2,3,Rate,2021,10474.26052705772,11227.731402486419,9732.040767193841
1,All Population,5,Prevalence,112,Grenada,3,Both,27,Age-standardized,976,Diabetes mellitus type 2,3,Rate,2021,10856.445766988081,11500.5224473335,10185.17875432317
1,All Population,5,Prevalence,114,Haiti,3,Both,27,Age-standardized,976,Diabetes mellitus type 2,3,Rate,2021,6438.713033145441,7015.36485955893,5890.7071411024
1,All Population,5,Prevalence,109,Cuba,3,Both,27,Age-standardized,976,Diabetes mellitus type 2,3,Rate,2021,4541.12702501962,4912.79235157693,4165.35068779558
1,All Population,5,Prevalence,118,Suriname,3,Both,27,Age-standardized,976,Diabetes mellitus type 2,3,Rate,2021,11024.78809349315,11978.95662415788,10201.19441065399
1,All Population,5,Prevalence,116,Saint Lucia,3,Both,27,Age-standardized,976,Diabetes mellitus type 2,3,Rate,2021,10704.19672797746,11371.62026026772,9912.39658893432
1,All Population,5,Prevalence,125,Colombia,3,Both,27,Age-standardized,976,Diabetes mellitus type 2,3,Rate,2021,5505.59740673299,5887.67884369618,5109.5039515666995
1,All Population,5,Prevalence,111,Dominican Republic,3,Both,27,Age-standardized,976,Diabetes mellitus type 2,3,Rate,2021,7844.20709038072,8519.70990536269,7328.8957843137105
1,All Population,5,Prevalence,122,Ecuador,3,Both,27,Age-standardized,976,Diabetes mellitus type 2,3,Rate,2021,5983.65859898351,6350.93322374997,5629.2316388646705
1,All Population,5,Prevalence,127,El Salvador,3,Both,27,Age-standardized,976,Diabetes mellitus type 2,3,Rate,2021,7038.96936418979,7605.730494501089,6487.14407350387
1,All Population,5,Prevalence,113,Guyana,3,Both,27,Age-standardized,976,Diabetes mellitus type 2,3,Rate,2021,10078.50486405528,10782.14435717189,9454.148143652399
1,All Population,5,Prevalence,126,Costa Rica,3,Both,27,Age-standardized,976,Diabetes mellitus type 2,3,Rate,2021,7933.28194691446,8615.426458261489,7234.79184809517
1,All Population,5,Prevalence,131,Nicaragua,3,Both,27,Age-standardized,976,Diabetes mellitus type 2,3,Rate,2021,5342.62653834526,5713.99698988602,4942.8740269848695
1,All Population,5,Prevalence,133,Venezuela (Bolivarian Republic of),3,Both,27,Age-standardized,976,Diabetes mellitus type 2,3,Rate,2021,6889.329323791931,7371.58019014367,6403.23751348142
1,All Population,5,Prevalence,115,Jamaica,3,Both,27,Age-standardized,976,Diabetes mellitus type 2,3,Rate,2021,8737.55189903012,9399.17580047963,8161.01478008945
1,All Population,5,Prevalence,129,Honduras,3,Both,27,Age-standardized,976,Diabetes mellitus type 2,3,Rate,2021,5291.678542223291,5815.18140702427,4782.51920533054
1,All Population,5,Prevalence,135,Brazil,3,Both,27,Age-standardized,976,Diabetes mellitus type 2,3,Rate,2021,5233.429001982709,5760.30795931579,4675.462890751611
1,All Population,5,Prevalence,128,Guatemala,3,Both,27,Age-standardized,976,Diabetes mellitus type 2,3,Rate,2021,9408.334332424829,9872.99956850795,8934.28637898304
1,All Population,5,Prevalence,130,Mexico,3,Both,27,Age-standardized,976,Diabetes mellitus type 2,3,Rate,2021,11456.36616770566,12475.731954011659,10365.69414301751
1,All Population,5,Prevalence,141,Egypt,3,Both,27,Age-standardized,976,Diabetes mellitus type 2,3,Rate,2021,12981.47409303436,14050.73835708101,11914.99758130152
1,All Population,5,Prevalence,140,Bahrain,3,Both,27,Age-standardized,976,Diabetes mellitus type 2,3,Rate,2021,17567.57401098678,18796.44004481702,16337.97665225163
1,All Population,5,Prevalence,139,Algeria,3,Both,27,Age-standardized,976,Diabetes mellitus type 2,3,Rate,2021,10215.3952489859,11114.32316450573,9428.2735533245
1,All Population,5,Prevalence,144,Jordan,3,Both,27,Age-standardized,976,Diabetes mellitus type 2,3,Rate,2021,12093.18425240822,12919.65666996589,11320.58958234986
1,All Population,5,Prevalence,143,Iraq,3,Both,27,Age-standardized,976,Diabetes mellitus type 2,3,Rate,2021,12563.230829443439,13545.641450242929,11661.38715326599
1,All Population,5,Prevalence,142,Iran (Islamic Republic of),3,Both,27,Age-standardized,976,Diabetes mellitus type 2,3,Rate,2021,7476.78925809319,8323.86877983086,6671.621607957939
1,All Population,5,Prevalence,146,Lebanon,3,Both,27,Age-standardized,976,Diabetes mellitus type 2,3,Rate,2021,11580.44391596445,12544.11371016323,10723.51171365255
1,All Population,5,Prevalence,145,Kuwait,3,Both,27,Age-standardized,976,Diabetes mellitus type 2,3,Rate,2021,17260.16850833052,18668.92501501002,16130.71621245867
1,All Population,5,Prevalence,155,Türkiye,3,Both,27,Age-standardized,976,Diabetes mellitus type 2,3,Rate,2021,7671.5755799259905,8327.909964198001,7072.26271683613
1,All Population,5,Prevalence,148,Morocco,3,Both,27,Age-standardized,976,Diabetes mellitus type 2,3,Rate,2021,9300.11610467759,10014.31913093991,8529.86486735717
1,All Population,5,Prevalence,150,Oman,3,Both,27,Age-standardized,976,Diabetes mellitus type 2,3,Rate,2021,10486.51420537358,11298.97752078678,9700.37363506514
1,All Population,5,Prevalence,157,Yemen,3,Both,27,Age-standardized,976,Diabetes mellitus type 2,3,Rate,2021,6499.82775472563,7135.719218604871,5870.65959331251
1,All Population,5,Prevalence,147,Libya,3,Both,27,Age-standardized,976,Diabetes mellitus type 2,3,Rate,2021,12748.51258990983,14013.73909603078,11648.08949944566
1,All Population,5,Prevalence,152,Saudi Arabia,3,Both,27,Age-standardized,976,Diabetes mellitus type 2,3,Rate,2021,21717.28631996092,23493.631728947308,20098.84257882422
1,All Population,5,Prevalence,161,Bangladesh,3,Both,27,Age-standardized,976,Diabetes mellitus type 2,3,Rate,2021,6400.05123868643,6903.976962857831,5933.38221803821
1,All Population,5,Prevalence,156,United Arab Emirates,3,Both,27,Age-standardized,976,Diabetes mellitus type 2,3,Rate,2021,15004.26585641578,16264.189633743532,13955.57672213536
1,All Population,5,Prevalence,163,India,3,Both,27,Age-standardized,976,Diabetes mellitus type 2,3,Rate,2021,7601.1993000763905,8282.09748137146,6930.657966717289
1,All Population,5,Prevalence,154,Tunisia,3,Both,27,Age-standardized,976,Diabetes mellitus type 2,3,Rate,2021,9840.64721553988,10672.774993969759,9059.22171214353
1,All Population,5,Prevalence,160,Afghanistan,3,Both,27,Age-standardized,976,Diabetes mellitus type 2,3,Rate,2021,9952.44176605179,10744.83100174828,9177.05336212786
1,All Population,5,Prevalence,162,Bhutan,3,Both,27,Age-standardized,976,Diabetes mellitus type 2,3,Rate,2021,5092.2698902724205,5584.16421283003,4682.01278602805
1,All Population,5,Prevalence,165,Pakistan,3,Both,27,Age-standardized,976,Diabetes mellitus type 2,3,Rate,2021,8358.18008129326,9158.07468600165,7534.646159044491
1,All Population,5,Prevalence,171,Democratic Republic of the Congo,3,Both,27,Age-standardized,976,Diabetes mellitus type 2,3,Rate,2021,5657.570223461969,6211.17829617626,5175.64671871888
1,All Population,5,Prevalence,172,Equatorial Guinea,3,Both,27,Age-standardized,976,Diabetes mellitus type 2,3,Rate,2021,6972.30045899591,7627.2436217805,6336.0190479751
1,All Population,5,Prevalence,178,Eritrea,3,Both,27,Age-standardized,976,Diabetes mellitus type 2,3,Rate,2021,3243.50556703037,3518.60898725695,2977.09891252404
1,All Population,5,Prevalence,169,Central African Republic,3,Both,27,Age-standardized,976,Diabetes mellitus type 2,3,Rate,2021,6306.61241254416,6863.07045908511,5737.78395943282
1,All Population,5,Prevalence,173,Gabon,3,Both,27,Age-standardized,976,Diabetes mellitus type 2,3,Rate,2021,7498.95554704355,8183.81173194159,6910.4492282398705
1,All Population,5,Prevalence,176,Comoros,3,Both,27,Age-standardized,976,Diabetes mellitus type 2,3,Rate,2021,3931.09579370221,4217.1272738395,3629.68353628393
1,All Population,5,Prevalence,180,Kenya,3,Both,27,Age-standardized,976,Diabetes mellitus type 2,3,Rate,2021,3378.97744003195,3696.29788508151,3057.50030403127
1,All Population,5,Prevalence,187,Somalia,3,Both,27,Age-standardized,976,Diabetes mellitus type 2,3,Rate,2021,3119.29938518477,3372.85322368193,2885.92412246382
1,All Population,5,Prevalence,175,Burundi,3,Both,27,Age-standardized,976,Diabetes mellitus type 2,3,Rate,2021,3064.8165543474397,3306.7839540935997,2811.76316003335
1,All Population,5,Prevalence,182,Malawi,3,Both,27,Age-standardized,976,Diabetes mellitus type 2,3,Rate,2021,2439.4767686969,2643.69517842179,2261.78490610475
1,All Population,5,Prevalence,186,Seychelles,3,Both,27,Age-standardized,976,Diabetes mellitus type 2,3,Rate,2021,8174.5609635201,9018.110522249479,7435.3559500416595
1,All Population,5,Prevalence,190,Uganda,3,Both,27,Age-standardized,976,Diabetes mellitus type 2,3,Rate,2021,3825.65893707534,4146.15894101868,3533.4738997258896
1,All Population,5,Prevalence,196,South Africa,3,Both,27,Age-standardized,976,Diabetes mellitus type 2,3,Rate,2021,7260.267281031151,7921.16236140431,6559.25018512323
1,All Population,5,Prevalence,177,Djibouti,3,Both,27,Age-standardized,976,Diabetes mellitus type 2,3,Rate,2021,3311.20607698644,3574.52595412963,3019.36357217387
1,All Population,5,Prevalence,184,Mozambique,3,Both,27,Age-standardized,976,Diabetes mellitus type 2,3,Rate,2021,2694.20641165628,2917.42173798112,2496.717996388
1,All Population,5,Prevalence,193,Botswana,3,Both,27,Age-standardized,976,Diabetes mellitus type 2,3,Rate,2021,4718.98822673286,5090.70271682839,4339.44959710688
1,All Population,5,Prevalence,194,Lesotho,3,Both,27,Age-standardized,976,Diabetes mellitus type 2,3,Rate,2021,4196.95316149585,4564.54268178661,3910.09226405048
1,All Population,5,Prevalence,198,Zimbabwe,3,Both,27,Age-standardized,976,Diabetes mellitus type 2,3,Rate,2021,4040.29417862823,4401.4669971478,3688.43398083315
1,All Population,5,Prevalence,189,United Republic of Tanzania,3,Both,27,Age-standardized,976,Diabetes mellitus type 2,3,Rate,2021,2804.43622396686,3029.34700005981,2593.6777245676503
1,All Population,5,Prevalence,200,Benin,3,Both,27,Age-standardized,976,Diabetes mellitus type 2,3,Rate,2021,4549.665977460049,4919.62680639882,4186.35478332999
1,All Population,5,Prevalence,203,Cabo Verde,3,Both,27,Age-standardized,976,Diabetes mellitus type 2,3,Rate,2021,5462.709227354269,5949.35178090363,5008.96254630484
1,All Population,5,Prevalence,191,Zambia,3,Both,27,Age-standardized,976,Diabetes mellitus type 2,3,Rate,2021,4837.72225222467,5216.79185658429,4435.447281622381
1,All Population,5,Prevalence,202,Cameroon,3,Both,27,Age-standardized,976,Diabetes mellitus type 2,3,Rate,2021,4904.25356113234,5341.73548617902,4461.28993404422
1,All Population,5,Prevalence,204,Chad,3,Both,27,Age-standardized,976,Diabetes mellitus type 2,3,Rate,2021,4134.16532414229,4503.69107860056,3753.25851411787
1,All Population,5,Prevalence,205,Côte d'Ivoire,3,Both,27,Age-standardized,976,Diabetes mellitus type 2,3,Rate,2021,4837.64821008764,5246.6031847368695,4422.9624038604
1,All Population,5,Prevalence,211,Mali,3,Both,27,Age-standardized,976,Diabetes mellitus type 2,3,Rate,2021,7671.586499793941,8433.705642843619,6910.7839711858505
1,All Population,5,Prevalence,206,Gambia,3,Both,27,Age-standardized,976,Diabetes mellitus type 2,3,Rate,2021,5945.17960031289,6489.003397727911,5414.1941355957
1,All Population,5,Prevalence,207,Ghana,3,Both,27,Age-standardized,976,Diabetes mellitus type 2,3,Rate,2021,5108.66817992681,5525.57830251926,4666.02751203405
1,All Population,5,Prevalence,218,Togo,3,Both,27,Age-standardized,976,Diabetes mellitus type 2,3,Rate,2021,3544.2536739184397,3846.23639632839,3243.28800116357
1,All Population,5,Prevalence,213,Niger,3,Both,27,Age-standardized,976,Diabetes mellitus type 2,3,Rate,2021,4242.85901772586,4623.01406572596,3874.8446846742895
1,All Population,5,Prevalence,208,Guinea,3,Both,27,Age-standardized,976,Diabetes mellitus type 2,3,Rate,2021,3834.06300485663,4199.98525846753,3522.2343307858796
1,All Population,5,Prevalence,209,Guinea-Bissau,3,Both,27,Age-standardized,976,Diabetes mellitus type 2,3,Rate,2021,5021.41167267107,5484.76885684279,4564.72562141562
1,All Population,5,Prevalence,215,Sao Tome and Principe,3,Both,27,Age-standardized,976,Diabetes mellitus type 2,3,Rate,2021,5906.56163778876,6441.81082130091,5321.12861624995
1,All Population,5,Prevalence,298,American Samoa,3,Both,27,Age-standardized,976,Diabetes mellitus type 2,3,Rate,2021,16131.364817299049,17390.62044410119,15189.668802496351
1,All Population,5,Prevalence,305,Bermuda,3,Both,27,Age-standardized,976,Diabetes mellitus type 2,3,Rate,2021,5535.56507484916,6055.03939283865,5052.04593507745
1,All Population,5,Prevalence,217,Sierra Leone,3,Both,27,Age-standardized,976,Diabetes mellitus type 2,3,Rate,2021,4540.78522919601,4969.81808169521,4170.66595443697
1,All Population,5,Prevalence,320,Cook Islands,3,Both,27,Age-standardized,976,Diabetes mellitus type 2,3,Rate,2021,15647.74122201722,16850.64066188689,14448.457449015308
1,All Population,5,Prevalence,374,Niue,3,Both,27,Age-standardized,976,Diabetes mellitus type 2,3,Rate,2021,15836.672766504389,16985.095962488132,14559.65600988328
1,All Population,5,Prevalence,369,Nauru,3,Both,27,Age-standardized,976,Diabetes mellitus type 2,3,Rate,2021,15068.35540715671,16082.60824180879,13993.87998922001
1,All Population,5,Prevalence,351,Guam,3,Both,27,Age-standardized,976,Diabetes mellitus type 2,3,Rate,2021,7023.258359426291,7612.12606407628,6467.26870513061
1,All Population,5,Prevalence,349,Greenland,3,Both,27,Age-standardized,976,Diabetes mellitus type 2,3,Rate,2021,2794.15112617447,3164.91926095413,2518.2959749271
1,All Population,5,Prevalence,367,Monaco,3,Both,27,Age-standardized,976,Diabetes mellitus type 2,3,Rate,2021,3347.7814589986,3730.4354713770604,3017.61382446077
1,All Population,5,Prevalence,393,Saint Kitts and Nevis,3,Both,27,Age-standardized,976,Diabetes mellitus type 2,3,Rate,2021,8907.772327768631,9718.60219218143,8291.98314765833
1,All Population,5,Prevalence,380,Palau,3,Both,27,Age-standardized,976,Diabetes mellitus type 2,3,Rate,2021,12120.13020347934,13097.07621441705,11348.26689857392
1,All Population,5,Prevalence,435,South Sudan,3,Both,27,Age-standardized,976,Diabetes mellitus type 2,3,Rate,2021,2885.42632685725,3125.96460376855,2673.4922296657496
1,All Population,5,Prevalence,422,United States Virgin Islands,3,Both,27,Age-standardized,976,Diabetes mellitus type 2,3,Rate,2021,8024.33276887386,8750.69680403739,7388.62841448052
1,All Population,5,Prevalence,413,Tokelau,3,Both,27,Age-standardized,976,Diabetes mellitus type 2,3,Rate,2021,16296.06948526543,17562.06945748306,14998.948397966149
1,All Population,5,Prevalence,522,Sudan,3,Both,27,Age-standardized,976,Diabetes mellitus type 2,3,Rate,2021,8101.35054026126,8845.76400154692,7421.60516688296
1,All Population,5,Prevalence,25,Micronesia (Federated States of),3,Both,27,Age-standardized,976,Diabetes mellitus type 2,3,Rate,2014,16966.78911626046,17807.547862022922,16093.678682080028
1,All Population,5,Prevalence,14,Maldives,3,Both,27,Age-standardized,976,Diabetes mellitus type 2,3,Rate,2014,4226.53214509323,4619.8793492997,3857.9552314128996
1,All Population,5,Prevalence,10,Cambodia,3,Both,27,Age-standardized,976,Diabetes mellitus type 2,3,Rate,2014,3064.56130217947,3354.70812656268,2820.27597023175
1,All Population,5,Prevalence,27,Samoa,3,Both,27,Age-standardized,976,Diabetes mellitus type 2,3,Rate,2014,12517.712834532129,13456.20821406239,11646.69641211334
1,All Population,5,Prevalence,16,Philippines,3,Both,27,Age-standardized,976,Diabetes mellitus type 2,3,Rate,2014,5165.0049921233,5629.85380044277,4696.25216300505
1,All Population,5,Prevalence,12,Lao People's Democratic Republic,3,Both,27,Age-standardized,976,Diabetes mellitus type 2,3,Rate,2014,4419.18292739386,4848.13301109035,4070.5598490594602
1,All Population,5,Prevalence,72,New Zealand,3,Both,27,Age-standardized,976,Diabetes mellitus type 2,3,Rate,2014,3288.27696350543,3455.4309171578498,3142.76924428381
1,All Population,5,Prevalence,29,Tonga,3,Both,27,Age-standardized,976,Diabetes mellitus type 2,3,Rate,2014,12646.50503360617,13436.54804358492,11863.20577725878
1,All Population,5,Prevalence,7,Democratic People's Republic of Korea,3,Both,27,Age-standardized,976,Diabetes mellitus type 2,3,Rate,2022,5125.98637798719,5726.03889176099,4593.3295664711
1,All Population,5,Prevalence,18,Thailand,3,Both,27,Age-standardized,976,Diabetes mellitus type 2,3,Rate,2022,5177.105247375171,5696.82348703182,4743.70738150049
1,All Population,5,Prevalence,74,Andorra,3,Both,27,Age-standardized,976,Diabetes mellitus type 2,3,Rate,2014,2612.8610250554,2907.07806016312,2349.59473795993
1,All Population,5,Prevalence,6,China,3,Both,27,Age-standardized,976,Diabetes mellitus type 2,3,Rate,2022,5340.9252373033,5888.80498192774,4890.38284327723
1,All Population,5,Prevalence,11,Indonesia,3,Both,27,Age-standardized,976,Diabetes mellitus type 2,3,Rate,2022,4832.14179399402,5365.131908993691,4326.22678966642
1,All Population,5,Prevalence,8,Taiwan,3,Both,27,Age-standardized,976,Diabetes mellitus type 2,3,Rate,2022,5954.59820880211,6448.30654347969,5464.60539488745
1,All Population,5,Prevalence,17,Sri Lanka,3,Both,27,Age-standardized,976,Diabetes mellitus type 2,3,Rate,2022,7926.23152022868,8517.3538464277,7260.276053498289
1,All Population,5,Prevalence,13,Malaysia,3,Both,27,Age-standardized,976,Diabetes mellitus type 2,3,Rate,2022,7330.07217134402,8066.592384153761,6691.424796455581
1,All Population,5,Prevalence,15,Myanmar,3,Both,27,Age-standardized,976,Diabetes mellitus type 2,3,Rate,2022,6073.24407718208,6543.90734575712,5618.05296682472
1,All Population,5,Prevalence,20,Viet Nam,3,Both,27,Age-standardized,976,Diabetes mellitus type 2,3,Rate,2022,3692.12775837784,4021.58517618644,3393.1912509159
1,All Population,5,Prevalence,19,Timor-Leste,3,Both,27,Age-standardized,976,Diabetes mellitus type 2,3,Rate,2022,3534.33633064169,3911.5423028846103,3226.6844325259303
1,All Population,5,Prevalence,87,Luxembourg,3,Both,27,Age-standardized,976,Diabetes mellitus type 2,3,Rate,2014,2816.0671642872103,3107.01888434054,2566.63378998119
1,All Population,5,Prevalence,22,Fiji,3,Both,27,Age-standardized,976,Diabetes mellitus type 2,3,Rate,2022,16460.60253050373,17606.89527349873,15418.363642118029
1,All Population,5,Prevalence,108,Belize,3,Both,27,Age-standardized,976,Diabetes mellitus type 2,3,Rate,2014,9726.961384472379,10257.6782815518,9100.021138824619
1,All Population,5,Prevalence,24,Marshall Islands,3,Both,27,Age-standardized,976,Diabetes mellitus type 2,3,Rate,2022,17250.95285128084,18698.28341937027,15848.34001994164
1,All Population,5,Prevalence,76,Belgium,3,Both,27,Age-standardized,976,Diabetes mellitus type 2,3,Rate,2014,3049.7136056274203,3354.0582692911403,2790.99511175231
1,All Population,5,Prevalence,23,Kiribati,3,Both,27,Age-standardized,976,Diabetes mellitus type 2,3,Rate,2022,14448.52492985908,15485.67668272208,13418.389336809261
1,All Population,5,Prevalence,119,Trinidad and Tobago,3,Both,27,Age-standardized,976,Diabetes mellitus type 2,3,Rate,2014,15589.970617451141,16427.89750963118,14736.212402325149
1,All Population,5,Prevalence,102,United States of America,3,Both,27,Age-standardized,976,Diabetes mellitus type 2,3,Rate,2014,6347.6475651515,6701.01352368243,6028.191034760351
1,All Population,5,Prevalence,89,Netherlands,3,Both,27,Age-standardized,976,Diabetes mellitus type 2,3,Rate,2014,2913.90885420112,3184.04694993938,2670.71498589087
1,All Population,5,Prevalence,26,Papua New Guinea,3,Both,27,Age-standardized,976,Diabetes mellitus type 2,3,Rate,2022,8029.8857222325105,8673.52494304319,7400.71314103597
1,All Population,5,Prevalence,28,Solomon Islands,3,Both,27,Age-standardized,976,Diabetes mellitus type 2,3,Rate,2022,9231.81521314456,9892.25378999375,8479.980556334749
1,All Population,5,Prevalence,78,Denmark,3,Both,27,Age-standardized,976,Diabetes mellitus type 2,3,Rate,2014,2874.50867704011,3130.3961468919797,2622.89532102937
1,All Population,5,Prevalence,30,Vanuatu,3,Both,27,Age-standardized,976,Diabetes mellitus type 2,3,Rate,2022,9082.33132092983,9809.30633715777,8352.1870802394
1,All Population,5,Prevalence,132,Panama,3,Both,27,Age-standardized,976,Diabetes mellitus type 2,3,Rate,2014,6567.29148258542,7082.55007024595,6034.82212555756
1,All Population,5,Prevalence,121,Bolivia (Plurinational State of),3,Both,27,Age-standardized,976,Diabetes mellitus type 2,3,Rate,2014,4750.26443008476,5221.6379908789395,4358.7869625868
1,All Population,5,Prevalence,91,Portugal,3,Both,27,Age-standardized,976,Diabetes mellitus type 2,3,Rate,2014,4341.54852691834,4659.73615038335,4012.2159859692397
1,All Population,5,Prevalence,106,Bahamas,3,Both,27,Age-standardized,976,Diabetes mellitus type 2,3,Rate,2014,7830.04950211067,8375.41916709849,7260.81578521945
1,All Population,5,Prevalence,66,Brunei Darussalam,3,Both,27,Age-standardized,976,Diabetes mellitus type 2,3,Rate,2022,7829.75549698529,8470.539027705561,7255.36865442441
1,All Population,5,Prevalence,71,Australia,3,Both,27,Age-standardized,976,Diabetes mellitus type 2,3,Rate,2022,2344.9209063272797,2534.64545737909,2131.12936292842
1,All Population,5,Prevalence,123,Peru,3,Both,27,Age-standardized,976,Diabetes mellitus type 2,3,Rate,2014,2758.03398558821,2993.15707056459,2539.1353974169197
1,All Population,5,Prevalence,153,Syrian Arab Republic,3,Both,27,Age-standardized,976,Diabetes mellitus type 2,3,Rate,2014,9611.130821894361,10453.47205230189,8804.77675359004
1,All Population,5,Prevalence,67,Japan,3,Both,27,Age-standardized,976,Diabetes mellitus type 2,3,Rate,2022,5250.33901795873,5843.34914899672,4699.942475708041
1,All Population,5,Prevalence,136,Paraguay,3,Both,27,Age-standardized,976,Diabetes mellitus type 2,3,Rate,2014,6646.942685945651,7139.59873275536,6169.83301663823
1,All Population,5,Prevalence,69,Singapore,3,Both,27,Age-standardized,976,Diabetes mellitus type 2,3,Rate,2022,4166.76687145884,4630.61436422269,3818.22430182829
1,All Population,5,Prevalence,149,Palestine,3,Both,27,Age-standardized,976,Diabetes mellitus type 2,3,Rate,2014,10908.704012189099,11625.75438940318,10158.23609963189
1,All Population,5,Prevalence,68,Republic of Korea,3,Both,27,Age-standardized,976,Diabetes mellitus type 2,3,Rate,2022,5182.77142369146,5326.72952604118,5007.3883312589505
1,All Population,5,Prevalence,117,Saint Vincent and the Grenadines,3,Both,27,Age-standardized,976,Diabetes mellitus type 2,3,Rate,2014,10607.519370235479,11330.7074773734,9911.085829269301
1,All Population,5,Prevalence,93,Sweden,3,Both,27,Age-standardized,976,Diabetes mellitus type 2,3,Rate,2014,3845.45271903345,4143.27050930404,3556.4981202806503
1,All Population,5,Prevalence,75,Austria,3,Both,27,Age-standardized,976,Diabetes mellitus type 2,3,Rate,2022,2570.68115513756,2791.92685815392,2372.0761286074603
1,All Population,5,Prevalence,168,Angola,3,Both,27,Age-standardized,976,Diabetes mellitus type 2,3,Rate,2014,6669.982214051711,7195.414031238561,6196.49347046953
1,All Population,5,Prevalence,77,Cyprus,3,Both,27,Age-standardized,976,Diabetes mellitus type 2,3,Rate,2022,4907.56805865947,5345.4245148938,4449.56294644158
1,All Population,5,Prevalence,80,France,3,Both,27,Age-standardized,976,Diabetes mellitus type 2,3,Rate,2022,3675.37105812928,4019.2476525965403,3364.3244639032196
1,All Population,5,Prevalence,82,Greece,3,Both,27,Age-standardized,976,Diabetes mellitus type 2,3,Rate,2022,3707.52459764926,4131.36180875128,3341.75537962132
1,All Population,5,Prevalence,79,Finland,3,Both,27,Age-standardized,976,Diabetes mellitus type 2,3,Rate,2022,5205.82481183752,5806.82832831911,4634.04144030571
1,All Population,5,Prevalence,151,Qatar,3,Both,27,Age-standardized,976,Diabetes mellitus type 2,3,Rate,2014,13898.75689562739,15164.754373470729,12899.791504364039
1,All Population,5,Prevalence,86,Italy,3,Both,27,Age-standardized,976,Diabetes mellitus type 2,3,Rate,2022,3608.3118472450797,4069.22189988275,3179.4229091073803
1,All Population,5,Prevalence,84,Ireland,3,Both,27,Age-standardized,976,Diabetes mellitus type 2,3,Rate,2022,2926.24703055088,3264.8492519528295,2640.65647698007
1,All Population,5,Prevalence,81,Germany,3,Both,27,Age-standardized,976,Diabetes mellitus type 2,3,Rate,2022,4460.56296555069,4876.05605529784,4117.06542521642
1,All Population,5,Prevalence,179,Ethiopia,3,Both,27,Age-standardized,976,Diabetes mellitus type 2,3,Rate,2014,2860.6997698956397,3143.1559791170503,2592.49073408089
1,All Population,5,Prevalence,170,Congo,3,Both,27,Age-standardized,976,Diabetes mellitus type 2,3,Rate,2014,6472.077179966861,7053.148796522631,5923.35877946677
1,All Population,5,Prevalence,88,Malta,3,Both,27,Age-standardized,976,Diabetes mellitus type 2,3,Rate,2022,3706.71496445767,4124.08205210675,3399.82413149833
1,All Population,5,Prevalence,95,United Kingdom,3,Both,27,Age-standardized,976,Diabetes mellitus type 2,3,Rate,2022,5018.16976299501,5466.69488610464,4544.84604772734
1,All Population,5,Prevalence,83,Iceland,3,Both,27,Age-standardized,976,Diabetes mellitus type 2,3,Rate,2022,3383.1666486012805,3750.59536718027,3071.0983095905203
1,All Population,5,Prevalence,94,Switzerland,3,Both,27,Age-standardized,976,Diabetes mellitus type 2,3,Rate,2022,3197.42594811465,3605.16341340269,2877.2373334904
1,All Population,5,Prevalence,90,Norway,3,Both,27,Age-standardized,976,Diabetes mellitus type 2,3,Rate,2022,3975.4963074685697,4488.72439736514,3459.6686221974196
1,All Population,5,Prevalence,97,Argentina,3,Both,27,Age-standardized,976,Diabetes mellitus type 2,3,Rate,2022,3629.4957273466803,3884.25698929229,3410.36219724095
1,All Population,5,Prevalence,85,Israel,3,Both,27,Age-standardized,976,Diabetes mellitus type 2,3,Rate,2022,3458.8834017137997,3718.7000229455703,3224.92422130986
1,All Population,5,Prevalence,164,Nepal,3,Both,27,Age-standardized,976,Diabetes mellitus type 2,3,Rate,2014,5747.304491851351,6216.7559989313695,5294.77518858279
1,All Population,5,Prevalence,92,Spain,3,Both,27,Age-standardized,976,Diabetes mellitus type 2,3,Rate,2022,4932.43342795239,5382.29584707619,4536.02003654094
1,All Population,5,Prevalence,105,Antigua and Barbuda,3,Both,27,Age-standardized,976,Diabetes mellitus type 2,3,Rate,2022,8848.49523320343,9527.20789878257,8240.77637503082
1,All Population,5,Prevalence,98,Chile,3,Both,27,Age-standardized,976,Diabetes mellitus type 2,3,Rate,2022,2275.87130830132,2478.68092066287,2090.14050903943
1,All Population,5,Prevalence,201,Burkina Faso,3,Both,27,Age-standardized,976,Diabetes mellitus type 2,3,Rate,2014,2493.87924568132,2707.76770068752,2312.21344310692
1,All Population,5,Prevalence,99,Uruguay,3,Both,27,Age-standardized,976,Diabetes mellitus type 2,3,Rate,2022,3422.72821269661,3682.8405887704203,3183.37705496448
1,All Population,5,Prevalence,110,Dominica,3,Both,27,Age-standardized,976,Diabetes mellitus type 2,3,Rate,2022,10523.93510783624,11366.68572650103,9760.317376153229
1,All Population,5,Prevalence,107,Barbados,3,Both,27,Age-standardized,976,Diabetes mellitus type 2,3,Rate,2022,10491.95192900796,11348.41297615031,9683.180473505081
1,All Population,5,Prevalence,101,Canada,3,Both,27,Age-standardized,976,Diabetes mellitus type 2,3,Rate,2022,3194.6495511321805,3479.30236432981,2889.47442078383
1,All Population,5,Prevalence,109,Cuba,3,Both,27,Age-standardized,976,Diabetes mellitus type 2,3,Rate,2022,4613.34308502254,5061.75615395605,4145.93195866066
1,All Population,5,Prevalence,181,Madagascar,3,Both,27,Age-standardized,976,Diabetes mellitus type 2,3,Rate,2014,2786.04684192996,3016.65894876786,2573.83600510724
1,All Population,5,Prevalence,112,Grenada,3,Both,27,Age-standardized,976,Diabetes mellitus type 2,3,Rate,2022,10853.048011829409,11581.9173967215,9989.76588773217
1,All Population,5,Prevalence,195,Namibia,3,Both,27,Age-standardized,976,Diabetes mellitus type 2,3,Rate,2014,4688.08610736072,5099.895774146839,4353.572533331089
1,All Population,5,Prevalence,118,Suriname,3,Both,27,Age-standardized,976,Diabetes mellitus type 2,3,Rate,2022,11193.31501758585,12154.22884883407,10262.72005644089
1,All Population,5,Prevalence,214,Nigeria,3,Both,27,Age-standardized,976,Diabetes mellitus type 2,3,Rate,2014,3716.7224537155203,4043.0490558375104,3373.635100952
1,All Population,5,Prevalence,114,Haiti,3,Both,27,Age-standardized,976,Diabetes mellitus type 2,3,Rate,2022,6473.58412334176,7101.6297799799095,5863.92766359939
1,All Population,5,Prevalence,111,Dominican Republic,3,Both,27,Age-standardized,976,Diabetes mellitus type 2,3,Rate,2022,7988.28508935371,8688.61906409414,7390.0424397346205
1,All Population,5,Prevalence,115,Jamaica,3,Both,27,Age-standardized,976,Diabetes mellitus type 2,3,Rate,2022,8794.810944238341,9664.15706843182,8107.03003795003
1,All Population,5,Prevalence,116,Saint Lucia,3,Both,27,Age-standardized,976,Diabetes mellitus type 2,3,Rate,2022,10792.68676486193,11481.58356741962,10002.08730852315
1,All Population,5,Prevalence,113,Guyana,3,Both,27,Age-standardized,976,Diabetes mellitus type 2,3,Rate,2022,9914.88709257082,10735.83000845396,9179.98715347932
1,All Population,5,Prevalence,122,Ecuador,3,Both,27,Age-standardized,976,Diabetes mellitus type 2,3,Rate,2022,6022.9656575624,6482.21757764295,5606.33892126238
1,All Population,5,Prevalence,125,Colombia,3,Both,27,Age-standardized,976,Diabetes mellitus type 2,3,Rate,2022,5676.19296074786,6121.80283124978,5252.34921961091
1,All Population,5,Prevalence,127,El Salvador,3,Both,27,Age-standardized,976,Diabetes mellitus type 2,3,Rate,2022,7092.418089340261,7796.02118796973,6504.32476259578
1,All Population,5,Prevalence,126,Costa Rica,3,Both,27,Age-standardized,976,Diabetes mellitus type 2,3,Rate,2022,8165.51973701684,8987.74562261249,7325.614651112961
1,All Population,5,Prevalence,197,Eswatini,3,Both,27,Age-standardized,976,Diabetes mellitus type 2,3,Rate,2014,6054.65347102995,6539.3022851264905,5645.11392967784
1,All Population,5,Prevalence,129,Honduras,3,Both,27,Age-standardized,976,Diabetes mellitus type 2,3,Rate,2022,5333.00971035828,5936.81946273475,4743.80961386919
1,All Population,5,Prevalence,183,Mauritius,3,Both,27,Age-standardized,976,Diabetes mellitus type 2,3,Rate,2014,13304.38662333543,13950.547182971752,12765.24830128535
1,All Population,5,Prevalence,133,Venezuela (Bolivarian Republic of),3,Both,27,Age-standardized,976,Diabetes mellitus type 2,3,Rate,2022,6960.05623006512,7532.44591780594,6406.735548596521
1,All Population,5,Prevalence,216,Senegal,3,Both,27,Age-standardized,976,Diabetes mellitus type 2,3,Rate,2014,6858.28469415342,7421.855315162421,6292.38454207066
1,All Population,5,Prevalence,128,Guatemala,3,Both,27,Age-standardized,976,Diabetes mellitus type 2,3,Rate,2022,9474.54945188334,10070.72192907557,8880.7336664137
1,All Population,5,Prevalence,135,Brazil,3,Both,27,Age-standardized,976,Diabetes mellitus type 2,3,Rate,2022,5120.09181437222,5627.5444229833,4575.3911156194
1,All Population,5,Prevalence,131,Nicaragua,3,Both,27,Age-standardized,976,Diabetes mellitus type 2,3,Rate,2022,5405.38464637754,5880.2613462686695,4930.0135354167305
1,All Population,5,Prevalence,140,Bahrain,3,Both,27,Age-standardized,976,Diabetes mellitus type 2,3,Rate,2022,17824.5136858832,19221.56407438182,16335.523690663482
1,All Population,5,Prevalence,130,Mexico,3,Both,27,Age-standardized,976,Diabetes mellitus type 2,3,Rate,2022,11593.76249580599,12612.45036099461,10460.70663464584
1,All Population,5,Prevalence,139,Algeria,3,Both,27,Age-standardized,976,Diabetes mellitus type 2,3,Rate,2022,10522.11604915757,11518.65803482255,9720.09960606158
1,All Population,5,Prevalence,142,Iran (Islamic Republic of),3,Both,27,Age-standardized,976,Diabetes mellitus type 2,3,Rate,2022,7726.58030255247,8592.70075751134,6928.90835095044
1,All Population,5,Prevalence,141,Egypt,3,Both,27,Age-standardized,976,Diabetes mellitus type 2,3,Rate,2022,13406.515979200209,14449.102240345499,12328.13453326172
1,All Population,5,Prevalence,144,Jordan,3,Both,27,Age-standardized,976,Diabetes mellitus type 2,3,Rate,2022,12258.47644924309,13141.470771460128,11362.31238996128
1,All Population,5,Prevalence,148,Morocco,3,Both,27,Age-standardized,976,Diabetes mellitus type 2,3,Rate,2022,9521.356048595719,10287.56889153611,8765.08489095769
1,All Population,5,Prevalence,155,Türkiye,3,Both,27,Age-standardized,976,Diabetes mellitus type 2,3,Rate,2022,7797.18107531434,8519.25550778034,7143.539932603429
1,All Population,5,Prevalence,416,Tuvalu,3,Both,27,Age-standardized,976,Diabetes mellitus type 2,3,Rate,2014,9966.435557180239,10784.52752531658,9269.82714771018
1,All Population,5,Prevalence,376,Northern Mariana Islands,3,Both,27,Age-standardized,976,Diabetes mellitus type 2,3,Rate,2014,10584.25925421401,11330.098274957209,9716.76882905069
1,All Population,5,Prevalence,146,Lebanon,3,Both,27,Age-standardized,976,Diabetes mellitus type 2,3,Rate,2022,11934.5887019566,12996.88970783946,11048.14176543604
1,All Population,5,Prevalence,185,Rwanda,3,Both,27,Age-standardized,976,Diabetes mellitus type 2,3,Rate,2014,2519.98957380084,2726.36201768598,2336.9158524282
1,All Population,5,Prevalence,143,Iraq,3,Both,27,Age-standardized,976,Diabetes mellitus type 2,3,Rate,2022,12820.47161086658,13960.45442301691,11787.62184333064
1,All Population,5,Prevalence,150,Oman,3,Both,27,Age-standardized,976,Diabetes mellitus type 2,3,Rate,2022,10694.17569835048,11679.37989384418,9771.01629471764
1,All Population,5,Prevalence,157,Yemen,3,Both,27,Age-standardized,976,Diabetes mellitus type 2,3,Rate,2022,6884.36209498248,7549.134954446709,6222.75959855766
1,All Population,5,Prevalence,156,United Arab Emirates,3,Both,27,Age-standardized,976,Diabetes mellitus type 2,3,Rate,2022,15271.861238163981,16686.36277621863,14032.1060001801
1,All Population,5,Prevalence,152,Saudi Arabia,3,Both,27,Age-standardized,976,Diabetes mellitus type 2,3,Rate,2022,22282.97087619021,24045.77327497564,20507.353508632357
1,All Population,5,Prevalence,163,India,3,Both,27,Age-standardized,976,Diabetes mellitus type 2,3,Rate,2022,7528.69572938025,8194.867335317229,6828.88004920666
1,All Population,5,Prevalence,145,Kuwait,3,Both,27,Age-standardized,976,Diabetes mellitus type 2,3,Rate,2022,17644.33918503559,19175.610610264728,16318.67515439556
1,All Population,5,Prevalence,161,Bangladesh,3,Both,27,Age-standardized,976,Diabetes mellitus type 2,3,Rate,2022,6418.3330957198095,6946.03345923524,5945.669470706
1,All Population,5,Prevalence,210,Liberia,3,Both,27,Age-standardized,976,Diabetes mellitus type 2,3,Rate,2014,4962.74574871963,5377.4247128589495,4560.54022082072
1,All Population,5,Prevalence,162,Bhutan,3,Both,27,Age-standardized,976,Diabetes mellitus type 2,3,Rate,2022,5146.51460323928,5648.72893957378,4685.21528626957
1,All Population,5,Prevalence,160,Afghanistan,3,Both,27,Age-standardized,976,Diabetes mellitus type 2,3,Rate,2022,10134.85064154392,10957.52476146023,9278.11776235813
1,All Population,5,Prevalence,147,Libya,3,Both,27,Age-standardized,976,Diabetes mellitus type 2,3,Rate,2022,13196.46155257782,14522.25490697134,11846.0271953669
1,All Population,5,Prevalence,154,Tunisia,3,Both,27,Age-standardized,976,Diabetes mellitus type 2,3,Rate,2022,10020.16980323733,10970.107564776969,9179.97183192877
1,All Population,5,Prevalence,165,Pakistan,3,Both,27,Age-standardized,976,Diabetes mellitus type 2,3,Rate,2022,8215.15001999319,9042.00069207702,7377.59287116488
1,All Population,5,Prevalence,169,Central African Republic,3,Both,27,Age-standardized,976,Diabetes mellitus type 2,3,Rate,2022,6313.99679580624,6898.3808962782805,5680.73917123478
1,All Population,5,Prevalence,385,Puerto Rico,3,Both,27,Age-standardized,976,Diabetes mellitus type 2,3,Rate,2014,7978.89884170907,8493.7880839262,7403.096385885249
1,All Population,5,Prevalence,172,Equatorial Guinea,3,Both,27,Age-standardized,976,Diabetes mellitus type 2,3,Rate,2022,7048.80127216605,7741.65453773959,6392.405273107731
1,All Population,5,Prevalence,171,Democratic Republic of the Congo,3,Both,27,Age-standardized,976,Diabetes mellitus type 2,3,Rate,2022,5702.36450741372,6266.3064169359795,5177.25628419916
1,All Population,5,Prevalence,178,Eritrea,3,Both,27,Age-standardized,976,Diabetes mellitus type 2,3,Rate,2022,3247.0330308221005,3543.39307352159,2954.4729810419603
1,All Population,5,Prevalence,176,Comoros,3,Both,27,Age-standardized,976,Diabetes mellitus type 2,3,Rate,2022,3949.53763290363,4258.4845306485795,3616.7094315792797
1,All Population,5,Prevalence,173,Gabon,3,Both,27,Age-standardized,976,Diabetes mellitus type 2,3,Rate,2022,7563.88393572878,8277.31068214482,6898.754399681629
1,All Population,5,Prevalence,180,Kenya,3,Both,27,Age-standardized,976,Diabetes mellitus type 2,3,Rate,2022,3394.5512605287295,3710.6206706375197,3072.0582905039
1,All Population,5,Prevalence,175,Burundi,3,Both,27,Age-standardized,976,Diabetes mellitus type 2,3,Rate,2022,3065.3991400939403,3340.27378567782,2789.8636810859903
1,All Population,5,Prevalence,187,Somalia,3,Both,27,Age-standardized,976,Diabetes mellitus type 2,3,Rate,2022,3114.8681354506402,3382.4225752038797,2835.82680897778
1,All Population,5,Prevalence,186,Seychelles,3,Both,27,Age-standardized,976,Diabetes mellitus type 2,3,Rate,2022,8345.80214386037,9206.86194269756,7571.860871021049
1,All Population,5,Prevalence,182,Malawi,3,Both,27,Age-standardized,976,Diabetes mellitus type 2,3,Rate,2022,2448.52580183097,2658.766451681,2273.61980569082
1,All Population,5,Prevalence,212,Mauritania,3,Both,27,Age-standardized,976,Diabetes mellitus type 2,3,Rate,2014,5503.85578265378,5937.9402500164,5028.08737745835
1,All Population,5,Prevalence,177,Djibouti,3,Both,27,Age-standardized,976,Diabetes mellitus type 2,3,Rate,2022,3312.8917924594602,3581.37153048632,3026.5764270018503
1,All Population,5,Prevalence,196,South Africa,3,Both,27,Age-standardized,976,Diabetes mellitus type 2,3,Rate,2022,7222.21362814193,7887.27083876941,6529.086075576291
1,All Population,5,Prevalence,396,San Marino,3,Both,27,Age-standardized,976,Diabetes mellitus type 2,3,Rate,2014,3361.7381516567298,3750.2369667725097,3052.22456177288
1,All Population,5,Prevalence,190,Uganda,3,Both,27,Age-standardized,976,Diabetes mellitus type 2,3,Rate,2022,3829.6346192643,4184.0057669001,3470.7304310907
1,All Population,5,Prevalence,189,United Republic of Tanzania,3,Both,27,Age-standardized,976,Diabetes mellitus type 2,3,Rate,2022,2813.12622080095,3071.1919166646303,2579.1106682068603
1,All Population,5,Prevalence,184,Mozambique,3,Both,27,Age-standardized,976,Diabetes mellitus type 2,3,Rate,2022,2694.7359570763397,2919.15900135318,2471.32667192155
1,All Population,5,Prevalence,203,Cabo Verde,3,Both,27,Age-standardized,976,Diabetes mellitus type 2,3,Rate,2022,5540.63887709991,6073.0598281927105,5044.51756071133
1,All Population,5,Prevalence,194,Lesotho,3,Both,27,Age-standardized,976,Diabetes mellitus type 2,3,Rate,2022,4197.83485186232,4580.73737050628,3864.61190695302
1,All Population,5,Prevalence,191,Zambia,3,Both,27,Age-standardized,976,Diabetes mellitus type 2,3,Rate,2022,4841.85907895456,5223.3287418126,4438.42810468037
1,All Population,5,Prevalence,198,Zimbabwe,3,Both,27,Age-standardized,976,Diabetes mellitus type 2,3,Rate,2022,4057.36396122084,4471.11577811406,3688.9641540393704
1,All Population,5,Prevalence,202,Cameroon,3,Both,27,Age-standardized,976,Diabetes mellitus type 2,3,Rate,2022,4893.60770659181,5335.80674181064,4428.71609871943
1,All Population,5,Prevalence,205,Côte d'Ivoire,3,Both,27,Age-standardized,976,Diabetes mellitus type 2,3,Rate,2022,4856.69244334449,5282.78902179717,4374.94371915378
1,All Population,5,Prevalence,200,Benin,3,Both,27,Age-standardized,976,Diabetes mellitus type 2,3,Rate,2022,4578.3962069621,4955.94806861221,4180.83575371849
1,All Population,5,Prevalence,193,Botswana,3,Both,27,Age-standardized,976,Diabetes mellitus type 2,3,Rate,2022,4700.87744996498,5055.74457444784,4327.5653120179395
1,All Population,5,Prevalence,211,Mali,3,Both,27,Age-standardized,976,Diabetes mellitus type 2,3,Rate,2022,7685.84492597426,8457.15669695203,6860.49896174304
1,All Population,5,Prevalence,209,Guinea-Bissau,3,Both,27,Age-standardized,976,Diabetes mellitus type 2,3,Rate,2022,5025.74278499322,5504.64767137889,4560.36843364504
1,All Population,5,Prevalence,204,Chad,3,Both,27,Age-standardized,976,Diabetes mellitus type 2,3,Rate,2022,4128.10339064064,4532.97559954384,3734.3809681215603
1,All Population,5,Prevalence,207,Ghana,3,Both,27,Age-standardized,976,Diabetes mellitus type 2,3,Rate,2022,5147.59345854438,5570.438217727959,4721.40142249435
1,All Population,5,Prevalence,215,Sao Tome and Principe,3,Both,27,Age-standardized,976,Diabetes mellitus type 2,3,Rate,2022,5985.85751210471,6534.81096713733,5345.7955239184
1,All Population,5,Prevalence,213,Niger,3,Both,27,Age-standardized,976,Diabetes mellitus type 2,3,Rate,2022,4265.21979252857,4663.91977648433,3854.4564290886797
1,All Population,5,Prevalence,218,Togo,3,Both,27,Age-standardized,976,Diabetes mellitus type 2,3,Rate,2022,3589.9128693538096,3933.8436560129803,3235.0956323472105
1,All Population,5,Prevalence,206,Gambia,3,Both,27,Age-standardized,976,Diabetes mellitus type 2,3,Rate,2022,5972.1535165153,6521.26912206815,5445.74457249417
1,All Population,5,Prevalence,217,Sierra Leone,3,Both,27,Age-standardized,976,Diabetes mellitus type 2,3,Rate,2022,4572.29397639321,5015.18643924169,4152.5543142528
1,All Population,5,Prevalence,208,Guinea,3,Both,27,Age-standardized,976,Diabetes mellitus type 2,3,Rate,2022,3852.89390079798,4244.7440621771,3522.2969626368103
1,All Population,5,Prevalence,305,Bermuda,3,Both,27,Age-standardized,976,Diabetes mellitus type 2,3,Rate,2022,5604.4216315575195,6191.82546524462,5065.46017643908
1,All Population,5,Prevalence,298,American Samoa,3,Both,27,Age-standardized,976,Diabetes mellitus type 2,3,Rate,2022,16074.67980481117,17419.55088463888,14930.44556840452
1,All Population,5,Prevalence,320,Cook Islands,3,Both,27,Age-standardized,976,Diabetes mellitus type 2,3,Rate,2022,15600.263761917122,16904.69292164773,14265.33701661012
1,All Population,5,Prevalence,374,Niue,3,Both,27,Age-standardized,976,Diabetes mellitus type 2,3,Rate,2022,15825.492269394961,17042.647156601128,14610.775925062419
1,All Population,5,Prevalence,349,Greenland,3,Both,27,Age-standardized,976,Diabetes mellitus type 2,3,Rate,2022,2834.04290232817,3215.8088823147505,2534.0255759272
1,All Population,5,Prevalence,351,Guam,3,Both,27,Age-standardized,976,Diabetes mellitus type 2,3,Rate,2022,7088.59917549389,7746.79346377274,6476.616185248529
1,All Population,5,Prevalence,380,Palau,3,Both,27,Age-standardized,976,Diabetes mellitus type 2,3,Rate,2022,12060.45107520387,12966.720250031749,11266.988989855741
1,All Population,5,Prevalence,435,South Sudan,3,Both,27,Age-standardized,976,Diabetes mellitus type 2,3,Rate,2022,2889.53671003279,3155.6880233226602,2654.35437940641
1,All Population,5,Prevalence,367,Monaco,3,Both,27,Age-standardized,976,Diabetes mellitus type 2,3,Rate,2022,3422.4316291127802,3841.75313082114,3063.61474858046
1,All Population,5,Prevalence,422,United States Virgin Islands,3,Both,27,Age-standardized,976,Diabetes mellitus type 2,3,Rate,2022,8087.340289911241,8815.90503239407,7431.92526839236
1,All Population,5,Prevalence,369,Nauru,3,Both,27,Age-standardized,976,Diabetes mellitus type 2,3,Rate,2022,15127.158029280941,16216.37421552083,13867.077403897498
1,All Population,5,Prevalence,393,Saint Kitts and Nevis,3,Both,27,Age-standardized,976,Diabetes mellitus type 2,3,Rate,2022,9012.22125234009,9810.89187705993,8287.25430765704
1,All Population,5,Prevalence,413,Tokelau,3,Both,27,Age-standardized,976,Diabetes mellitus type 2,3,Rate,2022,16359.724978349319,17752.18527685336,14976.601731020131
1,All Population,5,Prevalence,522,Sudan,3,Both,27,Age-standardized,976,Diabetes mellitus type 2,3,Rate,2022,8364.453971672769,9171.25984053458,7650.00340047544
1,All Population,5,Prevalence,10,Cambodia,3,Both,27,Age-standardized,976,Diabetes mellitus type 2,3,Rate,2015,3093.06986725853,3380.0697394240797,2850.20398175917
1,All Population,5,Prevalence,25,Micronesia (Federated States of),3,Both,27,Age-standardized,976,Diabetes mellitus type 2,3,Rate,2015,17268.56862166505,18223.783088314878,16363.12227668883
1,All Population,5,Prevalence,12,Lao People's Democratic Republic,3,Both,27,Age-standardized,976,Diabetes mellitus type 2,3,Rate,2015,4452.54667270402,4900.898951367641,4084.26739635283
1,All Population,5,Prevalence,27,Samoa,3,Both,27,Age-standardized,976,Diabetes mellitus type 2,3,Rate,2015,12687.463778100411,13715.98223310531,11823.11398577196
1,All Population,5,Prevalence,14,Maldives,3,Both,27,Age-standardized,976,Diabetes mellitus type 2,3,Rate,2015,4254.910013181639,4699.10392037057,3850.0783029167496
1,All Population,5,Prevalence,7,Democratic People's Republic of Korea,3,Both,27,Age-standardized,976,Diabetes mellitus type 2,3,Rate,2023,5188.65644488941,5783.982326490221,4594.76621611068
1,All Population,5,Prevalence,29,Tonga,3,Both,27,Age-standardized,976,Diabetes mellitus type 2,3,Rate,2015,12790.49273992848,13626.58347361641,12015.525825314751
1,All Population,5,Prevalence,78,Denmark,3,Both,27,Age-standardized,976,Diabetes mellitus type 2,3,Rate,2015,2891.19434808392,3170.45771628527,2628.63237666723
1,All Population,5,Prevalence,89,Netherlands,3,Both,27,Age-standardized,976,Diabetes mellitus type 2,3,Rate,2015,2908.86912851444,3176.19224801099,2666.61746604175
1,All Population,5,Prevalence,6,China,3,Both,27,Age-standardized,976,Diabetes mellitus type 2,3,Rate,2023,5408.62528258442,5944.63335897559,4958.52569071785
1,All Population,5,Prevalence,16,Philippines,3,Both,27,Age-standardized,976,Diabetes mellitus type 2,3,Rate,2015,5219.81389147641,5691.33810336043,4752.44255221672
1,All Population,5,Prevalence,72,New Zealand,3,Both,27,Age-standardized,976,Diabetes mellitus type 2,3,Rate,2015,3338.96501414766,3513.3266930566897,3191.9933501114
1,All Population,5,Prevalence,8,Taiwan,3,Both,27,Age-standardized,976,Diabetes mellitus type 2,3,Rate,2023,6085.74828372814,6612.708863752629,5618.289152358099
1,All Population,5,Prevalence,11,Indonesia,3,Both,27,Age-standardized,976,Diabetes mellitus type 2,3,Rate,2023,4869.30454543814,5423.438118072891,4346.89145640076
1,All Population,5,Prevalence,18,Thailand,3,Both,27,Age-standardized,976,Diabetes mellitus type 2,3,Rate,2023,5292.84661899435,5779.47143012939,4841.384346409311
1,All Population,5,Prevalence,13,Malaysia,3,Both,27,Age-standardized,976,Diabetes mellitus type 2,3,Rate,2023,7429.241793895299,8157.35896282561,6812.319905844951
1,All Population,5,Prevalence,91,Portugal,3,Both,27,Age-standardized,976,Diabetes mellitus type 2,3,Rate,2015,4335.5735104412,4669.55758242641,3997.8648079597397
1,All Population,5,Prevalence,20,Viet Nam,3,Both,27,Age-standardized,976,Diabetes mellitus type 2,3,Rate,2023,3731.3616492883903,4069.59564155556,3434.42102294741
1,All Population,5,Prevalence,15,Myanmar,3,Both,27,Age-standardized,976,Diabetes mellitus type 2,3,Rate,2023,6125.61305682318,6620.06069953821,5650.11255081761
1,All Population,5,Prevalence,74,Andorra,3,Both,27,Age-standardized,976,Diabetes mellitus type 2,3,Rate,2015,2618.18346396736,2920.46061320643,2346.30709900881
1,All Population,5,Prevalence,102,United States of America,3,Both,27,Age-standardized,976,Diabetes mellitus type 2,3,Rate,2015,6440.99067502276,6796.53547972741,6122.09034218504
1,All Population,5,Prevalence,17,Sri Lanka,3,Both,27,Age-standardized,976,Diabetes mellitus type 2,3,Rate,2023,7959.115643701881,8550.60716783625,7374.456764218649
1,All Population,5,Prevalence,22,Fiji,3,Both,27,Age-standardized,976,Diabetes mellitus type 2,3,Rate,2023,17403.41678225497,18432.40162286177,16245.28255492941
1,All Population,5,Prevalence,19,Timor-Leste,3,Both,27,Age-standardized,976,Diabetes mellitus type 2,3,Rate,2023,3576.4862316852305,3967.0620676682797,3237.16066695156
1,All Population,5,Prevalence,24,Marshall Islands,3,Both,27,Age-standardized,976,Diabetes mellitus type 2,3,Rate,2023,17562.46879205974,18983.42109901955,16049.85389752848
1,All Population,5,Prevalence,26,Papua New Guinea,3,Both,27,Age-standardized,976,Diabetes mellitus type 2,3,Rate,2023,8128.16146775196,8826.548434126189,7480.312915799541
1,All Population,5,Prevalence,23,Kiribati,3,Both,27,Age-standardized,976,Diabetes mellitus type 2,3,Rate,2023,14624.395537026649,15576.88282579779,13487.78688101926
1,All Population,5,Prevalence,93,Sweden,3,Both,27,Age-standardized,976,Diabetes mellitus type 2,3,Rate,2015,3869.34406868238,4192.187115830729,3562.78333735535
1,All Population,5,Prevalence,28,Solomon Islands,3,Both,27,Age-standardized,976,Diabetes mellitus type 2,3,Rate,2023,9300.51029545595,10113.73907485667,8574.55051272403
1,All Population,5,Prevalence,117,Saint Vincent and the Grenadines,3,Both,27,Age-standardized,976,Diabetes mellitus type 2,3,Rate,2015,10583.37062696525,11346.26911277927,9828.43763299211
1,All Population,5,Prevalence,76,Belgium,3,Both,27,Age-standardized,976,Diabetes mellitus type 2,3,Rate,2015,3065.0702438592198,3377.0566558473997,2794.4947273909197
1,All Population,5,Prevalence,30,Vanuatu,3,Both,27,Age-standardized,976,Diabetes mellitus type 2,3,Rate,2023,9296.686400632361,10098.290903282239,8513.77790398473
1,All Population,5,Prevalence,106,Bahamas,3,Both,27,Age-standardized,976,Diabetes mellitus type 2,3,Rate,2015,7910.773444653029,8484.39523367244,7328.68034771431
1,All Population,5,Prevalence,87,Luxembourg,3,Both,27,Age-standardized,976,Diabetes mellitus type 2,3,Rate,2015,2823.29660332989,3105.25228275267,2571.2408917133102
1,All Population,5,Prevalence,136,Paraguay,3,Both,27,Age-standardized,976,Diabetes mellitus type 2,3,Rate,2015,6771.65520295958,7344.39608239386,6220.56572976131
1,All Population,5,Prevalence,67,Japan,3,Both,27,Age-standardized,976,Diabetes mellitus type 2,3,Rate,2023,5354.831485146589,5942.45752118766,4794.35460823864
1,All Population,5,Prevalence,119,Trinidad and Tobago,3,Both,27,Age-standardized,976,Diabetes mellitus type 2,3,Rate,2015,15605.00938381237,16488.981883074543,14799.50077645239
1,All Population,5,Prevalence,66,Brunei Darussalam,3,Both,27,Age-standardized,976,Diabetes mellitus type 2,3,Rate,2023,7922.75697263702,8573.12684002105,7299.65326347097
1,All Population,5,Prevalence,69,Singapore,3,Both,27,Age-standardized,976,Diabetes mellitus type 2,3,Rate,2023,4149.49252044512,4643.182418068291,3783.14554991325
1,All Population,5,Prevalence,71,Australia,3,Both,27,Age-standardized,976,Diabetes mellitus type 2,3,Rate,2023,2347.19923388008,2573.34677748581,2124.30058422221
1,All Population,5,Prevalence,132,Panama,3,Both,27,Age-standardized,976,Diabetes mellitus type 2,3,Rate,2015,6667.54525611202,7200.09592045909,6107.25030575585
1,All Population,5,Prevalence,68,Republic of Korea,3,Both,27,Age-standardized,976,Diabetes mellitus type 2,3,Rate,2023,5330.07723066334,5491.65608788082,5165.24750102308
1,All Population,5,Prevalence,75,Austria,3,Both,27,Age-standardized,976,Diabetes mellitus type 2,3,Rate,2023,2580.16384729866,2814.78440449571,2381.32113904989
1,All Population,5,Prevalence,108,Belize,3,Both,27,Age-standardized,976,Diabetes mellitus type 2,3,Rate,2015,9777.760347559799,10409.21405073032,9106.85959484958
1,All Population,5,Prevalence,80,France,3,Both,27,Age-standardized,976,Diabetes mellitus type 2,3,Rate,2023,3737.46510608024,4135.29212992478,3410.8772302493603
1,All Population,5,Prevalence,149,Palestine,3,Both,27,Age-standardized,976,Diabetes mellitus type 2,3,Rate,2015,11099.70260752415,11863.0392875283,10288.27856485242
1,All Population,5,Prevalence,77,Cyprus,3,Both,27,Age-standardized,976,Diabetes mellitus type 2,3,Rate,2023,4983.80789451374,5490.9781142517695,4511.26701166243
1,All Population,5,Prevalence,82,Greece,3,Both,27,Age-standardized,976,Diabetes mellitus type 2,3,Rate,2023,3716.05961542813,4121.234474101329,3414.59745569966
1,All Population,5,Prevalence,79,Finland,3,Both,27,Age-standardized,976,Diabetes mellitus type 2,3,Rate,2023,5317.97682938911,5872.0243767969,4739.8462704587
1,All Population,5,Prevalence,164,Nepal,3,Both,27,Age-standardized,976,Diabetes mellitus type 2,3,Rate,2015,5782.32791389065,6264.51410222679,5314.17563525628
1,All Population,5,Prevalence,121,Bolivia (Plurinational State of),3,Both,27,Age-standardized,976,Diabetes mellitus type 2,3,Rate,2015,4825.08640691589,5303.37145750463,4399.3161752647
1,All Population,5,Prevalence,84,Ireland,3,Both,27,Age-standardized,976,Diabetes mellitus type 2,3,Rate,2023,3005.90746180378,3367.85429618121,2693.22985824625
1,All Population,5,Prevalence,86,Italy,3,Both,27,Age-standardized,976,Diabetes mellitus type 2,3,Rate,2023,3706.22383668165,4154.53524000393,3254.16775624173
1,All Population,5,Prevalence,81,Germany,3,Both,27,Age-standardized,976,Diabetes mellitus type 2,3,Rate,2023,4450.25145198647,4883.542312976409,4072.62672417784
1,All Population,5,Prevalence,85,Israel,3,Both,27,Age-standardized,976,Diabetes mellitus type 2,3,Rate,2023,3520.96382754708,3780.57895492783,3264.62617085293
1,All Population,5,Prevalence,83,Iceland,3,Both,27,Age-standardized,976,Diabetes mellitus type 2,3,Rate,2023,3461.39692665586,3825.27097546932,3127.2426900048404
1,All Population,5,Prevalence,88,Malta,3,Both,27,Age-standardized,976,Diabetes mellitus type 2,3,Rate,2023,3777.05914261059,4106.716200785901,3473.97930036858
1,All Population,5,Prevalence,90,Norway,3,Both,27,Age-standardized,976,Diabetes mellitus type 2,3,Rate,2023,4111.50944881584,4639.210876125951,3622.9306013362598
1,All Population,5,Prevalence,95,United Kingdom,3,Both,27,Age-standardized,976,Diabetes mellitus type 2,3,Rate,2023,5039.68463976708,5516.57936701531,4527.80557078916
1,All Population,5,Prevalence,151,Qatar,3,Both,27,Age-standardized,976,Diabetes mellitus type 2,3,Rate,2015,14066.960727555681,15399.53041703693,12998.55994058013
1,All Population,5,Prevalence,183,Mauritius,3,Both,27,Age-standardized,976,Diabetes mellitus type 2,3,Rate,2015,13409.893827183088,14110.59574586158,12838.05413407822
1,All Population,5,Prevalence,94,Switzerland,3,Both,27,Age-standardized,976,Diabetes mellitus type 2,3,Rate,2023,3203.07953343986,3573.15417429952,2878.19955348653
1,All Population,5,Prevalence,97,Argentina,3,Both,27,Age-standardized,976,Diabetes mellitus type 2,3,Rate,2023,3805.23012195972,4136.92581630089,3451.42567690681
1,All Population,5,Prevalence,92,Spain,3,Both,27,Age-standardized,976,Diabetes mellitus type 2,3,Rate,2023,4968.48677472398,5462.47778543021,4508.869659557329
1,All Population,5,Prevalence,123,Peru,3,Both,27,Age-standardized,976,Diabetes mellitus type 2,3,Rate,2015,2813.04773672904,3049.86287606219,2587.28079069619
1,All Population,5,Prevalence,99,Uruguay,3,Both,27,Age-standardized,976,Diabetes mellitus type 2,3,Rate,2023,3539.9362040963297,3794.36961146292,3231.1102590161995
1,All Population,5,Prevalence,168,Angola,3,Both,27,Age-standardized,976,Diabetes mellitus type 2,3,Rate,2015,6720.88758182723,7245.9598511348895,6253.53275995038
1,All Population,5,Prevalence,101,Canada,3,Both,27,Age-standardized,976,Diabetes mellitus type 2,3,Rate,2023,3343.8028278576,3667.2451392236003,3056.12418074177
1,All Population,5,Prevalence,153,Syrian Arab Republic,3,Both,27,Age-standardized,976,Diabetes mellitus type 2,3,Rate,2015,9862.724363505231,10770.114128433659,9009.74416610677
1,All Population,5,Prevalence,105,Antigua and Barbuda,3,Both,27,Age-standardized,976,Diabetes mellitus type 2,3,Rate,2023,8820.0478241296,9677.30572823966,8244.782926238691
1,All Population,5,Prevalence,179,Ethiopia,3,Both,27,Age-standardized,976,Diabetes mellitus type 2,3,Rate,2015,2869.2389512485197,3145.38566120409,2598.85642504435
1,All Population,5,Prevalence,98,Chile,3,Both,27,Age-standardized,976,Diabetes mellitus type 2,3,Rate,2023,2404.44752540054,2622.17222837138,2191.34851300352
1,All Population,5,Prevalence,185,Rwanda,3,Both,27,Age-standardized,976,Diabetes mellitus type 2,3,Rate,2015,2524.31815598794,2730.6556905826,2337.3520492719
1,All Population,5,Prevalence,195,Namibia,3,Both,27,Age-standardized,976,Diabetes mellitus type 2,3,Rate,2015,4725.33304116853,5150.75219531769,4369.338299003351
1,All Population,5,Prevalence,107,Barbados,3,Both,27,Age-standardized,976,Diabetes mellitus type 2,3,Rate,2023,10497.82279064794,11371.783077005799,9741.724326877
1,All Population,5,Prevalence,110,Dominica,3,Both,27,Age-standardized,976,Diabetes mellitus type 2,3,Rate,2023,10540.40667303091,11492.10885194656,9633.58899531968
1,All Population,5,Prevalence,109,Cuba,3,Both,27,Age-standardized,976,Diabetes mellitus type 2,3,Rate,2023,4626.45261044018,5138.385168063591,4226.71124794722
1,All Population,5,Prevalence,210,Liberia,3,Both,27,Age-standardized,976,Diabetes mellitus type 2,3,Rate,2015,4991.05362260968,5420.7246006891,4575.74162560172
1,All Population,5,Prevalence,112,Grenada,3,Both,27,Age-standardized,976,Diabetes mellitus type 2,3,Rate,2023,10869.402070955279,11585.43477371813,10118.219101134999
1,All Population,5,Prevalence,111,Dominican Republic,3,Both,27,Age-standardized,976,Diabetes mellitus type 2,3,Rate,2023,7974.98850229583,8706.01915445849,7343.519218582401
1,All Population,5,Prevalence,118,Suriname,3,Both,27,Age-standardized,976,Diabetes mellitus type 2,3,Rate,2023,11213.09750659058,12205.12373203707,10293.78884142306
1,All Population,5,Prevalence,197,Eswatini,3,Both,27,Age-standardized,976,Diabetes mellitus type 2,3,Rate,2015,6070.40878235677,6569.524412416231,5630.129730300109
1,All Population,5,Prevalence,125,Colombia,3,Both,27,Age-standardized,976,Diabetes mellitus type 2,3,Rate,2023,5741.22356020823,6249.634207097491,5203.44999294123
1,All Population,5,Prevalence,113,Guyana,3,Both,27,Age-standardized,976,Diabetes mellitus type 2,3,Rate,2023,10139.48787705832,11209.591817024631,9434.58924176002
1,All Population,5,Prevalence,181,Madagascar,3,Both,27,Age-standardized,976,Diabetes mellitus type 2,3,Rate,2015,2787.39006678249,3029.3115781541,2572.89614534075
1,All Population,5,Prevalence,114,Haiti,3,Both,27,Age-standardized,976,Diabetes mellitus type 2,3,Rate,2023,6411.24310778052,7020.467580672909,5809.9932178012705
1,All Population,5,Prevalence,122,Ecuador,3,Both,27,Age-standardized,976,Diabetes mellitus type 2,3,Rate,2023,6045.00774669378,6421.71495574024,5626.02625089443
1,All Population,5,Prevalence,170,Congo,3,Both,27,Age-standardized,976,Diabetes mellitus type 2,3,Rate,2015,6512.329814156349,7136.232500504951,5947.8142693521195
1,All Population,5,Prevalence,127,El Salvador,3,Both,27,Age-standardized,976,Diabetes mellitus type 2,3,Rate,2023,7215.9276945893,7875.122020518629,6634.3935617631605
1,All Population,5,Prevalence,116,Saint Lucia,3,Both,27,Age-standardized,976,Diabetes mellitus type 2,3,Rate,2023,10523.954475001241,11256.60868907086,9573.3645256913
1,All Population,5,Prevalence,115,Jamaica,3,Both,27,Age-standardized,976,Diabetes mellitus type 2,3,Rate,2023,8814.626768080989,9520.065642691181,8168.327404421941
1,All Population,5,Prevalence,126,Costa Rica,3,Both,27,Age-standardized,976,Diabetes mellitus type 2,3,Rate,2023,8305.3432997958,9288.5188297055,7604.13733049694
1,All Population,5,Prevalence,133,Venezuela (Bolivarian Republic of),3,Both,27,Age-standardized,976,Diabetes mellitus type 2,3,Rate,2023,6902.53410996993,7454.36122644596,6326.19397087576
1,All Population,5,Prevalence,129,Honduras,3,Both,27,Age-standardized,976,Diabetes mellitus type 2,3,Rate,2023,5571.26409934509,6153.7836895826895,5055.39134901244
1,All Population,5,Prevalence,131,Nicaragua,3,Both,27,Age-standardized,976,Diabetes mellitus type 2,3,Rate,2023,5522.86177180175,5889.72229789776,5024.66183168114
1,All Population,5,Prevalence,135,Brazil,3,Both,27,Age-standardized,976,Diabetes mellitus type 2,3,Rate,2023,5280.13031295817,5795.17106454234,4737.04282906542
1,All Population,5,Prevalence,128,Guatemala,3,Both,27,Age-standardized,976,Diabetes mellitus type 2,3,Rate,2023,9672.34164653042,10496.875835844929,9039.56111252496
1,All Population,5,Prevalence,141,Egypt,3,Both,27,Age-standardized,976,Diabetes mellitus type 2,3,Rate,2023,13849.75706327354,14983.393914672519,12845.00818895942
1,All Population,5,Prevalence,212,Mauritania,3,Both,27,Age-standardized,976,Diabetes mellitus type 2,3,Rate,2015,5529.48647292996,5966.82882245781,5055.4314090316
1,All Population,5,Prevalence,130,Mexico,3,Both,27,Age-standardized,976,Diabetes mellitus type 2,3,Rate,2023,11494.30485752666,12519.277113053582,10394.77075993942
1,All Population,5,Prevalence,139,Algeria,3,Both,27,Age-standardized,976,Diabetes mellitus type 2,3,Rate,2023,10842.700154604849,11764.56829148163,9967.19400160947
1,All Population,5,Prevalence,144,Jordan,3,Both,27,Age-standardized,976,Diabetes mellitus type 2,3,Rate,2023,12492.93601219849,13311.84697463235,11641.75747265706
1,All Population,5,Prevalence,376,Northern Mariana Islands,3,Both,27,Age-standardized,976,Diabetes mellitus type 2,3,Rate,2015,10607.87365021903,11399.46857526657,9694.34430068783
1,All Population,5,Prevalence,140,Bahrain,3,Both,27,Age-standardized,976,Diabetes mellitus type 2,3,Rate,2023,18274.38243413328,19591.69267748555,16761.43081148885
1,All Population,5,Prevalence,146,Lebanon,3,Both,27,Age-standardized,976,Diabetes mellitus type 2,3,Rate,2023,12219.85453809159,13219.05733349864,11213.29797557522
1,All Population,5,Prevalence,148,Morocco,3,Both,27,Age-standardized,976,Diabetes mellitus type 2,3,Rate,2023,9757.02934032104,10533.98072626115,8956.48201960024
1,All Population,5,Prevalence,142,Iran (Islamic Republic of),3,Both,27,Age-standardized,976,Diabetes mellitus type 2,3,Rate,2023,8165.01038237535,9068.06009502405,7304.246595560549
1,All Population,5,Prevalence,143,Iraq,3,Both,27,Age-standardized,976,Diabetes mellitus type 2,3,Rate,2023,13126.01730763123,14282.858220855149,11973.1313005013
1,All Population,5,Prevalence,150,Oman,3,Both,27,Age-standardized,976,Diabetes mellitus type 2,3,Rate,2023,10967.0722699406,11939.229456213909,10071.60135337328
1,All Population,5,Prevalence,201,Burkina Faso,3,Both,27,Age-standardized,976,Diabetes mellitus type 2,3,Rate,2015,2497.09551673342,2717.75390071836,2307.6202139174497
1,All Population,5,Prevalence,155,Türkiye,3,Both,27,Age-standardized,976,Diabetes mellitus type 2,3,Rate,2023,8494.44941837955,9314.26193316263,7711.87392859433
1,All Population,5,Prevalence,152,Saudi Arabia,3,Both,27,Age-standardized,976,Diabetes mellitus type 2,3,Rate,2023,22875.370698742357,24769.21694326826,21034.52524706774
1,All Population,5,Prevalence,145,Kuwait,3,Both,27,Age-standardized,976,Diabetes mellitus type 2,3,Rate,2023,18137.98471164087,19684.64414622141,16711.26531934709
1,All Population,5,Prevalence,157,Yemen,3,Both,27,Age-standardized,976,Diabetes mellitus type 2,3,Rate,2023,7271.553072515379,7969.5158327707795,6484.309306047239
1,All Population,5,Prevalence,147,Libya,3,Both,27,Age-standardized,976,Diabetes mellitus type 2,3,Rate,2023,13600.052228272949,14970.690943713998,12407.75321859043
1,All Population,5,Prevalence,385,Puerto Rico,3,Both,27,Age-standardized,976,Diabetes mellitus type 2,3,Rate,2015,7979.30062346972,8523.90380427659,7366.33020451256
1,All Population,5,Prevalence,214,Nigeria,3,Both,27,Age-standardized,976,Diabetes mellitus type 2,3,Rate,2015,3760.9868884379803,4092.68770427753,3413.8058563065397
1,All Population,5,Prevalence,156,United Arab Emirates,3,Both,27,Age-standardized,976,Diabetes mellitus type 2,3,Rate,2023,15649.34423718438,16999.83040598107,14322.32360690343
1,All Population,5,Prevalence,154,Tunisia,3,Both,27,Age-standardized,976,Diabetes mellitus type 2,3,Rate,2023,10241.0609296957,11147.31355656588,9407.23276134922
1,All Population,5,Prevalence,161,Bangladesh,3,Both,27,Age-standardized,976,Diabetes mellitus type 2,3,Rate,2023,6717.492897726531,7279.5431449076605,6262.358096934429
1,All Population,5,Prevalence,160,Afghanistan,3,Both,27,Age-standardized,976,Diabetes mellitus type 2,3,Rate,2023,10280.8314825575,11170.95004549551,9374.30110473121
1,All Population,5,Prevalence,163,India,3,Both,27,Age-standardized,976,Diabetes mellitus type 2,3,Rate,2023,7628.98307228391,8356.2790179948,6902.42878391799
1,All Population,5,Prevalence,172,Equatorial Guinea,3,Both,27,Age-standardized,976,Diabetes mellitus type 2,3,Rate,2023,7141.60381469429,7802.33011427011,6527.030518011539
1,All Population,5,Prevalence,171,Democratic Republic of the Congo,3,Both,27,Age-standardized,976,Diabetes mellitus type 2,3,Rate,2023,5712.557663640249,6275.384632346149,5185.77289125108
1,All Population,5,Prevalence,162,Bhutan,3,Both,27,Age-standardized,976,Diabetes mellitus type 2,3,Rate,2023,5220.462362729289,5748.6230058432,4753.26526556079
1,All Population,5,Prevalence,176,Comoros,3,Both,27,Age-standardized,976,Diabetes mellitus type 2,3,Rate,2023,3987.57536583291,4322.71597645289,3634.2941645297597
1,All Population,5,Prevalence,165,Pakistan,3,Both,27,Age-standardized,976,Diabetes mellitus type 2,3,Rate,2023,8281.358929317421,9095.472667473201,7428.55588970278
1,All Population,5,Prevalence,178,Eritrea,3,Both,27,Age-standardized,976,Diabetes mellitus type 2,3,Rate,2023,3262.57403085503,3557.38092442945,2952.53063912682
1,All Population,5,Prevalence,173,Gabon,3,Both,27,Age-standardized,976,Diabetes mellitus type 2,3,Rate,2023,7649.076884785749,8366.57423072403,6985.82808345927
1,All Population,5,Prevalence,187,Somalia,3,Both,27,Age-standardized,976,Diabetes mellitus type 2,3,Rate,2023,3134.4790522502103,3404.9243577423294,2858.50733689869
1,All Population,5,Prevalence,180,Kenya,3,Both,27,Age-standardized,976,Diabetes mellitus type 2,3,Rate,2023,3417.1449176953,3749.9752040986505,3086.40570384309
1,All Population,5,Prevalence,186,Seychelles,3,Both,27,Age-standardized,976,Diabetes mellitus type 2,3,Rate,2023,8549.32037547566,9455.09162948775,7820.3988906782
1,All Population,5,Prevalence,169,Central African Republic,3,Both,27,Age-standardized,976,Diabetes mellitus type 2,3,Rate,2023,6376.61944679989,6918.18405159894,5791.60677753298
1,All Population,5,Prevalence,184,Mozambique,3,Both,27,Age-standardized,976,Diabetes mellitus type 2,3,Rate,2023,2705.62623391003,2935.01404032567,2472.57788544262
1,All Population,5,Prevalence,396,San Marino,3,Both,27,Age-standardized,976,Diabetes mellitus type 2,3,Rate,2015,3392.67223786499,3782.51600754205,3074.15402999322
1,All Population,5,Prevalence,175,Burundi,3,Both,27,Age-standardized,976,Diabetes mellitus type 2,3,Rate,2023,3079.68663209192,3366.1376552386496,2784.0037759636
1,All Population,5,Prevalence,216,Senegal,3,Both,27,Age-standardized,976,Diabetes mellitus type 2,3,Rate,2015,6900.05798529121,7503.16891555309,6312.162985615711
1,All Population,5,Prevalence,182,Malawi,3,Both,27,Age-standardized,976,Diabetes mellitus type 2,3,Rate,2023,2467.43274482294,2681.62932169208,2264.85437863248
1,All Population,5,Prevalence,189,United Republic of Tanzania,3,Both,27,Age-standardized,976,Diabetes mellitus type 2,3,Rate,2023,2831.62902661089,3082.33537477208,2601.77342772069
1,All Population,5,Prevalence,190,Uganda,3,Both,27,Age-standardized,976,Diabetes mellitus type 2,3,Rate,2023,3736.09521793844,4066.97880342905,3412.1384930124505
1,All Population,5,Prevalence,177,Djibouti,3,Both,27,Age-standardized,976,Diabetes mellitus type 2,3,Rate,2023,3321.13412499367,3612.91440414471,3044.66574652062
1,All Population,5,Prevalence,194,Lesotho,3,Both,27,Age-standardized,976,Diabetes mellitus type 2,3,Rate,2023,4220.92929187172,4597.51195291974,3878.8541603466897
1,All Population,5,Prevalence,191,Zambia,3,Both,27,Age-standardized,976,Diabetes mellitus type 2,3,Rate,2023,4866.04280964507,5262.75889531611,4468.89524805825
1,All Population,5,Prevalence,196,South Africa,3,Both,27,Age-standardized,976,Diabetes mellitus type 2,3,Rate,2023,7205.572754377359,7868.72215956103,6508.6867188364595
1,All Population,5,Prevalence,193,Botswana,3,Both,27,Age-standardized,976,Diabetes mellitus type 2,3,Rate,2023,4703.99644414921,5163.98400655133,4331.589362916409
1,All Population,5,Prevalence,198,Zimbabwe,3,Both,27,Age-standardized,976,Diabetes mellitus type 2,3,Rate,2023,4064.22149507905,4459.94401119593,3710.48036239257
1,All Population,5,Prevalence,203,Cabo Verde,3,Both,27,Age-standardized,976,Diabetes mellitus type 2,3,Rate,2023,5623.1992407832295,6136.74193867304,5057.566236272601
1,All Population,5,Prevalence,202,Cameroon,3,Both,27,Age-standardized,976,Diabetes mellitus type 2,3,Rate,2023,4847.0720835646,5290.74442315144,4393.5664431618
1,All Population,5,Prevalence,200,Benin,3,Both,27,Age-standardized,976,Diabetes mellitus type 2,3,Rate,2023,4623.61921629903,5028.6704091765405,4273.65663332114
1,All Population,5,Prevalence,204,Chad,3,Both,27,Age-standardized,976,Diabetes mellitus type 2,3,Rate,2023,4146.5012186354,4533.7015814694505,3762.5483016011403
1,All Population,5,Prevalence,205,Côte d'Ivoire,3,Both,27,Age-standardized,976,Diabetes mellitus type 2,3,Rate,2023,4892.68343930015,5340.0774931798105,4445.25362457715
1,All Population,5,Prevalence,211,Mali,3,Both,27,Age-standardized,976,Diabetes mellitus type 2,3,Rate,2023,7750.59704390787,8452.28220939475,6975.423093550071
1,All Population,5,Prevalence,416,Tuvalu,3,Both,27,Age-standardized,976,Diabetes mellitus type 2,3,Rate,2015,10178.99990348298,11037.85305132056,9456.98698494946
1,All Population,5,Prevalence,218,Togo,3,Both,27,Age-standardized,976,Diabetes mellitus type 2,3,Rate,2023,3623.42520311878,3959.71329990238,3303.75159123511
1,All Population,5,Prevalence,206,Gambia,3,Both,27,Age-standardized,976,Diabetes mellitus type 2,3,Rate,2023,6035.68811027579,6600.88298978463,5416.66058660621
1,All Population,5,Prevalence,207,Ghana,3,Both,27,Age-standardized,976,Diabetes mellitus type 2,3,Rate,2023,5209.34470138565,5707.598507822529,4775.3844176945195
1,All Population,5,Prevalence,213,Niger,3,Both,27,Age-standardized,976,Diabetes mellitus type 2,3,Rate,2023,4296.20723031116,4674.77737047111,3906.08386450053
1,All Population,5,Prevalence,215,Sao Tome and Principe,3,Both,27,Age-standardized,976,Diabetes mellitus type 2,3,Rate,2023,6053.86059517938,6689.66621590082,5439.8307891668
1,All Population,5,Prevalence,208,Guinea,3,Both,27,Age-standardized,976,Diabetes mellitus type 2,3,Rate,2023,3885.06744818489,4251.10130001417,3535.51601904694
1,All Population,5,Prevalence,209,Guinea-Bissau,3,Both,27,Age-standardized,976,Diabetes mellitus type 2,3,Rate,2023,5074.05598264159,5545.58994913587,4569.855515029019
1,All Population,5,Prevalence,217,Sierra Leone,3,Both,27,Age-standardized,976,Diabetes mellitus type 2,3,Rate,2023,4615.62809685949,5036.31485025955,4196.24712456488
1,All Population,5,Prevalence,298,American Samoa,3,Both,27,Age-standardized,976,Diabetes mellitus type 2,3,Rate,2023,16283.3074910788,17587.22328296574,15075.33014867565
1,All Population,5,Prevalence,320,Cook Islands,3,Both,27,Age-standardized,976,Diabetes mellitus type 2,3,Rate,2023,15836.480163639118,17126.90635869544,14630.14584670565
1,All Population,5,Prevalence,305,Bermuda,3,Both,27,Age-standardized,976,Diabetes mellitus type 2,3,Rate,2023,5676.86341831331,6279.78215779693,5148.2935791299
1,All Population,5,Prevalence,367,Monaco,3,Both,27,Age-standardized,976,Diabetes mellitus type 2,3,Rate,2023,3474.72134850781,3930.2429498535,3072.69908787962
1,All Population,5,Prevalence,351,Guam,3,Both,27,Age-standardized,976,Diabetes mellitus type 2,3,Rate,2023,7178.7281132671,7836.48286902085,6536.56991740658
1,All Population,5,Prevalence,349,Greenland,3,Both,27,Age-standardized,976,Diabetes mellitus type 2,3,Rate,2023,2980.5150351081998,3367.8895378401803,2704.3990861776
1,All Population,5,Prevalence,393,Saint Kitts and Nevis,3,Both,27,Age-standardized,976,Diabetes mellitus type 2,3,Rate,2023,8975.09417013436,9766.532475843,8311.2937616181
1,All Population,5,Prevalence,374,Niue,3,Both,27,Age-standardized,976,Diabetes mellitus type 2,3,Rate,2023,15554.08856931905,16913.020371343522,14241.440028342331
1,All Population,5,Prevalence,369,Nauru,3,Both,27,Age-standardized,976,Diabetes mellitus type 2,3,Rate,2023,15342.11604352004,16518.30586727864,14214.09189664393
1,All Population,5,Prevalence,435,South Sudan,3,Both,27,Age-standardized,976,Diabetes mellitus type 2,3,Rate,2023,2891.2873015353302,3162.4151392796,2641.56006919821
1,All Population,5,Prevalence,413,Tokelau,3,Both,27,Age-standardized,976,Diabetes mellitus type 2,3,Rate,2023,16651.63905754413,17990.082496877898,15171.31408141767
1,All Population,5,Prevalence,422,United States Virgin Islands,3,Both,27,Age-standardized,976,Diabetes mellitus type 2,3,Rate,2023,8195.22903231981,9021.32627131249,7425.2404687125
1,All Population,5,Prevalence,380,Palau,3,Both,27,Age-standardized,976,Diabetes mellitus type 2,3,Rate,2023,12255.22348418372,13119.739236006819,11302.00287961301
1,All Population,5,Prevalence,522,Sudan,3,Both,27,Age-standardized,976,Diabetes mellitus type 2,3,Rate,2023,8620.70500740101,9439.5765623731,7921.933752080699
1,All Population,5,Prevalence,12,Lao People's Democratic Republic,3,Both,27,Age-standardized,976,Diabetes mellitus type 2,3,Rate,2016,4490.4205256748,4912.50819827506,4143.3165199349505
1,All Population,5,Prevalence,10,Cambodia,3,Both,27,Age-standardized,976,Diabetes mellitus type 2,3,Rate,2016,3115.7753261397197,3390.27582818116,2864.25945975068
1,All Population,5,Prevalence,25,Micronesia (Federated States of),3,Both,27,Age-standardized,976,Diabetes mellitus type 2,3,Rate,2016,17531.541064851717,18506.33720281986,16658.4911250146
1,All Population,5,Prevalence,14,Maldives,3,Both,27,Age-standardized,976,Diabetes mellitus type 2,3,Rate,2016,4290.77847782708,4705.63458252924,3901.5774657545003
1,All Population,5,Prevalence,27,Samoa,3,Both,27,Age-standardized,976,Diabetes mellitus type 2,3,Rate,2016,12820.22343478199,13857.273969269148,11948.06249287657
1,All Population,5,Prevalence,16,Philippines,3,Both,27,Age-standardized,976,Diabetes mellitus type 2,3,Rate,2016,5254.80225449753,5728.39290029537,4781.18359068316
1,All Population,5,Prevalence,29,Tonga,3,Both,27,Age-standardized,976,Diabetes mellitus type 2,3,Rate,2016,12948.01933641335,13782.87107632523,12191.19899432826
1,All Population,5,Prevalence,72,New Zealand,3,Both,27,Age-standardized,976,Diabetes mellitus type 2,3,Rate,2016,3410.03159244974,3585.8919287863405,3258.61069706214
1,All Population,5,Prevalence,87,Luxembourg,3,Both,27,Age-standardized,976,Diabetes mellitus type 2,3,Rate,2016,2838.33627615672,3116.26182293826,2584.34484946513
1,All Population,5,Prevalence,106,Bahamas,3,Both,27,Age-standardized,976,Diabetes mellitus type 2,3,Rate,2016,8011.28850081763,8581.32242221878,7426.70198856355
1,All Population,5,Prevalence,74,Andorra,3,Both,27,Age-standardized,976,Diabetes mellitus type 2,3,Rate,2016,2636.7912454143,2955.8955050964,2369.8098278285997
1,All Population,5,Prevalence,89,Netherlands,3,Both,27,Age-standardized,976,Diabetes mellitus type 2,3,Rate,2016,2911.0492638645896,3160.98387448696,2672.60515368567
1,All Population,5,Prevalence,102,United States of America,3,Both,27,Age-standardized,976,Diabetes mellitus type 2,3,Rate,2016,6530.08495376349,6897.258925220549,6205.8123824573595
1,All Population,5,Prevalence,108,Belize,3,Both,27,Age-standardized,976,Diabetes mellitus type 2,3,Rate,2016,9829.62254337247,10389.66898424984,9177.80352150125
1,All Population,5,Prevalence,76,Belgium,3,Both,27,Age-standardized,976,Diabetes mellitus type 2,3,Rate,2016,3095.11830891415,3399.0913773620296,2836.56436831162
1,All Population,5,Prevalence,117,Saint Vincent and the Grenadines,3,Both,27,Age-standardized,976,Diabetes mellitus type 2,3,Rate,2016,10608.994853875089,11299.56918631036,9917.420932192681
1,All Population,5,Prevalence,91,Portugal,3,Both,27,Age-standardized,976,Diabetes mellitus type 2,3,Rate,2016,4341.4691485794,4673.30648080678,4014.1894061514
1,All Population,5,Prevalence,132,Panama,3,Both,27,Age-standardized,976,Diabetes mellitus type 2,3,Rate,2016,6728.47349802956,7225.77872354324,6192.7390772407
1,All Population,5,Prevalence,78,Denmark,3,Both,27,Age-standardized,976,Diabetes mellitus type 2,3,Rate,2016,2907.9055636646,3178.74849259573,2658.77642670475
1,All Population,5,Prevalence,119,Trinidad and Tobago,3,Both,27,Age-standardized,976,Diabetes mellitus type 2,3,Rate,2016,15598.16982129735,16446.30911912659,14792.7834175345
1,All Population,5,Prevalence,153,Syrian Arab Republic,3,Both,27,Age-standardized,976,Diabetes mellitus type 2,3,Rate,2016,10136.42210833548,11025.74987509197,9347.70087626727
1,All Population,5,Prevalence,93,Sweden,3,Both,27,Age-standardized,976,Diabetes mellitus type 2,3,Rate,2016,3919.63629616564,4235.06446203574,3611.7578223535
1,All Population,5,Prevalence,136,Paraguay,3,Both,27,Age-standardized,976,Diabetes mellitus type 2,3,Rate,2016,6874.86833198933,7430.106862222629,6361.478620954571
1,All Population,5,Prevalence,121,Bolivia (Plurinational State of),3,Both,27,Age-standardized,976,Diabetes mellitus type 2,3,Rate,2016,4888.15502859012,5361.29570634415,4467.16056014274
1,All Population,5,Prevalence,164,Nepal,3,Both,27,Age-standardized,976,Diabetes mellitus type 2,3,Rate,2016,5810.91849656664,6272.9212180225395,5347.64267863199
1,All Population,5,Prevalence,149,Palestine,3,Both,27,Age-standardized,976,Diabetes mellitus type 2,3,Rate,2016,11308.8970096682,12073.53100736004,10510.47416820973
1,All Population,5,Prevalence,179,Ethiopia,3,Both,27,Age-standardized,976,Diabetes mellitus type 2,3,Rate,2016,2882.1815735435503,3161.5696695124298,2613.69221350114
1,All Population,5,Prevalence,123,Peru,3,Both,27,Age-standardized,976,Diabetes mellitus type 2,3,Rate,2016,2877.1577406091,3110.61770406766,2642.9827897025098
1,All Population,5,Prevalence,151,Qatar,3,Both,27,Age-standardized,976,Diabetes mellitus type 2,3,Rate,2016,14244.20112107015,15520.59555537027,13230.14873595729
1,All Population,5,Prevalence,201,Burkina Faso,3,Both,27,Age-standardized,976,Diabetes mellitus type 2,3,Rate,2016,2502.95091708706,2705.75493653409,2322.09662193116
1,All Population,5,Prevalence,168,Angola,3,Both,27,Age-standardized,976,Diabetes mellitus type 2,3,Rate,2016,6780.77785988279,7337.237407551251,6317.5202352162105
1,All Population,5,Prevalence,181,Madagascar,3,Both,27,Age-standardized,976,Diabetes mellitus type 2,3,Rate,2016,2795.49436324801,3029.69028932081,2581.39361850578
1,All Population,5,Prevalence,212,Mauritania,3,Both,27,Age-standardized,976,Diabetes mellitus type 2,3,Rate,2016,5565.27706843079,6006.45659080469,5101.95554616264
1,All Population,5,Prevalence,170,Congo,3,Both,27,Age-standardized,976,Diabetes mellitus type 2,3,Rate,2016,6557.349395154841,7132.14415707097,6017.17104467735
1,All Population,5,Prevalence,195,Namibia,3,Both,27,Age-standardized,976,Diabetes mellitus type 2,3,Rate,2016,4765.67424823729,5179.43832223948,4411.6796361097495
1,All Population,5,Prevalence,183,Mauritius,3,Both,27,Age-standardized,976,Diabetes mellitus type 2,3,Rate,2016,13420.94799256299,14048.71894570847,12853.86107102357
1,All Population,5,Prevalence,214,Nigeria,3,Both,27,Age-standardized,976,Diabetes mellitus type 2,3,Rate,2016,3807.1784094149402,4141.70035490951,3451.98312268985
1,All Population,5,Prevalence,210,Liberia,3,Both,27,Age-standardized,976,Diabetes mellitus type 2,3,Rate,2016,5031.23378524164,5428.82171775408,4632.52591928869
1,All Population,5,Prevalence,197,Eswatini,3,Both,27,Age-standardized,976,Diabetes mellitus type 2,3,Rate,2016,6087.023435890001,6581.3615277894605,5639.17476556167
1,All Population,5,Prevalence,416,Tuvalu,3,Both,27,Age-standardized,976,Diabetes mellitus type 2,3,Rate,2016,10349.81145221367,11178.02775284699,9641.43531908534
1,All Population,5,Prevalence,185,Rwanda,3,Both,27,Age-standardized,976,Diabetes mellitus type 2,3,Rate,2016,2529.7419815337103,2741.15802911409,2349.1548455215598
1,All Population,5,Prevalence,216,Senegal,3,Both,27,Age-standardized,976,Diabetes mellitus type 2,3,Rate,2016,6926.072327715579,7547.1071540127095,6353.78017489569
1,All Population,5,Prevalence,376,Northern Mariana Islands,3,Both,27,Age-standardized,976,Diabetes mellitus type 2,3,Rate,2016,10654.39800466793,11453.63444518195,9778.44042214084
1,All Population,5,Prevalence,385,Puerto Rico,3,Both,27,Age-standardized,976,Diabetes mellitus type 2,3,Rate,2016,8005.02785017285,8520.62283542931,7395.8489966551
1,All Population,5,Prevalence,396,San Marino,3,Both,27,Age-standardized,976,Diabetes mellitus type 2,3,Rate,2016,3426.70772171369,3814.0408877343198,3114.56169772296
1,All Population,5,Prevalence,10,Cambodia,3,Both,27,Age-standardized,976,Diabetes mellitus type 2,3,Rate,2017,3136.07747256468,3427.4735380891902,2879.7044352143203
1,All Population,5,Prevalence,29,Tonga,3,Both,27,Age-standardized,976,Diabetes mellitus type 2,3,Rate,2017,13124.56031293488,13975.140342038889,12382.65824018861
1,All Population,5,Prevalence,12,Lao People's Democratic Republic,3,Both,27,Age-standardized,976,Diabetes mellitus type 2,3,Rate,2017,4533.96192141262,4950.25807150473,4179.469565563631
1,All Population,5,Prevalence,25,Micronesia (Federated States of),3,Both,27,Age-standardized,976,Diabetes mellitus type 2,3,Rate,2017,17824.11315159356,18814.76557608653,16913.11564001416
1,All Population,5,Prevalence,76,Belgium,3,Both,27,Age-standardized,976,Diabetes mellitus type 2,3,Rate,2017,3134.5371619667703,3454.36222430693,2881.53129348392
1,All Population,5,Prevalence,14,Maldives,3,Both,27,Age-standardized,976,Diabetes mellitus type 2,3,Rate,2017,4335.25594408044,4757.69532977495,3944.7614380807504
1,All Population,5,Prevalence,27,Samoa,3,Both,27,Age-standardized,976,Diabetes mellitus type 2,3,Rate,2017,12942.72837933663,13986.19749970365,12061.34567791716
1,All Population,5,Prevalence,78,Denmark,3,Both,27,Age-standardized,976,Diabetes mellitus type 2,3,Rate,2017,2931.16924084511,3205.6406083731804,2684.4112141622
1,All Population,5,Prevalence,72,New Zealand,3,Both,27,Age-standardized,976,Diabetes mellitus type 2,3,Rate,2017,3503.48383533491,3676.70366607546,3351.71003901093
1,All Population,5,Prevalence,16,Philippines,3,Both,27,Age-standardized,976,Diabetes mellitus type 2,3,Rate,2017,5284.9111856988,5763.02899366404,4804.9649323158
1,All Population,5,Prevalence,87,Luxembourg,3,Both,27,Age-standardized,976,Diabetes mellitus type 2,3,Rate,2017,2861.95107191813,3137.5696815987203,2618.05816509572
1,All Population,5,Prevalence,74,Andorra,3,Both,27,Age-standardized,976,Diabetes mellitus type 2,3,Rate,2017,2672.31295375206,3003.32640523631,2404.9365720168503
1,All Population,5,Prevalence,102,United States of America,3,Both,27,Age-standardized,976,Diabetes mellitus type 2,3,Rate,2017,6617.5808431840205,6995.58120459023,6292.49502656179
1,All Population,5,Prevalence,89,Netherlands,3,Both,27,Age-standardized,976,Diabetes mellitus type 2,3,Rate,2017,2918.5787702621,3145.46986002774,2680.41072072451
1,All Population,5,Prevalence,117,Saint Vincent and the Grenadines,3,Both,27,Age-standardized,976,Diabetes mellitus type 2,3,Rate,2017,10670.26002337215,11349.9369399606,9974.65468870282
1,All Population,5,Prevalence,123,Peru,3,Both,27,Age-standardized,976,Diabetes mellitus type 2,3,Rate,2017,2951.91552862985,3189.50799527873,2717.81864475956
1,All Population,5,Prevalence,91,Portugal,3,Both,27,Age-standardized,976,Diabetes mellitus type 2,3,Rate,2017,4354.853343666689,4696.7086988628,4045.0432436612805
1,All Population,5,Prevalence,106,Bahamas,3,Both,27,Age-standardized,976,Diabetes mellitus type 2,3,Rate,2017,8138.4593399776495,8755.40803458939,7536.481182463591
1,All Population,5,Prevalence,136,Paraguay,3,Both,27,Age-standardized,976,Diabetes mellitus type 2,3,Rate,2017,6977.81114731031,7512.902374745479,6438.850078068439
1,All Population,5,Prevalence,119,Trinidad and Tobago,3,Both,27,Age-standardized,976,Diabetes mellitus type 2,3,Rate,2017,15571.89463201596,16372.415004426111,14788.339505350808
1,All Population,5,Prevalence,93,Sweden,3,Both,27,Age-standardized,976,Diabetes mellitus type 2,3,Rate,2017,4001.9933163910496,4324.42616771761,3680.01661299944
1,All Population,5,Prevalence,149,Palestine,3,Both,27,Age-standardized,976,Diabetes mellitus type 2,3,Rate,2017,11533.87791473802,12287.78935948931,10758.1566835444
1,All Population,5,Prevalence,108,Belize,3,Both,27,Age-standardized,976,Diabetes mellitus type 2,3,Rate,2017,9894.048103912819,10455.16973036443,9244.89270253032
1,All Population,5,Prevalence,170,Congo,3,Both,27,Age-standardized,976,Diabetes mellitus type 2,3,Rate,2017,6610.43935099107,7203.84486212468,6073.77830738784
1,All Population,5,Prevalence,121,Bolivia (Plurinational State of),3,Both,27,Age-standardized,976,Diabetes mellitus type 2,3,Rate,2017,4950.01561431019,5428.406768004,4508.0909002681
1,All Population,5,Prevalence,164,Nepal,3,Both,27,Age-standardized,976,Diabetes mellitus type 2,3,Rate,2017,5840.36012712475,6293.0894556557205,5386.71426858021
1,All Population,5,Prevalence,151,Qatar,3,Both,27,Age-standardized,976,Diabetes mellitus type 2,3,Rate,2017,14436.50761133031,15697.247428805238,13421.541074803888
1,All Population,5,Prevalence,181,Madagascar,3,Both,27,Age-standardized,976,Diabetes mellitus type 2,3,Rate,2017,2810.2897709219096,3037.83215124595,2595.99715826913
1,All Population,5,Prevalence,132,Panama,3,Both,27,Age-standardized,976,Diabetes mellitus type 2,3,Rate,2017,6781.96585405002,7260.73080901033,6297.644709605479
1,All Population,5,Prevalence,195,Namibia,3,Both,27,Age-standardized,976,Diabetes mellitus type 2,3,Rate,2017,4810.82228325637,5213.3257144463,4471.74896627148
1,All Population,5,Prevalence,153,Syrian Arab Republic,3,Both,27,Age-standardized,976,Diabetes mellitus type 2,3,Rate,2017,10436.643459181,11379.9335201338,9672.234793074489
1,All Population,5,Prevalence,183,Mauritius,3,Both,27,Age-standardized,976,Diabetes mellitus type 2,3,Rate,2017,13395.305658912348,13921.506150686619,12828.41137879023
1,All Population,5,Prevalence,168,Angola,3,Both,27,Age-standardized,976,Diabetes mellitus type 2,3,Rate,2017,6852.67713925598,7432.047800184199,6365.261967139691
1,All Population,5,Prevalence,210,Liberia,3,Both,27,Age-standardized,976,Diabetes mellitus type 2,3,Rate,2017,5084.28859956017,5496.77701086846,4689.5910215659
1,All Population,5,Prevalence,197,Eswatini,3,Both,27,Age-standardized,976,Diabetes mellitus type 2,3,Rate,2017,6107.44384084047,6624.31154540135,5629.94041334957
1,All Population,5,Prevalence,179,Ethiopia,3,Both,27,Age-standardized,976,Diabetes mellitus type 2,3,Rate,2017,2900.47529201157,3184.56548880838,2633.3912764622
1,All Population,5,Prevalence,185,Rwanda,3,Both,27,Age-standardized,976,Diabetes mellitus type 2,3,Rate,2017,2538.2970767582,2748.8800901318,2371.46093155558
1,All Population,5,Prevalence,212,Mauritania,3,Both,27,Age-standardized,976,Diabetes mellitus type 2,3,Rate,2017,5614.92075674834,6058.85167915282,5153.66637955851
1,All Population,5,Prevalence,376,Northern Mariana Islands,3,Both,27,Age-standardized,976,Diabetes mellitus type 2,3,Rate,2017,10722.38500946511,11559.30931010489,9884.05930532028
1,All Population,5,Prevalence,201,Burkina Faso,3,Both,27,Age-standardized,976,Diabetes mellitus type 2,3,Rate,2017,2513.38766446804,2718.11218426067,2330.24474312719
1,All Population,5,Prevalence,214,Nigeria,3,Both,27,Age-standardized,976,Diabetes mellitus type 2,3,Rate,2017,3861.7688768675503,4206.94744028135,3499.6266833076
1,All Population,5,Prevalence,385,Puerto Rico,3,Both,27,Age-standardized,976,Diabetes mellitus type 2,3,Rate,2017,8045.665670468829,8565.42255786791,7439.85214644928
1,All Population,5,Prevalence,216,Senegal,3,Both,27,Age-standardized,976,Diabetes mellitus type 2,3,Rate,2017,6947.669331951351,7571.0650292931405,6378.573946228031
1,All Population,5,Prevalence,396,San Marino,3,Both,27,Age-standardized,976,Diabetes mellitus type 2,3,Rate,2017,3464.06963582575,3857.74607574781,3153.35253886728
1,All Population,5,Prevalence,416,Tuvalu,3,Both,27,Age-standardized,976,Diabetes mellitus type 2,3,Rate,2017,10508.474658830739,11304.868011595121,9796.52324484696
1,All Population,5,Prevalence,10,Cambodia,3,Both,27,Age-standardized,976,Diabetes mellitus type 2,3,Rate,2018,3157.9958043179595,3448.01610768704,2893.54850828188
1,All Population,5,Prevalence,25,Micronesia (Federated States of),3,Both,27,Age-standardized,976,Diabetes mellitus type 2,3,Rate,2018,18128.81791856908,19121.15619358564,17179.91369008196
1,All Population,5,Prevalence,12,Lao People's Democratic Republic,3,Both,27,Age-standardized,976,Diabetes mellitus type 2,3,Rate,2018,4579.84087934307,4964.7333435724795,4209.21523769014
1,All Population,5,Prevalence,27,Samoa,3,Both,27,Age-standardized,976,Diabetes mellitus type 2,3,Rate,2018,13057.64612430835,14073.350513202851,12158.58394864693
1,All Population,5,Prevalence,14,Maldives,3,Both,27,Age-standardized,976,Diabetes mellitus type 2,3,Rate,2018,4384.6742158751995,4790.936428943201,3995.67024789693
1,All Population,5,Prevalence,29,Tonga,3,Both,27,Age-standardized,976,Diabetes mellitus type 2,3,Rate,2018,13302.43844793778,14152.173673042631,12561.49984168664
1,All Population,5,Prevalence,16,Philippines,3,Both,27,Age-standardized,976,Diabetes mellitus type 2,3,Rate,2018,5313.10394314208,5796.11515403357,4826.38449488218
1,All Population,5,Prevalence,72,New Zealand,3,Both,27,Age-standardized,976,Diabetes mellitus type 2,3,Rate,2018,3608.4211178031696,3790.5089247257197,3449.6279658352705
1,All Population,5,Prevalence,74,Andorra,3,Both,27,Age-standardized,976,Diabetes mellitus type 2,3,Rate,2018,2714.9666828898403,3056.85225816883,2451.06318088945
1,All Population,5,Prevalence,93,Sweden,3,Both,27,Age-standardized,976,Diabetes mellitus type 2,3,Rate,2018,4099.07311798692,4444.16160025643,3768.8277845207704
1,All Population,5,Prevalence,87,Luxembourg,3,Both,27,Age-standardized,976,Diabetes mellitus type 2,3,Rate,2018,2890.68413771087,3190.25173187095,2633.35013405592
1,All Population,5,Prevalence,117,Saint Vincent and the Grenadines,3,Both,27,Age-standardized,976,Diabetes mellitus type 2,3,Rate,2018,10746.63873278633,11447.075190952919,10040.59447660204
1,All Population,5,Prevalence,76,Belgium,3,Both,27,Age-standardized,976,Diabetes mellitus type 2,3,Rate,2018,3178.8953821418,3481.3170944522903,2921.90671230631
1,All Population,5,Prevalence,106,Bahamas,3,Both,27,Age-standardized,976,Diabetes mellitus type 2,3,Rate,2018,8274.08926786659,8917.17526713835,7663.8780686522205
1,All Population,5,Prevalence,89,Netherlands,3,Both,27,Age-standardized,976,Diabetes mellitus type 2,3,Rate,2018,2928.85954268499,3137.5040821036696,2681.31574013243
1,All Population,5,Prevalence,119,Trinidad and Tobago,3,Both,27,Age-standardized,976,Diabetes mellitus type 2,3,Rate,2018,15530.026078978859,16282.85891800705,14679.84266639692
1,All Population,5,Prevalence,108,Belize,3,Both,27,Age-standardized,976,Diabetes mellitus type 2,3,Rate,2018,9963.67093900119,10550.227368356931,9321.0725024342
1,All Population,5,Prevalence,78,Denmark,3,Both,27,Age-standardized,976,Diabetes mellitus type 2,3,Rate,2018,2955.9955391132003,3239.1743171683397,2691.19412338317
1,All Population,5,Prevalence,91,Portugal,3,Both,27,Age-standardized,976,Diabetes mellitus type 2,3,Rate,2018,4372.10601964704,4741.4037489393495,4057.5243481873804
1,All Population,5,Prevalence,102,United States of America,3,Both,27,Age-standardized,976,Diabetes mellitus type 2,3,Rate,2018,6705.86185505399,7090.8076121882605,6372.57462760613
1,All Population,5,Prevalence,132,Panama,3,Both,27,Age-standardized,976,Diabetes mellitus type 2,3,Rate,2018,6832.9237370358605,7307.86382995722,6377.7454156316
1,All Population,5,Prevalence,121,Bolivia (Plurinational State of),3,Both,27,Age-standardized,976,Diabetes mellitus type 2,3,Rate,2018,5009.09679296774,5498.1748876235,4564.78108010797
1,All Population,5,Prevalence,151,Qatar,3,Both,27,Age-standardized,976,Diabetes mellitus type 2,3,Rate,2018,14629.254780504942,15887.17827945983,13574.623374579869
1,All Population,5,Prevalence,136,Paraguay,3,Both,27,Age-standardized,976,Diabetes mellitus type 2,3,Rate,2018,7077.19436582589,7594.30015916549,6544.66038457978
1,All Population,5,Prevalence,164,Nepal,3,Both,27,Age-standardized,976,Diabetes mellitus type 2,3,Rate,2018,5871.58303759529,6354.69653413008,5428.88330708252
1,All Population,5,Prevalence,123,Peru,3,Both,27,Age-standardized,976,Diabetes mellitus type 2,3,Rate,2018,3031.74809420252,3282.3250706203,2776.27301376043
1,All Population,5,Prevalence,149,Palestine,3,Both,27,Age-standardized,976,Diabetes mellitus type 2,3,Rate,2018,11756.11852396404,12520.09011027499,10970.440731722709
1,All Population,5,Prevalence,153,Syrian Arab Republic,3,Both,27,Age-standardized,976,Diabetes mellitus type 2,3,Rate,2018,10758.08551282256,11729.72516512503,9987.91250222956
1,All Population,5,Prevalence,179,Ethiopia,3,Both,27,Age-standardized,976,Diabetes mellitus type 2,3,Rate,2018,2920.10457710911,3205.65722070999,2653.6682944899503
1,All Population,5,Prevalence,168,Angola,3,Both,27,Age-standardized,976,Diabetes mellitus type 2,3,Rate,2018,6929.7563597137705,7509.617172661149,6401.3737698468
1,All Population,5,Prevalence,201,Burkina Faso,3,Both,27,Age-standardized,976,Diabetes mellitus type 2,3,Rate,2018,2525.66322346276,2733.9109599890903,2331.98213955039
1,All Population,5,Prevalence,212,Mauritania,3,Both,27,Age-standardized,976,Diabetes mellitus type 2,3,Rate,2018,5673.0594667325,6148.24663665195,5203.46990214756
1,All Population,5,Prevalence,195,Namibia,3,Both,27,Age-standardized,976,Diabetes mellitus type 2,3,Rate,2018,4857.9964084967005,5256.06354966407,4535.90571220699
1,All Population,5,Prevalence,170,Congo,3,Both,27,Age-standardized,976,Diabetes mellitus type 2,3,Rate,2018,6666.93774484688,7252.510285697469,6111.172811065
1,All Population,5,Prevalence,181,Madagascar,3,Both,27,Age-standardized,976,Diabetes mellitus type 2,3,Rate,2018,2827.88878986954,3057.16199804643,2601.9862220051
1,All Population,5,Prevalence,214,Nigeria,3,Both,27,Age-standardized,976,Diabetes mellitus type 2,3,Rate,2018,3919.53306336552,4277.82373688569,3549.53191277979
1,All Population,5,Prevalence,197,Eswatini,3,Both,27,Age-standardized,976,Diabetes mellitus type 2,3,Rate,2018,6128.74559635499,6655.97092272243,5637.75346441874
1,All Population,5,Prevalence,183,Mauritius,3,Both,27,Age-standardized,976,Diabetes mellitus type 2,3,Rate,2018,13348.535648559831,13844.277463554941,12812.24773686266
1,All Population,5,Prevalence,396,San Marino,3,Both,27,Age-standardized,976,Diabetes mellitus type 2,3,Rate,2018,3504.9396105494698,3901.7948141640204,3195.41774270495
1,All Population,5,Prevalence,216,Senegal,3,Both,27,Age-standardized,976,Diabetes mellitus type 2,3,Rate,2018,6967.959038940549,7593.67151095767,6389.190328212339
1,All Population,5,Prevalence,210,Liberia,3,Both,27,Age-standardized,976,Diabetes mellitus type 2,3,Rate,2018,5138.44488022659,5543.07733055077,4734.36928452565
1,All Population,5,Prevalence,185,Rwanda,3,Both,27,Age-standardized,976,Diabetes mellitus type 2,3,Rate,2018,2548.64969935815,2754.96927399657,2376.5298930804797
1,All Population,5,Prevalence,416,Tuvalu,3,Both,27,Age-standardized,976,Diabetes mellitus type 2,3,Rate,2018,10660.42902572923,11439.38374098444,9969.01038186347
1,All Population,5,Prevalence,376,Northern Mariana Islands,3,Both,27,Age-standardized,976,Diabetes mellitus type 2,3,Rate,2018,10801.33894318234,11639.138708759001,9986.271885373579
1,All Population,5,Prevalence,385,Puerto Rico,3,Both,27,Age-standardized,976,Diabetes mellitus type 2,3,Rate,2018,8091.45294790434,8602.28360858101,7456.186252453211
1,All Population,5,Prevalence,16,Philippines,3,Both,27,Age-standardized,976,Diabetes mellitus type 2,3,Rate,2019,5341.7735890431095,5827.78592363922,4848.75813196934
1,All Population,5,Prevalence,10,Cambodia,3,Both,27,Age-standardized,976,Diabetes mellitus type 2,3,Rate,2019,3185.6911898412,3490.43426126178,2899.60690485465
1,All Population,5,Prevalence,27,Samoa,3,Both,27,Age-standardized,976,Diabetes mellitus type 2,3,Rate,2019,13167.592627757978,14196.291027891511,12191.63726784759
1,All Population,5,Prevalence,29,Tonga,3,Both,27,Age-standardized,976,Diabetes mellitus type 2,3,Rate,2019,13463.82729448845,14363.027462044889,12649.93217901676
1,All Population,5,Prevalence,12,Lao People's Democratic Republic,3,Both,27,Age-standardized,976,Diabetes mellitus type 2,3,Rate,2019,4624.8530612927,5030.61354349073,4256.04200542241
1,All Population,5,Prevalence,25,Micronesia (Federated States of),3,Both,27,Age-standardized,976,Diabetes mellitus type 2,3,Rate,2019,18428.17638156828,19514.8900701677,17390.58052532723
1,All Population,5,Prevalence,14,Maldives,3,Both,27,Age-standardized,976,Diabetes mellitus type 2,3,Rate,2019,4435.52674606195,4849.130509034981,4032.7443089902
1,All Population,5,Prevalence,72,New Zealand,3,Both,27,Age-standardized,976,Diabetes mellitus type 2,3,Rate,2019,3714.5176320680102,3921.18532872473,3547.51918381698
1,All Population,5,Prevalence,74,Andorra,3,Both,27,Age-standardized,976,Diabetes mellitus type 2,3,Rate,2019,2761.86365392709,3113.38966945463,2490.57171922633
1,All Population,5,Prevalence,87,Luxembourg,3,Both,27,Age-standardized,976,Diabetes mellitus type 2,3,Rate,2019,2921.68299229357,3231.33825121579,2642.52074156267
1,All Population,5,Prevalence,89,Netherlands,3,Both,27,Age-standardized,976,Diabetes mellitus type 2,3,Rate,2019,2939.17947068143,3146.3945350651397,2696.19495332613
1,All Population,5,Prevalence,76,Belgium,3,Both,27,Age-standardized,976,Diabetes mellitus type 2,3,Rate,2019,3224.27762466432,3507.7376091432,2966.33851297493
1,All Population,5,Prevalence,102,United States of America,3,Both,27,Age-standardized,976,Diabetes mellitus type 2,3,Rate,2019,6797.04673839868,7189.362618095741,6457.9914383878
1,All Population,5,Prevalence,121,Bolivia (Plurinational State of),3,Both,27,Age-standardized,976,Diabetes mellitus type 2,3,Rate,2019,5063.89517406026,5560.30460409213,4592.585064115369
1,All Population,5,Prevalence,91,Portugal,3,Both,27,Age-standardized,976,Diabetes mellitus type 2,3,Rate,2019,4389.73144219334,4786.9544586806205,4051.18006522358
1,All Population,5,Prevalence,78,Denmark,3,Both,27,Age-standardized,976,Diabetes mellitus type 2,3,Rate,2019,2977.35579265828,3278.0285962364,2690.4531728898896
1,All Population,5,Prevalence,117,Saint Vincent and the Grenadines,3,Both,27,Age-standardized,976,Diabetes mellitus type 2,3,Rate,2019,10814.08831463741,11619.35621353607,10058.91070967049
1,All Population,5,Prevalence,136,Paraguay,3,Both,27,Age-standardized,976,Diabetes mellitus type 2,3,Rate,2019,7169.6179107515,7693.13465901041,6600.8622280185
1,All Population,5,Prevalence,106,Bahamas,3,Both,27,Age-standardized,976,Diabetes mellitus type 2,3,Rate,2019,8399.978091030851,9120.70100058174,7757.2062290819895
1,All Population,5,Prevalence,123,Peru,3,Both,27,Age-standardized,976,Diabetes mellitus type 2,3,Rate,2019,3111.0224282358204,3375.5921401880196,2845.03801836029
1,All Population,5,Prevalence,93,Sweden,3,Both,27,Age-standardized,976,Diabetes mellitus type 2,3,Rate,2019,4194.2379198157205,4567.78826601264,3868.11084167667
1,All Population,5,Prevalence,119,Trinidad and Tobago,3,Both,27,Age-standardized,976,Diabetes mellitus type 2,3,Rate,2019,15476.42557638638,16208.6241388536,14604.175395595232
1,All Population,5,Prevalence,108,Belize,3,Both,27,Age-standardized,976,Diabetes mellitus type 2,3,Rate,2019,10039.25199587672,10670.73853929747,9348.805737784909
1,All Population,5,Prevalence,164,Nepal,3,Both,27,Age-standardized,976,Diabetes mellitus type 2,3,Rate,2019,5905.56226789252,6383.63440082867,5436.86322180098
1,All Population,5,Prevalence,168,Angola,3,Both,27,Age-standardized,976,Diabetes mellitus type 2,3,Rate,2019,7005.11814516729,7611.22948473439,6477.41096902682
1,All Population,5,Prevalence,149,Palestine,3,Both,27,Age-standardized,976,Diabetes mellitus type 2,3,Rate,2019,11955.32315939123,12771.80304978763,11164.39228862474
1,All Population,5,Prevalence,181,Madagascar,3,Both,27,Age-standardized,976,Diabetes mellitus type 2,3,Rate,2019,2844.35527657593,3069.8609401141703,2605.40658828612
1,All Population,5,Prevalence,132,Panama,3,Both,27,Age-standardized,976,Diabetes mellitus type 2,3,Rate,2019,6887.57037837196,7385.245373918379,6428.18242513898
1,All Population,5,Prevalence,170,Congo,3,Both,27,Age-standardized,976,Diabetes mellitus type 2,3,Rate,2019,6724.22830204846,7310.626903122019,6162.32689396124
1,All Population,5,Prevalence,151,Qatar,3,Both,27,Age-standardized,976,Diabetes mellitus type 2,3,Rate,2019,14806.931517094421,16139.28132481034,13654.642752381571
1,All Population,5,Prevalence,210,Liberia,3,Both,27,Age-standardized,976,Diabetes mellitus type 2,3,Rate,2019,5181.47712594082,5607.5370917827795,4763.1498109719
1,All Population,5,Prevalence,195,Namibia,3,Both,27,Age-standardized,976,Diabetes mellitus type 2,3,Rate,2019,4904.37799222825,5318.1655904369,4569.29309894335
1,All Population,5,Prevalence,216,Senegal,3,Both,27,Age-standardized,976,Diabetes mellitus type 2,3,Rate,2019,6990.30689980871,7665.21379049682,6384.016658487909
1,All Population,5,Prevalence,183,Mauritius,3,Both,27,Age-standardized,976,Diabetes mellitus type 2,3,Rate,2019,13297.45582465991,13845.47306080724,12714.11413609056
1,All Population,5,Prevalence,153,Syrian Arab Republic,3,Both,27,Age-standardized,976,Diabetes mellitus type 2,3,Rate,2019,11094.71684088002,12076.565336216021,10186.578699027441
1,All Population,5,Prevalence,212,Mauritania,3,Both,27,Age-standardized,976,Diabetes mellitus type 2,3,Rate,2019,5732.00367370378,6240.47394213229,5232.30425221245
1,All Population,5,Prevalence,197,Eswatini,3,Both,27,Age-standardized,976,Diabetes mellitus type 2,3,Rate,2019,6148.18341461999,6673.21540652622,5640.7949616918895
1,All Population,5,Prevalence,185,Rwanda,3,Both,27,Age-standardized,976,Diabetes mellitus type 2,3,Rate,2019,2559.41115051036,2769.90606682248,2383.4124558642097
1,All Population,5,Prevalence,376,Northern Mariana Islands,3,Both,27,Age-standardized,976,Diabetes mellitus type 2,3,Rate,2019,10873.2154143654,11759.224579295851,10051.56910788291
1,All Population,5,Prevalence,179,Ethiopia,3,Both,27,Age-standardized,976,Diabetes mellitus type 2,3,Rate,2019,2937.78768828525,3224.5236190792198,2666.75952560504
1,All Population,5,Prevalence,214,Nigeria,3,Both,27,Age-standardized,976,Diabetes mellitus type 2,3,Rate,2019,3974.72927310329,4345.87817314796,3598.6386639567
1,All Population,5,Prevalence,385,Puerto Rico,3,Both,27,Age-standardized,976,Diabetes mellitus type 2,3,Rate,2019,8130.310312061741,8681.053759062179,7485.40148713135
1,All Population,5,Prevalence,201,Burkina Faso,3,Both,27,Age-standardized,976,Diabetes mellitus type 2,3,Rate,2019,2537.09144091555,2743.50268223745,2328.3530515262
1,All Population,5,Prevalence,396,San Marino,3,Both,27,Age-standardized,976,Diabetes mellitus type 2,3,Rate,2019,3548.54954687083,3951.3393080814503,3223.7582440704396
1,All Population,5,Prevalence,416,Tuvalu,3,Both,27,Age-standardized,976,Diabetes mellitus type 2,3,Rate,2019,10811.09845917915,11622.06928259333,10084.45541729177
1,All Population,5,Prevalence,10,Cambodia,3,Both,27,Age-standardized,976,Diabetes mellitus type 2,3,Rate,2020,3223.1183329403,3541.7236430717003,2923.0684040512
1,All Population,5,Prevalence,25,Micronesia (Federated States of),3,Both,27,Age-standardized,976,Diabetes mellitus type 2,3,Rate,2020,18703.76532528918,19928.78352415691,17519.19379117993
1,All Population,5,Prevalence,12,Lao People's Democratic Republic,3,Both,27,Age-standardized,976,Diabetes mellitus type 2,3,Rate,2020,4665.82897570201,5065.58202024446,4257.15642796621
1,All Population,5,Prevalence,27,Samoa,3,Both,27,Age-standardized,976,Diabetes mellitus type 2,3,Rate,2020,13275.11596965612,14399.937799646152,12230.19326382553
1,All Population,5,Prevalence,14,Maldives,3,Both,27,Age-standardized,976,Diabetes mellitus type 2,3,Rate,2020,4484.37718384683,4928.6366766841,4053.4501746305496
1,All Population,5,Prevalence,72,New Zealand,3,Both,27,Age-standardized,976,Diabetes mellitus type 2,3,Rate,2020,3811.3876521610005,4028.3359872280303,3632.6611036425197
1,All Population,5,Prevalence,29,Tonga,3,Both,27,Age-standardized,976,Diabetes mellitus type 2,3,Rate,2020,13590.70230096891,14562.33109572532,12717.744262641409
1,All Population,5,Prevalence,91,Portugal,3,Both,27,Age-standardized,976,Diabetes mellitus type 2,3,Rate,2020,4403.93237639695,4857.25594467429,4043.6530191196703
1,All Population,5,Prevalence,16,Philippines,3,Both,27,Age-standardized,976,Diabetes mellitus type 2,3,Rate,2020,5373.21714515804,5861.73224594366,4874.7192736281695
1,All Population,5,Prevalence,106,Bahamas,3,Both,27,Age-standardized,976,Diabetes mellitus type 2,3,Rate,2020,8497.8339478994,9256.90629550498,7817.707297039039
1,All Population,5,Prevalence,93,Sweden,3,Both,27,Age-standardized,976,Diabetes mellitus type 2,3,Rate,2020,4270.05635439874,4673.66504991844,3934.57658057672
1,All Population,5,Prevalence,87,Luxembourg,3,Both,27,Age-standardized,976,Diabetes mellitus type 2,3,Rate,2020,2951.11737904025,3283.6149723567596,2644.7661774017
1,All Population,5,Prevalence,74,Andorra,3,Both,27,Age-standardized,976,Diabetes mellitus type 2,3,Rate,2020,2805.79736021224,3163.74881157045,2529.2247366822703
1,All Population,5,Prevalence,117,Saint Vincent and the Grenadines,3,Both,27,Age-standardized,976,Diabetes mellitus type 2,3,Rate,2020,10850.77200329113,11771.59649294779,10045.61604461821
1,All Population,5,Prevalence,108,Belize,3,Both,27,Age-standardized,976,Diabetes mellitus type 2,3,Rate,2020,10119.043389829829,10817.08020437605,9369.85476229623
1,All Population,5,Prevalence,76,Belgium,3,Both,27,Age-standardized,976,Diabetes mellitus type 2,3,Rate,2020,3265.9562748936296,3566.9184500936904,2990.77451063508
1,All Population,5,Prevalence,119,Trinidad and Tobago,3,Both,27,Age-standardized,976,Diabetes mellitus type 2,3,Rate,2020,15414.90830970006,16191.43404445692,14484.256698796491
1,All Population,5,Prevalence,132,Panama,3,Both,27,Age-standardized,976,Diabetes mellitus type 2,3,Rate,2020,6950.67318192374,7505.465324119779,6450.440327070681
1,All Population,5,Prevalence,151,Qatar,3,Both,27,Age-standardized,976,Diabetes mellitus type 2,3,Rate,2020,14952.821634801592,16368.939855690229,13727.03222007374
1,All Population,5,Prevalence,89,Netherlands,3,Both,27,Age-standardized,976,Diabetes mellitus type 2,3,Rate,2020,2946.73044663997,3150.63317956993,2698.46824609704
1,All Population,5,Prevalence,102,United States of America,3,Both,27,Age-standardized,976,Diabetes mellitus type 2,3,Rate,2020,6893.237786911161,7293.80106211583,6544.65863959305
1,All Population,5,Prevalence,121,Bolivia (Plurinational State of),3,Both,27,Age-standardized,976,Diabetes mellitus type 2,3,Rate,2020,5113.7026365950705,5639.976701587851,4653.14409890411
1,All Population,5,Prevalence,78,Denmark,3,Both,27,Age-standardized,976,Diabetes mellitus type 2,3,Rate,2020,2990.18304647979,3299.5738705191097,2704.36244051621
1,All Population,5,Prevalence,153,Syrian Arab Republic,3,Both,27,Age-standardized,976,Diabetes mellitus type 2,3,Rate,2020,11443.0177287059,12495.77653399884,10356.94839060271
1,All Population,5,Prevalence,149,Palestine,3,Both,27,Age-standardized,976,Diabetes mellitus type 2,3,Rate,2020,12112.18784566659,12997.690845320009,11267.01810529786
1,All Population,5,Prevalence,164,Nepal,3,Both,27,Age-standardized,976,Diabetes mellitus type 2,3,Rate,2020,5942.83887476312,6471.00768670236,5480.10367450911
1,All Population,5,Prevalence,136,Paraguay,3,Both,27,Age-standardized,976,Diabetes mellitus type 2,3,Rate,2020,7251.6511857939,7810.87450954161,6633.98694439271
1,All Population,5,Prevalence,123,Peru,3,Both,27,Age-standardized,976,Diabetes mellitus type 2,3,Rate,2020,3184.14798992276,3466.4012552155195,2904.95900674988
1,All Population,5,Prevalence,185,Rwanda,3,Both,27,Age-standardized,976,Diabetes mellitus type 2,3,Rate,2020,2569.0391815469,2796.37697385027,2382.09357154488
1,All Population,5,Prevalence,168,Angola,3,Both,27,Age-standardized,976,Diabetes mellitus type 2,3,Rate,2020,7071.30795654939,7683.90240815457,6486.24174101738
1,All Population,5,Prevalence,179,Ethiopia,3,Both,27,Age-standardized,976,Diabetes mellitus type 2,3,Rate,2020,2950.0620817836902,3237.78664891802,2676.6541323525
1,All Population,5,Prevalence,170,Congo,3,Both,27,Age-standardized,976,Diabetes mellitus type 2,3,Rate,2020,6774.935886788171,7360.368294213,6190.76516035161
1,All Population,5,Prevalence,210,Liberia,3,Both,27,Age-standardized,976,Diabetes mellitus type 2,3,Rate,2020,5198.77251382179,5636.71315645348,4768.55137472709
1,All Population,5,Prevalence,201,Burkina Faso,3,Both,27,Age-standardized,976,Diabetes mellitus type 2,3,Rate,2020,2544.43867856012,2755.3501828436697,2323.0848735824898
1,All Population,5,Prevalence,181,Madagascar,3,Both,27,Age-standardized,976,Diabetes mellitus type 2,3,Rate,2020,2855.55268530132,3099.5749279125203,2601.72223907251
1,All Population,5,Prevalence,396,San Marino,3,Both,27,Age-standardized,976,Diabetes mellitus type 2,3,Rate,2020,3592.06091216273,3995.9334806937895,3234.93339417859
1,All Population,5,Prevalence,212,Mauritania,3,Both,27,Age-standardized,976,Diabetes mellitus type 2,3,Rate,2020,5785.9006360581,6329.868549670251,5257.61117709884
1,All Population,5,Prevalence,183,Mauritius,3,Both,27,Age-standardized,976,Diabetes mellitus type 2,3,Rate,2020,13258.67303777781,13854.70053702402,12621.34611266941
1,All Population,5,Prevalence,195,Namibia,3,Both,27,Age-standardized,976,Diabetes mellitus type 2,3,Rate,2020,4946.94665459031,5373.10268726344,4581.25124361579
1,All Population,5,Prevalence,376,Northern Mariana Islands,3,Both,27,Age-standardized,976,Diabetes mellitus type 2,3,Rate,2020,10917.74306459808,11898.5810815503,10111.338271860019
1,All Population,5,Prevalence,416,Tuvalu,3,Both,27,Age-standardized,976,Diabetes mellitus type 2,3,Rate,2020,10966.28637429383,11836.46479369453,10210.46255221577
1,All Population,5,Prevalence,214,Nigeria,3,Both,27,Age-standardized,976,Diabetes mellitus type 2,3,Rate,2020,4020.3353601368003,4403.31610479175,3639.113501849
1,All Population,5,Prevalence,197,Eswatini,3,Both,27,Age-standardized,976,Diabetes mellitus type 2,3,Rate,2020,6163.23443090058,6722.02909578173,5625.809798208959
1,All Population,5,Prevalence,385,Puerto Rico,3,Both,27,Age-standardized,976,Diabetes mellitus type 2,3,Rate,2020,8157.08131830559,8766.093523634421,7487.8892327393905
1,All Population,5,Prevalence,216,Senegal,3,Both,27,Age-standardized,976,Diabetes mellitus type 2,3,Rate,2020,7017.110160912391,7680.558014638381,6398.2782302140895
1,All Population,5,Prevalence,16,Philippines,3,Both,27,Age-standardized,976,Diabetes mellitus type 2,3,Rate,2021,5431.72883089934,5925.4800148534205,4916.49628297669
1,All Population,5,Prevalence,10,Cambodia,3,Both,27,Age-standardized,976,Diabetes mellitus type 2,3,Rate,2021,3348.4498020664,3636.90139847069,3055.73159100746
1,All Population,5,Prevalence,27,Samoa,3,Both,27,Age-standardized,976,Diabetes mellitus type 2,3,Rate,2021,13407.142851583101,14428.50199498861,12353.25661144062
1,All Population,5,Prevalence,29,Tonga,3,Both,27,Age-standardized,976,Diabetes mellitus type 2,3,Rate,2021,13681.1186034671,14625.9633962604,12737.99760389911
1,All Population,5,Prevalence,12,Lao People's Democratic Republic,3,Both,27,Age-standardized,976,Diabetes mellitus type 2,3,Rate,2021,4710.39232472765,5137.33963066733,4301.5879503558
1,All Population,5,Prevalence,74,Andorra,3,Both,27,Age-standardized,976,Diabetes mellitus type 2,3,Rate,2021,2856.30340838917,3191.48655773925,2574.08009416318
1,All Population,5,Prevalence,87,Luxembourg,3,Both,27,Age-standardized,976,Diabetes mellitus type 2,3,Rate,2021,2990.11266146222,3299.9229461006503,2732.26157676043
1,All Population,5,Prevalence,14,Maldives,3,Both,27,Age-standardized,976,Diabetes mellitus type 2,3,Rate,2021,4544.08150382301,4987.77124458335,4131.80798032898
1,All Population,5,Prevalence,25,Micronesia (Federated States of),3,Both,27,Age-standardized,976,Diabetes mellitus type 2,3,Rate,2021,18982.36513899517,20030.15712631225,17944.8554049011
1,All Population,5,Prevalence,72,New Zealand,3,Both,27,Age-standardized,976,Diabetes mellitus type 2,3,Rate,2021,3893.9548422346197,4118.80370992138,3698.60998645163
1,All Population,5,Prevalence,76,Belgium,3,Both,27,Age-standardized,976,Diabetes mellitus type 2,3,Rate,2021,3317.5708441887305,3676.21466198879,3033.6668858194403
1,All Population,5,Prevalence,121,Bolivia (Plurinational State of),3,Both,27,Age-standardized,976,Diabetes mellitus type 2,3,Rate,2021,5167.022370623809,5673.927782036621,4708.93344378444
1,All Population,5,Prevalence,102,United States of America,3,Both,27,Age-standardized,976,Diabetes mellitus type 2,3,Rate,2021,6998.271497781169,7403.14037363311,6618.85899697617
1,All Population,5,Prevalence,89,Netherlands,3,Both,27,Age-standardized,976,Diabetes mellitus type 2,3,Rate,2021,2953.98945860907,3203.257810691,2710.68891684231
1,All Population,5,Prevalence,132,Panama,3,Both,27,Age-standardized,976,Diabetes mellitus type 2,3,Rate,2021,7102.16532443653,7605.20218225103,6616.79462734759
1,All Population,5,Prevalence,117,Saint Vincent and the Grenadines,3,Both,27,Age-standardized,976,Diabetes mellitus type 2,3,Rate,2021,10830.45903497263,11657.89633917041,9999.99508001424
1,All Population,5,Prevalence,91,Portugal,3,Both,27,Age-standardized,976,Diabetes mellitus type 2,3,Rate,2021,4428.871581166581,4819.15075707719,4099.81441224831
1,All Population,5,Prevalence,78,Denmark,3,Both,27,Age-standardized,976,Diabetes mellitus type 2,3,Rate,2021,3020.6057042800603,3301.46392319638,2760.50767181091
1,All Population,5,Prevalence,123,Peru,3,Both,27,Age-standardized,976,Diabetes mellitus type 2,3,Rate,2021,3256.48373346357,3534.99111710456,2976.8411855488403
1,All Population,5,Prevalence,106,Bahamas,3,Both,27,Age-standardized,976,Diabetes mellitus type 2,3,Rate,2021,8594.792579589031,9341.5875964031,7951.41805755713
1,All Population,5,Prevalence,149,Palestine,3,Both,27,Age-standardized,976,Diabetes mellitus type 2,3,Rate,2021,12216.206019080619,13112.31769007378,11402.76233901663
1,All Population,5,Prevalence,168,Angola,3,Both,27,Age-standardized,976,Diabetes mellitus type 2,3,Rate,2021,7141.74603306973,7737.17343675174,6533.461760186141
1,All Population,5,Prevalence,136,Paraguay,3,Both,27,Age-standardized,976,Diabetes mellitus type 2,3,Rate,2021,7333.921145101601,7852.0888266053,6806.6952193732
1,All Population,5,Prevalence,119,Trinidad and Tobago,3,Both,27,Age-standardized,976,Diabetes mellitus type 2,3,Rate,2021,15255.11928263767,16090.20913879786,14464.78386530584
1,All Population,5,Prevalence,179,Ethiopia,3,Both,27,Age-standardized,976,Diabetes mellitus type 2,3,Rate,2021,2952.2970371627202,3241.2438555637004,2672.52254125506
1,All Population,5,Prevalence,93,Sweden,3,Both,27,Age-standardized,976,Diabetes mellitus type 2,3,Rate,2021,4325.62462127642,4727.6433624763495,3995.3092377316298
1,All Population,5,Prevalence,170,Congo,3,Both,27,Age-standardized,976,Diabetes mellitus type 2,3,Rate,2021,6833.7359357114,7431.05430107104,6213.84218099797
1,All Population,5,Prevalence,164,Nepal,3,Both,27,Age-standardized,976,Diabetes mellitus type 2,3,Rate,2021,6013.37497523321,6535.25290790036,5549.16349401925
1,All Population,5,Prevalence,151,Qatar,3,Both,27,Age-standardized,976,Diabetes mellitus type 2,3,Rate,2021,15099.208817335999,16380.65567745627,13906.53644994234
1,All Population,5,Prevalence,108,Belize,3,Both,27,Age-standardized,976,Diabetes mellitus type 2,3,Rate,2021,10256.1335731706,10941.638809948361,9416.059595742041
1,All Population,5,Prevalence,181,Madagascar,3,Both,27,Age-standardized,976,Diabetes mellitus type 2,3,Rate,2021,2861.7801327033,3112.52321307092,2612.24170098193
1,All Population,5,Prevalence,195,Namibia,3,Both,27,Age-standardized,976,Diabetes mellitus type 2,3,Rate,2021,4994.34627927463,5413.91779043278,4630.9616003113
1,All Population,5,Prevalence,216,Senegal,3,Both,27,Age-standardized,976,Diabetes mellitus type 2,3,Rate,2021,7093.826180407161,7717.100165203849,6521.08596124137
1,All Population,5,Prevalence,153,Syrian Arab Republic,3,Both,27,Age-standardized,976,Diabetes mellitus type 2,3,Rate,2021,11838.90878233769,12903.223396140951,10815.39028365279
1,All Population,5,Prevalence,197,Eswatini,3,Both,27,Age-standardized,976,Diabetes mellitus type 2,3,Rate,2021,6176.86273037879,6683.08026999315,5639.81729395906
1,All Population,5,Prevalence,210,Liberia,3,Both,27,Age-standardized,976,Diabetes mellitus type 2,3,Rate,2021,5151.43504642085,5615.95962905677,4715.2188265100895
1,All Population,5,Prevalence,183,Mauritius,3,Both,27,Age-standardized,976,Diabetes mellitus type 2,3,Rate,2021,13195.13583873163,13836.90723267604,12535.40334115057
1,All Population,5,Prevalence,212,Mauritania,3,Both,27,Age-standardized,976,Diabetes mellitus type 2,3,Rate,2021,5853.42454285674,6390.905114404461,5314.21709265411
1,All Population,5,Prevalence,201,Burkina Faso,3,Both,27,Age-standardized,976,Diabetes mellitus type 2,3,Rate,2021,2543.21153675498,2756.21085799986,2333.5909963222102
1,All Population,5,Prevalence,185,Rwanda,3,Both,27,Age-standardized,976,Diabetes mellitus type 2,3,Rate,2021,2579.71054076948,2785.7911685450003,2385.79382066448
1,All Population,5,Prevalence,376,Northern Mariana Islands,3,Both,27,Age-standardized,976,Diabetes mellitus type 2,3,Rate,2021,10911.93007649526,11850.57833989004,10130.46353009981
1,All Population,5,Prevalence,214,Nigeria,3,Both,27,Age-standardized,976,Diabetes mellitus type 2,3,Rate,2021,4049.57063213355,4445.73304372145,3667.84866827965
1,All Population,5,Prevalence,385,Puerto Rico,3,Both,27,Age-standardized,976,Diabetes mellitus type 2,3,Rate,2021,8146.915855330491,8697.73828106968,7566.9332054817905
1,All Population,5,Prevalence,396,San Marino,3,Both,27,Age-standardized,976,Diabetes mellitus type 2,3,Rate,2021,3657.19194568555,4057.94170330403,3301.42637300467
1,All Population,5,Prevalence,416,Tuvalu,3,Both,27,Age-standardized,976,Diabetes mellitus type 2,3,Rate,2021,11141.49796352248,12035.74064991885,10361.04760357224
1,All Population,5,Prevalence,10,Cambodia,3,Both,27,Age-standardized,976,Diabetes mellitus type 2,3,Rate,2022,3471.9434102695295,3786.57813103445,3148.6724957280103
1,All Population,5,Prevalence,25,Micronesia (Federated States of),3,Both,27,Age-standardized,976,Diabetes mellitus type 2,3,Rate,2022,19212.66313767335,20251.807174094873,18175.8649110152
1,All Population,5,Prevalence,12,Lao People's Democratic Republic,3,Both,27,Age-standardized,976,Diabetes mellitus type 2,3,Rate,2022,4750.68944461466,5216.23499635435,4303.52874807672
1,All Population,5,Prevalence,27,Samoa,3,Both,27,Age-standardized,976,Diabetes mellitus type 2,3,Rate,2022,13522.438492504072,14632.24612953761,12457.38779907236
1,All Population,5,Prevalence,14,Maldives,3,Both,27,Age-standardized,976,Diabetes mellitus type 2,3,Rate,2022,4603.414397588091,5049.9632129783295,4218.34379299531
1,All Population,5,Prevalence,72,New Zealand,3,Both,27,Age-standardized,976,Diabetes mellitus type 2,3,Rate,2022,3986.64229066414,4232.75628594751,3753.70389858384
1,All Population,5,Prevalence,91,Portugal,3,Both,27,Age-standardized,976,Diabetes mellitus type 2,3,Rate,2022,4467.27536918546,4909.70393478663,4038.03652603386
1,All Population,5,Prevalence,29,Tonga,3,Both,27,Age-standardized,976,Diabetes mellitus type 2,3,Rate,2022,13757.832812683871,14720.33762592541,12735.883861385719
1,All Population,5,Prevalence,16,Philippines,3,Both,27,Age-standardized,976,Diabetes mellitus type 2,3,Rate,2022,5487.08835957128,5980.84113152175,4965.80871757892
1,All Population,5,Prevalence,102,United States of America,3,Both,27,Age-standardized,976,Diabetes mellitus type 2,3,Rate,2022,7136.66174955684,7550.48294347176,6743.71962521349
1,All Population,5,Prevalence,74,Andorra,3,Both,27,Age-standardized,976,Diabetes mellitus type 2,3,Rate,2022,2908.4771760355297,3257.29858358348,2613.28281343523
1,All Population,5,Prevalence,93,Sweden,3,Both,27,Age-standardized,976,Diabetes mellitus type 2,3,Rate,2022,4378.36420174915,4808.43905024142,4041.8589281757804
1,All Population,5,Prevalence,117,Saint Vincent and the Grenadines,3,Both,27,Age-standardized,976,Diabetes mellitus type 2,3,Rate,2022,10788.63092436495,11598.87689624138,9929.194736608051
1,All Population,5,Prevalence,87,Luxembourg,3,Both,27,Age-standardized,976,Diabetes mellitus type 2,3,Rate,2022,3034.79707160201,3334.4014220607696,2738.45252486383
1,All Population,5,Prevalence,76,Belgium,3,Both,27,Age-standardized,976,Diabetes mellitus type 2,3,Rate,2022,3355.74058523933,3724.19011089692,3031.0328676407703
1,All Population,5,Prevalence,106,Bahamas,3,Both,27,Age-standardized,976,Diabetes mellitus type 2,3,Rate,2022,8667.62853290144,9434.70146595767,8020.679541969609
1,All Population,5,Prevalence,149,Palestine,3,Both,27,Age-standardized,976,Diabetes mellitus type 2,3,Rate,2022,12328.13507618466,13504.412522938312,11438.79900569227
1,All Population,5,Prevalence,89,Netherlands,3,Both,27,Age-standardized,976,Diabetes mellitus type 2,3,Rate,2022,2960.41153635117,3259.62559209831,2668.1150664467
1,All Population,5,Prevalence,132,Panama,3,Both,27,Age-standardized,976,Diabetes mellitus type 2,3,Rate,2022,7260.75843050189,7792.14160947163,6715.035175769669
1,All Population,5,Prevalence,119,Trinidad and Tobago,3,Both,27,Age-standardized,976,Diabetes mellitus type 2,3,Rate,2022,15081.57141012203,16272.97645649187,14137.74698029355
1,All Population,5,Prevalence,78,Denmark,3,Both,27,Age-standardized,976,Diabetes mellitus type 2,3,Rate,2022,3065.1047022852,3398.0306781218897,2806.8905335966997
1,All Population,5,Prevalence,164,Nepal,3,Both,27,Age-standardized,976,Diabetes mellitus type 2,3,Rate,2022,6087.61856574596,6592.47933018538,5611.08308789556
1,All Population,5,Prevalence,108,Belize,3,Both,27,Age-standardized,976,Diabetes mellitus type 2,3,Rate,2022,10361.38207555521,11052.15746675843,9376.45986368963
1,All Population,5,Prevalence,151,Qatar,3,Both,27,Age-standardized,976,Diabetes mellitus type 2,3,Rate,2022,15205.07858895713,16548.86443219044,14016.807242016721
1,All Population,5,Prevalence,121,Bolivia (Plurinational State of),3,Both,27,Age-standardized,976,Diabetes mellitus type 2,3,Rate,2022,5218.5933932794,5789.37943746674,4743.18246582033
1,All Population,5,Prevalence,197,Eswatini,3,Both,27,Age-standardized,976,Diabetes mellitus type 2,3,Rate,2022,6194.375589403299,6751.29695645379,5628.39424449754
1,All Population,5,Prevalence,179,Ethiopia,3,Both,27,Age-standardized,976,Diabetes mellitus type 2,3,Rate,2022,2952.56537741613,3231.98965428112,2672.01351233298
1,All Population,5,Prevalence,185,Rwanda,3,Both,27,Age-standardized,976,Diabetes mellitus type 2,3,Rate,2022,2590.59941915765,2817.87562839517,2400.59750375668
1,All Population,5,Prevalence,136,Paraguay,3,Both,27,Age-standardized,976,Diabetes mellitus type 2,3,Rate,2022,7421.336635329811,8018.33587607059,6826.36414405548
1,All Population,5,Prevalence,153,Syrian Arab Republic,3,Both,27,Age-standardized,976,Diabetes mellitus type 2,3,Rate,2022,12229.73409242089,13451.303032897311,11075.26256801382
1,All Population,5,Prevalence,168,Angola,3,Both,27,Age-standardized,976,Diabetes mellitus type 2,3,Rate,2022,7200.70900836902,7804.00166875215,6532.0133706789
1,All Population,5,Prevalence,210,Liberia,3,Both,27,Age-standardized,976,Diabetes mellitus type 2,3,Rate,2022,5102.69440174284,5577.8001448102295,4640.62114865811
1,All Population,5,Prevalence,123,Peru,3,Both,27,Age-standardized,976,Diabetes mellitus type 2,3,Rate,2022,3325.98075910044,3650.52242856658,3047.48022760754
1,All Population,5,Prevalence,181,Madagascar,3,Both,27,Age-standardized,976,Diabetes mellitus type 2,3,Rate,2022,2867.07287570402,3138.9388474599696,2608.46653028418
1,All Population,5,Prevalence,201,Burkina Faso,3,Both,27,Age-standardized,976,Diabetes mellitus type 2,3,Rate,2022,2542.71257582597,2782.90893572934,2323.32214263182
1,All Population,5,Prevalence,170,Congo,3,Both,27,Age-standardized,976,Diabetes mellitus type 2,3,Rate,2022,6888.6446360341,7576.87629679166,6246.68600297974
1,All Population,5,Prevalence,212,Mauritania,3,Both,27,Age-standardized,976,Diabetes mellitus type 2,3,Rate,2022,5915.19009967105,6507.505190614101,5353.24818401681
1,All Population,5,Prevalence,183,Mauritius,3,Both,27,Age-standardized,976,Diabetes mellitus type 2,3,Rate,2022,13157.74581062317,13910.089345958271,12192.800135702038
1,All Population,5,Prevalence,195,Namibia,3,Both,27,Age-standardized,976,Diabetes mellitus type 2,3,Rate,2022,5038.32068004973,5469.71650265567,4669.0975798642
1,All Population,5,Prevalence,385,Puerto Rico,3,Both,27,Age-standardized,976,Diabetes mellitus type 2,3,Rate,2022,8137.21284593619,8708.96871302176,7592.061839431511
1,All Population,5,Prevalence,214,Nigeria,3,Both,27,Age-standardized,976,Diabetes mellitus type 2,3,Rate,2022,4079.3849222000003,4486.41898314381,3696.07990999435
1,All Population,5,Prevalence,376,Northern Mariana Islands,3,Both,27,Age-standardized,976,Diabetes mellitus type 2,3,Rate,2022,10907.63194365066,11963.877589929529,10047.637545084779
1,All Population,5,Prevalence,396,San Marino,3,Both,27,Age-standardized,976,Diabetes mellitus type 2,3,Rate,2022,3723.42727339696,4137.34415474046,3335.00955879628
1,All Population,5,Prevalence,216,Senegal,3,Both,27,Age-standardized,976,Diabetes mellitus type 2,3,Rate,2022,7173.5510042074,7805.5691387604,6547.2337915302005
1,All Population,5,Prevalence,416,Tuvalu,3,Both,27,Age-standardized,976,Diabetes mellitus type 2,3,Rate,2022,11322.65247503237,12315.9812340768,10435.89388163949
1,All Population,5,Prevalence,14,Maldives,3,Both,27,Age-standardized,976,Diabetes mellitus type 2,3,Rate,2023,4671.36652833009,5138.35744459134,4228.22321180375
1,All Population,5,Prevalence,25,Micronesia (Federated States of),3,Both,27,Age-standardized,976,Diabetes mellitus type 2,3,Rate,2023,19387.101592713978,20493.62051163877,18309.63218909373
1,All Population,5,Prevalence,10,Cambodia,3,Both,27,Age-standardized,976,Diabetes mellitus type 2,3,Rate,2023,3506.74607457481,3827.04108385873,3174.8563905484
1,All Population,5,Prevalence,16,Philippines,3,Both,27,Age-standardized,976,Diabetes mellitus type 2,3,Rate,2023,5519.42209708937,6035.05239292891,4995.02211489388
1,All Population,5,Prevalence,27,Samoa,3,Both,27,Age-standardized,976,Diabetes mellitus type 2,3,Rate,2023,13606.15066727583,14783.315566961,12585.85464732766
1,All Population,5,Prevalence,12,Lao People's Democratic Republic,3,Both,27,Age-standardized,976,Diabetes mellitus type 2,3,Rate,2023,4809.24175393344,5246.11385139955,4369.65010667225
1,All Population,5,Prevalence,72,New Zealand,3,Both,27,Age-standardized,976,Diabetes mellitus type 2,3,Rate,2023,4145.19050547823,4402.5018392866305,3888.3805834187697
1,All Population,5,Prevalence,29,Tonga,3,Both,27,Age-standardized,976,Diabetes mellitus type 2,3,Rate,2023,13803.14741114165,14810.88493383062,12713.04778212529
1,All Population,5,Prevalence,87,Luxembourg,3,Both,27,Age-standardized,976,Diabetes mellitus type 2,3,Rate,2023,3087.73936064019,3436.7437087705102,2799.4999007166803
1,All Population,5,Prevalence,74,Andorra,3,Both,27,Age-standardized,976,Diabetes mellitus type 2,3,Rate,2023,2956.45451764001,3322.1200561784203,2637.01366013395
1,All Population,5,Prevalence,108,Belize,3,Both,27,Age-standardized,976,Diabetes mellitus type 2,3,Rate,2023,10255.06899662875,10981.78965703555,9596.649378312
1,All Population,5,Prevalence,89,Netherlands,3,Both,27,Age-standardized,976,Diabetes mellitus type 2,3,Rate,2023,2948.28550251576,3248.7686508796,2724.01911188354
1,All Population,5,Prevalence,119,Trinidad and Tobago,3,Both,27,Age-standardized,976,Diabetes mellitus type 2,3,Rate,2023,14970.36002933298,15864.994858634871,13948.185934056939
1,All Population,5,Prevalence,102,United States of America,3,Both,27,Age-standardized,976,Diabetes mellitus type 2,3,Rate,2023,7414.349253726569,7874.826419690729,6962.998532809531
1,All Population,5,Prevalence,132,Panama,3,Both,27,Age-standardized,976,Diabetes mellitus type 2,3,Rate,2023,7357.13372025992,7919.52404408501,6838.79762191299
1,All Population,5,Prevalence,76,Belgium,3,Both,27,Age-standardized,976,Diabetes mellitus type 2,3,Rate,2023,3347.1356700556003,3697.05923406333,3064.76513756639
1,All Population,5,Prevalence,121,Bolivia (Plurinational State of),3,Both,27,Age-standardized,976,Diabetes mellitus type 2,3,Rate,2023,5305.19958723799,5889.81289423474,4857.67003539474
1,All Population,5,Prevalence,78,Denmark,3,Both,27,Age-standardized,976,Diabetes mellitus type 2,3,Rate,2023,3141.09122363597,3435.9672310062997,2807.11364783435
1,All Population,5,Prevalence,91,Portugal,3,Both,27,Age-standardized,976,Diabetes mellitus type 2,3,Rate,2023,4552.73685994402,4968.58733819832,4196.80838916169
1,All Population,5,Prevalence,106,Bahamas,3,Both,27,Age-standardized,976,Diabetes mellitus type 2,3,Rate,2023,8704.2690586385,9635.839179302131,7945.58610547373
1,All Population,5,Prevalence,136,Paraguay,3,Both,27,Age-standardized,976,Diabetes mellitus type 2,3,Rate,2023,7618.40700674836,8201.48803418919,7050.50389105263
1,All Population,5,Prevalence,149,Palestine,3,Both,27,Age-standardized,976,Diabetes mellitus type 2,3,Rate,2023,12600.59223298464,13694.11164824006,11551.99082294465
1,All Population,5,Prevalence,117,Saint Vincent and the Grenadines,3,Both,27,Age-standardized,976,Diabetes mellitus type 2,3,Rate,2023,10718.62541969854,11441.54553363205,9974.22242557731
1,All Population,5,Prevalence,123,Peru,3,Both,27,Age-standardized,976,Diabetes mellitus type 2,3,Rate,2023,3407.90367966509,3724.09100941535,3130.21291816036
1,All Population,5,Prevalence,93,Sweden,3,Both,27,Age-standardized,976,Diabetes mellitus type 2,3,Rate,2023,4469.88934676998,4927.28916218177,4127.27043709174
1,All Population,5,Prevalence,168,Angola,3,Both,27,Age-standardized,976,Diabetes mellitus type 2,3,Rate,2023,7238.393337554259,7874.9722232267295,6583.13717631986
1,All Population,5,Prevalence,179,Ethiopia,3,Both,27,Age-standardized,976,Diabetes mellitus type 2,3,Rate,2023,2967.28753756928,3239.6194382451104,2671.8309641517503
1,All Population,5,Prevalence,151,Qatar,3,Both,27,Age-standardized,976,Diabetes mellitus type 2,3,Rate,2023,15062.20154244255,16540.494269284238,13867.420178466431
1,All Population,5,Prevalence,164,Nepal,3,Both,27,Age-standardized,976,Diabetes mellitus type 2,3,Rate,2023,6134.2768708760705,6678.19365200162,5662.22562933806
1,All Population,5,Prevalence,170,Congo,3,Both,27,Age-standardized,976,Diabetes mellitus type 2,3,Rate,2023,6943.2093690396905,7559.3522143431,6281.36610855524
1,All Population,5,Prevalence,153,Syrian Arab Republic,3,Both,27,Age-standardized,976,Diabetes mellitus type 2,3,Rate,2023,12572.82605549335,13736.44007817178,11409.71341778109
1,All Population,5,Prevalence,181,Madagascar,3,Both,27,Age-standardized,976,Diabetes mellitus type 2,3,Rate,2023,2880.8262822247198,3153.08084600531,2582.93833431219
1,All Population,5,Prevalence,195,Namibia,3,Both,27,Age-standardized,976,Diabetes mellitus type 2,3,Rate,2023,5083.62372261201,5515.30971907669,4698.62486337165
1,All Population,5,Prevalence,214,Nigeria,3,Both,27,Age-standardized,976,Diabetes mellitus type 2,3,Rate,2023,4152.50569070199,4570.40737110193,3761.70903128306
1,All Population,5,Prevalence,210,Liberia,3,Both,27,Age-standardized,976,Diabetes mellitus type 2,3,Rate,2023,5167.9187818858,5632.41069526909,4707.78016592915
1,All Population,5,Prevalence,183,Mauritius,3,Both,27,Age-standardized,976,Diabetes mellitus type 2,3,Rate,2023,13317.911376683089,14166.48527854058,12616.761306515458
1,All Population,5,Prevalence,197,Eswatini,3,Both,27,Age-standardized,976,Diabetes mellitus type 2,3,Rate,2023,6265.38977038594,6859.33565166231,5731.98905998388
1,All Population,5,Prevalence,216,Senegal,3,Both,27,Age-standardized,976,Diabetes mellitus type 2,3,Rate,2023,7214.73273975808,7874.93032083632,6479.7934604716
1,All Population,5,Prevalence,376,Northern Mariana Islands,3,Both,27,Age-standardized,976,Diabetes mellitus type 2,3,Rate,2023,11003.11422281751,11922.432202393959,10137.50045159044
1,All Population,5,Prevalence,212,Mauritania,3,Both,27,Age-standardized,976,Diabetes mellitus type 2,3,Rate,2023,5941.18039256165,6536.452119244191,5386.20318609114
1,All Population,5,Prevalence,185,Rwanda,3,Both,27,Age-standardized,976,Diabetes mellitus type 2,3,Rate,2023,2607.61013514175,2822.1175713611697,2403.3540267612198
1,All Population,5,Prevalence,201,Burkina Faso,3,Both,27,Age-standardized,976,Diabetes mellitus type 2,3,Rate,2023,2557.3653730249,2785.92975231821,2351.56917883108
1,All Population,5,Prevalence,385,Puerto Rico,3,Both,27,Age-standardized,976,Diabetes mellitus type 2,3,Rate,2023,8317.70328715693,8906.596526377509,7664.02265138259
1,All Population,5,Prevalence,396,San Marino,3,Both,27,Age-standardized,976,Diabetes mellitus type 2,3,Rate,2023,3782.5531220266303,4262.92246707793,3369.90702126688
1,All Population,5,Prevalence,416,Tuvalu,3,Both,27,Age-standardized,976,Diabetes mellitus type 2,3,Rate,2023,11547.67160475884,12425.3767663522,10625.04342402382
