population_group_id,population_group_name,measure_id,measure_name,location_id,location_name,sex_id,sex_name,age_id,age_name,cause_id,cause_name,rei_id,rei_name,metric_id,metric_name,year,val,upper,lower
1,All Population,2,DALYs (Disability-Adjusted Life Years),15,Myanmar,3,Both,27,Age-standardized,294,All causes,108,High body-mass index,3,Rate,2000,1075.3109088870453,1753.2301201974597,518.8472192334125
1,All Population,2,DALYs (Disability-Adjusted Life Years),19,Timor-Leste,3,Both,27,Age-standardized,294,All causes,108,High body-mass index,3,Rate,2000,349.88784436905974,619.6470977723425,162.53005456410966
1,All Population,2,DALYs (Disability-Adjusted Life Years),13,Malaysia,3,Both,27,Age-standardized,294,All causes,108,High body-mass index,3,Rate,2000,1346.5596070954257,2111.8659685595626,613.8543497847321
1,All Population,2,DALYs (Disability-Adjusted Life Years),25,Micronesia (Federated States of),3,Both,27,Age-standardized,294,All causes,108,High body-mass index,3,Rate,2000,7384.811057032214,10555.848429299449,3778.5873973852094
1,All Population,2,DALYs (Disability-Adjusted Life Years),29,Tonga,3,Both,27,Age-standardized,294,All causes,108,High body-mass index,3,Rate,2000,4851.951707034687,6945.542270344556,2394.100889623785
1,All Population,2,DALYs (Disability-Adjusted Life Years),11,Indonesia,3,Both,27,Age-standardized,294,All causes,108,High body-mass index,3,Rate,2000,781.2404599846058,1203.969423270253,396.1349660520088
1,All Population,2,DALYs (Disability-Adjusted Life Years),23,Kiribati,3,Both,27,Age-standardized,294,All causes,108,High body-mass index,3,Rate,2000,4100.074982239297,5897.118068079503,2109.1757436154485
1,All Population,2,DALYs (Disability-Adjusted Life Years),7,Democratic People's Republic of Korea,3,Both,27,Age-standardized,294,All causes,108,High body-mass index,3,Rate,2000,851.8111741099361,1483.3134960004334,391.61109949381694
1,All Population,2,DALYs (Disability-Adjusted Life Years),17,Sri Lanka,3,Both,27,Age-standardized,294,All causes,108,High body-mass index,3,Rate,2000,1083.999359872939,1673.920486011644,502.0790928467986
1,All Population,2,DALYs (Disability-Adjusted Life Years),16,Philippines,3,Both,27,Age-standardized,294,All causes,108,High body-mass index,3,Rate,2000,1311.3305529306433,1976.6718989081417,687.8404882771019
1,All Population,2,DALYs (Disability-Adjusted Life Years),71,Australia,3,Both,27,Age-standardized,294,All causes,108,High body-mass index,3,Rate,2000,1288.5517491201538,2062.024021019123,488.14703239885796
1,All Population,2,DALYs (Disability-Adjusted Life Years),30,Vanuatu,3,Both,27,Age-standardized,294,All causes,108,High body-mass index,3,Rate,2000,3528.8465747179907,5282.208894039283,1694.018685179164
1,All Population,2,DALYs (Disability-Adjusted Life Years),6,China,3,Both,27,Age-standardized,294,All causes,108,High body-mass index,3,Rate,2000,735.9051430229812,1125.3736029031656,350.27301818163846
1,All Population,2,DALYs (Disability-Adjusted Life Years),14,Maldives,3,Both,27,Age-standardized,294,All causes,108,High body-mass index,3,Rate,2000,1096.973474001966,1742.6508288746725,528.8956496686883
1,All Population,2,DALYs (Disability-Adjusted Life Years),27,Samoa,3,Both,27,Age-standardized,294,All causes,108,High body-mass index,3,Rate,2000,4188.023049791008,5954.578025684289,2053.774803417439
1,All Population,2,DALYs (Disability-Adjusted Life Years),83,Iceland,3,Both,27,Age-standardized,294,All causes,108,High body-mass index,3,Rate,2000,1200.8985059150345,1956.7549122507712,453.76879850987825
1,All Population,2,DALYs (Disability-Adjusted Life Years),8,Taiwan,3,Both,27,Age-standardized,294,All causes,108,High body-mass index,3,Rate,2000,1181.2228395715904,1817.1410371723575,518.2188057151296
1,All Population,2,DALYs (Disability-Adjusted Life Years),75,Austria,3,Both,27,Age-standardized,294,All causes,108,High body-mass index,3,Rate,2000,1375.819461275177,2095.73631834497,580.839750020896
1,All Population,2,DALYs (Disability-Adjusted Life Years),18,Thailand,3,Both,27,Age-standardized,294,All causes,108,High body-mass index,3,Rate,2000,872.4764480820481,1411.3595641548047,359.3361907845133
1,All Population,2,DALYs (Disability-Adjusted Life Years),12,Lao People's Democratic Republic,3,Both,27,Age-standardized,294,All causes,108,High body-mass index,3,Rate,2000,781.3305895720024,1239.4461677138204,419.51249530387224
1,All Population,2,DALYs (Disability-Adjusted Life Years),22,Fiji,3,Both,27,Age-standardized,294,All causes,108,High body-mass index,3,Rate,2000,6569.1163670033275,9363.781641291305,3203.4052341512174
1,All Population,2,DALYs (Disability-Adjusted Life Years),67,Japan,3,Both,27,Age-standardized,294,All causes,108,High body-mass index,3,Rate,2000,616.0152881891436,1023.9614801902268,235.87466923959073
1,All Population,2,DALYs (Disability-Adjusted Life Years),72,New Zealand,3,Both,27,Age-standardized,294,All causes,108,High body-mass index,3,Rate,2000,1660.696783521433,2647.7168916107457,695.2649773239484
1,All Population,2,DALYs (Disability-Adjusted Life Years),76,Belgium,3,Both,27,Age-standardized,294,All causes,108,High body-mass index,3,Rate,2000,1208.3704942076631,1885.3229335862316,475.799597918573
1,All Population,2,DALYs (Disability-Adjusted Life Years),28,Solomon Islands,3,Both,27,Age-standardized,294,All causes,108,High body-mass index,3,Rate,2000,4630.230694602906,6769.231122764434,2332.0118552575964
1,All Population,2,DALYs (Disability-Adjusted Life Years),10,Cambodia,3,Both,27,Age-standardized,294,All causes,108,High body-mass index,3,Rate,2000,579.6861575016787,962.7792118966958,267.30501244484077
1,All Population,2,DALYs (Disability-Adjusted Life Years),102,United States of America,3,Both,27,Age-standardized,294,All causes,108,High body-mass index,3,Rate,2000,2036.847496546612,3046.947406713982,943.7941161894754
1,All Population,2,DALYs (Disability-Adjusted Life Years),98,Chile,3,Both,27,Age-standardized,294,All causes,108,High body-mass index,3,Rate,2000,1606.7608395362308,2412.2418423220674,739.9990513593245
1,All Population,2,DALYs (Disability-Adjusted Life Years),24,Marshall Islands,3,Both,27,Age-standardized,294,All causes,108,High body-mass index,3,Rate,2000,7686.526902515334,11079.507689851942,4085.0967186214107
1,All Population,2,DALYs (Disability-Adjusted Life Years),20,Viet Nam,3,Both,27,Age-standardized,294,All causes,108,High body-mass index,3,Rate,2000,288.2375492814082,465.4905288519737,138.36514628778352
1,All Population,2,DALYs (Disability-Adjusted Life Years),82,Greece,3,Both,27,Age-standardized,294,All causes,108,High body-mass index,3,Rate,2000,1429.4232912105454,2201.8171711135656,590.7155007026812
1,All Population,2,DALYs (Disability-Adjusted Life Years),94,Switzerland,3,Both,27,Age-standardized,294,All causes,108,High body-mass index,3,Rate,2000,1132.2994174065434,1802.0673093004618,448.58539643530037
1,All Population,2,DALYs (Disability-Adjusted Life Years),90,Norway,3,Both,27,Age-standardized,294,All causes,108,High body-mass index,3,Rate,2000,1227.1652582666986,1956.403310157577,479.70300109455275
1,All Population,2,DALYs (Disability-Adjusted Life Years),106,Bahamas,3,Both,27,Age-standardized,294,All causes,108,High body-mass index,3,Rate,2000,3346.1323447654277,4607.774983484155,1924.9800380904246
1,All Population,2,DALYs (Disability-Adjusted Life Years),86,Italy,3,Both,27,Age-standardized,294,All causes,108,High body-mass index,3,Rate,2000,1244.7373627278664,1915.4382205587622,532.7842153871543
1,All Population,2,DALYs (Disability-Adjusted Life Years),125,Colombia,3,Both,27,Age-standardized,294,All causes,108,High body-mass index,3,Rate,2000,1449.98391985972,2152.4825062640375,693.3996729896757
1,All Population,2,DALYs (Disability-Adjusted Life Years),68,Republic of Korea,3,Both,27,Age-standardized,294,All causes,108,High body-mass index,3,Rate,2000,830.8589790603866,1307.7441528843644,353.20360962643684
1,All Population,2,DALYs (Disability-Adjusted Life Years),113,Guyana,3,Both,27,Age-standardized,294,All causes,108,High body-mass index,3,Rate,2000,3827.5769852867925,5607.1830753871645,2029.3219413086156
1,All Population,2,DALYs (Disability-Adjusted Life Years),26,Papua New Guinea,3,Both,27,Age-standardized,294,All causes,108,High body-mass index,3,Rate,2000,2626.8303230061347,4019.804805403711,1176.9435380812656
1,All Population,2,DALYs (Disability-Adjusted Life Years),84,Ireland,3,Both,27,Age-standardized,294,All causes,108,High body-mass index,3,Rate,2000,1355.7936521180807,2115.631740688771,544.3885846925689
1,All Population,2,DALYs (Disability-Adjusted Life Years),80,France,3,Both,27,Age-standardized,294,All causes,108,High body-mass index,3,Rate,2000,1043.1605043993036,1609.0085078535162,416.23358477063806
1,All Population,2,DALYs (Disability-Adjusted Life Years),78,Denmark,3,Both,27,Age-standardized,294,All causes,108,High body-mass index,3,Rate,2000,1260.867290306379,1969.5476482780111,497.121534696425
1,All Population,2,DALYs (Disability-Adjusted Life Years),66,Brunei Darussalam,3,Both,27,Age-standardized,294,All causes,108,High body-mass index,3,Rate,2000,2080.5027120095174,3114.065258370777,937.7751583787455
1,All Population,2,DALYs (Disability-Adjusted Life Years),79,Finland,3,Both,27,Age-standardized,294,All causes,108,High body-mass index,3,Rate,2000,1431.4383069845885,2222.243258410133,575.8865333488078
1,All Population,2,DALYs (Disability-Adjusted Life Years),74,Andorra,3,Both,27,Age-standardized,294,All causes,108,High body-mass index,3,Rate,2000,963.9955401637563,1609.2949301817898,386.2468294674332
1,All Population,2,DALYs (Disability-Adjusted Life Years),129,Honduras,3,Both,27,Age-standardized,294,All causes,108,High body-mass index,3,Rate,2000,1624.2128931711543,2439.3326130673245,814.908280960528
1,All Population,2,DALYs (Disability-Adjusted Life Years),89,Netherlands,3,Both,27,Age-standardized,294,All causes,108,High body-mass index,3,Rate,2000,1173.722758126207,1871.3162761476974,482.52063849710555
1,All Population,2,DALYs (Disability-Adjusted Life Years),101,Canada,3,Both,27,Age-standardized,294,All causes,108,High body-mass index,3,Rate,2000,1288.5851243178802,1989.4222329126173,526.9264707292448
1,All Population,2,DALYs (Disability-Adjusted Life Years),112,Grenada,3,Both,27,Age-standardized,294,All causes,108,High body-mass index,3,Rate,2000,2475.910914806713,3611.1612574854985,1205.2639981342681
1,All Population,2,DALYs (Disability-Adjusted Life Years),109,Cuba,3,Both,27,Age-standardized,294,All causes,108,High body-mass index,3,Rate,2000,1419.335449447727,2170.200193064498,653.2372387833899
1,All Population,2,DALYs (Disability-Adjusted Life Years),105,Antigua and Barbuda,3,Both,27,Age-standardized,294,All causes,108,High body-mass index,3,Rate,2000,2434.9789657615424,3556.5288541787004,1227.9981419530766
1,All Population,2,DALYs (Disability-Adjusted Life Years),85,Israel,3,Both,27,Age-standardized,294,All causes,108,High body-mass index,3,Rate,2000,1643.6986064005957,2482.1694210772635,714.7684190425364
1,All Population,2,DALYs (Disability-Adjusted Life Years),133,Venezuela (Bolivarian Republic of),3,Both,27,Age-standardized,294,All causes,108,High body-mass index,3,Rate,2000,2394.023616083098,3530.281044156406,1204.7744284294185
1,All Population,2,DALYs (Disability-Adjusted Life Years),87,Luxembourg,3,Both,27,Age-standardized,294,All causes,108,High body-mass index,3,Rate,2000,1242.3622289134544,1943.4886921055765,507.9088893979327
1,All Population,2,DALYs (Disability-Adjusted Life Years),95,United Kingdom,3,Both,27,Age-standardized,294,All causes,108,High body-mass index,3,Rate,2000,1450.6996806685768,2254.674346718528,582.1339919977811
1,All Population,2,DALYs (Disability-Adjusted Life Years),121,Bolivia (Plurinational State of),3,Both,27,Age-standardized,294,All causes,108,High body-mass index,3,Rate,2000,2122.046156205038,3181.296157580091,1083.6015317705683
1,All Population,2,DALYs (Disability-Adjusted Life Years),93,Sweden,3,Both,27,Age-standardized,294,All causes,108,High body-mass index,3,Rate,2000,1170.8305395498753,1811.2511052161105,489.83781546381306
1,All Population,2,DALYs (Disability-Adjusted Life Years),97,Argentina,3,Both,27,Age-standardized,294,All causes,108,High body-mass index,3,Rate,2000,1905.199038828891,2877.989379954837,889.9836134540333
1,All Population,2,DALYs (Disability-Adjusted Life Years),118,Suriname,3,Both,27,Age-standardized,294,All causes,108,High body-mass index,3,Rate,2000,1925.5040726798743,3030.8418612516834,920.5777001248003
1,All Population,2,DALYs (Disability-Adjusted Life Years),111,Dominican Republic,3,Both,27,Age-standardized,294,All causes,108,High body-mass index,3,Rate,2000,1448.85711830725,2172.846470344797,727.8469078058522
1,All Population,2,DALYs (Disability-Adjusted Life Years),107,Barbados,3,Both,27,Age-standardized,294,All causes,108,High body-mass index,3,Rate,2000,2629.106048731731,3731.376101916639,1311.8733434567994
1,All Population,2,DALYs (Disability-Adjusted Life Years),116,Saint Lucia,3,Both,27,Age-standardized,294,All causes,108,High body-mass index,3,Rate,2000,2513.584558743183,3739.531240210567,1222.408398472921
1,All Population,2,DALYs (Disability-Adjusted Life Years),114,Haiti,3,Both,27,Age-standardized,294,All causes,108,High body-mass index,3,Rate,2000,1429.3664808542649,2334.0896360817055,721.6146351761399
1,All Population,2,DALYs (Disability-Adjusted Life Years),110,Dominica,3,Both,27,Age-standardized,294,All causes,108,High body-mass index,3,Rate,2000,2674.5018014456114,3837.7158173775065,1407.6290546531843
1,All Population,2,DALYs (Disability-Adjusted Life Years),140,Bahrain,3,Both,27,Age-standardized,294,All causes,108,High body-mass index,3,Rate,2000,4034.580656557118,5897.157009213389,1896.6344594588704
1,All Population,2,DALYs (Disability-Adjusted Life Years),81,Germany,3,Both,27,Age-standardized,294,All causes,108,High body-mass index,3,Rate,2000,1548.9009163432677,2345.8197272234806,654.217092293246
1,All Population,2,DALYs (Disability-Adjusted Life Years),77,Cyprus,3,Both,27,Age-standardized,294,All causes,108,High body-mass index,3,Rate,2000,1736.6891532304842,2736.6408053613372,751.8774226859641
1,All Population,2,DALYs (Disability-Adjusted Life Years),128,Guatemala,3,Both,27,Age-standardized,294,All causes,108,High body-mass index,3,Rate,2000,1888.7366421642203,2807.2970684985253,897.0564107818726
1,All Population,2,DALYs (Disability-Adjusted Life Years),69,Singapore,3,Both,27,Age-standardized,294,All causes,108,High body-mass index,3,Rate,2000,877.6323621835867,1358.3667529358786,390.36620350339894
1,All Population,2,DALYs (Disability-Adjusted Life Years),148,Morocco,3,Both,27,Age-standardized,294,All causes,108,High body-mass index,3,Rate,2000,2831.9268979734607,4283.145162935431,1427.1312921724082
1,All Population,2,DALYs (Disability-Adjusted Life Years),122,Ecuador,3,Both,27,Age-standardized,294,All causes,108,High body-mass index,3,Rate,2000,2310.926852154481,3303.140387794177,1280.7434477882402
1,All Population,2,DALYs (Disability-Adjusted Life Years),139,Algeria,3,Both,27,Age-standardized,294,All causes,108,High body-mass index,3,Rate,2000,2115.7009369491575,3147.618454190747,1081.4378576268132
1,All Population,2,DALYs (Disability-Adjusted Life Years),117,Saint Vincent and the Grenadines,3,Both,27,Age-standardized,294,All causes,108,High body-mass index,3,Rate,2000,2384.9436692028266,3565.395554013251,1138.6291342842148
1,All Population,2,DALYs (Disability-Adjusted Life Years),144,Jordan,3,Both,27,Age-standardized,294,All causes,108,High body-mass index,3,Rate,2000,4074.1973860361663,5731.306093320694,2136.9610178445687
1,All Population,2,DALYs (Disability-Adjusted Life Years),136,Paraguay,3,Both,27,Age-standardized,294,All causes,108,High body-mass index,3,Rate,2000,1924.2341014743959,2811.5572508651653,955.9500603105323
1,All Population,2,DALYs (Disability-Adjusted Life Years),132,Panama,3,Both,27,Age-standardized,294,All causes,108,High body-mass index,3,Rate,2000,1550.8257845904352,2283.2615561994257,769.3121016823634
1,All Population,2,DALYs (Disability-Adjusted Life Years),141,Egypt,3,Both,27,Age-standardized,294,All causes,108,High body-mass index,3,Rate,2000,4864.849452400287,7008.615118559252,2564.9703872066398
1,All Population,2,DALYs (Disability-Adjusted Life Years),152,Saudi Arabia,3,Both,27,Age-standardized,294,All causes,108,High body-mass index,3,Rate,2000,3063.5796133552317,4379.205875199014,1670.2252497735483
1,All Population,2,DALYs (Disability-Adjusted Life Years),171,Democratic Republic of the Congo,3,Both,27,Age-standardized,294,All causes,108,High body-mass index,3,Rate,2000,1615.5100642046161,2656.45243849781,850.5165044163845
1,All Population,2,DALYs (Disability-Adjusted Life Years),126,Costa Rica,3,Both,27,Age-standardized,294,All causes,108,High body-mass index,3,Rate,2000,1645.8462735237854,2478.169115218423,817.0667479466568
1,All Population,2,DALYs (Disability-Adjusted Life Years),164,Nepal,3,Both,27,Age-standardized,294,All causes,108,High body-mass index,3,Rate,2000,659.237070368632,1088.8859406054985,293.9247597543199
1,All Population,2,DALYs (Disability-Adjusted Life Years),99,Uruguay,3,Both,27,Age-standardized,294,All causes,108,High body-mass index,3,Rate,2000,1596.7550360915072,2450.1193850454047,668.6443108647511
1,All Population,2,DALYs (Disability-Adjusted Life Years),91,Portugal,3,Both,27,Age-standardized,294,All causes,108,High body-mass index,3,Rate,2000,1460.3462407014704,2271.520042260335,592.3313626060816
1,All Population,2,DALYs (Disability-Adjusted Life Years),160,Afghanistan,3,Both,27,Age-standardized,294,All causes,108,High body-mass index,3,Rate,2000,2572.439637852143,3953.132711449281,1260.313811867101
1,All Population,2,DALYs (Disability-Adjusted Life Years),92,Spain,3,Both,27,Age-standardized,294,All causes,108,High body-mass index,3,Rate,2000,1318.642436372985,2002.5984569590298,541.5882540244772
1,All Population,2,DALYs (Disability-Adjusted Life Years),156,United Arab Emirates,3,Both,27,Age-standardized,294,All causes,108,High body-mass index,3,Rate,2000,2967.4832007239697,4420.105540851255,1480.8848892175029
1,All Population,2,DALYs (Disability-Adjusted Life Years),175,Burundi,3,Both,27,Age-standardized,294,All causes,108,High body-mass index,3,Rate,2000,491.8616781257985,855.2717738724175,220.475433437982
1,All Population,2,DALYs (Disability-Adjusted Life Years),88,Malta,3,Both,27,Age-standardized,294,All causes,108,High body-mass index,3,Rate,2000,1448.3309062544743,2349.4419148166767,586.3172982257483
1,All Population,2,DALYs (Disability-Adjusted Life Years),119,Trinidad and Tobago,3,Both,27,Age-standardized,294,All causes,108,High body-mass index,3,Rate,2000,4410.9486566536925,6302.228992564282,2243.5439863920324
1,All Population,2,DALYs (Disability-Adjusted Life Years),130,Mexico,3,Both,27,Age-standardized,294,All causes,108,High body-mass index,3,Rate,2000,2843.85767506765,3971.8773611153892,1479.2024125267735
1,All Population,2,DALYs (Disability-Adjusted Life Years),143,Iraq,3,Both,27,Age-standardized,294,All causes,108,High body-mass index,3,Rate,2000,3635.6749379852486,5409.9528716232435,1759.3624396333946
1,All Population,2,DALYs (Disability-Adjusted Life Years),157,Yemen,3,Both,27,Age-standardized,294,All causes,108,High body-mass index,3,Rate,2000,1493.8190046516231,2315.2907078100993,723.3890044392789
1,All Population,2,DALYs (Disability-Adjusted Life Years),145,Kuwait,3,Both,27,Age-standardized,294,All causes,108,High body-mass index,3,Rate,2000,3883.902122220457,5391.068057199122,2078.542171763146
1,All Population,2,DALYs (Disability-Adjusted Life Years),123,Peru,3,Both,27,Age-standardized,294,All causes,108,High body-mass index,3,Rate,2000,1140.4107643215725,1720.5604241478254,517.353782403674
1,All Population,2,DALYs (Disability-Adjusted Life Years),108,Belize,3,Both,27,Age-standardized,294,All causes,108,High body-mass index,3,Rate,2000,2861.030954733198,4137.071273888026,1470.6194637509363
1,All Population,2,DALYs (Disability-Adjusted Life Years),149,Palestine,3,Both,27,Age-standardized,294,All causes,108,High body-mass index,3,Rate,2000,3651.0796609482436,5254.07347032024,1872.4343823255058
1,All Population,2,DALYs (Disability-Adjusted Life Years),155,Türkiye,3,Both,27,Age-standardized,294,All causes,108,High body-mass index,3,Rate,2000,2716.372287375526,3910.5589929765656,1351.3149449753812
1,All Population,2,DALYs (Disability-Adjusted Life Years),151,Qatar,3,Both,27,Age-standardized,294,All causes,108,High body-mass index,3,Rate,2000,3624.3631548862295,5413.9519799357695,1818.4764048485022
1,All Population,2,DALYs (Disability-Adjusted Life Years),153,Syrian Arab Republic,3,Both,27,Age-standardized,294,All causes,108,High body-mass index,3,Rate,2000,4062.639273980295,5920.127959039827,2134.212329667286
1,All Population,2,DALYs (Disability-Adjusted Life Years),115,Jamaica,3,Both,27,Age-standardized,294,All causes,108,High body-mass index,3,Rate,2000,1605.4951354180735,2569.64218642206,721.2987031121127
1,All Population,2,DALYs (Disability-Adjusted Life Years),163,India,3,Both,27,Age-standardized,294,All causes,108,High body-mass index,3,Rate,2000,496.8418707741022,807.0836949144974,235.6300743924289
1,All Population,2,DALYs (Disability-Adjusted Life Years),147,Libya,3,Both,27,Age-standardized,294,All causes,108,High body-mass index,3,Rate,2000,2993.702450990321,4465.2529246359845,1530.2518927758579
1,All Population,2,DALYs (Disability-Adjusted Life Years),161,Bangladesh,3,Both,27,Age-standardized,294,All causes,108,High body-mass index,3,Rate,2000,713.6917418836857,1209.6035764844878,339.0055620559865
1,All Population,2,DALYs (Disability-Adjusted Life Years),135,Brazil,3,Both,27,Age-standardized,294,All causes,108,High body-mass index,3,Rate,2000,1760.0446476538502,2581.5406950868196,870.40688363293
1,All Population,2,DALYs (Disability-Adjusted Life Years),187,Somalia,3,Both,27,Age-standardized,294,All causes,108,High body-mass index,3,Rate,2000,604.4470317849772,1063.4515127153122,251.8132124183216
1,All Population,2,DALYs (Disability-Adjusted Life Years),168,Angola,3,Both,27,Age-standardized,294,All causes,108,High body-mass index,3,Rate,2000,1144.9934924075535,1873.6814991061817,595.4494871255713
1,All Population,2,DALYs (Disability-Adjusted Life Years),176,Comoros,3,Both,27,Age-standardized,294,All causes,108,High body-mass index,3,Rate,2000,647.9358831521288,1060.18653327876,287.96747940184116
1,All Population,2,DALYs (Disability-Adjusted Life Years),195,Namibia,3,Both,27,Age-standardized,294,All causes,108,High body-mass index,3,Rate,2000,1566.8518491585307,2395.270485719424,866.0900168203048
1,All Population,2,DALYs (Disability-Adjusted Life Years),184,Mozambique,3,Both,27,Age-standardized,294,All causes,108,High body-mass index,3,Rate,2000,684.8490628192244,1092.2367649820123,329.7022873444703
1,All Population,2,DALYs (Disability-Adjusted Life Years),186,Seychelles,3,Both,27,Age-standardized,294,All causes,108,High body-mass index,3,Rate,2000,2067.596330543544,2826.4631778905896,1258.5248020339334
1,All Population,2,DALYs (Disability-Adjusted Life Years),179,Ethiopia,3,Both,27,Age-standardized,294,All causes,108,High body-mass index,3,Rate,2000,484.2654107764674,816.2295919955296,244.0513020284747
1,All Population,2,DALYs (Disability-Adjusted Life Years),180,Kenya,3,Both,27,Age-standardized,294,All causes,108,High body-mass index,3,Rate,2000,684.3081965140894,1072.8750609066876,342.2897494823461
1,All Population,2,DALYs (Disability-Adjusted Life Years),172,Equatorial Guinea,3,Both,27,Age-standardized,294,All causes,108,High body-mass index,3,Rate,2000,2156.562277126633,3186.33980695138,1273.0431693243759
1,All Population,2,DALYs (Disability-Adjusted Life Years),200,Benin,3,Both,27,Age-standardized,294,All causes,108,High body-mass index,3,Rate,2000,1182.888622934974,1836.2864806916245,606.0575800592433
1,All Population,2,DALYs (Disability-Adjusted Life Years),170,Congo,3,Both,27,Age-standardized,294,All causes,108,High body-mass index,3,Rate,2000,1499.4284856682434,2345.8265678070716,843.723631166449
1,All Population,2,DALYs (Disability-Adjusted Life Years),127,El Salvador,3,Both,27,Age-standardized,294,All causes,108,High body-mass index,3,Rate,2000,1995.897054357136,2941.6542668095362,1015.1316221961835
1,All Population,2,DALYs (Disability-Adjusted Life Years),142,Iran (Islamic Republic of),3,Both,27,Age-standardized,294,All causes,108,High body-mass index,3,Rate,2000,2043.6424680257492,3078.1055665854906,1003.8057451431433
1,All Population,2,DALYs (Disability-Adjusted Life Years),178,Eritrea,3,Both,27,Age-standardized,294,All causes,108,High body-mass index,3,Rate,2000,610.6989440704489,1070.2780600596318,277.24417985236016
1,All Population,2,DALYs (Disability-Adjusted Life Years),194,Lesotho,3,Both,27,Age-standardized,294,All causes,108,High body-mass index,3,Rate,2000,2398.0083373700963,3591.8664104667473,1265.3351556577582
1,All Population,2,DALYs (Disability-Adjusted Life Years),198,Zimbabwe,3,Both,27,Age-standardized,294,All causes,108,High body-mass index,3,Rate,2000,1426.6909849819551,2137.562437953186,748.6551863446431
1,All Population,2,DALYs (Disability-Adjusted Life Years),191,Zambia,3,Both,27,Age-standardized,294,All causes,108,High body-mass index,3,Rate,2000,1182.7122108350686,1857.6045887253583,588.5468401298959
1,All Population,2,DALYs (Disability-Adjusted Life Years),207,Ghana,3,Both,27,Age-standardized,294,All causes,108,High body-mass index,3,Rate,2000,1484.0748368541745,2232.8335315750596,784.5239328714126
1,All Population,2,DALYs (Disability-Adjusted Life Years),211,Mali,3,Both,27,Age-standardized,294,All causes,108,High body-mass index,3,Rate,2000,1561.0796086206567,2349.2324145542407,812.9050742629103
1,All Population,2,DALYs (Disability-Adjusted Life Years),215,Sao Tome and Principe,3,Both,27,Age-standardized,294,All causes,108,High body-mass index,3,Rate,2000,1127.6915848526523,1742.3791033314067,545.4802154752224
1,All Population,2,DALYs (Disability-Adjusted Life Years),202,Cameroon,3,Both,27,Age-standardized,294,All causes,108,High body-mass index,3,Rate,2000,2088.4172886606484,3216.3532092493633,1140.0753112647108
1,All Population,2,DALYs (Disability-Adjusted Life Years),203,Cabo Verde,3,Both,27,Age-standardized,294,All causes,108,High body-mass index,3,Rate,2000,1024.3835510285064,1554.364201719284,492.8922453270792
1,All Population,2,DALYs (Disability-Adjusted Life Years),204,Chad,3,Both,27,Age-standardized,294,All causes,108,High body-mass index,3,Rate,2000,1698.6834173027544,2740.660649717705,901.2098997955378
1,All Population,2,DALYs (Disability-Adjusted Life Years),189,United Republic of Tanzania,3,Both,27,Age-standardized,294,All causes,108,High body-mass index,3,Rate,2000,757.4058340153829,1148.0606630932498,386.4824689116611
1,All Population,2,DALYs (Disability-Adjusted Life Years),216,Senegal,3,Both,27,Age-standardized,294,All causes,108,High body-mass index,3,Rate,2000,1056.8363794966947,1626.100182995182,504.7127035950239
1,All Population,2,DALYs (Disability-Adjusted Life Years),196,South Africa,3,Both,27,Age-standardized,294,All causes,108,High body-mass index,3,Rate,2000,2951.8499050824403,4221.722323945407,1541.8580669213668
1,All Population,2,DALYs (Disability-Adjusted Life Years),214,Nigeria,3,Both,27,Age-standardized,294,All causes,108,High body-mass index,3,Rate,2000,1444.9390890095224,2281.918994341299,751.3239692471199
1,All Population,2,DALYs (Disability-Adjusted Life Years),210,Liberia,3,Both,27,Age-standardized,294,All causes,108,High body-mass index,3,Rate,2000,1754.6322229397417,2657.6794452201775,921.3429279825299
1,All Population,2,DALYs (Disability-Adjusted Life Years),206,Gambia,3,Both,27,Age-standardized,294,All causes,108,High body-mass index,3,Rate,2000,1183.3557694001777,1779.090583754047,564.3236900011736
1,All Population,2,DALYs (Disability-Adjusted Life Years),396,San Marino,3,Both,27,Age-standardized,294,All causes,108,High body-mass index,3,Rate,2000,980.4519839853419,1647.4530014334077,384.3812614407271
1,All Population,2,DALYs (Disability-Adjusted Life Years),183,Mauritius,3,Both,27,Age-standardized,294,All causes,108,High body-mass index,3,Rate,2000,3297.13210670933,4674.1789665847955,1704.6877916489816
1,All Population,2,DALYs (Disability-Adjusted Life Years),305,Bermuda,3,Both,27,Age-standardized,294,All causes,108,High body-mass index,3,Rate,2000,1515.130295744827,2290.533306872314,685.9880685505608
1,All Population,2,DALYs (Disability-Adjusted Life Years),208,Guinea,3,Both,27,Age-standardized,294,All causes,108,High body-mass index,3,Rate,2000,1171.69678355564,1812.3396293778019,603.2628842253498
1,All Population,2,DALYs (Disability-Adjusted Life Years),182,Malawi,3,Both,27,Age-standardized,294,All causes,108,High body-mass index,3,Rate,2000,1054.5922437640845,1702.56941068231,554.9677741550854
1,All Population,2,DALYs (Disability-Adjusted Life Years),218,Togo,3,Both,27,Age-standardized,294,All causes,108,High body-mass index,3,Rate,2000,1184.8108913739238,1864.0358853672801,570.1409462584655
1,All Population,2,DALYs (Disability-Adjusted Life Years),146,Lebanon,3,Both,27,Age-standardized,294,All causes,108,High body-mass index,3,Rate,2000,1708.4797353868007,2587.5845255933887,780.7926070374396
1,All Population,2,DALYs (Disability-Adjusted Life Years),212,Mauritania,3,Both,27,Age-standardized,294,All causes,108,High body-mass index,3,Rate,2000,1966.752151403394,2885.9233241664533,996.6093290859417
1,All Population,2,DALYs (Disability-Adjusted Life Years),367,Monaco,3,Both,27,Age-standardized,294,All causes,108,High body-mass index,3,Rate,2000,1513.5712803011372,2530.241702305142,591.8039631866276
1,All Population,2,DALYs (Disability-Adjusted Life Years),298,American Samoa,3,Both,27,Age-standardized,294,All causes,108,High body-mass index,3,Rate,2000,6044.583252801771,8423.191192682414,3134.595687212414
1,All Population,2,DALYs (Disability-Adjusted Life Years),320,Cook Islands,3,Both,27,Age-standardized,294,All causes,108,High body-mass index,3,Rate,2000,6616.600382437862,8826.71953014892,3982.561225545089
1,All Population,2,DALYs (Disability-Adjusted Life Years),131,Nicaragua,3,Both,27,Age-standardized,294,All causes,108,High body-mass index,3,Rate,2000,1779.3960077464324,2537.685457859016,944.3032667746227
1,All Population,2,DALYs (Disability-Adjusted Life Years),165,Pakistan,3,Both,27,Age-standardized,294,All causes,108,High body-mass index,3,Rate,2000,1181.2580129108587,1899.5574592411149,550.6815456399563
1,All Population,2,DALYs (Disability-Adjusted Life Years),162,Bhutan,3,Both,27,Age-standardized,294,All causes,108,High body-mass index,3,Rate,2000,1507.4688601022333,2384.3705806979565,769.6658380824091
1,All Population,2,DALYs (Disability-Adjusted Life Years),169,Central African Republic,3,Both,27,Age-standardized,294,All causes,108,High body-mass index,3,Rate,2000,1642.161110091067,2818.2575650828862,818.8717099162591
1,All Population,2,DALYs (Disability-Adjusted Life Years),380,Palau,3,Both,27,Age-standardized,294,All causes,108,High body-mass index,3,Rate,2000,4554.327582608324,6637.456967927472,2173.122786404501
1,All Population,2,DALYs (Disability-Adjusted Life Years),154,Tunisia,3,Both,27,Age-standardized,294,All causes,108,High body-mass index,3,Rate,2000,2286.2133943327412,3540.8194943386657,1118.2377425937432
1,All Population,2,DALYs (Disability-Adjusted Life Years),422,United States Virgin Islands,3,Both,27,Age-standardized,294,All causes,108,High body-mass index,3,Rate,2000,2822.6912287522237,4045.508933662584,1474.6186833058405
1,All Population,2,DALYs (Disability-Adjusted Life Years),181,Madagascar,3,Both,27,Age-standardized,294,All causes,108,High body-mass index,3,Rate,2000,852.2563280402047,1388.9234489791331,417.3315572463724
1,All Population,2,DALYs (Disability-Adjusted Life Years),205,Côte d'Ivoire,3,Both,27,Age-standardized,294,All causes,108,High body-mass index,3,Rate,2000,986.6748792262279,1512.6692957496462,533.9237349633358
1,All Population,2,DALYs (Disability-Adjusted Life Years),150,Oman,3,Both,27,Age-standardized,294,All causes,108,High body-mass index,3,Rate,2000,2865.4792458947145,4269.968090668029,1445.7309969706482
1,All Population,2,DALYs (Disability-Adjusted Life Years),376,Northern Mariana Islands,3,Both,27,Age-standardized,294,All causes,108,High body-mass index,3,Rate,2000,4424.51047616043,6453.962175210533,2199.504121543027
1,All Population,2,DALYs (Disability-Adjusted Life Years),374,Niue,3,Both,27,Age-standardized,294,All causes,108,High body-mass index,3,Rate,2000,5436.573575299854,7615.900822892101,2745.676054434687
1,All Population,2,DALYs (Disability-Adjusted Life Years),185,Rwanda,3,Both,27,Age-standardized,294,All causes,108,High body-mass index,3,Rate,2000,751.0805513920069,1208.9525267202112,354.59560105829144
1,All Population,2,DALYs (Disability-Adjusted Life Years),349,Greenland,3,Both,27,Age-standardized,294,All causes,108,High body-mass index,3,Rate,2000,2585.602773976852,4109.438144730385,1152.6411708796732
1,All Population,2,DALYs (Disability-Adjusted Life Years),522,Sudan,3,Both,27,Age-standardized,294,All causes,108,High body-mass index,3,Rate,2000,2510.31381342591,3811.3421572250622,1261.4542001188024
1,All Population,2,DALYs (Disability-Adjusted Life Years),393,Saint Kitts and Nevis,3,Both,27,Age-standardized,294,All causes,108,High body-mass index,3,Rate,2000,2458.257538672514,3787.1125359876105,1172.8859002674988
1,All Population,2,DALYs (Disability-Adjusted Life Years),173,Gabon,3,Both,27,Age-standardized,294,All causes,108,High body-mass index,3,Rate,2000,2168.205568244263,3278.8659733078025,1199.2533420599711
1,All Population,2,DALYs (Disability-Adjusted Life Years),413,Tokelau,3,Both,27,Age-standardized,294,All causes,108,High body-mass index,3,Rate,2000,4650.153221343441,6520.514589658504,2356.354480255357
1,All Population,2,DALYs (Disability-Adjusted Life Years),193,Botswana,3,Both,27,Age-standardized,294,All causes,108,High body-mass index,3,Rate,2000,1678.370544544083,2550.282649249546,815.0399198084144
1,All Population,2,DALYs (Disability-Adjusted Life Years),190,Uganda,3,Both,27,Age-standardized,294,All causes,108,High body-mass index,3,Rate,2000,838.1563148997753,1371.2886585268939,444.3710294825671
1,All Population,2,DALYs (Disability-Adjusted Life Years),12,Lao People's Democratic Republic,3,Both,27,Age-standardized,294,All causes,108,High body-mass index,3,Rate,2001,793.9626797664948,1258.9037057780642,419.897939896235
1,All Population,2,DALYs (Disability-Adjusted Life Years),25,Micronesia (Federated States of),3,Both,27,Age-standardized,294,All causes,108,High body-mass index,3,Rate,2001,7285.739393492271,10369.846554718462,3727.5531885639743
1,All Population,2,DALYs (Disability-Adjusted Life Years),16,Philippines,3,Both,27,Age-standardized,294,All causes,108,High body-mass index,3,Rate,2001,1337.938578673682,2022.5598825981235,696.7232777052733
1,All Population,2,DALYs (Disability-Adjusted Life Years),177,Djibouti,3,Both,27,Age-standardized,294,All causes,108,High body-mass index,3,Rate,2000,538.8526191575517,925.29314042716,240.61853594560142
1,All Population,2,DALYs (Disability-Adjusted Life Years),6,China,3,Both,27,Age-standardized,294,All causes,108,High body-mass index,3,Rate,2001,731.3447461370296,1133.67699353547,341.0381769423272
1,All Population,2,DALYs (Disability-Adjusted Life Years),22,Fiji,3,Both,27,Age-standardized,294,All causes,108,High body-mass index,3,Rate,2001,6581.521752648514,9336.543169902961,3238.3909491305417
1,All Population,2,DALYs (Disability-Adjusted Life Years),18,Thailand,3,Both,27,Age-standardized,294,All causes,108,High body-mass index,3,Rate,2001,891.8240553940814,1445.5589079230247,376.38425368183096
1,All Population,2,DALYs (Disability-Adjusted Life Years),28,Solomon Islands,3,Both,27,Age-standardized,294,All causes,108,High body-mass index,3,Rate,2001,4602.43147519847,6723.372373851319,2329.597694262399
1,All Population,2,DALYs (Disability-Adjusted Life Years),13,Malaysia,3,Both,27,Age-standardized,294,All causes,108,High body-mass index,3,Rate,2001,1340.7135184728575,2132.4538331899766,607.8339461674717
1,All Population,2,DALYs (Disability-Adjusted Life Years),197,Eswatini,3,Both,27,Age-standardized,294,All causes,108,High body-mass index,3,Rate,2000,3491.711662897675,5186.3005624028765,1819.4053408705704
1,All Population,2,DALYs (Disability-Adjusted Life Years),17,Sri Lanka,3,Both,27,Age-standardized,294,All causes,108,High body-mass index,3,Rate,2001,1097.1264737636807,1636.522670840689,511.8693690761804
1,All Population,2,DALYs (Disability-Adjusted Life Years),29,Tonga,3,Both,27,Age-standardized,294,All causes,108,High body-mass index,3,Rate,2001,4881.581982712114,7024.334481866031,2402.2890248863787
1,All Population,2,DALYs (Disability-Adjusted Life Years),8,Taiwan,3,Both,27,Age-standardized,294,All causes,108,High body-mass index,3,Rate,2001,1178.130474731021,1818.8063646239243,516.2036233549434
1,All Population,2,DALYs (Disability-Adjusted Life Years),10,Cambodia,3,Both,27,Age-standardized,294,All causes,108,High body-mass index,3,Rate,2001,586.7546043067197,935.9986036765961,283.4632365182325
1,All Population,2,DALYs (Disability-Adjusted Life Years),26,Papua New Guinea,3,Both,27,Age-standardized,294,All causes,108,High body-mass index,3,Rate,2001,2631.8055642910986,4007.065069228331,1189.6988447012202
1,All Population,2,DALYs (Disability-Adjusted Life Years),20,Viet Nam,3,Both,27,Age-standardized,294,All causes,108,High body-mass index,3,Rate,2001,297.758955179624,469.5255943605417,142.9442788357967
1,All Population,2,DALYs (Disability-Adjusted Life Years),24,Marshall Islands,3,Both,27,Age-standardized,294,All causes,108,High body-mass index,3,Rate,2001,7675.06364060241,10919.416273470986,4077.398001165075
1,All Population,2,DALYs (Disability-Adjusted Life Years),14,Maldives,3,Both,27,Age-standardized,294,All causes,108,High body-mass index,3,Rate,2001,1110.717117694444,1734.971404870194,541.6569223286937
1,All Population,2,DALYs (Disability-Adjusted Life Years),209,Guinea-Bissau,3,Both,27,Age-standardized,294,All causes,108,High body-mass index,3,Rate,2000,1332.7792250755085,2118.4811555291058,707.7678101855039
1,All Population,2,DALYs (Disability-Adjusted Life Years),217,Sierra Leone,3,Both,27,Age-standardized,294,All causes,108,High body-mass index,3,Rate,2000,1027.2200673632362,1646.6463873473197,499.45271683049486
1,All Population,2,DALYs (Disability-Adjusted Life Years),201,Burkina Faso,3,Both,27,Age-standardized,294,All causes,108,High body-mass index,3,Rate,2000,561.6398441579969,922.3902708194174,280.5037163865232
1,All Population,2,DALYs (Disability-Adjusted Life Years),213,Niger,3,Both,27,Age-standardized,294,All causes,108,High body-mass index,3,Rate,2000,898.5369725019593,1475.352379016203,410.6861750940058
1,All Population,2,DALYs (Disability-Adjusted Life Years),369,Nauru,3,Both,27,Age-standardized,294,All causes,108,High body-mass index,3,Rate,2000,11170.89533672813,15704.441566323576,6002.978913675118
1,All Population,2,DALYs (Disability-Adjusted Life Years),30,Vanuatu,3,Both,27,Age-standardized,294,All causes,108,High body-mass index,3,Rate,2001,3598.60603650559,5397.274581814813,1738.7252588727335
1,All Population,2,DALYs (Disability-Adjusted Life Years),68,Republic of Korea,3,Both,27,Age-standardized,294,All causes,108,High body-mass index,3,Rate,2001,827.1795608218589,1291.8132059525449,352.12270608450905
1,All Population,2,DALYs (Disability-Adjusted Life Years),74,Andorra,3,Both,27,Age-standardized,294,All causes,108,High body-mass index,3,Rate,2001,958.9473829225506,1604.0978683203186,383.76072536609763
1,All Population,2,DALYs (Disability-Adjusted Life Years),76,Belgium,3,Both,27,Age-standardized,294,All causes,108,High body-mass index,3,Rate,2001,1192.2414112743636,1850.131784862691,469.6093319537716
1,All Population,2,DALYs (Disability-Adjusted Life Years),66,Brunei Darussalam,3,Both,27,Age-standardized,294,All causes,108,High body-mass index,3,Rate,2001,2099.68082035662,3148.463757829709,950.9166202133104
1,All Population,2,DALYs (Disability-Adjusted Life Years),351,Guam,3,Both,27,Age-standardized,294,All causes,108,High body-mass index,3,Rate,2000,2573.396208380561,3786.783040958741,1279.9926215472524
1,All Population,2,DALYs (Disability-Adjusted Life Years),385,Puerto Rico,3,Both,27,Age-standardized,294,All causes,108,High body-mass index,3,Rate,2000,2797.493854763843,3902.982067910968,1440.7506330089589
1,All Population,2,DALYs (Disability-Adjusted Life Years),72,New Zealand,3,Both,27,Age-standardized,294,All causes,108,High body-mass index,3,Rate,2001,1642.7728206377496,2636.2360099857433,681.9112223464666
1,All Population,2,DALYs (Disability-Adjusted Life Years),80,France,3,Both,27,Age-standardized,294,All causes,108,High body-mass index,3,Rate,2001,1046.4800291275653,1625.0834358744426,416.36313670394276
1,All Population,2,DALYs (Disability-Adjusted Life Years),78,Denmark,3,Both,27,Age-standardized,294,All causes,108,High body-mass index,3,Rate,2001,1245.7979310894914,1941.159073032945,490.7266052014675
1,All Population,2,DALYs (Disability-Adjusted Life Years),416,Tuvalu,3,Both,27,Age-standardized,294,All causes,108,High body-mass index,3,Rate,2000,6529.047158892412,9243.754482817421,3487.22534765695
1,All Population,2,DALYs (Disability-Adjusted Life Years),87,Luxembourg,3,Both,27,Age-standardized,294,All causes,108,High body-mass index,3,Rate,2001,1236.4817611391125,1908.226433505302,503.29128162788135
1,All Population,2,DALYs (Disability-Adjusted Life Years),84,Ireland,3,Both,27,Age-standardized,294,All causes,108,High body-mass index,3,Rate,2001,1318.2913324580759,2034.6712495235884,523.1445029134843
1,All Population,2,DALYs (Disability-Adjusted Life Years),85,Israel,3,Both,27,Age-standardized,294,All causes,108,High body-mass index,3,Rate,2001,1629.819359119008,2456.092912034121,705.8480845858804
1,All Population,2,DALYs (Disability-Adjusted Life Years),91,Portugal,3,Both,27,Age-standardized,294,All causes,108,High body-mass index,3,Rate,2001,1479.1507708710199,2295.0545988080953,604.3655915484227
1,All Population,2,DALYs (Disability-Adjusted Life Years),82,Greece,3,Both,27,Age-standardized,294,All causes,108,High body-mass index,3,Rate,2001,1424.9488308063865,2199.953116308323,588.2617525124772
1,All Population,2,DALYs (Disability-Adjusted Life Years),435,South Sudan,3,Both,27,Age-standardized,294,All causes,108,High body-mass index,3,Rate,2000,732.7732551422613,1241.026422538172,367.7505826456635
1,All Population,2,DALYs (Disability-Adjusted Life Years),89,Netherlands,3,Both,27,Age-standardized,294,All causes,108,High body-mass index,3,Rate,2001,1178.6412993136962,1874.6545328028753,482.5760072071122
1,All Population,2,DALYs (Disability-Adjusted Life Years),97,Argentina,3,Both,27,Age-standardized,294,All causes,108,High body-mass index,3,Rate,2001,1910.8862661165103,2864.2701577466078,899.8322489885355
1,All Population,2,DALYs (Disability-Adjusted Life Years),99,Uruguay,3,Both,27,Age-standardized,294,All causes,108,High body-mass index,3,Rate,2001,1590.6875341679092,2435.803915971445,669.8387490949937
1,All Population,2,DALYs (Disability-Adjusted Life Years),95,United Kingdom,3,Both,27,Age-standardized,294,All causes,108,High body-mass index,3,Rate,2001,1447.0135226587831,2250.13970375687,576.2956587569307
1,All Population,2,DALYs (Disability-Adjusted Life Years),101,Canada,3,Both,27,Age-standardized,294,All causes,108,High body-mass index,3,Rate,2001,1282.719078773144,1994.7647021739408,522.767712652708
1,All Population,2,DALYs (Disability-Adjusted Life Years),71,Australia,3,Both,27,Age-standardized,294,All causes,108,High body-mass index,3,Rate,2001,1283.9337712449312,2033.717329227913,487.8914694491446
1,All Population,2,DALYs (Disability-Adjusted Life Years),67,Japan,3,Both,27,Age-standardized,294,All causes,108,High body-mass index,3,Rate,2001,614.2461984965411,1022.2955734207478,235.03449426538924
1,All Population,2,DALYs (Disability-Adjusted Life Years),93,Sweden,3,Both,27,Age-standardized,294,All causes,108,High body-mass index,3,Rate,2001,1161.5269511243237,1794.5371110745734,484.033367351467
1,All Population,2,DALYs (Disability-Adjusted Life Years),109,Cuba,3,Both,27,Age-standardized,294,All causes,108,High body-mass index,3,Rate,2001,1411.2596545813142,2156.7079926297865,657.6593407345317
1,All Population,2,DALYs (Disability-Adjusted Life Years),107,Barbados,3,Both,27,Age-standardized,294,All causes,108,High body-mass index,3,Rate,2001,2559.6719664661355,3675.538231941178,1300.4331143694217
1,All Population,2,DALYs (Disability-Adjusted Life Years),105,Antigua and Barbuda,3,Both,27,Age-standardized,294,All causes,108,High body-mass index,3,Rate,2001,2452.2898705326397,3567.7324246989606,1229.916683390515
1,All Population,2,DALYs (Disability-Adjusted Life Years),75,Austria,3,Both,27,Age-standardized,294,All causes,108,High body-mass index,3,Rate,2001,1352.44943043409,2068.6901610951654,571.2711061054306
1,All Population,2,DALYs (Disability-Adjusted Life Years),83,Iceland,3,Both,27,Age-standardized,294,All causes,108,High body-mass index,3,Rate,2001,1190.2060706967875,1930.1129578544671,450.6338796763938
1,All Population,2,DALYs (Disability-Adjusted Life Years),111,Dominican Republic,3,Both,27,Age-standardized,294,All causes,108,High body-mass index,3,Rate,2001,1485.0709602402485,2229.231745005526,739.1444639345661
1,All Population,2,DALYs (Disability-Adjusted Life Years),116,Saint Lucia,3,Both,27,Age-standardized,294,All causes,108,High body-mass index,3,Rate,2001,2525.13683084603,3715.8042462453104,1226.9508660416393
1,All Population,2,DALYs (Disability-Adjusted Life Years),79,Finland,3,Both,27,Age-standardized,294,All causes,108,High body-mass index,3,Rate,2001,1407.7844719803495,2193.543047523112,562.8619198059382
1,All Population,2,DALYs (Disability-Adjusted Life Years),86,Italy,3,Both,27,Age-standardized,294,All causes,108,High body-mass index,3,Rate,2001,1238.1698976971256,1927.120746107373,526.5145025554642
1,All Population,2,DALYs (Disability-Adjusted Life Years),118,Suriname,3,Both,27,Age-standardized,294,All causes,108,High body-mass index,3,Rate,2001,1943.1676227585058,3054.791125185216,932.6691912742152
1,All Population,2,DALYs (Disability-Adjusted Life Years),122,Ecuador,3,Both,27,Age-standardized,294,All causes,108,High body-mass index,3,Rate,2001,2320.11665385474,3295.6254024178206,1283.6999599394842
1,All Population,2,DALYs (Disability-Adjusted Life Years),114,Haiti,3,Both,27,Age-standardized,294,All causes,108,High body-mass index,3,Rate,2001,1466.017682289541,2393.700071400573,737.0581947559593
1,All Population,2,DALYs (Disability-Adjusted Life Years),112,Grenada,3,Both,27,Age-standardized,294,All causes,108,High body-mass index,3,Rate,2001,2506.5710586343985,3645.0581584603424,1238.8751123780298
1,All Population,2,DALYs (Disability-Adjusted Life Years),126,Costa Rica,3,Both,27,Age-standardized,294,All causes,108,High body-mass index,3,Rate,2001,1644.4852088889381,2458.2508847783397,820.1919601403567
1,All Population,2,DALYs (Disability-Adjusted Life Years),90,Norway,3,Both,27,Age-standardized,294,All causes,108,High body-mass index,3,Rate,2001,1210.3269989176742,1916.594428114415,469.01377457902237
1,All Population,2,DALYs (Disability-Adjusted Life Years),130,Mexico,3,Both,27,Age-standardized,294,All causes,108,High body-mass index,3,Rate,2001,2859.5745327604923,3943.1766662576556,1491.710128800272
1,All Population,2,DALYs (Disability-Adjusted Life Years),132,Panama,3,Both,27,Age-standardized,294,All causes,108,High body-mass index,3,Rate,2001,1571.2642026903006,2284.0041009684087,773.8314422125609
1,All Population,2,DALYs (Disability-Adjusted Life Years),94,Switzerland,3,Both,27,Age-standardized,294,All causes,108,High body-mass index,3,Rate,2001,1112.7392534936307,1766.9691470004225,441.2881482186458
1,All Population,2,DALYs (Disability-Adjusted Life Years),136,Paraguay,3,Both,27,Age-standardized,294,All causes,108,High body-mass index,3,Rate,2001,1949.8251486524996,2814.5067077104527,966.440295163609
1,All Population,2,DALYs (Disability-Adjusted Life Years),98,Chile,3,Both,27,Age-standardized,294,All causes,108,High body-mass index,3,Rate,2001,1649.9160074144957,2488.2731166255467,763.2451758197976
1,All Population,2,DALYs (Disability-Adjusted Life Years),139,Algeria,3,Both,27,Age-standardized,294,All causes,108,High body-mass index,3,Rate,2001,2121.647146024412,3151.0447007801445,1088.7028834196478
1,All Population,2,DALYs (Disability-Adjusted Life Years),128,Guatemala,3,Both,27,Age-standardized,294,All causes,108,High body-mass index,3,Rate,2001,1925.0205185260036,2849.211651608602,913.0481389490799
1,All Population,2,DALYs (Disability-Adjusted Life Years),145,Kuwait,3,Both,27,Age-standardized,294,All causes,108,High body-mass index,3,Rate,2001,3746.4205684071717,5270.356339741225,1979.2070897501071
1,All Population,2,DALYs (Disability-Adjusted Life Years),106,Bahamas,3,Both,27,Age-standardized,294,All causes,108,High body-mass index,3,Rate,2001,3438.3141656729476,4722.388881141944,2010.6668464029274
1,All Population,2,DALYs (Disability-Adjusted Life Years),102,United States of America,3,Both,27,Age-standardized,294,All causes,108,High body-mass index,3,Rate,2001,2058.530313422722,3062.8692385174586,954.9052131570261
1,All Population,2,DALYs (Disability-Adjusted Life Years),143,Iraq,3,Both,27,Age-standardized,294,All causes,108,High body-mass index,3,Rate,2001,3670.425045381257,5479.6302496801645,1768.791197151116
1,All Population,2,DALYs (Disability-Adjusted Life Years),7,Democratic People's Republic of Korea,3,Both,27,Age-standardized,294,All causes,108,High body-mass index,3,Rate,2001,865.57502110331,1447.9635224006297,386.95836134354926
1,All Population,2,DALYs (Disability-Adjusted Life Years),110,Dominica,3,Both,27,Age-standardized,294,All causes,108,High body-mass index,3,Rate,2001,2679.1800888798907,3858.2525702509993,1389.3891473101653
1,All Population,2,DALYs (Disability-Adjusted Life Years),149,Palestine,3,Both,27,Age-standardized,294,All causes,108,High body-mass index,3,Rate,2001,3654.3473939668224,5260.884780729827,1860.6565636659232
1,All Population,2,DALYs (Disability-Adjusted Life Years),11,Indonesia,3,Both,27,Age-standardized,294,All causes,108,High body-mass index,3,Rate,2001,804.4076495442424,1234.2165335105103,410.89846765728936
1,All Population,2,DALYs (Disability-Adjusted Life Years),141,Egypt,3,Both,27,Age-standardized,294,All causes,108,High body-mass index,3,Rate,2001,5044.349426393164,7216.662179101715,2656.781950135663
1,All Population,2,DALYs (Disability-Adjusted Life Years),113,Guyana,3,Both,27,Age-standardized,294,All causes,108,High body-mass index,3,Rate,2001,3826.3433031717564,5570.157718016756,2004.3186645897629
1,All Population,2,DALYs (Disability-Adjusted Life Years),147,Libya,3,Both,27,Age-standardized,294,All causes,108,High body-mass index,3,Rate,2001,3046.6607237332682,4522.610085247416,1552.4276105124823
1,All Population,2,DALYs (Disability-Adjusted Life Years),117,Saint Vincent and the Grenadines,3,Both,27,Age-standardized,294,All causes,108,High body-mass index,3,Rate,2001,2410.027730254236,3578.278235127276,1182.8551593567959
1,All Population,2,DALYs (Disability-Adjusted Life Years),155,Türkiye,3,Both,27,Age-standardized,294,All causes,108,High body-mass index,3,Rate,2001,2666.0074055096193,3848.285963056214,1316.1787851047152
1,All Population,2,DALYs (Disability-Adjusted Life Years),153,Syrian Arab Republic,3,Both,27,Age-standardized,294,All causes,108,High body-mass index,3,Rate,2001,4026.4822342625043,5875.496731446038,2125.607058458086
1,All Population,2,DALYs (Disability-Adjusted Life Years),151,Qatar,3,Both,27,Age-standardized,294,All causes,108,High body-mass index,3,Rate,2001,3618.0647346626392,5403.903040398827,1811.6667458594081
1,All Population,2,DALYs (Disability-Adjusted Life Years),121,Bolivia (Plurinational State of),3,Both,27,Age-standardized,294,All causes,108,High body-mass index,3,Rate,2001,2149.2236647702957,3153.0500095930815,1096.0479974686812
1,All Population,2,DALYs (Disability-Adjusted Life Years),19,Timor-Leste,3,Both,27,Age-standardized,294,All causes,108,High body-mass index,3,Rate,2001,358.2304455840895,629.7225476888879,160.8928756506016
1,All Population,2,DALYs (Disability-Adjusted Life Years),161,Bangladesh,3,Both,27,Age-standardized,294,All causes,108,High body-mass index,3,Rate,2001,738.7479026549365,1202.3508218501345,360.91621611938626
1,All Population,2,DALYs (Disability-Adjusted Life Years),15,Myanmar,3,Both,27,Age-standardized,294,All causes,108,High body-mass index,3,Rate,2001,1081.9231646197306,1729.4794492292199,522.1317492582742
1,All Population,2,DALYs (Disability-Adjusted Life Years),157,Yemen,3,Both,27,Age-standardized,294,All causes,108,High body-mass index,3,Rate,2001,1493.5464586205283,2291.1076771242456,729.2228236817073
1,All Population,2,DALYs (Disability-Adjusted Life Years),125,Colombia,3,Both,27,Age-standardized,294,All causes,108,High body-mass index,3,Rate,2001,1437.5395436485499,2142.549170209981,682.7716748629729
1,All Population,2,DALYs (Disability-Adjusted Life Years),129,Honduras,3,Both,27,Age-standardized,294,All causes,108,High body-mass index,3,Rate,2001,1633.6620074921982,2453.236789973243,820.5145858590229
1,All Population,2,DALYs (Disability-Adjusted Life Years),168,Angola,3,Both,27,Age-standardized,294,All causes,108,High body-mass index,3,Rate,2001,1164.2605013943046,1867.8452081747093,604.3714420151387
1,All Population,2,DALYs (Disability-Adjusted Life Years),23,Kiribati,3,Both,27,Age-standardized,294,All causes,108,High body-mass index,3,Rate,2001,4128.8201157419535,6012.375601868606,2118.9506716006235
1,All Population,2,DALYs (Disability-Adjusted Life Years),133,Venezuela (Bolivarian Republic of),3,Both,27,Age-standardized,294,All causes,108,High body-mass index,3,Rate,2001,2408.445934447234,3559.7154092950764,1219.5987679906882
1,All Population,2,DALYs (Disability-Adjusted Life Years),163,India,3,Both,27,Age-standardized,294,All causes,108,High body-mass index,3,Rate,2001,528.5571723544607,842.6292558509211,249.03423156339878
1,All Population,2,DALYs (Disability-Adjusted Life Years),180,Kenya,3,Both,27,Age-standardized,294,All causes,108,High body-mass index,3,Rate,2001,694.2765535927608,1075.8848846170476,347.67233065830095
1,All Population,2,DALYs (Disability-Adjusted Life Years),172,Equatorial Guinea,3,Both,27,Age-standardized,294,All causes,108,High body-mass index,3,Rate,2001,2124.6357089008975,3170.86211600139,1219.8096660510116
1,All Population,2,DALYs (Disability-Adjusted Life Years),170,Congo,3,Both,27,Age-standardized,294,All causes,108,High body-mass index,3,Rate,2001,1463.3270663912303,2233.9450741285473,830.3391171057286
1,All Population,2,DALYs (Disability-Adjusted Life Years),178,Eritrea,3,Both,27,Age-standardized,294,All causes,108,High body-mass index,3,Rate,2001,618.1881341312408,1074.185021328957,275.2602708789518
1,All Population,2,DALYs (Disability-Adjusted Life Years),27,Samoa,3,Both,27,Age-standardized,294,All causes,108,High body-mass index,3,Rate,2001,4250.2435846164835,6029.18898630359,2072.714594411134
1,All Population,2,DALYs (Disability-Adjusted Life Years),176,Comoros,3,Both,27,Age-standardized,294,All causes,108,High body-mass index,3,Rate,2001,653.2146830661892,1060.6205981555204,286.1619678329585
1,All Population,2,DALYs (Disability-Adjusted Life Years),182,Malawi,3,Both,27,Age-standardized,294,All causes,108,High body-mass index,3,Rate,2001,1077.071645670145,1709.34171354103,571.4557501475716
1,All Population,2,DALYs (Disability-Adjusted Life Years),191,Zambia,3,Both,27,Age-standardized,294,All causes,108,High body-mass index,3,Rate,2001,1231.7619301011205,1908.9166265800452,599.5506096171149
1,All Population,2,DALYs (Disability-Adjusted Life Years),184,Mozambique,3,Both,27,Age-standardized,294,All causes,108,High body-mass index,3,Rate,2001,689.9107364961814,1100.7050325916011,332.3841520421062
1,All Population,2,DALYs (Disability-Adjusted Life Years),140,Bahrain,3,Both,27,Age-standardized,294,All causes,108,High body-mass index,3,Rate,2001,3987.3457752164422,5814.535964924186,1878.9638446757629
1,All Population,2,DALYs (Disability-Adjusted Life Years),186,Seychelles,3,Both,27,Age-standardized,294,All causes,108,High body-mass index,3,Rate,2001,2086.0077413892,2861.8454095325005,1274.1863775074048
1,All Population,2,DALYs (Disability-Adjusted Life Years),189,United Republic of Tanzania,3,Both,27,Age-standardized,294,All causes,108,High body-mass index,3,Rate,2001,778.3097252067525,1175.5439864407479,399.9861202794757
1,All Population,2,DALYs (Disability-Adjusted Life Years),194,Lesotho,3,Both,27,Age-standardized,294,All causes,108,High body-mass index,3,Rate,2001,2758.1978549826854,4049.42145722128,1437.7555428188082
1,All Population,2,DALYs (Disability-Adjusted Life Years),144,Jordan,3,Both,27,Age-standardized,294,All causes,108,High body-mass index,3,Rate,2001,4104.044826887886,5758.935141283162,2176.474164302929
1,All Population,2,DALYs (Disability-Adjusted Life Years),152,Saudi Arabia,3,Both,27,Age-standardized,294,All causes,108,High body-mass index,3,Rate,2001,3123.7035756375362,4492.89756209424,1720.6672976366192
1,All Population,2,DALYs (Disability-Adjusted Life Years),196,South Africa,3,Both,27,Age-standardized,294,All causes,108,High body-mass index,3,Rate,2001,2935.6224416840005,4211.872481398399,1551.3838629461225
1,All Population,2,DALYs (Disability-Adjusted Life Years),148,Morocco,3,Both,27,Age-standardized,294,All causes,108,High body-mass index,3,Rate,2001,2845.193794928923,4233.9988804301,1416.6417427454098
1,All Population,2,DALYs (Disability-Adjusted Life Years),204,Chad,3,Both,27,Age-standardized,294,All causes,108,High body-mass index,3,Rate,2001,1727.706404829208,2817.425720727461,906.773430703876
1,All Population,2,DALYs (Disability-Adjusted Life Years),202,Cameroon,3,Both,27,Age-standardized,294,All causes,108,High body-mass index,3,Rate,2001,2090.063895701666,3229.3372933216683,1139.4576746850444
1,All Population,2,DALYs (Disability-Adjusted Life Years),198,Zimbabwe,3,Both,27,Age-standardized,294,All causes,108,High body-mass index,3,Rate,2001,1493.932727582103,2218.830512426649,778.6410108252524
1,All Population,2,DALYs (Disability-Adjusted Life Years),156,United Arab Emirates,3,Both,27,Age-standardized,294,All causes,108,High body-mass index,3,Rate,2001,2964.8271371400037,4419.326758729607,1481.7993850771281
1,All Population,2,DALYs (Disability-Adjusted Life Years),200,Benin,3,Both,27,Age-standardized,294,All causes,108,High body-mass index,3,Rate,2001,1164.878388873701,1788.7714884919374,580.7909932926596
1,All Population,2,DALYs (Disability-Adjusted Life Years),206,Gambia,3,Both,27,Age-standardized,294,All causes,108,High body-mass index,3,Rate,2001,1152.7299641703805,1723.9252256860416,550.6610258238242
1,All Population,2,DALYs (Disability-Adjusted Life Years),208,Guinea,3,Both,27,Age-standardized,294,All causes,108,High body-mass index,3,Rate,2001,1170.1930037738205,1795.4463901713964,594.8851720928553
1,All Population,2,DALYs (Disability-Adjusted Life Years),214,Nigeria,3,Both,27,Age-standardized,294,All causes,108,High body-mass index,3,Rate,2001,1461.4231696337965,2291.4842936288337,768.4848048701848
1,All Population,2,DALYs (Disability-Adjusted Life Years),160,Afghanistan,3,Both,27,Age-standardized,294,All causes,108,High body-mass index,3,Rate,2001,2572.6454746372706,3910.029351671482,1254.0403741274406
1,All Population,2,DALYs (Disability-Adjusted Life Years),205,Côte d'Ivoire,3,Both,27,Age-standardized,294,All causes,108,High body-mass index,3,Rate,2001,995.338172900356,1500.4709765341074,530.8149552186798
1,All Population,2,DALYs (Disability-Adjusted Life Years),212,Mauritania,3,Both,27,Age-standardized,294,All causes,108,High body-mass index,3,Rate,2001,2011.4533507476683,2931.831581561999,1025.0369760723747
1,All Population,2,DALYs (Disability-Adjusted Life Years),218,Togo,3,Both,27,Age-standardized,294,All causes,108,High body-mass index,3,Rate,2001,1186.7588173254894,1800.996407832411,575.4515315672937
1,All Population,2,DALYs (Disability-Adjusted Life Years),210,Liberia,3,Both,27,Age-standardized,294,All causes,108,High body-mass index,3,Rate,2001,1740.899474764172,2631.530839895451,907.5824672051626
1,All Population,2,DALYs (Disability-Adjusted Life Years),164,Nepal,3,Both,27,Age-standardized,294,All causes,108,High body-mass index,3,Rate,2001,669.287392699204,1092.0537725747674,296.77274260046323
1,All Population,2,DALYs (Disability-Adjusted Life Years),175,Burundi,3,Both,27,Age-standardized,294,All causes,108,High body-mass index,3,Rate,2001,492.2008833169916,850.7058515322917,211.1997182984323
1,All Population,2,DALYs (Disability-Adjusted Life Years),171,Democratic Republic of the Congo,3,Both,27,Age-standardized,294,All causes,108,High body-mass index,3,Rate,2001,1643.836888949434,2730.645576251993,879.4281653423664
1,All Population,2,DALYs (Disability-Adjusted Life Years),216,Senegal,3,Both,27,Age-standardized,294,All causes,108,High body-mass index,3,Rate,2001,1219.6999260396433,1836.4844143065825,585.6690165501225
1,All Population,2,DALYs (Disability-Adjusted Life Years),179,Ethiopia,3,Both,27,Age-standardized,294,All causes,108,High body-mass index,3,Rate,2001,487.650953184169,823.5855761139333,235.84122182762096
1,All Population,2,DALYs (Disability-Adjusted Life Years),183,Mauritius,3,Both,27,Age-standardized,294,All causes,108,High body-mass index,3,Rate,2001,3335.155119692377,4700.610379213372,1717.7471471943247
1,All Population,2,DALYs (Disability-Adjusted Life Years),305,Bermuda,3,Both,27,Age-standardized,294,All causes,108,High body-mass index,3,Rate,2001,1478.2805453103267,2229.866950688242,672.5215739810021
1,All Population,2,DALYs (Disability-Adjusted Life Years),374,Niue,3,Both,27,Age-standardized,294,All causes,108,High body-mass index,3,Rate,2001,5478.598948453805,7642.902953945704,2746.131252132691
1,All Population,2,DALYs (Disability-Adjusted Life Years),69,Singapore,3,Both,27,Age-standardized,294,All causes,108,High body-mass index,3,Rate,2001,898.1285147503503,1389.1082988606474,398.7333123125185
1,All Population,2,DALYs (Disability-Adjusted Life Years),349,Greenland,3,Both,27,Age-standardized,294,All causes,108,High body-mass index,3,Rate,2001,2556.4493904791434,4036.9845731218206,1142.5536396701232
1,All Population,2,DALYs (Disability-Adjusted Life Years),298,American Samoa,3,Both,27,Age-standardized,294,All causes,108,High body-mass index,3,Rate,2001,6123.098334145445,8552.99760715686,3206.014053796601
1,All Population,2,DALYs (Disability-Adjusted Life Years),367,Monaco,3,Both,27,Age-standardized,294,All causes,108,High body-mass index,3,Rate,2001,1515.143385880817,2516.0619754126037,596.3287809885544
1,All Population,2,DALYs (Disability-Adjusted Life Years),380,Palau,3,Both,27,Age-standardized,294,All causes,108,High body-mass index,3,Rate,2001,4587.689472167908,6699.043677058661,2176.0111281308477
1,All Population,2,DALYs (Disability-Adjusted Life Years),187,Somalia,3,Both,27,Age-standardized,294,All causes,108,High body-mass index,3,Rate,2001,608.7302185149063,1068.2657744904695,249.38460890603417
1,All Population,2,DALYs (Disability-Adjusted Life Years),413,Tokelau,3,Both,27,Age-standardized,294,All causes,108,High body-mass index,3,Rate,2001,4686.250557176644,6526.470591596553,2364.746615203852
1,All Population,2,DALYs (Disability-Adjusted Life Years),393,Saint Kitts and Nevis,3,Both,27,Age-standardized,294,All causes,108,High body-mass index,3,Rate,2001,2430.2987207093897,3759.1641220421384,1158.0209186741806
1,All Population,2,DALYs (Disability-Adjusted Life Years),81,Germany,3,Both,27,Age-standardized,294,All causes,108,High body-mass index,3,Rate,2001,1531.869935838108,2323.507990109421,645.9190298735467
1,All Population,2,DALYs (Disability-Adjusted Life Years),422,United States Virgin Islands,3,Both,27,Age-standardized,294,All causes,108,High body-mass index,3,Rate,2001,2762.213079595806,3943.5111441466915,1438.2048475756712
1,All Population,2,DALYs (Disability-Adjusted Life Years),77,Cyprus,3,Both,27,Age-standardized,294,All causes,108,High body-mass index,3,Rate,2001,1726.1007744731712,2732.245192364368,738.6589779445567
1,All Population,2,DALYs (Disability-Adjusted Life Years),203,Cabo Verde,3,Both,27,Age-standardized,294,All causes,108,High body-mass index,3,Rate,2001,1039.158152340568,1567.8845129844397,492.3924136840418
1,All Population,2,DALYs (Disability-Adjusted Life Years),195,Namibia,3,Both,27,Age-standardized,294,All causes,108,High body-mass index,3,Rate,2001,1577.3149648287108,2366.685799349788,847.8013214000413
1,All Population,2,DALYs (Disability-Adjusted Life Years),88,Malta,3,Both,27,Age-standardized,294,All causes,108,High body-mass index,3,Rate,2001,1437.0467592233922,2310.338759796206,583.3496524787345
1,All Population,2,DALYs (Disability-Adjusted Life Years),207,Ghana,3,Both,27,Age-standardized,294,All causes,108,High body-mass index,3,Rate,2001,1499.83046158453,2296.977028324963,807.5459469055005
1,All Population,2,DALYs (Disability-Adjusted Life Years),211,Mali,3,Both,27,Age-standardized,294,All causes,108,High body-mass index,3,Rate,2001,1548.4438039572515,2357.571571709453,791.896949762622
1,All Population,2,DALYs (Disability-Adjusted Life Years),522,Sudan,3,Both,27,Age-standardized,294,All causes,108,High body-mass index,3,Rate,2001,2510.729873937834,3828.4578183137332,1269.051175191895
1,All Population,2,DALYs (Disability-Adjusted Life Years),215,Sao Tome and Principe,3,Both,27,Age-standardized,294,All causes,108,High body-mass index,3,Rate,2001,1154.8827418593344,1782.2424187320166,551.3874256943909
1,All Population,2,DALYs (Disability-Adjusted Life Years),92,Spain,3,Both,27,Age-standardized,294,All causes,108,High body-mass index,3,Rate,2001,1312.998572543535,2012.6257158285537,534.8560385564508
1,All Population,2,DALYs (Disability-Adjusted Life Years),6,China,3,Both,27,Age-standardized,294,All causes,108,High body-mass index,3,Rate,2002,721.4131221342402,1138.4268389769154,323.0921176453237
1,All Population,2,DALYs (Disability-Adjusted Life Years),320,Cook Islands,3,Both,27,Age-standardized,294,All causes,108,High body-mass index,3,Rate,2001,6609.464010377279,8782.066202494772,3957.671458508462
1,All Population,2,DALYs (Disability-Adjusted Life Years),10,Cambodia,3,Both,27,Age-standardized,294,All causes,108,High body-mass index,3,Rate,2002,596.1826112302944,950.6923322331646,282.14429723117024
1,All Population,2,DALYs (Disability-Adjusted Life Years),108,Belize,3,Both,27,Age-standardized,294,All causes,108,High body-mass index,3,Rate,2001,2823.9097612704422,4021.0574475843723,1479.5661308523295
1,All Population,2,DALYs (Disability-Adjusted Life Years),14,Maldives,3,Both,27,Age-standardized,294,All causes,108,High body-mass index,3,Rate,2002,1112.539457442233,1769.443106777177,542.4847843455586
1,All Population,2,DALYs (Disability-Adjusted Life Years),8,Taiwan,3,Both,27,Age-standardized,294,All causes,108,High body-mass index,3,Rate,2002,1167.176669161817,1789.1919452025327,509.73800530789475
1,All Population,2,DALYs (Disability-Adjusted Life Years),12,Lao People's Democratic Republic,3,Both,27,Age-standardized,294,All causes,108,High body-mass index,3,Rate,2002,803.5768001377375,1285.1196879793727,431.22017193589187
1,All Population,2,DALYs (Disability-Adjusted Life Years),20,Viet Nam,3,Both,27,Age-standardized,294,All causes,108,High body-mass index,3,Rate,2002,308.1293419648502,494.733084577676,150.25978537655115
1,All Population,2,DALYs (Disability-Adjusted Life Years),16,Philippines,3,Both,27,Age-standardized,294,All causes,108,High body-mass index,3,Rate,2002,1357.1177980045047,2057.8587174714507,707.2367508922274
1,All Population,2,DALYs (Disability-Adjusted Life Years),376,Northern Mariana Islands,3,Both,27,Age-standardized,294,All causes,108,High body-mass index,3,Rate,2001,4456.8471201653665,6476.170429529143,2240.2574886619022
1,All Population,2,DALYs (Disability-Adjusted Life Years),18,Thailand,3,Both,27,Age-standardized,294,All causes,108,High body-mass index,3,Rate,2002,913.444691592543,1441.1517973138464,378.42947501399965
1,All Population,2,DALYs (Disability-Adjusted Life Years),115,Jamaica,3,Both,27,Age-standardized,294,All causes,108,High body-mass index,3,Rate,2001,1648.1059047945362,2605.4079956102496,748.347038470781
1,All Population,2,DALYs (Disability-Adjusted Life Years),22,Fiji,3,Both,27,Age-standardized,294,All causes,108,High body-mass index,3,Rate,2002,6639.049281646873,9442.70877088994,3260.450963054642
1,All Population,2,DALYs (Disability-Adjusted Life Years),123,Peru,3,Both,27,Age-standardized,294,All causes,108,High body-mass index,3,Rate,2001,1118.4770503240552,1700.7798261943121,512.7279160778196
1,All Population,2,DALYs (Disability-Adjusted Life Years),396,San Marino,3,Both,27,Age-standardized,294,All causes,108,High body-mass index,3,Rate,2001,982.718215588667,1663.465962159879,380.7526388503889
1,All Population,2,DALYs (Disability-Adjusted Life Years),26,Papua New Guinea,3,Both,27,Age-standardized,294,All causes,108,High body-mass index,3,Rate,2002,2655.7289701093637,4052.986600352148,1221.6103712532263
1,All Population,2,DALYs (Disability-Adjusted Life Years),24,Marshall Islands,3,Both,27,Age-standardized,294,All causes,108,High body-mass index,3,Rate,2002,7760.031797077645,10928.065929875987,4124.592266624509
1,All Population,2,DALYs (Disability-Adjusted Life Years),28,Solomon Islands,3,Both,27,Age-standardized,294,All causes,108,High body-mass index,3,Rate,2002,4588.402389570757,6688.40291385865,2337.117714867757
1,All Population,2,DALYs (Disability-Adjusted Life Years),119,Trinidad and Tobago,3,Both,27,Age-standardized,294,All causes,108,High body-mass index,3,Rate,2001,4345.562997900247,6188.925106342528,2217.6046382565596
1,All Population,2,DALYs (Disability-Adjusted Life Years),127,El Salvador,3,Both,27,Age-standardized,294,All causes,108,High body-mass index,3,Rate,2001,2010.3858764071513,2965.970940076536,1024.9461486704872
1,All Population,2,DALYs (Disability-Adjusted Life Years),30,Vanuatu,3,Both,27,Age-standardized,294,All causes,108,High body-mass index,3,Rate,2002,3429.562930530406,5200.1361431835785,1648.0290613470086
1,All Population,2,DALYs (Disability-Adjusted Life Years),131,Nicaragua,3,Both,27,Age-standardized,294,All causes,108,High body-mass index,3,Rate,2001,1811.5132173857671,2597.5858123069465,958.5519494692368
1,All Population,2,DALYs (Disability-Adjusted Life Years),135,Brazil,3,Both,27,Age-standardized,294,All causes,108,High body-mass index,3,Rate,2001,1757.4423481212007,2588.296969131237,869.070700516546
1,All Population,2,DALYs (Disability-Adjusted Life Years),142,Iran (Islamic Republic of),3,Both,27,Age-standardized,294,All causes,108,High body-mass index,3,Rate,2001,2037.5393828593903,3073.4800273405112,1002.4385461393091
1,All Population,2,DALYs (Disability-Adjusted Life Years),66,Brunei Darussalam,3,Both,27,Age-standardized,294,All causes,108,High body-mass index,3,Rate,2002,2122.2378734404533,3159.0863542233496,962.390733559569
1,All Population,2,DALYs (Disability-Adjusted Life Years),146,Lebanon,3,Both,27,Age-standardized,294,All causes,108,High body-mass index,3,Rate,2001,1698.0028742768056,2581.8911010665356,769.1499491794932
1,All Population,2,DALYs (Disability-Adjusted Life Years),68,Republic of Korea,3,Both,27,Age-standardized,294,All causes,108,High body-mass index,3,Rate,2002,828.5815211252661,1283.42787300692,352.487393723094
1,All Population,2,DALYs (Disability-Adjusted Life Years),150,Oman,3,Both,27,Age-standardized,294,All causes,108,High body-mass index,3,Rate,2001,2848.440193659745,4233.964524035638,1444.6510347611672
1,All Population,2,DALYs (Disability-Adjusted Life Years),78,Denmark,3,Both,27,Age-standardized,294,All causes,108,High body-mass index,3,Rate,2002,1233.67273840142,1934.5552533786247,484.7869249970949
1,All Population,2,DALYs (Disability-Adjusted Life Years),74,Andorra,3,Both,27,Age-standardized,294,All causes,108,High body-mass index,3,Rate,2002,959.8617365767575,1600.6032398445423,386.5895789141571
1,All Population,2,DALYs (Disability-Adjusted Life Years),13,Malaysia,3,Both,27,Age-standardized,294,All causes,108,High body-mass index,3,Rate,2002,1339.4686497521498,2083.6007239108017,612.8367360952122
1,All Population,2,DALYs (Disability-Adjusted Life Years),72,New Zealand,3,Both,27,Age-standardized,294,All causes,108,High body-mass index,3,Rate,2002,1626.1410076786153,2595.3944582632366,670.8207910099386
1,All Population,2,DALYs (Disability-Adjusted Life Years),85,Israel,3,Both,27,Age-standardized,294,All causes,108,High body-mass index,3,Rate,2002,1596.7867152357783,2420.3545762477693,688.5214900010583
1,All Population,2,DALYs (Disability-Adjusted Life Years),82,Greece,3,Both,27,Age-standardized,294,All causes,108,High body-mass index,3,Rate,2002,1436.9350600004836,2226.1047459464726,587.54438849089
1,All Population,2,DALYs (Disability-Adjusted Life Years),80,France,3,Both,27,Age-standardized,294,All causes,108,High body-mass index,3,Rate,2002,1047.4284045270606,1633.099922649678,413.67693361003177
1,All Population,2,DALYs (Disability-Adjusted Life Years),162,Bhutan,3,Both,27,Age-standardized,294,All causes,108,High body-mass index,3,Rate,2001,1540.2449925014362,2424.433806227593,777.501990020753
1,All Population,2,DALYs (Disability-Adjusted Life Years),84,Ireland,3,Both,27,Age-standardized,294,All causes,108,High body-mass index,3,Rate,2002,1301.1553599028023,2010.8195632854906,508.90935819573326
1,All Population,2,DALYs (Disability-Adjusted Life Years),17,Sri Lanka,3,Both,27,Age-standardized,294,All causes,108,High body-mass index,3,Rate,2002,1114.507717069027,1670.8945242697355,517.5691592517444
1,All Population,2,DALYs (Disability-Adjusted Life Years),154,Tunisia,3,Both,27,Age-standardized,294,All causes,108,High body-mass index,3,Rate,2001,2291.469056710223,3537.427438789649,1111.2049607619501
1,All Population,2,DALYs (Disability-Adjusted Life Years),89,Netherlands,3,Both,27,Age-standardized,294,All causes,108,High body-mass index,3,Rate,2002,1173.1539197368347,1858.452805649346,475.11824325849346
1,All Population,2,DALYs (Disability-Adjusted Life Years),76,Belgium,3,Both,27,Age-standardized,294,All causes,108,High body-mass index,3,Rate,2002,1197.5229987461269,1866.4492254138618,470.3170408013602
1,All Population,2,DALYs (Disability-Adjusted Life Years),87,Luxembourg,3,Both,27,Age-standardized,294,All causes,108,High body-mass index,3,Rate,2002,1235.448919440465,1909.4466549165134,503.282973975811
1,All Population,2,DALYs (Disability-Adjusted Life Years),93,Sweden,3,Both,27,Age-standardized,294,All causes,108,High body-mass index,3,Rate,2002,1153.3246663405073,1786.3120508303793,478.3443946199803
1,All Population,2,DALYs (Disability-Adjusted Life Years),101,Canada,3,Both,27,Age-standardized,294,All causes,108,High body-mass index,3,Rate,2002,1288.7905262490292,2006.5926303609858,524.7319844788652
1,All Population,2,DALYs (Disability-Adjusted Life Years),91,Portugal,3,Both,27,Age-standardized,294,All causes,108,High body-mass index,3,Rate,2002,1499.8725470492218,2347.1876963968243,621.1836716639083
1,All Population,2,DALYs (Disability-Adjusted Life Years),97,Argentina,3,Both,27,Age-standardized,294,All causes,108,High body-mass index,3,Rate,2002,1923.5036630566863,2865.9670275721373,909.2470720984937
1,All Population,2,DALYs (Disability-Adjusted Life Years),29,Tonga,3,Both,27,Age-standardized,294,All causes,108,High body-mass index,3,Rate,2002,4926.252080170113,7090.170386444258,2447.3172249144914
1,All Population,2,DALYs (Disability-Adjusted Life Years),169,Central African Republic,3,Both,27,Age-standardized,294,All causes,108,High body-mass index,3,Rate,2001,1638.0167521822866,2819.0791019126277,816.3623222560526
1,All Population,2,DALYs (Disability-Adjusted Life Years),95,United Kingdom,3,Both,27,Age-standardized,294,All causes,108,High body-mass index,3,Rate,2002,1444.0132932415822,2275.364856685875,573.3739051239149
1,All Population,2,DALYs (Disability-Adjusted Life Years),105,Antigua and Barbuda,3,Both,27,Age-standardized,294,All causes,108,High body-mass index,3,Rate,2002,2434.050067535009,3510.745436996798,1206.9706862241237
1,All Population,2,DALYs (Disability-Adjusted Life Years),165,Pakistan,3,Both,27,Age-standardized,294,All causes,108,High body-mass index,3,Rate,2001,1219.4356520561819,1923.7658505451495,554.1128857501845
1,All Population,2,DALYs (Disability-Adjusted Life Years),25,Micronesia (Federated States of),3,Both,27,Age-standardized,294,All causes,108,High body-mass index,3,Rate,2002,7361.242246262929,10422.76368460053,3740.705853878684
1,All Population,2,DALYs (Disability-Adjusted Life Years),173,Gabon,3,Both,27,Age-standardized,294,All causes,108,High body-mass index,3,Rate,2001,2203.149067359962,3370.589217083021,1215.2252402859258
1,All Population,2,DALYs (Disability-Adjusted Life Years),99,Uruguay,3,Both,27,Age-standardized,294,All causes,108,High body-mass index,3,Rate,2002,1585.9110415499224,2402.4422891148365,668.3747169864462
1,All Population,2,DALYs (Disability-Adjusted Life Years),112,Grenada,3,Both,27,Age-standardized,294,All causes,108,High body-mass index,3,Rate,2002,2496.7179245565626,3607.6688336800366,1236.4300960783958
1,All Population,2,DALYs (Disability-Adjusted Life Years),109,Cuba,3,Both,27,Age-standardized,294,All causes,108,High body-mass index,3,Rate,2002,1394.1931775237233,2126.2028199144015,644.3771817285005
1,All Population,2,DALYs (Disability-Adjusted Life Years),107,Barbados,3,Both,27,Age-standardized,294,All causes,108,High body-mass index,3,Rate,2002,2597.9728792292976,3720.2645421597153,1328.7952535668612
1,All Population,2,DALYs (Disability-Adjusted Life Years),114,Haiti,3,Both,27,Age-standardized,294,All causes,108,High body-mass index,3,Rate,2002,1491.3633565207745,2412.814131617853,737.531194785641
1,All Population,2,DALYs (Disability-Adjusted Life Years),185,Rwanda,3,Both,27,Age-standardized,294,All causes,108,High body-mass index,3,Rate,2001,733.8524395542148,1212.4910201701994,347.679733721025
1,All Population,2,DALYs (Disability-Adjusted Life Years),111,Dominican Republic,3,Both,27,Age-standardized,294,All causes,108,High body-mass index,3,Rate,2002,1525.194752977091,2289.2528029944724,756.4511328109072
1,All Population,2,DALYs (Disability-Adjusted Life Years),177,Djibouti,3,Both,27,Age-standardized,294,All causes,108,High body-mass index,3,Rate,2001,539.0268074413742,946.6340975614638,245.0190255444077
1,All Population,2,DALYs (Disability-Adjusted Life Years),116,Saint Lucia,3,Both,27,Age-standardized,294,All causes,108,High body-mass index,3,Rate,2002,2527.57262798978,3704.9817865739415,1230.5585391044058
1,All Population,2,DALYs (Disability-Adjusted Life Years),181,Madagascar,3,Both,27,Age-standardized,294,All causes,108,High body-mass index,3,Rate,2001,848.712289045021,1377.711496777345,403.2398775689797
1,All Population,2,DALYs (Disability-Adjusted Life Years),118,Suriname,3,Both,27,Age-standardized,294,All causes,108,High body-mass index,3,Rate,2002,1995.424616569935,3149.605508373641,972.6766759117035
1,All Population,2,DALYs (Disability-Adjusted Life Years),126,Costa Rica,3,Both,27,Age-standardized,294,All causes,108,High body-mass index,3,Rate,2002,1631.689953121803,2421.7067130881096,815.541251148607
1,All Population,2,DALYs (Disability-Adjusted Life Years),128,Guatemala,3,Both,27,Age-standardized,294,All causes,108,High body-mass index,3,Rate,2002,1975.0208246072566,2888.838500292544,942.3526527928435
1,All Population,2,DALYs (Disability-Adjusted Life Years),136,Paraguay,3,Both,27,Age-standardized,294,All causes,108,High body-mass index,3,Rate,2002,1996.886108975018,2871.3647868244784,993.1202883853279
1,All Population,2,DALYs (Disability-Adjusted Life Years),130,Mexico,3,Both,27,Age-standardized,294,All causes,108,High body-mass index,3,Rate,2002,2919.0607253744847,4039.054523037044,1530.3884965792029
1,All Population,2,DALYs (Disability-Adjusted Life Years),132,Panama,3,Both,27,Age-standardized,294,All causes,108,High body-mass index,3,Rate,2002,1594.4933035018375,2330.756370377759,787.5094417290294
1,All Population,2,DALYs (Disability-Adjusted Life Years),193,Botswana,3,Both,27,Age-standardized,294,All causes,108,High body-mass index,3,Rate,2001,1752.637478034462,2678.569963508447,857.4505216486455
1,All Population,2,DALYs (Disability-Adjusted Life Years),122,Ecuador,3,Both,27,Age-standardized,294,All causes,108,High body-mass index,3,Rate,2002,2315.7065013182423,3308.341560123572,1280.8692902996302
1,All Population,2,DALYs (Disability-Adjusted Life Years),139,Algeria,3,Both,27,Age-standardized,294,All causes,108,High body-mass index,3,Rate,2002,2130.861160796849,3152.5751956517092,1103.754271880514
1,All Population,2,DALYs (Disability-Adjusted Life Years),190,Uganda,3,Both,27,Age-standardized,294,All causes,108,High body-mass index,3,Rate,2001,849.0356003414811,1400.552383940004,443.24173610513617
1,All Population,2,DALYs (Disability-Adjusted Life Years),143,Iraq,3,Both,27,Age-standardized,294,All causes,108,High body-mass index,3,Rate,2002,3713.1207416410907,5544.446854137975,1792.5121260196152
1,All Population,2,DALYs (Disability-Adjusted Life Years),147,Libya,3,Both,27,Age-standardized,294,All causes,108,High body-mass index,3,Rate,2002,3104.988921761234,4616.399355531097,1567.7497935108358
1,All Population,2,DALYs (Disability-Adjusted Life Years),197,Eswatini,3,Both,27,Age-standardized,294,All causes,108,High body-mass index,3,Rate,2001,3628.6504713737913,5306.004741300162,1933.784104299029
1,All Population,2,DALYs (Disability-Adjusted Life Years),67,Japan,3,Both,27,Age-standardized,294,All causes,108,High body-mass index,3,Rate,2002,613.791711170753,1022.3110175362294,236.15446649756143
1,All Population,2,DALYs (Disability-Adjusted Life Years),75,Austria,3,Both,27,Age-standardized,294,All causes,108,High body-mass index,3,Rate,2002,1345.2528850635745,2058.0480570757604,572.1175606643408
1,All Population,2,DALYs (Disability-Adjusted Life Years),71,Australia,3,Both,27,Age-standardized,294,All causes,108,High body-mass index,3,Rate,2002,1280.2721203172287,2006.9774776666645,488.20553852495544
1,All Population,2,DALYs (Disability-Adjusted Life Years),151,Qatar,3,Both,27,Age-standardized,294,All causes,108,High body-mass index,3,Rate,2002,3633.475618392975,5408.4038257457905,1791.4712135255802
1,All Population,2,DALYs (Disability-Adjusted Life Years),141,Egypt,3,Both,27,Age-standardized,294,All causes,108,High body-mass index,3,Rate,2002,5241.946928322579,7445.221423154605,2814.5478210023384
1,All Population,2,DALYs (Disability-Adjusted Life Years),155,Türkiye,3,Both,27,Age-standardized,294,All causes,108,High body-mass index,3,Rate,2002,2639.746547325136,3805.598363049348,1291.1194164041594
1,All Population,2,DALYs (Disability-Adjusted Life Years),201,Burkina Faso,3,Both,27,Age-standardized,294,All causes,108,High body-mass index,3,Rate,2001,559.7887295722678,911.0510407136811,283.26195667643407
1,All Population,2,DALYs (Disability-Adjusted Life Years),149,Palestine,3,Both,27,Age-standardized,294,All causes,108,High body-mass index,3,Rate,2002,3668.7131591923376,5266.540156014803,1862.579906599765
1,All Population,2,DALYs (Disability-Adjusted Life Years),145,Kuwait,3,Both,27,Age-standardized,294,All causes,108,High body-mass index,3,Rate,2002,3844.2002368500735,5414.030168942254,2055.726438551379
1,All Population,2,DALYs (Disability-Adjusted Life Years),209,Guinea-Bissau,3,Both,27,Age-standardized,294,All causes,108,High body-mass index,3,Rate,2001,1358.2719910319934,2209.3645920144413,715.358814292171
1,All Population,2,DALYs (Disability-Adjusted Life Years),79,Finland,3,Both,27,Age-standardized,294,All causes,108,High body-mass index,3,Rate,2002,1405.8543423149783,2189.2540203388307,566.2106765664382
1,All Population,2,DALYs (Disability-Adjusted Life Years),153,Syrian Arab Republic,3,Both,27,Age-standardized,294,All causes,108,High body-mass index,3,Rate,2002,3991.227824935135,5822.340714118718,2092.1905768660913
1,All Population,2,DALYs (Disability-Adjusted Life Years),163,India,3,Both,27,Age-standardized,294,All causes,108,High body-mass index,3,Rate,2002,560.4365361219699,906.3970904030305,268.576029837078
1,All Population,2,DALYs (Disability-Adjusted Life Years),86,Italy,3,Both,27,Age-standardized,294,All causes,108,High body-mass index,3,Rate,2002,1243.4222919397214,1957.7654596369753,524.2520746890422
1,All Population,2,DALYs (Disability-Adjusted Life Years),83,Iceland,3,Both,27,Age-standardized,294,All causes,108,High body-mass index,3,Rate,2002,1184.9231793952372,1911.7892269559484,452.5019232476237
1,All Population,2,DALYs (Disability-Adjusted Life Years),161,Bangladesh,3,Both,27,Age-standardized,294,All causes,108,High body-mass index,3,Rate,2002,770.1784096508344,1237.8336924609928,362.54390691132755
1,All Population,2,DALYs (Disability-Adjusted Life Years),157,Yemen,3,Both,27,Age-standardized,294,All causes,108,High body-mass index,3,Rate,2002,1498.6460408571065,2295.899204952665,744.6622019629441
1,All Population,2,DALYs (Disability-Adjusted Life Years),94,Switzerland,3,Both,27,Age-standardized,294,All causes,108,High body-mass index,3,Rate,2002,1103.4776178146938,1765.8443968570916,438.2910804012895
1,All Population,2,DALYs (Disability-Adjusted Life Years),170,Congo,3,Both,27,Age-standardized,294,All causes,108,High body-mass index,3,Rate,2002,1480.5086318817985,2283.031481992613,832.9220998570551
1,All Population,2,DALYs (Disability-Adjusted Life Years),168,Angola,3,Both,27,Age-standardized,294,All causes,108,High body-mass index,3,Rate,2002,1185.914696953827,1912.1886617433338,617.4182400990004
1,All Population,2,DALYs (Disability-Adjusted Life Years),90,Norway,3,Both,27,Age-standardized,294,All causes,108,High body-mass index,3,Rate,2002,1186.6146843698962,1874.5598246840095,455.4078306624007
1,All Population,2,DALYs (Disability-Adjusted Life Years),213,Niger,3,Both,27,Age-standardized,294,All causes,108,High body-mass index,3,Rate,2001,896.6870241059781,1447.5534066307484,411.97161393193363
1,All Population,2,DALYs (Disability-Adjusted Life Years),98,Chile,3,Both,27,Age-standardized,294,All causes,108,High body-mass index,3,Rate,2002,1654.664166415101,2508.958325472482,764.5181369112929
1,All Population,2,DALYs (Disability-Adjusted Life Years),182,Malawi,3,Both,27,Age-standardized,294,All causes,108,High body-mass index,3,Rate,2002,1113.2209113119047,1724.6879988991152,582.1634588895888
1,All Population,2,DALYs (Disability-Adjusted Life Years),172,Equatorial Guinea,3,Both,27,Age-standardized,294,All causes,108,High body-mass index,3,Rate,2002,2083.451283232776,3143.5667195321585,1194.4884465214059
1,All Population,2,DALYs (Disability-Adjusted Life Years),178,Eritrea,3,Both,27,Age-standardized,294,All causes,108,High body-mass index,3,Rate,2002,638.7893630688774,1103.7485173729592,285.90416940648527
1,All Population,2,DALYs (Disability-Adjusted Life Years),102,United States of America,3,Both,27,Age-standardized,294,All causes,108,High body-mass index,3,Rate,2002,2083.121048040014,3089.1086421177843,968.4701852047252
1,All Population,2,DALYs (Disability-Adjusted Life Years),217,Sierra Leone,3,Both,27,Age-standardized,294,All causes,108,High body-mass index,3,Rate,2001,1018.7585250645637,1630.2150939781989,496.2633312671971
1,All Population,2,DALYs (Disability-Adjusted Life Years),176,Comoros,3,Both,27,Age-standardized,294,All causes,108,High body-mass index,3,Rate,2002,675.321888083761,1088.6569706081154,298.6120898714887
1,All Population,2,DALYs (Disability-Adjusted Life Years),186,Seychelles,3,Both,27,Age-standardized,294,All causes,108,High body-mass index,3,Rate,2002,2097.3355127326226,2883.8391737961674,1227.1554653060687
1,All Population,2,DALYs (Disability-Adjusted Life Years),184,Mozambique,3,Both,27,Age-standardized,294,All causes,108,High body-mass index,3,Rate,2002,709.79321728163,1122.1103922417713,340.44214630342236
1,All Population,2,DALYs (Disability-Adjusted Life Years),180,Kenya,3,Both,27,Age-standardized,294,All causes,108,High body-mass index,3,Rate,2002,711.0955110425309,1114.8375642317812,354.4125292010175
1,All Population,2,DALYs (Disability-Adjusted Life Years),110,Dominica,3,Both,27,Age-standardized,294,All causes,108,High body-mass index,3,Rate,2002,2696.9143795366244,3910.9007150992734,1414.942073124006
1,All Population,2,DALYs (Disability-Adjusted Life Years),106,Bahamas,3,Both,27,Age-standardized,294,All causes,108,High body-mass index,3,Rate,2002,3516.936114177541,4796.8263884796515,2114.679033630315
1,All Population,2,DALYs (Disability-Adjusted Life Years),191,Zambia,3,Both,27,Age-standardized,294,All causes,108,High body-mass index,3,Rate,2002,1241.6986827731587,1919.6479130634161,598.599945606939
1,All Population,2,DALYs (Disability-Adjusted Life Years),189,United Republic of Tanzania,3,Both,27,Age-standardized,294,All causes,108,High body-mass index,3,Rate,2002,806.7658312483475,1223.233085017606,413.90636289760704
1,All Population,2,DALYs (Disability-Adjusted Life Years),194,Lesotho,3,Both,27,Age-standardized,294,All causes,108,High body-mass index,3,Rate,2002,3050.3948418514433,4523.864821890058,1549.5943588572109
1,All Population,2,DALYs (Disability-Adjusted Life Years),117,Saint Vincent and the Grenadines,3,Both,27,Age-standardized,294,All causes,108,High body-mass index,3,Rate,2002,2416.1558863209457,3590.8724585916116,1203.7458044884995
1,All Population,2,DALYs (Disability-Adjusted Life Years),198,Zimbabwe,3,Both,27,Age-standardized,294,All causes,108,High body-mass index,3,Rate,2002,1570.0751807949744,2358.1375873745883,815.9775380636042
1,All Population,2,DALYs (Disability-Adjusted Life Years),206,Gambia,3,Both,27,Age-standardized,294,All causes,108,High body-mass index,3,Rate,2002,1166.1886828040062,1717.1969346206552,556.5943601843069
1,All Population,2,DALYs (Disability-Adjusted Life Years),113,Guyana,3,Both,27,Age-standardized,294,All causes,108,High body-mass index,3,Rate,2002,3894.6476076648514,5656.756880187248,2057.691863669666
1,All Population,2,DALYs (Disability-Adjusted Life Years),202,Cameroon,3,Both,27,Age-standardized,294,All causes,108,High body-mass index,3,Rate,2002,2113.5688913691642,3243.632876781786,1138.295688900318
1,All Population,2,DALYs (Disability-Adjusted Life Years),196,South Africa,3,Both,27,Age-standardized,294,All causes,108,High body-mass index,3,Rate,2002,2947.5521288368927,4212.9813789342315,1572.8336707304388
1,All Population,2,DALYs (Disability-Adjusted Life Years),351,Guam,3,Both,27,Age-standardized,294,All causes,108,High body-mass index,3,Rate,2001,2562.254814474502,3824.3996244572863,1271.2372615902586
1,All Population,2,DALYs (Disability-Adjusted Life Years),121,Bolivia (Plurinational State of),3,Both,27,Age-standardized,294,All causes,108,High body-mass index,3,Rate,2002,2170.478916166736,3189.353323191118,1103.98834502714
1,All Population,2,DALYs (Disability-Adjusted Life Years),208,Guinea,3,Both,27,Age-standardized,294,All causes,108,High body-mass index,3,Rate,2002,1167.4964773908214,1766.3363012735988,594.4931725833578
1,All Population,2,DALYs (Disability-Adjusted Life Years),210,Liberia,3,Both,27,Age-standardized,294,All causes,108,High body-mass index,3,Rate,2002,1752.7395221214597,2635.7681840634764,880.4876088798263
1,All Population,2,DALYs (Disability-Adjusted Life Years),218,Togo,3,Both,27,Age-standardized,294,All causes,108,High body-mass index,3,Rate,2002,1190.2541023648394,1850.723638216196,564.8928136157108
1,All Population,2,DALYs (Disability-Adjusted Life Years),200,Benin,3,Both,27,Age-standardized,294,All causes,108,High body-mass index,3,Rate,2002,1157.3263949792374,1780.7955056571866,566.5163267097159
1,All Population,2,DALYs (Disability-Adjusted Life Years),205,Côte d'Ivoire,3,Both,27,Age-standardized,294,All causes,108,High body-mass index,3,Rate,2002,1019.818449791128,1550.039170781108,544.4837142543435
1,All Population,2,DALYs (Disability-Adjusted Life Years),369,Nauru,3,Both,27,Age-standardized,294,All causes,108,High body-mass index,3,Rate,2001,11339.327858459263,15872.359698862725,6075.143712522238
1,All Population,2,DALYs (Disability-Adjusted Life Years),212,Mauritania,3,Both,27,Age-standardized,294,All causes,108,High body-mass index,3,Rate,2002,2061.167723862128,2976.333843767388,1034.6839417812134
1,All Population,2,DALYs (Disability-Adjusted Life Years),204,Chad,3,Both,27,Age-standardized,294,All causes,108,High body-mass index,3,Rate,2002,1751.7105245216624,2833.0121452542226,925.6098071130002
1,All Population,2,DALYs (Disability-Adjusted Life Years),214,Nigeria,3,Both,27,Age-standardized,294,All causes,108,High body-mass index,3,Rate,2002,1485.4392849272879,2325.080846613362,788.9314392468892
1,All Population,2,DALYs (Disability-Adjusted Life Years),125,Colombia,3,Both,27,Age-standardized,294,All causes,108,High body-mass index,3,Rate,2002,1434.9977488754478,2131.0091184360003,684.7471622554974
1,All Population,2,DALYs (Disability-Adjusted Life Years),385,Puerto Rico,3,Both,27,Age-standardized,294,All causes,108,High body-mass index,3,Rate,2001,2797.584581605033,3899.912465031248,1435.0672634026823
1,All Population,2,DALYs (Disability-Adjusted Life Years),133,Venezuela (Bolivarian Republic of),3,Both,27,Age-standardized,294,All causes,108,High body-mass index,3,Rate,2002,2394.7052679655244,3510.5538625014165,1205.259393191073
1,All Population,2,DALYs (Disability-Adjusted Life Years),129,Honduras,3,Both,27,Age-standardized,294,All causes,108,High body-mass index,3,Rate,2002,1642.7741720143492,2482.0049336504735,831.262309708494
1,All Population,2,DALYs (Disability-Adjusted Life Years),416,Tuvalu,3,Both,27,Age-standardized,294,All causes,108,High body-mass index,3,Rate,2001,6565.300345383959,9326.33992472629,3494.914561852486
1,All Population,2,DALYs (Disability-Adjusted Life Years),435,South Sudan,3,Both,27,Age-standardized,294,All causes,108,High body-mass index,3,Rate,2001,719.8314734009975,1205.080477551934,361.32675192080217
1,All Population,2,DALYs (Disability-Adjusted Life Years),216,Senegal,3,Both,27,Age-standardized,294,All causes,108,High body-mass index,3,Rate,2002,1218.9544588543858,1842.7182973267709,597.4946808489473
1,All Population,2,DALYs (Disability-Adjusted Life Years),140,Bahrain,3,Both,27,Age-standardized,294,All causes,108,High body-mass index,3,Rate,2002,3977.1500425807426,5829.269485812231,1919.9288618897067
1,All Population,2,DALYs (Disability-Adjusted Life Years),305,Bermuda,3,Both,27,Age-standardized,294,All causes,108,High body-mass index,3,Rate,2002,1444.5516276464032,2181.7683611552598,657.2846871303243
1,All Population,2,DALYs (Disability-Adjusted Life Years),374,Niue,3,Both,27,Age-standardized,294,All causes,108,High body-mass index,3,Rate,2002,5538.436806311282,7705.824470856408,2795.120201660559
1,All Population,2,DALYs (Disability-Adjusted Life Years),144,Jordan,3,Both,27,Age-standardized,294,All causes,108,High body-mass index,3,Rate,2002,4115.119679955543,5781.555237349218,2195.2045294805034
1,All Population,2,DALYs (Disability-Adjusted Life Years),148,Morocco,3,Both,27,Age-standardized,294,All causes,108,High body-mass index,3,Rate,2002,2863.203776623028,4294.862461764665,1449.5337688525335
1,All Population,2,DALYs (Disability-Adjusted Life Years),298,American Samoa,3,Both,27,Age-standardized,294,All causes,108,High body-mass index,3,Rate,2002,6226.397414394219,8591.72060726491,3302.239866557328
1,All Population,2,DALYs (Disability-Adjusted Life Years),349,Greenland,3,Both,27,Age-standardized,294,All causes,108,High body-mass index,3,Rate,2002,2526.2543362695988,3975.878957165839,1120.2414871884512
1,All Population,2,DALYs (Disability-Adjusted Life Years),393,Saint Kitts and Nevis,3,Both,27,Age-standardized,294,All causes,108,High body-mass index,3,Rate,2002,2414.793118195951,3697.2428916467875,1159.9435408795755
1,All Population,2,DALYs (Disability-Adjusted Life Years),156,United Arab Emirates,3,Both,27,Age-standardized,294,All causes,108,High body-mass index,3,Rate,2002,2905.264526364823,4321.800199894392,1450.8969878791295
1,All Population,2,DALYs (Disability-Adjusted Life Years),422,United States Virgin Islands,3,Both,27,Age-standardized,294,All causes,108,High body-mass index,3,Rate,2002,2709.8735913175396,3873.5106457479296,1397.2581011216466
1,All Population,2,DALYs (Disability-Adjusted Life Years),413,Tokelau,3,Both,27,Age-standardized,294,All causes,108,High body-mass index,3,Rate,2002,4735.229432125478,6566.960110994427,2410.8532096455283
1,All Population,2,DALYs (Disability-Adjusted Life Years),367,Monaco,3,Both,27,Age-standardized,294,All causes,108,High body-mass index,3,Rate,2002,1517.289287141064,2448.7233568623487,613.2550376000966
1,All Population,2,DALYs (Disability-Adjusted Life Years),152,Saudi Arabia,3,Both,27,Age-standardized,294,All causes,108,High body-mass index,3,Rate,2002,3227.7320975972793,4621.620557196606,1773.0160153730612
1,All Population,2,DALYs (Disability-Adjusted Life Years),160,Afghanistan,3,Both,27,Age-standardized,294,All causes,108,High body-mass index,3,Rate,2002,2511.4806927696213,3776.0869345629876,1226.2042771118856
1,All Population,2,DALYs (Disability-Adjusted Life Years),380,Palau,3,Both,27,Age-standardized,294,All causes,108,High body-mass index,3,Rate,2002,4618.8021845830535,6763.084749729343,2187.6567230899295
1,All Population,2,DALYs (Disability-Adjusted Life Years),164,Nepal,3,Both,27,Age-standardized,294,All causes,108,High body-mass index,3,Rate,2002,681.8049846570635,1109.0734368172932,305.0743345369125
1,All Population,2,DALYs (Disability-Adjusted Life Years),171,Democratic Republic of the Congo,3,Both,27,Age-standardized,294,All causes,108,High body-mass index,3,Rate,2002,1676.2256107255225,2812.054882364502,893.1207722405212
1,All Population,2,DALYs (Disability-Adjusted Life Years),179,Ethiopia,3,Both,27,Age-standardized,294,All causes,108,High body-mass index,3,Rate,2002,489.89258661360105,829.889426807183,232.17647442742222
1,All Population,2,DALYs (Disability-Adjusted Life Years),175,Burundi,3,Both,27,Age-standardized,294,All causes,108,High body-mass index,3,Rate,2002,492.9432414188154,867.0063375678089,219.63472490538496
1,All Population,2,DALYs (Disability-Adjusted Life Years),183,Mauritius,3,Both,27,Age-standardized,294,All causes,108,High body-mass index,3,Rate,2002,3389.60078470864,4831.512468720175,1737.4598117848539
1,All Population,2,DALYs (Disability-Adjusted Life Years),522,Sudan,3,Both,27,Age-standardized,294,All causes,108,High body-mass index,3,Rate,2002,2525.51339536492,3823.158866505834,1273.7968611350525
1,All Population,2,DALYs (Disability-Adjusted Life Years),187,Somalia,3,Both,27,Age-standardized,294,All causes,108,High body-mass index,3,Rate,2002,616.0841889992068,1065.4879457214884,248.75019706184048
1,All Population,2,DALYs (Disability-Adjusted Life Years),195,Namibia,3,Both,27,Age-standardized,294,All causes,108,High body-mass index,3,Rate,2002,1621.3865735641336,2379.6682339627464,852.8382051473266
1,All Population,2,DALYs (Disability-Adjusted Life Years),203,Cabo Verde,3,Both,27,Age-standardized,294,All causes,108,High body-mass index,3,Rate,2002,1054.1494645948674,1596.1453047119287,495.35930249116615
1,All Population,2,DALYs (Disability-Adjusted Life Years),207,Ghana,3,Both,27,Age-standardized,294,All causes,108,High body-mass index,3,Rate,2002,1515.945430898165,2256.198078260832,818.858817271879
1,All Population,2,DALYs (Disability-Adjusted Life Years),215,Sao Tome and Principe,3,Both,27,Age-standardized,294,All causes,108,High body-mass index,3,Rate,2002,1181.4994160693464,1840.1317195241722,568.1203037938074
1,All Population,2,DALYs (Disability-Adjusted Life Years),211,Mali,3,Both,27,Age-standardized,294,All causes,108,High body-mass index,3,Rate,2002,1542.601466814969,2320.108439822546,796.3713364421162
1,All Population,2,DALYs (Disability-Adjusted Life Years),8,Taiwan,3,Both,27,Age-standardized,294,All causes,108,High body-mass index,3,Rate,2003,1186.9557170500016,1806.8768112553212,519.2414501819716
1,All Population,2,DALYs (Disability-Adjusted Life Years),7,Democratic People's Republic of Korea,3,Both,27,Age-standardized,294,All causes,108,High body-mass index,3,Rate,2002,880.2056974941847,1483.914336604518,381.63725611723174
1,All Population,2,DALYs (Disability-Adjusted Life Years),12,Lao People's Democratic Republic,3,Both,27,Age-standardized,294,All causes,108,High body-mass index,3,Rate,2003,816.0486795619771,1282.4061035043478,433.2231734871897
1,All Population,2,DALYs (Disability-Adjusted Life Years),11,Indonesia,3,Both,27,Age-standardized,294,All causes,108,High body-mass index,3,Rate,2002,835.1664442782144,1277.7643082979444,419.4878388464598
1,All Population,2,DALYs (Disability-Adjusted Life Years),16,Philippines,3,Both,27,Age-standardized,294,All causes,108,High body-mass index,3,Rate,2003,1348.2520184528814,2033.613020468949,691.7985204354931
1,All Population,2,DALYs (Disability-Adjusted Life Years),10,Cambodia,3,Both,27,Age-standardized,294,All causes,108,High body-mass index,3,Rate,2003,604.3208108446513,967.6328812472983,283.3180518815876
1,All Population,2,DALYs (Disability-Adjusted Life Years),6,China,3,Both,27,Age-standardized,294,All causes,108,High body-mass index,3,Rate,2003,713.7088691605269,1124.9157613618331,316.0274697169814
1,All Population,2,DALYs (Disability-Adjusted Life Years),24,Marshall Islands,3,Both,27,Age-standardized,294,All causes,108,High body-mass index,3,Rate,2003,7834.131523077752,11016.537375575053,4258.211186605112
1,All Population,2,DALYs (Disability-Adjusted Life Years),15,Myanmar,3,Both,27,Age-standardized,294,All causes,108,High body-mass index,3,Rate,2002,1087.8709848443011,1722.143385505983,511.2154669491973
1,All Population,2,DALYs (Disability-Adjusted Life Years),28,Solomon Islands,3,Both,27,Age-standardized,294,All causes,108,High body-mass index,3,Rate,2003,4636.716341090838,6757.483946272217,2357.978714372198
1,All Population,2,DALYs (Disability-Adjusted Life Years),14,Maldives,3,Both,27,Age-standardized,294,All causes,108,High body-mass index,3,Rate,2003,1128.8731586176393,1786.9244178287697,562.6996843114905
1,All Population,2,DALYs (Disability-Adjusted Life Years),20,Viet Nam,3,Both,27,Age-standardized,294,All causes,108,High body-mass index,3,Rate,2003,322.0185858729308,508.56569347576317,159.06035300589286
1,All Population,2,DALYs (Disability-Adjusted Life Years),23,Kiribati,3,Both,27,Age-standardized,294,All causes,108,High body-mass index,3,Rate,2002,4167.358963607303,6084.367866023618,2152.7719716634647
1,All Population,2,DALYs (Disability-Adjusted Life Years),26,Papua New Guinea,3,Both,27,Age-standardized,294,All causes,108,High body-mass index,3,Rate,2003,2661.9661440628633,4052.075722068402,1240.795636123328
1,All Population,2,DALYs (Disability-Adjusted Life Years),19,Timor-Leste,3,Both,27,Age-standardized,294,All causes,108,High body-mass index,3,Rate,2002,362.00606489211566,641.1296171295004,160.73626629553988
1,All Population,2,DALYs (Disability-Adjusted Life Years),320,Cook Islands,3,Both,27,Age-standardized,294,All causes,108,High body-mass index,3,Rate,2002,6613.780596156209,8759.848819716111,3933.7170108096475
1,All Population,2,DALYs (Disability-Adjusted Life Years),22,Fiji,3,Both,27,Age-standardized,294,All causes,108,High body-mass index,3,Rate,2003,6820.519650546013,9622.044617602965,3377.585076694965
1,All Population,2,DALYs (Disability-Adjusted Life Years),18,Thailand,3,Both,27,Age-standardized,294,All causes,108,High body-mass index,3,Rate,2003,926.2483423676141,1477.6236507151646,393.2219279492115
1,All Population,2,DALYs (Disability-Adjusted Life Years),376,Northern Mariana Islands,3,Both,27,Age-standardized,294,All causes,108,High body-mass index,3,Rate,2002,4483.906196101211,6450.846320891358,2235.969257466858
1,All Population,2,DALYs (Disability-Adjusted Life Years),27,Samoa,3,Both,27,Age-standardized,294,All causes,108,High body-mass index,3,Rate,2002,4315.812469466997,6078.484781610976,2121.757043006986
1,All Population,2,DALYs (Disability-Adjusted Life Years),30,Vanuatu,3,Both,27,Age-standardized,294,All causes,108,High body-mass index,3,Rate,2003,3327.0512727341265,5039.906300140056,1607.6279495472302
1,All Population,2,DALYs (Disability-Adjusted Life Years),396,San Marino,3,Both,27,Age-standardized,294,All causes,108,High body-mass index,3,Rate,2002,983.2418022971341,1660.3442441457842,385.60804298054876
1,All Population,2,DALYs (Disability-Adjusted Life Years),66,Brunei Darussalam,3,Both,27,Age-standardized,294,All causes,108,High body-mass index,3,Rate,2003,2145.506826292955,3201.502736206364,973.3467282394512
1,All Population,2,DALYs (Disability-Adjusted Life Years),74,Andorra,3,Both,27,Age-standardized,294,All causes,108,High body-mass index,3,Rate,2003,956.8230291166393,1582.354193581568,378.37993785669516
1,All Population,2,DALYs (Disability-Adjusted Life Years),82,Greece,3,Both,27,Age-standardized,294,All causes,108,High body-mass index,3,Rate,2003,1458.8311359237123,2281.5812931715086,591.5639141557895
1,All Population,2,DALYs (Disability-Adjusted Life Years),68,Republic of Korea,3,Both,27,Age-standardized,294,All causes,108,High body-mass index,3,Rate,2003,822.8690876432212,1279.1210136405543,350.43390418834036
1,All Population,2,DALYs (Disability-Adjusted Life Years),78,Denmark,3,Both,27,Age-standardized,294,All causes,108,High body-mass index,3,Rate,2003,1202.9955476747712,1901.702541915248,477.0930106492476
1,All Population,2,DALYs (Disability-Adjusted Life Years),72,New Zealand,3,Both,27,Age-standardized,294,All causes,108,High body-mass index,3,Rate,2003,1612.3851291994606,2569.2918241033003,666.183118864011
1,All Population,2,DALYs (Disability-Adjusted Life Years),85,Israel,3,Both,27,Age-standardized,294,All causes,108,High body-mass index,3,Rate,2003,1581.9349028127976,2410.118897337932,676.7010054414127
1,All Population,2,DALYs (Disability-Adjusted Life Years),89,Netherlands,3,Both,27,Age-standardized,294,All causes,108,High body-mass index,3,Rate,2003,1155.3014975822891,1819.0589205715971,466.26083082973327
1,All Population,2,DALYs (Disability-Adjusted Life Years),76,Belgium,3,Both,27,Age-standardized,294,All causes,108,High body-mass index,3,Rate,2003,1191.8943336922025,1871.5727683823065,468.08492870792674
1,All Population,2,DALYs (Disability-Adjusted Life Years),84,Ireland,3,Both,27,Age-standardized,294,All causes,108,High body-mass index,3,Rate,2003,1274.744451530309,1978.1809390264307,496.0000280151535
1,All Population,2,DALYs (Disability-Adjusted Life Years),69,Singapore,3,Both,27,Age-standardized,294,All causes,108,High body-mass index,3,Rate,2002,886.0341627416352,1366.5313411897303,394.7357987648466
1,All Population,2,DALYs (Disability-Adjusted Life Years),93,Sweden,3,Both,27,Age-standardized,294,All causes,108,High body-mass index,3,Rate,2003,1136.972288514616,1757.106617629821,468.23049345562447
1,All Population,2,DALYs (Disability-Adjusted Life Years),80,France,3,Both,27,Age-standardized,294,All causes,108,High body-mass index,3,Rate,2003,1050.9491544432706,1661.160045206604,416.1425030918926
1,All Population,2,DALYs (Disability-Adjusted Life Years),97,Argentina,3,Both,27,Age-standardized,294,All causes,108,High body-mass index,3,Rate,2003,1926.9652660939298,2875.0981493045238,906.455237845932
1,All Population,2,DALYs (Disability-Adjusted Life Years),101,Canada,3,Both,27,Age-standardized,294,All causes,108,High body-mass index,3,Rate,2003,1283.0223437675374,2006.8270169880675,524.9169807642293
1,All Population,2,DALYs (Disability-Adjusted Life Years),91,Portugal,3,Both,27,Age-standardized,294,All causes,108,High body-mass index,3,Rate,2003,1501.2647873408646,2355.6281444294414,625.1741146522776
1,All Population,2,DALYs (Disability-Adjusted Life Years),87,Luxembourg,3,Both,27,Age-standardized,294,All causes,108,High body-mass index,3,Rate,2003,1233.9315704029407,1926.7547702937006,501.63187169945417
1,All Population,2,DALYs (Disability-Adjusted Life Years),105,Antigua and Barbuda,3,Both,27,Age-standardized,294,All causes,108,High body-mass index,3,Rate,2003,2438.7817905722263,3475.564160140091,1208.9140648701518
1,All Population,2,DALYs (Disability-Adjusted Life Years),112,Grenada,3,Both,27,Age-standardized,294,All causes,108,High body-mass index,3,Rate,2003,2542.2030611220657,3636.8494988423663,1273.060470419194
1,All Population,2,DALYs (Disability-Adjusted Life Years),109,Cuba,3,Both,27,Age-standardized,294,All causes,108,High body-mass index,3,Rate,2003,1408.0772824179528,2140.7461833774782,659.1941627422426
1,All Population,2,DALYs (Disability-Adjusted Life Years),95,United Kingdom,3,Both,27,Age-standardized,294,All causes,108,High body-mass index,3,Rate,2003,1433.8257202860161,2284.8257955708937,565.139615739464
1,All Population,2,DALYs (Disability-Adjusted Life Years),116,Saint Lucia,3,Both,27,Age-standardized,294,All causes,108,High body-mass index,3,Rate,2003,2548.6116219261535,3713.1580519421336,1264.5977589944591
1,All Population,2,DALYs (Disability-Adjusted Life Years),99,Uruguay,3,Both,27,Age-standardized,294,All causes,108,High body-mass index,3,Rate,2003,1608.7326378430525,2423.837121317828,676.3920248428309
1,All Population,2,DALYs (Disability-Adjusted Life Years),77,Cyprus,3,Both,27,Age-standardized,294,All causes,108,High body-mass index,3,Rate,2002,1725.568981272607,2694.9620134951647,741.2086895570441
1,All Population,2,DALYs (Disability-Adjusted Life Years),81,Germany,3,Both,27,Age-standardized,294,All causes,108,High body-mass index,3,Rate,2002,1528.2619540781848,2345.763397006908,642.8546844333135
1,All Population,2,DALYs (Disability-Adjusted Life Years),88,Malta,3,Both,27,Age-standardized,294,All causes,108,High body-mass index,3,Rate,2002,1430.6107770087444,2276.61310928039,586.1044809764128
1,All Population,2,DALYs (Disability-Adjusted Life Years),107,Barbados,3,Both,27,Age-standardized,294,All causes,108,High body-mass index,3,Rate,2003,2640.6079844124506,3796.675646499173,1347.813570403637
1,All Population,2,DALYs (Disability-Adjusted Life Years),128,Guatemala,3,Both,27,Age-standardized,294,All causes,108,High body-mass index,3,Rate,2003,2032.9582727254574,2975.8975959158274,977.1633309821593
1,All Population,2,DALYs (Disability-Adjusted Life Years),114,Haiti,3,Both,27,Age-standardized,294,All causes,108,High body-mass index,3,Rate,2003,1524.0518143664742,2410.5012348507967,740.9254280640449
1,All Population,2,DALYs (Disability-Adjusted Life Years),111,Dominican Republic,3,Both,27,Age-standardized,294,All causes,108,High body-mass index,3,Rate,2003,1556.3298942547158,2309.7279992146273,766.244716373584
1,All Population,2,DALYs (Disability-Adjusted Life Years),118,Suriname,3,Both,27,Age-standardized,294,All causes,108,High body-mass index,3,Rate,2003,2028.511966103061,3169.393360285587,976.3576871450854
1,All Population,2,DALYs (Disability-Adjusted Life Years),139,Algeria,3,Both,27,Age-standardized,294,All causes,108,High body-mass index,3,Rate,2003,2151.92159420842,3204.045294124252,1117.6615694312231
1,All Population,2,DALYs (Disability-Adjusted Life Years),136,Paraguay,3,Both,27,Age-standardized,294,All causes,108,High body-mass index,3,Rate,2003,2061.331379728678,2953.307420865902,1028.7484663933758
1,All Population,2,DALYs (Disability-Adjusted Life Years),92,Spain,3,Both,27,Age-standardized,294,All causes,108,High body-mass index,3,Rate,2002,1316.0966239807535,2036.3935914203269,534.570007275241
1,All Population,2,DALYs (Disability-Adjusted Life Years),132,Panama,3,Both,27,Age-standardized,294,All causes,108,High body-mass index,3,Rate,2003,1611.6241109882023,2336.654656429177,795.0838399186954
1,All Population,2,DALYs (Disability-Adjusted Life Years),147,Libya,3,Both,27,Age-standardized,294,All causes,108,High body-mass index,3,Rate,2003,3150.544697652852,4696.8437628225265,1599.5853697469233
1,All Population,2,DALYs (Disability-Adjusted Life Years),143,Iraq,3,Both,27,Age-standardized,294,All causes,108,High body-mass index,3,Rate,2003,3757.63464455054,5616.395264526562,1838.408270714063
1,All Population,2,DALYs (Disability-Adjusted Life Years),13,Malaysia,3,Both,27,Age-standardized,294,All causes,108,High body-mass index,3,Rate,2003,1345.3889898513514,2121.958778478983,606.2930811670286
1,All Population,2,DALYs (Disability-Adjusted Life Years),17,Sri Lanka,3,Both,27,Age-standardized,294,All causes,108,High body-mass index,3,Rate,2003,1140.5580036913598,1714.7534290759113,533.5301509549334
1,All Population,2,DALYs (Disability-Adjusted Life Years),122,Ecuador,3,Both,27,Age-standardized,294,All causes,108,High body-mass index,3,Rate,2003,2303.211717991431,3294.114313085973,1296.0737993883945
1,All Population,2,DALYs (Disability-Adjusted Life Years),151,Qatar,3,Both,27,Age-standardized,294,All causes,108,High body-mass index,3,Rate,2003,3630.4357395677926,5349.911695488699,1786.3125539074606
1,All Population,2,DALYs (Disability-Adjusted Life Years),130,Mexico,3,Both,27,Age-standardized,294,All causes,108,High body-mass index,3,Rate,2003,2968.7792943087275,4125.446551061691,1580.9852484116686
1,All Population,2,DALYs (Disability-Adjusted Life Years),126,Costa Rica,3,Both,27,Age-standardized,294,All causes,108,High body-mass index,3,Rate,2003,1654.0002534539956,2430.137569165749,816.5142532928802
1,All Population,2,DALYs (Disability-Adjusted Life Years),155,Türkiye,3,Both,27,Age-standardized,294,All causes,108,High body-mass index,3,Rate,2003,2618.2763936052747,3793.2722263048427,1262.4057215518376
1,All Population,2,DALYs (Disability-Adjusted Life Years),25,Micronesia (Federated States of),3,Both,27,Age-standardized,294,All causes,108,High body-mass index,3,Rate,2003,7410.390202485888,10485.303831789568,3793.207474823709
1,All Population,2,DALYs (Disability-Adjusted Life Years),108,Belize,3,Both,27,Age-standardized,294,All causes,108,High body-mass index,3,Rate,2002,2824.9279067174216,3998.885549991201,1484.687585230009
1,All Population,2,DALYs (Disability-Adjusted Life Years),163,India,3,Both,27,Age-standardized,294,All causes,108,High body-mass index,3,Rate,2003,588.9232090155269,954.0332755855126,283.71254118869047
1,All Population,2,DALYs (Disability-Adjusted Life Years),170,Congo,3,Both,27,Age-standardized,294,All causes,108,High body-mass index,3,Rate,2003,1523.1566961623157,2360.4100342845004,862.8461035176165
1,All Population,2,DALYs (Disability-Adjusted Life Years),141,Egypt,3,Both,27,Age-standardized,294,All causes,108,High body-mass index,3,Rate,2003,5430.364020746498,7666.172092713192,2910.886985817695
1,All Population,2,DALYs (Disability-Adjusted Life Years),115,Jamaica,3,Both,27,Age-standardized,294,All causes,108,High body-mass index,3,Rate,2002,1650.1054069525744,2574.8871797995703,764.7395466030417
1,All Population,2,DALYs (Disability-Adjusted Life Years),29,Tonga,3,Both,27,Age-standardized,294,All causes,108,High body-mass index,3,Rate,2003,4976.098879649109,7115.238589691941,2523.864141447645
1,All Population,2,DALYs (Disability-Adjusted Life Years),145,Kuwait,3,Both,27,Age-standardized,294,All causes,108,High body-mass index,3,Rate,2003,3835.740735225032,5392.18881012219,2049.2506369757116
1,All Population,2,DALYs (Disability-Adjusted Life Years),178,Eritrea,3,Both,27,Age-standardized,294,All causes,108,High body-mass index,3,Rate,2003,646.5882826358462,1090.7662655732404,302.0430761245679
1,All Population,2,DALYs (Disability-Adjusted Life Years),153,Syrian Arab Republic,3,Both,27,Age-standardized,294,All causes,108,High body-mass index,3,Rate,2003,3951.3402921397155,5752.668634490861,2046.5239415103867
1,All Population,2,DALYs (Disability-Adjusted Life Years),186,Seychelles,3,Both,27,Age-standardized,294,All causes,108,High body-mass index,3,Rate,2003,2102.9830939531853,2880.645284814658,1257.2762701646266
1,All Population,2,DALYs (Disability-Adjusted Life Years),157,Yemen,3,Both,27,Age-standardized,294,All causes,108,High body-mass index,3,Rate,2003,1504.2550307619717,2248.554899557023,753.2825070425278
1,All Population,2,DALYs (Disability-Adjusted Life Years),149,Palestine,3,Both,27,Age-standardized,294,All causes,108,High body-mass index,3,Rate,2003,3681.2089770329494,5268.775382398449,1862.5644797491811
1,All Population,2,DALYs (Disability-Adjusted Life Years),191,Zambia,3,Both,27,Age-standardized,294,All causes,108,High body-mass index,3,Rate,2003,1254.3893897407033,1919.8878706217777,602.3569605803987
1,All Population,2,DALYs (Disability-Adjusted Life Years),194,Lesotho,3,Both,27,Age-standardized,294,All causes,108,High body-mass index,3,Rate,2003,2913.1333766002244,4273.892643887205,1459.650564454568
1,All Population,2,DALYs (Disability-Adjusted Life Years),127,El Salvador,3,Both,27,Age-standardized,294,All causes,108,High body-mass index,3,Rate,2002,2017.5653644063864,2945.32991900218,1042.6601111126884
1,All Population,2,DALYs (Disability-Adjusted Life Years),119,Trinidad and Tobago,3,Both,27,Age-standardized,294,All causes,108,High body-mass index,3,Rate,2002,4220.534035049344,5967.198608007441,2121.0363690963395
1,All Population,2,DALYs (Disability-Adjusted Life Years),182,Malawi,3,Both,27,Age-standardized,294,All causes,108,High body-mass index,3,Rate,2003,1128.7506619756755,1745.8534045297813,579.0308376256273
1,All Population,2,DALYs (Disability-Adjusted Life Years),198,Zimbabwe,3,Both,27,Age-standardized,294,All causes,108,High body-mass index,3,Rate,2003,1635.537985201662,2438.555813661042,859.2367810542344
1,All Population,2,DALYs (Disability-Adjusted Life Years),123,Peru,3,Both,27,Age-standardized,294,All causes,108,High body-mass index,3,Rate,2002,1122.4567613908519,1713.4835466067877,516.7665824250331
1,All Population,2,DALYs (Disability-Adjusted Life Years),161,Bangladesh,3,Both,27,Age-standardized,294,All causes,108,High body-mass index,3,Rate,2003,799.1529912915883,1279.944108533023,365.5004288581388
1,All Population,2,DALYs (Disability-Adjusted Life Years),168,Angola,3,Both,27,Age-standardized,294,All causes,108,High body-mass index,3,Rate,2003,1203.7616771719734,1966.296748954612,616.7314335230361
1,All Population,2,DALYs (Disability-Adjusted Life Years),172,Equatorial Guinea,3,Both,27,Age-standardized,294,All causes,108,High body-mass index,3,Rate,2003,2054.3070451393064,3088.8628542804904,1188.1285920925113
1,All Population,2,DALYs (Disability-Adjusted Life Years),202,Cameroon,3,Both,27,Age-standardized,294,All causes,108,High body-mass index,3,Rate,2003,2096.136872809233,3179.507929062216,1126.3502695129414
1,All Population,2,DALYs (Disability-Adjusted Life Years),210,Liberia,3,Both,27,Age-standardized,294,All causes,108,High body-mass index,3,Rate,2003,1747.4970136354864,2594.4361146745227,876.5329050091891
1,All Population,2,DALYs (Disability-Adjusted Life Years),176,Comoros,3,Both,27,Age-standardized,294,All causes,108,High body-mass index,3,Rate,2003,684.5295722891037,1100.7506830370296,306.00833146068624
1,All Population,2,DALYs (Disability-Adjusted Life Years),131,Nicaragua,3,Both,27,Age-standardized,294,All causes,108,High body-mass index,3,Rate,2002,1856.7792817695292,2640.983591925543,977.1068132257959
1,All Population,2,DALYs (Disability-Adjusted Life Years),206,Gambia,3,Both,27,Age-standardized,294,All causes,108,High body-mass index,3,Rate,2003,1187.0110014387574,1750.5776699754065,575.396782855338
1,All Population,2,DALYs (Disability-Adjusted Life Years),180,Kenya,3,Both,27,Age-standardized,294,All causes,108,High body-mass index,3,Rate,2003,721.1458007161277,1136.769555953157,361.20026137812556
1,All Population,2,DALYs (Disability-Adjusted Life Years),214,Nigeria,3,Both,27,Age-standardized,294,All causes,108,High body-mass index,3,Rate,2003,1482.2488271932714,2294.5727176448,788.9829314455147
1,All Population,2,DALYs (Disability-Adjusted Life Years),135,Brazil,3,Both,27,Age-standardized,294,All causes,108,High body-mass index,3,Rate,2002,1756.600853281655,2588.7994358741457,868.811740364699
1,All Population,2,DALYs (Disability-Adjusted Life Years),189,United Republic of Tanzania,3,Both,27,Age-standardized,294,All causes,108,High body-mass index,3,Rate,2003,837.2988965162712,1254.7348285401774,430.27842789524743
1,All Population,2,DALYs (Disability-Adjusted Life Years),67,Japan,3,Both,27,Age-standardized,294,All causes,108,High body-mass index,3,Rate,2003,615.7573187313101,1015.0742812538912,239.6401204921898
1,All Population,2,DALYs (Disability-Adjusted Life Years),184,Mozambique,3,Both,27,Age-standardized,294,All causes,108,High body-mass index,3,Rate,2003,720.3914314051427,1149.7808132407142,341.8029830049852
1,All Population,2,DALYs (Disability-Adjusted Life Years),71,Australia,3,Both,27,Age-standardized,294,All causes,108,High body-mass index,3,Rate,2003,1269.0013935803113,1982.8665254447305,484.8809213467843
1,All Population,2,DALYs (Disability-Adjusted Life Years),218,Togo,3,Both,27,Age-standardized,294,All causes,108,High body-mass index,3,Rate,2003,1178.7439871466586,1848.7474252736204,553.0699447070268
1,All Population,2,DALYs (Disability-Adjusted Life Years),196,South Africa,3,Both,27,Age-standardized,294,All causes,108,High body-mass index,3,Rate,2003,2971.3803985053555,4273.329049621552,1596.3029480403416
1,All Population,2,DALYs (Disability-Adjusted Life Years),150,Oman,3,Both,27,Age-standardized,294,All causes,108,High body-mass index,3,Rate,2002,2871.75890973055,4286.566355618507,1469.2300500535182
1,All Population,2,DALYs (Disability-Adjusted Life Years),200,Benin,3,Both,27,Age-standardized,294,All causes,108,High body-mass index,3,Rate,2003,1141.861971104872,1760.2544042023958,545.4557988645638
1,All Population,2,DALYs (Disability-Adjusted Life Years),79,Finland,3,Both,27,Age-standardized,294,All causes,108,High body-mass index,3,Rate,2003,1399.034009234076,2162.001321256858,563.2978951422702
1,All Population,2,DALYs (Disability-Adjusted Life Years),305,Bermuda,3,Both,27,Age-standardized,294,All causes,108,High body-mass index,3,Rate,2003,1426.2563855440044,2153.8696777942455,643.8101894326588
1,All Population,2,DALYs (Disability-Adjusted Life Years),86,Italy,3,Both,27,Age-standardized,294,All causes,108,High body-mass index,3,Rate,2003,1268.5275277275355,1989.7698435038253,534.22881990076
1,All Population,2,DALYs (Disability-Adjusted Life Years),205,Côte d'Ivoire,3,Both,27,Age-standardized,294,All causes,108,High body-mass index,3,Rate,2003,1026.097155059665,1552.4066002576003,541.4722725470468
1,All Population,2,DALYs (Disability-Adjusted Life Years),142,Iran (Islamic Republic of),3,Both,27,Age-standardized,294,All causes,108,High body-mass index,3,Rate,2002,2040.4343743227607,3086.386845727402,1009.7563687942786
1,All Population,2,DALYs (Disability-Adjusted Life Years),204,Chad,3,Both,27,Age-standardized,294,All causes,108,High body-mass index,3,Rate,2003,1767.0028206486281,2882.2171042532195,922.9144597882866
1,All Population,2,DALYs (Disability-Adjusted Life Years),83,Iceland,3,Both,27,Age-standardized,294,All causes,108,High body-mass index,3,Rate,2003,1178.5798192920054,1898.5417909579646,450.41560320552435
1,All Population,2,DALYs (Disability-Adjusted Life Years),75,Austria,3,Both,27,Age-standardized,294,All causes,108,High body-mass index,3,Rate,2003,1358.5011753719823,2092.078779056632,580.9005223206701
1,All Population,2,DALYs (Disability-Adjusted Life Years),154,Tunisia,3,Both,27,Age-standardized,294,All causes,108,High body-mass index,3,Rate,2002,2295.072646685134,3532.772455207525,1105.1104255469625
1,All Population,2,DALYs (Disability-Adjusted Life Years),212,Mauritania,3,Both,27,Age-standardized,294,All causes,108,High body-mass index,3,Rate,2003,2053.022524689121,3018.3865915043507,1045.3346611277138
1,All Population,2,DALYs (Disability-Adjusted Life Years),374,Niue,3,Both,27,Age-standardized,294,All causes,108,High body-mass index,3,Rate,2003,5588.474481460501,7794.62224717248,2822.8268898231595
1,All Population,2,DALYs (Disability-Adjusted Life Years),90,Norway,3,Both,27,Age-standardized,294,All causes,108,High body-mass index,3,Rate,2003,1153.305379615042,1812.2649918904722,438.6952416261344
1,All Population,2,DALYs (Disability-Adjusted Life Years),146,Lebanon,3,Both,27,Age-standardized,294,All causes,108,High body-mass index,3,Rate,2002,1687.0719471032744,2564.679080786014,757.7464490471524
1,All Population,2,DALYs (Disability-Adjusted Life Years),208,Guinea,3,Both,27,Age-standardized,294,All causes,108,High body-mass index,3,Rate,2003,1163.2575950939804,1775.964126136179,591.4505186888288
1,All Population,2,DALYs (Disability-Adjusted Life Years),98,Chile,3,Both,27,Age-standardized,294,All causes,108,High body-mass index,3,Rate,2003,1671.302947599735,2549.722213138625,767.3635676519192
1,All Population,2,DALYs (Disability-Adjusted Life Years),393,Saint Kitts and Nevis,3,Both,27,Age-standardized,294,All causes,108,High body-mass index,3,Rate,2003,2413.105203165058,3629.2500929254984,1178.0372014208044
1,All Population,2,DALYs (Disability-Adjusted Life Years),216,Senegal,3,Both,27,Age-standardized,294,All causes,108,High body-mass index,3,Rate,2003,1151.0450921751833,1757.4270611784814,573.0298698239478
1,All Population,2,DALYs (Disability-Adjusted Life Years),94,Switzerland,3,Both,27,Age-standardized,294,All causes,108,High body-mass index,3,Rate,2003,1095.3491176642908,1744.038180668398,434.32773399560944
1,All Population,2,DALYs (Disability-Adjusted Life Years),422,United States Virgin Islands,3,Both,27,Age-standardized,294,All causes,108,High body-mass index,3,Rate,2003,2680.441192345372,3740.684255052966,1389.9355583797224
1,All Population,2,DALYs (Disability-Adjusted Life Years),162,Bhutan,3,Both,27,Age-standardized,294,All causes,108,High body-mass index,3,Rate,2002,1561.3178436411952,2414.6142977023355,785.1548495474477
1,All Population,2,DALYs (Disability-Adjusted Life Years),102,United States of America,3,Both,27,Age-standardized,294,All causes,108,High body-mass index,3,Rate,2003,2091.8097138353105,3111.398895487873,973.5636108228729
1,All Population,2,DALYs (Disability-Adjusted Life Years),165,Pakistan,3,Both,27,Age-standardized,294,All causes,108,High body-mass index,3,Rate,2002,1256.9929652745034,1967.820419725869,583.9536500497999
1,All Population,2,DALYs (Disability-Adjusted Life Years),173,Gabon,3,Both,27,Age-standardized,294,All causes,108,High body-mass index,3,Rate,2002,2258.963783985451,3477.79977072283,1262.3023328088727
1,All Population,2,DALYs (Disability-Adjusted Life Years),349,Greenland,3,Both,27,Age-standardized,294,All causes,108,High body-mass index,3,Rate,2003,2487.7149644765464,3893.564649284171,1103.1448008699817
1,All Population,2,DALYs (Disability-Adjusted Life Years),106,Bahamas,3,Both,27,Age-standardized,294,All causes,108,High body-mass index,3,Rate,2003,3522.6642941178816,4841.170981907931,2091.5201537682037
1,All Population,2,DALYs (Disability-Adjusted Life Years),367,Monaco,3,Both,27,Age-standardized,294,All causes,108,High body-mass index,3,Rate,2003,1520.5106193147972,2430.920533717475,612.8440668565298
1,All Population,2,DALYs (Disability-Adjusted Life Years),298,American Samoa,3,Both,27,Age-standardized,294,All causes,108,High body-mass index,3,Rate,2003,6298.708533936326,8637.920858234333,3341.067392027556
1,All Population,2,DALYs (Disability-Adjusted Life Years),177,Djibouti,3,Both,27,Age-standardized,294,All causes,108,High body-mass index,3,Rate,2002,539.8391834091444,934.2443798925528,240.3778864073419
1,All Population,2,DALYs (Disability-Adjusted Life Years),169,Central African Republic,3,Both,27,Age-standardized,294,All causes,108,High body-mass index,3,Rate,2002,1645.7690721940023,2809.7447655145456,834.9693812734437
1,All Population,2,DALYs (Disability-Adjusted Life Years),413,Tokelau,3,Both,27,Age-standardized,294,All causes,108,High body-mass index,3,Rate,2003,4778.120656451918,6654.808087303887,2434.2978128474347
1,All Population,2,DALYs (Disability-Adjusted Life Years),110,Dominica,3,Both,27,Age-standardized,294,All causes,108,High body-mass index,3,Rate,2003,2728.6225565877785,3958.125570335861,1444.614200374057
1,All Population,2,DALYs (Disability-Adjusted Life Years),113,Guyana,3,Both,27,Age-standardized,294,All causes,108,High body-mass index,3,Rate,2003,3860.4822729556126,5569.54236906754,2037.1378663822156
1,All Population,2,DALYs (Disability-Adjusted Life Years),121,Bolivia (Plurinational State of),3,Both,27,Age-standardized,294,All causes,108,High body-mass index,3,Rate,2003,2195.372014424873,3264.5950704618613,1130.6196871703971
1,All Population,2,DALYs (Disability-Adjusted Life Years),185,Rwanda,3,Both,27,Age-standardized,294,All causes,108,High body-mass index,3,Rate,2002,726.826225812719,1166.9351902564558,346.8545029698445
1,All Population,2,DALYs (Disability-Adjusted Life Years),380,Palau,3,Both,27,Age-standardized,294,All causes,108,High body-mass index,3,Rate,2003,4642.296623471923,6781.791415724947,2200.696687853093
1,All Population,2,DALYs (Disability-Adjusted Life Years),117,Saint Vincent and the Grenadines,3,Both,27,Age-standardized,294,All causes,108,High body-mass index,3,Rate,2003,2465.5314359330414,3661.555279815109,1227.5529719916656
1,All Population,2,DALYs (Disability-Adjusted Life Years),125,Colombia,3,Both,27,Age-standardized,294,All causes,108,High body-mass index,3,Rate,2003,1443.7672423708127,2139.129723708888,692.4396997728553
1,All Population,2,DALYs (Disability-Adjusted Life Years),181,Madagascar,3,Both,27,Age-standardized,294,All causes,108,High body-mass index,3,Rate,2002,842.501974457057,1377.6731805076013,403.60530582131474
1,All Population,2,DALYs (Disability-Adjusted Life Years),190,Uganda,3,Both,27,Age-standardized,294,All causes,108,High body-mass index,3,Rate,2002,865.5303375725896,1420.0216934351033,449.2030849992747
1,All Population,2,DALYs (Disability-Adjusted Life Years),193,Botswana,3,Both,27,Age-standardized,294,All causes,108,High body-mass index,3,Rate,2002,1768.6506732368184,2668.3465487096714,866.6955864086664
1,All Population,2,DALYs (Disability-Adjusted Life Years),129,Honduras,3,Both,27,Age-standardized,294,All causes,108,High body-mass index,3,Rate,2003,1655.334079452359,2516.0538773064363,830.1373358248442
1,All Population,2,DALYs (Disability-Adjusted Life Years),197,Eswatini,3,Both,27,Age-standardized,294,All causes,108,High body-mass index,3,Rate,2002,3716.988380950161,5397.991027856373,2040.7132379611787
1,All Population,2,DALYs (Disability-Adjusted Life Years),133,Venezuela (Bolivarian Republic of),3,Both,27,Age-standardized,294,All causes,108,High body-mass index,3,Rate,2003,2422.730606976652,3538.5909689605915,1254.0338230909008
1,All Population,2,DALYs (Disability-Adjusted Life Years),140,Bahrain,3,Both,27,Age-standardized,294,All causes,108,High body-mass index,3,Rate,2003,3992.781939699671,5933.104153017986,1925.916829657455
1,All Population,2,DALYs (Disability-Adjusted Life Years),144,Jordan,3,Both,27,Age-standardized,294,All causes,108,High body-mass index,3,Rate,2003,4076.9687774615786,5741.808455165174,2179.052687619919
1,All Population,2,DALYs (Disability-Adjusted Life Years),522,Sudan,3,Both,27,Age-standardized,294,All causes,108,High body-mass index,3,Rate,2003,2530.177596176549,3806.6420228639013,1290.7364396823755
1,All Population,2,DALYs (Disability-Adjusted Life Years),201,Burkina Faso,3,Both,27,Age-standardized,294,All causes,108,High body-mass index,3,Rate,2002,568.7991231362437,898.1866632394136,291.7859447920424
1,All Population,2,DALYs (Disability-Adjusted Life Years),148,Morocco,3,Both,27,Age-standardized,294,All causes,108,High body-mass index,3,Rate,2003,2892.0947401297967,4361.8165776703,1473.895403914661
1,All Population,2,DALYs (Disability-Adjusted Life Years),209,Guinea-Bissau,3,Both,27,Age-standardized,294,All causes,108,High body-mass index,3,Rate,2002,1385.9470794073684,2219.3104405440563,706.6988136633241
1,All Population,2,DALYs (Disability-Adjusted Life Years),213,Niger,3,Both,27,Age-standardized,294,All causes,108,High body-mass index,3,Rate,2002,910.80275428766,1479.1148525508381,426.3194706101423
1,All Population,2,DALYs (Disability-Adjusted Life Years),152,Saudi Arabia,3,Both,27,Age-standardized,294,All causes,108,High body-mass index,3,Rate,2003,3359.6451170317364,4780.661350962579,1872.8001571168124
1,All Population,2,DALYs (Disability-Adjusted Life Years),217,Sierra Leone,3,Both,27,Age-standardized,294,All causes,108,High body-mass index,3,Rate,2002,1028.8609696410074,1639.8455112433614,513.6790145474434
1,All Population,2,DALYs (Disability-Adjusted Life Years),160,Afghanistan,3,Both,27,Age-standardized,294,All causes,108,High body-mass index,3,Rate,2003,2530.486763883329,3831.561319823158,1224.5800020701663
1,All Population,2,DALYs (Disability-Adjusted Life Years),6,China,3,Both,27,Age-standardized,294,All causes,108,High body-mass index,3,Rate,2004,701.3489507355367,1100.2982499721859,308.1198736342547
1,All Population,2,DALYs (Disability-Adjusted Life Years),156,United Arab Emirates,3,Both,27,Age-standardized,294,All causes,108,High body-mass index,3,Rate,2003,2873.095094098801,4273.622376782094,1404.0259220304379
1,All Population,2,DALYs (Disability-Adjusted Life Years),8,Taiwan,3,Both,27,Age-standardized,294,All causes,108,High body-mass index,3,Rate,2004,1175.0895442028632,1802.8281531026637,514.6924454262316
1,All Population,2,DALYs (Disability-Adjusted Life Years),12,Lao People's Democratic Republic,3,Both,27,Age-standardized,294,All causes,108,High body-mass index,3,Rate,2004,835.0167134753651,1324.2301055679982,443.3408126719307
1,All Population,2,DALYs (Disability-Adjusted Life Years),164,Nepal,3,Both,27,Age-standardized,294,All causes,108,High body-mass index,3,Rate,2003,697.6596556215654,1119.1933623056982,318.1767786729355
1,All Population,2,DALYs (Disability-Adjusted Life Years),10,Cambodia,3,Both,27,Age-standardized,294,All causes,108,High body-mass index,3,Rate,2004,618.2223151395577,1000.725112581546,296.49491690366244
1,All Population,2,DALYs (Disability-Adjusted Life Years),14,Maldives,3,Both,27,Age-standardized,294,All causes,108,High body-mass index,3,Rate,2004,1156.4090837473673,1827.3920505518033,582.6945277788634
1,All Population,2,DALYs (Disability-Adjusted Life Years),171,Democratic Republic of the Congo,3,Both,27,Age-standardized,294,All causes,108,High body-mass index,3,Rate,2003,1704.0247530461565,2814.265072146114,906.8288649523105
1,All Population,2,DALYs (Disability-Adjusted Life Years),16,Philippines,3,Both,27,Age-standardized,294,All causes,108,High body-mass index,3,Rate,2004,1352.289552800749,1991.3671109891468,694.2754954349301
1,All Population,2,DALYs (Disability-Adjusted Life Years),18,Thailand,3,Both,27,Age-standardized,294,All causes,108,High body-mass index,3,Rate,2004,945.813857118875,1481.20357575773,402.49842864199525
1,All Population,2,DALYs (Disability-Adjusted Life Years),20,Viet Nam,3,Both,27,Age-standardized,294,All causes,108,High body-mass index,3,Rate,2004,336.3800462118997,518.042330192259,165.4808299028043
1,All Population,2,DALYs (Disability-Adjusted Life Years),175,Burundi,3,Both,27,Age-standardized,294,All causes,108,High body-mass index,3,Rate,2003,495.415464103003,863.3529337156422,227.98543226081998
1,All Population,2,DALYs (Disability-Adjusted Life Years),22,Fiji,3,Both,27,Age-standardized,294,All causes,108,High body-mass index,3,Rate,2004,6857.384375297862,9603.396415169533,3439.1089105690844
1,All Population,2,DALYs (Disability-Adjusted Life Years),351,Guam,3,Both,27,Age-standardized,294,All causes,108,High body-mass index,3,Rate,2002,2602.1621806030134,3889.450189316622,1305.6859429323297
1,All Population,2,DALYs (Disability-Adjusted Life Years),24,Marshall Islands,3,Both,27,Age-standardized,294,All causes,108,High body-mass index,3,Rate,2004,7902.741306784759,11158.059720516168,4267.783223989963
1,All Population,2,DALYs (Disability-Adjusted Life Years),183,Mauritius,3,Both,27,Age-standardized,294,All causes,108,High body-mass index,3,Rate,2003,3445.1857875605174,4918.107193405325,1771.1076096314316
1,All Population,2,DALYs (Disability-Adjusted Life Years),28,Solomon Islands,3,Both,27,Age-standardized,294,All causes,108,High body-mass index,3,Rate,2004,4632.542998997693,6839.200894146835,2384.601495695566
1,All Population,2,DALYs (Disability-Adjusted Life Years),26,Papua New Guinea,3,Both,27,Age-standardized,294,All causes,108,High body-mass index,3,Rate,2004,2667.4255758531945,4052.155580613581,1239.7894804020923
1,All Population,2,DALYs (Disability-Adjusted Life Years),187,Somalia,3,Both,27,Age-standardized,294,All causes,108,High body-mass index,3,Rate,2003,619.6121339152772,1042.4044458305275,263.1214808133878
1,All Population,2,DALYs (Disability-Adjusted Life Years),30,Vanuatu,3,Both,27,Age-standardized,294,All causes,108,High body-mass index,3,Rate,2004,3349.3540789637705,5118.846082053,1649.3389889842165
1,All Population,2,DALYs (Disability-Adjusted Life Years),179,Ethiopia,3,Both,27,Age-standardized,294,All causes,108,High body-mass index,3,Rate,2003,490.647030051158,814.4399434909976,231.58622355224367
1,All Population,2,DALYs (Disability-Adjusted Life Years),369,Nauru,3,Both,27,Age-standardized,294,All causes,108,High body-mass index,3,Rate,2002,11473.676088405518,16146.819828015934,6109.881863127201
1,All Population,2,DALYs (Disability-Adjusted Life Years),385,Puerto Rico,3,Both,27,Age-standardized,294,All causes,108,High body-mass index,3,Rate,2002,2757.388425487039,3837.536382064188,1419.1617946827625
1,All Population,2,DALYs (Disability-Adjusted Life Years),416,Tuvalu,3,Both,27,Age-standardized,294,All causes,108,High body-mass index,3,Rate,2002,6631.808851869823,9408.487471424045,3572.7641232019373
1,All Population,2,DALYs (Disability-Adjusted Life Years),203,Cabo Verde,3,Both,27,Age-standardized,294,All causes,108,High body-mass index,3,Rate,2003,1072.0337414411215,1608.2763949265811,511.4353011942928
1,All Population,2,DALYs (Disability-Adjusted Life Years),195,Namibia,3,Both,27,Age-standardized,294,All causes,108,High body-mass index,3,Rate,2003,1650.6947152032003,2382.7996035275046,862.0152911055771
1,All Population,2,DALYs (Disability-Adjusted Life Years),435,South Sudan,3,Both,27,Age-standardized,294,All causes,108,High body-mass index,3,Rate,2002,723.9652982127906,1225.2068815411087,367.1301761095789
1,All Population,2,DALYs (Disability-Adjusted Life Years),207,Ghana,3,Both,27,Age-standardized,294,All causes,108,High body-mass index,3,Rate,2003,1513.0219209410166,2254.995370312094,838.9348254865491
1,All Population,2,DALYs (Disability-Adjusted Life Years),211,Mali,3,Both,27,Age-standardized,294,All causes,108,High body-mass index,3,Rate,2003,1532.1866833615013,2233.656446012725,795.7890065406972
1,All Population,2,DALYs (Disability-Adjusted Life Years),215,Sao Tome and Principe,3,Both,27,Age-standardized,294,All causes,108,High body-mass index,3,Rate,2003,1205.1125386926383,1902.8823275486245,565.0415057247652
1,All Population,2,DALYs (Disability-Adjusted Life Years),66,Brunei Darussalam,3,Both,27,Age-standardized,294,All causes,108,High body-mass index,3,Rate,2004,2154.918786862416,3207.232500767727,997.0754541709365
1,All Population,2,DALYs (Disability-Adjusted Life Years),68,Republic of Korea,3,Both,27,Age-standardized,294,All causes,108,High body-mass index,3,Rate,2004,811.1127385681002,1264.4159967909986,347.3605363370717
1,All Population,2,DALYs (Disability-Adjusted Life Years),72,New Zealand,3,Both,27,Age-standardized,294,All causes,108,High body-mass index,3,Rate,2004,1597.1259405136718,2545.7688300909326,652.3730823745626
1,All Population,2,DALYs (Disability-Adjusted Life Years),74,Andorra,3,Both,27,Age-standardized,294,All causes,108,High body-mass index,3,Rate,2004,954.9399520745194,1604.1673962413897,374.60426157509363
1,All Population,2,DALYs (Disability-Adjusted Life Years),76,Belgium,3,Both,27,Age-standardized,294,All causes,108,High body-mass index,3,Rate,2004,1167.7809996101646,1841.0217499259113,455.3413801665957
1,All Population,2,DALYs (Disability-Adjusted Life Years),78,Denmark,3,Both,27,Age-standardized,294,All causes,108,High body-mass index,3,Rate,2004,1167.3219868229578,1857.331651320561,463.05502558500206
1,All Population,2,DALYs (Disability-Adjusted Life Years),376,Northern Mariana Islands,3,Both,27,Age-standardized,294,All causes,108,High body-mass index,3,Rate,2003,4505.439802816057,6456.250636160707,2254.2241262634866
1,All Population,2,DALYs (Disability-Adjusted Life Years),320,Cook Islands,3,Both,27,Age-standardized,294,All causes,108,High body-mass index,3,Rate,2003,6614.632628661322,8712.931839310919,3962.3517199573153
1,All Population,2,DALYs (Disability-Adjusted Life Years),80,France,3,Both,27,Age-standardized,294,All causes,108,High body-mass index,3,Rate,2004,1018.8939353378662,1605.2900233803705,400.31184678909204
1,All Population,2,DALYs (Disability-Adjusted Life Years),82,Greece,3,Both,27,Age-standardized,294,All causes,108,High body-mass index,3,Rate,2004,1460.221909297885,2297.6455351939317,588.2014408164486
1,All Population,2,DALYs (Disability-Adjusted Life Years),396,San Marino,3,Both,27,Age-standardized,294,All causes,108,High body-mass index,3,Rate,2003,982.6670574232645,1635.875388571812,386.50767919205936
1,All Population,2,DALYs (Disability-Adjusted Life Years),85,Israel,3,Both,27,Age-standardized,294,All causes,108,High body-mass index,3,Rate,2004,1552.3722104636206,2379.0133539139524,666.0197461463223
1,All Population,2,DALYs (Disability-Adjusted Life Years),84,Ireland,3,Both,27,Age-standardized,294,All causes,108,High body-mass index,3,Rate,2004,1259.0973850207915,1957.0081994418963,491.3686386979797
1,All Population,2,DALYs (Disability-Adjusted Life Years),87,Luxembourg,3,Both,27,Age-standardized,294,All causes,108,High body-mass index,3,Rate,2004,1214.6618435334512,1912.1044755308583,487.53255147729965
1,All Population,2,DALYs (Disability-Adjusted Life Years),89,Netherlands,3,Both,27,Age-standardized,294,All causes,108,High body-mass index,3,Rate,2004,1124.7308931905363,1766.9348434036103,449.0498031461688
1,All Population,2,DALYs (Disability-Adjusted Life Years),93,Sweden,3,Both,27,Age-standardized,294,All causes,108,High body-mass index,3,Rate,2004,1121.1672886543681,1726.2543698918387,461.9992491909153
1,All Population,2,DALYs (Disability-Adjusted Life Years),91,Portugal,3,Both,27,Age-standardized,294,All causes,108,High body-mass index,3,Rate,2004,1449.674837605587,2293.98365155253,595.9464559842031
1,All Population,2,DALYs (Disability-Adjusted Life Years),95,United Kingdom,3,Both,27,Age-standardized,294,All causes,108,High body-mass index,3,Rate,2004,1400.1739470482191,2254.542144358714,550.9761644991028
1,All Population,2,DALYs (Disability-Adjusted Life Years),97,Argentina,3,Both,27,Age-standardized,294,All causes,108,High body-mass index,3,Rate,2004,1889.9588140112403,2836.750357655084,897.9414469495459
1,All Population,2,DALYs (Disability-Adjusted Life Years),101,Canada,3,Both,27,Age-standardized,294,All causes,108,High body-mass index,3,Rate,2004,1266.115851459233,1981.164979356623,518.9925351448667
1,All Population,2,DALYs (Disability-Adjusted Life Years),99,Uruguay,3,Both,27,Age-standardized,294,All causes,108,High body-mass index,3,Rate,2004,1599.0723590785592,2445.328596226475,679.4082274772496
1,All Population,2,DALYs (Disability-Adjusted Life Years),105,Antigua and Barbuda,3,Both,27,Age-standardized,294,All causes,108,High body-mass index,3,Rate,2004,2428.7841010381626,3471.8269984400426,1198.3326652212972
1,All Population,2,DALYs (Disability-Adjusted Life Years),107,Barbados,3,Both,27,Age-standardized,294,All causes,108,High body-mass index,3,Rate,2004,2652.2124279616246,3760.231544015369,1353.3289163131878
1,All Population,2,DALYs (Disability-Adjusted Life Years),109,Cuba,3,Both,27,Age-standardized,294,All causes,108,High body-mass index,3,Rate,2004,1425.8203364913672,2175.5133515716057,664.9160816367178
1,All Population,2,DALYs (Disability-Adjusted Life Years),112,Grenada,3,Both,27,Age-standardized,294,All causes,108,High body-mass index,3,Rate,2004,2551.8580393906223,3596.770344090272,1291.8705514715887
1,All Population,2,DALYs (Disability-Adjusted Life Years),111,Dominican Republic,3,Both,27,Age-standardized,294,All causes,108,High body-mass index,3,Rate,2004,1594.1098026688373,2373.3843105084025,778.5338454611672
1,All Population,2,DALYs (Disability-Adjusted Life Years),114,Haiti,3,Both,27,Age-standardized,294,All causes,108,High body-mass index,3,Rate,2004,1566.7442204781983,2519.9755398357283,767.8235560897241
1,All Population,2,DALYs (Disability-Adjusted Life Years),116,Saint Lucia,3,Both,27,Age-standardized,294,All causes,108,High body-mass index,3,Rate,2004,2551.806788769541,3673.3181292877252,1270.733025141817
1,All Population,2,DALYs (Disability-Adjusted Life Years),118,Suriname,3,Both,27,Age-standardized,294,All causes,108,High body-mass index,3,Rate,2004,2060.405204014429,3211.1637432919756,987.7137431874731
1,All Population,2,DALYs (Disability-Adjusted Life Years),122,Ecuador,3,Both,27,Age-standardized,294,All causes,108,High body-mass index,3,Rate,2004,2295.068975391207,3268.110906618335,1297.9104153681071
1,All Population,2,DALYs (Disability-Adjusted Life Years),11,Indonesia,3,Both,27,Age-standardized,294,All causes,108,High body-mass index,3,Rate,2003,871.2974679432236,1289.3204747633665,432.00932903676994
1,All Population,2,DALYs (Disability-Adjusted Life Years),7,Democratic People's Republic of Korea,3,Both,27,Age-standardized,294,All causes,108,High body-mass index,3,Rate,2003,898.5548252914099,1595.3033152953672,398.3477496414988
1,All Population,2,DALYs (Disability-Adjusted Life Years),126,Costa Rica,3,Both,27,Age-standardized,294,All causes,108,High body-mass index,3,Rate,2004,1665.4190896226664,2425.9329642688576,824.533998612519
1,All Population,2,DALYs (Disability-Adjusted Life Years),130,Mexico,3,Both,27,Age-standardized,294,All causes,108,High body-mass index,3,Rate,2004,2985.15465849329,4142.239541795395,1597.6782271892614
1,All Population,2,DALYs (Disability-Adjusted Life Years),15,Myanmar,3,Both,27,Age-standardized,294,All causes,108,High body-mass index,3,Rate,2003,1094.8508077058164,1698.884727274625,521.0788706328652
1,All Population,2,DALYs (Disability-Adjusted Life Years),132,Panama,3,Both,27,Age-standardized,294,All causes,108,High body-mass index,3,Rate,2004,1641.2457200855554,2367.307351061973,811.5458047471113
1,All Population,2,DALYs (Disability-Adjusted Life Years),128,Guatemala,3,Both,27,Age-standardized,294,All causes,108,High body-mass index,3,Rate,2004,2085.2165483232625,3031.8978097687555,1025.878395989487
1,All Population,2,DALYs (Disability-Adjusted Life Years),136,Paraguay,3,Both,27,Age-standardized,294,All causes,108,High body-mass index,3,Rate,2004,2146.837308618762,3063.7020816254967,1062.4579887065383
1,All Population,2,DALYs (Disability-Adjusted Life Years),139,Algeria,3,Both,27,Age-standardized,294,All causes,108,High body-mass index,3,Rate,2004,2176.1237130081086,3224.734391050002,1135.7548608235513
1,All Population,2,DALYs (Disability-Adjusted Life Years),141,Egypt,3,Both,27,Age-standardized,294,All causes,108,High body-mass index,3,Rate,2004,5471.236927880934,7680.865051936408,2939.150473025344
1,All Population,2,DALYs (Disability-Adjusted Life Years),19,Timor-Leste,3,Both,27,Age-standardized,294,All causes,108,High body-mass index,3,Rate,2003,376.8746821834513,647.1860796529925,170.2163072079715
1,All Population,2,DALYs (Disability-Adjusted Life Years),143,Iraq,3,Both,27,Age-standardized,294,All causes,108,High body-mass index,3,Rate,2004,3794.08048944768,5636.988657878918,1884.7993884156415
1,All Population,2,DALYs (Disability-Adjusted Life Years),27,Samoa,3,Both,27,Age-standardized,294,All causes,108,High body-mass index,3,Rate,2003,4380.576559165304,6194.292702681659,2176.75362191672
1,All Population,2,DALYs (Disability-Adjusted Life Years),145,Kuwait,3,Both,27,Age-standardized,294,All causes,108,High body-mass index,3,Rate,2004,3774.6569137026486,5317.7609688463845,2007.5554531923906
1,All Population,2,DALYs (Disability-Adjusted Life Years),23,Kiribati,3,Both,27,Age-standardized,294,All causes,108,High body-mass index,3,Rate,2003,4198.706546625855,6139.003012852991,2159.78282060759
1,All Population,2,DALYs (Disability-Adjusted Life Years),147,Libya,3,Both,27,Age-standardized,294,All causes,108,High body-mass index,3,Rate,2004,3201.912686492934,4763.601716954943,1637.1933753714295
1,All Population,2,DALYs (Disability-Adjusted Life Years),149,Palestine,3,Both,27,Age-standardized,294,All causes,108,High body-mass index,3,Rate,2004,3698.79921354314,5276.875327883087,1875.2927011345053
1,All Population,2,DALYs (Disability-Adjusted Life Years),151,Qatar,3,Both,27,Age-standardized,294,All causes,108,High body-mass index,3,Rate,2004,3623.4483495213353,5271.601141977108,1772.9816286817572
1,All Population,2,DALYs (Disability-Adjusted Life Years),153,Syrian Arab Republic,3,Both,27,Age-standardized,294,All causes,108,High body-mass index,3,Rate,2004,3894.7341854565257,5673.617983104593,2000.0169588986687
1,All Population,2,DALYs (Disability-Adjusted Life Years),155,Türkiye,3,Both,27,Age-standardized,294,All causes,108,High body-mass index,3,Rate,2004,2588.3422579133457,3742.855665496339,1252.5388427269518
1,All Population,2,DALYs (Disability-Adjusted Life Years),157,Yemen,3,Both,27,Age-standardized,294,All causes,108,High body-mass index,3,Rate,2004,1528.9039340399313,2268.6019140914877,773.2968620348194
1,All Population,2,DALYs (Disability-Adjusted Life Years),161,Bangladesh,3,Both,27,Age-standardized,294,All causes,108,High body-mass index,3,Rate,2004,822.1278845673017,1285.22437896771,380.38650758814754
1,All Population,2,DALYs (Disability-Adjusted Life Years),163,India,3,Both,27,Age-standardized,294,All causes,108,High body-mass index,3,Rate,2004,618.2464744153336,985.3559999413285,294.9301073457864
1,All Population,2,DALYs (Disability-Adjusted Life Years),13,Malaysia,3,Both,27,Age-standardized,294,All causes,108,High body-mass index,3,Rate,2004,1330.535392972013,2073.415902557397,604.1304915948094
1,All Population,2,DALYs (Disability-Adjusted Life Years),17,Sri Lanka,3,Both,27,Age-standardized,294,All causes,108,High body-mass index,3,Rate,2004,1225.1062269948363,1868.6167215283967,581.1318226607254
1,All Population,2,DALYs (Disability-Adjusted Life Years),25,Micronesia (Federated States of),3,Both,27,Age-standardized,294,All causes,108,High body-mass index,3,Rate,2004,7460.01210520737,10495.239566900033,3863.164495867172
1,All Population,2,DALYs (Disability-Adjusted Life Years),168,Angola,3,Both,27,Age-standardized,294,All causes,108,High body-mass index,3,Rate,2004,1233.8464891760318,1999.3381268957596,624.0714735934525
1,All Population,2,DALYs (Disability-Adjusted Life Years),29,Tonga,3,Both,27,Age-standardized,294,All causes,108,High body-mass index,3,Rate,2004,5025.641164524995,7093.980403794961,2561.3780542519107
1,All Population,2,DALYs (Disability-Adjusted Life Years),170,Congo,3,Both,27,Age-standardized,294,All causes,108,High body-mass index,3,Rate,2004,1550.1812261661166,2416.717577442635,890.8751918177214
1,All Population,2,DALYs (Disability-Adjusted Life Years),172,Equatorial Guinea,3,Both,27,Age-standardized,294,All causes,108,High body-mass index,3,Rate,2004,2063.482225771845,3113.9982981997914,1187.8733653324641
1,All Population,2,DALYs (Disability-Adjusted Life Years),178,Eritrea,3,Both,27,Age-standardized,294,All causes,108,High body-mass index,3,Rate,2004,663.6821226009007,1121.626814093901,309.6378721915723
1,All Population,2,DALYs (Disability-Adjusted Life Years),176,Comoros,3,Both,27,Age-standardized,294,All causes,108,High body-mass index,3,Rate,2004,685.9876033400684,1099.027321233695,305.647941542045
1,All Population,2,DALYs (Disability-Adjusted Life Years),180,Kenya,3,Both,27,Age-standardized,294,All causes,108,High body-mass index,3,Rate,2004,740.3864980320816,1182.0300100485647,376.88364411611207
1,All Population,2,DALYs (Disability-Adjusted Life Years),182,Malawi,3,Both,27,Age-standardized,294,All causes,108,High body-mass index,3,Rate,2004,1158.6064801343387,1766.790351318761,603.3867783230817
1,All Population,2,DALYs (Disability-Adjusted Life Years),67,Japan,3,Both,27,Age-standardized,294,All causes,108,High body-mass index,3,Rate,2004,615.2693228607429,1011.1101325641365,240.30953906594888
1,All Population,2,DALYs (Disability-Adjusted Life Years),184,Mozambique,3,Both,27,Age-standardized,294,All causes,108,High body-mass index,3,Rate,2004,736.2901035672639,1164.3617828251517,347.31601034116386
1,All Population,2,DALYs (Disability-Adjusted Life Years),191,Zambia,3,Both,27,Age-standardized,294,All causes,108,High body-mass index,3,Rate,2004,1284.3031133188933,1952.856157722017,624.5672398904574
1,All Population,2,DALYs (Disability-Adjusted Life Years),186,Seychelles,3,Both,27,Age-standardized,294,All causes,108,High body-mass index,3,Rate,2004,2083.0792368198217,2879.769623080314,1258.899795115009
1,All Population,2,DALYs (Disability-Adjusted Life Years),189,United Republic of Tanzania,3,Both,27,Age-standardized,294,All causes,108,High body-mass index,3,Rate,2004,865.9694878548854,1270.490213254162,445.79092449913566
1,All Population,2,DALYs (Disability-Adjusted Life Years),194,Lesotho,3,Both,27,Age-standardized,294,All causes,108,High body-mass index,3,Rate,2004,2786.0641324870458,4032.33018445268,1402.6395459335722
1,All Population,2,DALYs (Disability-Adjusted Life Years),71,Australia,3,Both,27,Age-standardized,294,All causes,108,High body-mass index,3,Rate,2004,1257.532139576537,1972.4324637397283,481.36447291306763
1,All Population,2,DALYs (Disability-Adjusted Life Years),86,Italy,3,Both,27,Age-standardized,294,All causes,108,High body-mass index,3,Rate,2004,1233.5809045796254,1926.3394820484218,516.9832768048356
1,All Population,2,DALYs (Disability-Adjusted Life Years),79,Finland,3,Both,27,Age-standardized,294,All causes,108,High body-mass index,3,Rate,2004,1380.5832801637912,2136.017748418827,554.7511281645731
1,All Population,2,DALYs (Disability-Adjusted Life Years),196,South Africa,3,Both,27,Age-standardized,294,All causes,108,High body-mass index,3,Rate,2004,2905.0603161246713,4137.953452371325,1543.1984260726763
1,All Population,2,DALYs (Disability-Adjusted Life Years),83,Iceland,3,Both,27,Age-standardized,294,All causes,108,High body-mass index,3,Rate,2004,1167.9904102511432,1901.6970650606015,441.92035181666466
1,All Population,2,DALYs (Disability-Adjusted Life Years),198,Zimbabwe,3,Both,27,Age-standardized,294,All causes,108,High body-mass index,3,Rate,2004,1669.2191588017686,2505.5075966883383,901.1994087901395
1,All Population,2,DALYs (Disability-Adjusted Life Years),200,Benin,3,Both,27,Age-standardized,294,All causes,108,High body-mass index,3,Rate,2004,1125.817402706695,1707.411203587706,546.8798959839086
1,All Population,2,DALYs (Disability-Adjusted Life Years),202,Cameroon,3,Both,27,Age-standardized,294,All causes,108,High body-mass index,3,Rate,2004,2095.415318978317,3126.2121275694653,1132.9825847041523
1,All Population,2,DALYs (Disability-Adjusted Life Years),90,Norway,3,Both,27,Age-standardized,294,All causes,108,High body-mass index,3,Rate,2004,1121.9712470933023,1768.0006211312664,430.39919883005734
1,All Population,2,DALYs (Disability-Adjusted Life Years),204,Chad,3,Both,27,Age-standardized,294,All causes,108,High body-mass index,3,Rate,2004,1761.0074665212007,2879.9040078704,922.0849258130243
1,All Population,2,DALYs (Disability-Adjusted Life Years),75,Austria,3,Both,27,Age-standardized,294,All causes,108,High body-mass index,3,Rate,2004,1352.8641108451777,2083.7977824867826,579.4729590248359
1,All Population,2,DALYs (Disability-Adjusted Life Years),102,United States of America,3,Both,27,Age-standardized,294,All causes,108,High body-mass index,3,Rate,2004,2068.8733295835805,3061.3194666673226,959.1599753845194
1,All Population,2,DALYs (Disability-Adjusted Life Years),206,Gambia,3,Both,27,Age-standardized,294,All causes,108,High body-mass index,3,Rate,2004,1271.5572156990784,1914.1048746824235,651.1111413252946
1,All Population,2,DALYs (Disability-Adjusted Life Years),94,Switzerland,3,Both,27,Age-standardized,294,All causes,108,High body-mass index,3,Rate,2004,1060.8963166103154,1696.449494943519,414.6031396636626
1,All Population,2,DALYs (Disability-Adjusted Life Years),208,Guinea,3,Both,27,Age-standardized,294,All causes,108,High body-mass index,3,Rate,2004,1156.5653349394593,1797.3640207737787,592.0138943397817
1,All Population,2,DALYs (Disability-Adjusted Life Years),210,Liberia,3,Both,27,Age-standardized,294,All causes,108,High body-mass index,3,Rate,2004,1774.2512729735256,2693.7250393888835,905.7880825660568
1,All Population,2,DALYs (Disability-Adjusted Life Years),205,Côte d'Ivoire,3,Both,27,Age-standardized,294,All causes,108,High body-mass index,3,Rate,2004,1049.5953311013718,1563.6260369880347,549.570503562166
1,All Population,2,DALYs (Disability-Adjusted Life Years),214,Nigeria,3,Both,27,Age-standardized,294,All causes,108,High body-mass index,3,Rate,2004,1491.9052810202763,2305.0694535227603,799.8822436036118
1,All Population,2,DALYs (Disability-Adjusted Life Years),106,Bahamas,3,Both,27,Age-standardized,294,All causes,108,High body-mass index,3,Rate,2004,3576.1604558747918,4899.429927896773,2132.7127591828057
1,All Population,2,DALYs (Disability-Adjusted Life Years),98,Chile,3,Both,27,Age-standardized,294,All causes,108,High body-mass index,3,Rate,2004,1667.9492832460614,2560.625816239403,764.582488339727
1,All Population,2,DALYs (Disability-Adjusted Life Years),216,Senegal,3,Both,27,Age-standardized,294,All causes,108,High body-mass index,3,Rate,2004,1177.7217516343185,1800.6079798531828,592.9542259252903
1,All Population,2,DALYs (Disability-Adjusted Life Years),69,Singapore,3,Both,27,Age-standardized,294,All causes,108,High body-mass index,3,Rate,2003,892.6783651162742,1369.6830469704385,396.9822474257482
1,All Population,2,DALYs (Disability-Adjusted Life Years),212,Mauritania,3,Both,27,Age-standardized,294,All causes,108,High body-mass index,3,Rate,2004,2135.485294687714,3136.5357844882096,1117.948889157705
1,All Population,2,DALYs (Disability-Adjusted Life Years),218,Togo,3,Both,27,Age-standardized,294,All causes,108,High body-mass index,3,Rate,2004,1180.8519031031524,1842.120270517561,564.7319402983333
1,All Population,2,DALYs (Disability-Adjusted Life Years),113,Guyana,3,Both,27,Age-standardized,294,All causes,108,High body-mass index,3,Rate,2004,3927.6363954855155,5695.841726628413,2099.8941299241656
1,All Population,2,DALYs (Disability-Adjusted Life Years),110,Dominica,3,Both,27,Age-standardized,294,All causes,108,High body-mass index,3,Rate,2004,2745.4730713400677,3944.5192992404927,1480.5291915965342
1,All Population,2,DALYs (Disability-Adjusted Life Years),117,Saint Vincent and the Grenadines,3,Both,27,Age-standardized,294,All causes,108,High body-mass index,3,Rate,2004,2475.1805285809837,3682.7033653747717,1234.2421580863663
1,All Population,2,DALYs (Disability-Adjusted Life Years),121,Bolivia (Plurinational State of),3,Both,27,Age-standardized,294,All causes,108,High body-mass index,3,Rate,2004,2223.217435610345,3299.550545296233,1176.16907756021
1,All Population,2,DALYs (Disability-Adjusted Life Years),129,Honduras,3,Both,27,Age-standardized,294,All causes,108,High body-mass index,3,Rate,2004,1663.963077642639,2534.821128595217,834.1506979265112
1,All Population,2,DALYs (Disability-Adjusted Life Years),125,Colombia,3,Both,27,Age-standardized,294,All causes,108,High body-mass index,3,Rate,2004,1440.9309720289393,2133.308909691357,688.9431156443922
1,All Population,2,DALYs (Disability-Adjusted Life Years),298,American Samoa,3,Both,27,Age-standardized,294,All causes,108,High body-mass index,3,Rate,2004,6326.756211123161,8642.839156053456,3372.443913938181
1,All Population,2,DALYs (Disability-Adjusted Life Years),349,Greenland,3,Both,27,Age-standardized,294,All causes,108,High body-mass index,3,Rate,2004,2436.8597445970204,3844.8165688785784,1090.0533125624113
1,All Population,2,DALYs (Disability-Adjusted Life Years),133,Venezuela (Bolivarian Republic of),3,Both,27,Age-standardized,294,All causes,108,High body-mass index,3,Rate,2004,2401.371025609418,3495.5339154388157,1251.4817040792254
1,All Population,2,DALYs (Disability-Adjusted Life Years),77,Cyprus,3,Both,27,Age-standardized,294,All causes,108,High body-mass index,3,Rate,2003,1722.6827689469312,2664.8179045555444,716.0466343351343
1,All Population,2,DALYs (Disability-Adjusted Life Years),305,Bermuda,3,Both,27,Age-standardized,294,All causes,108,High body-mass index,3,Rate,2004,1434.3259884613183,2171.3536774466193,644.7780905231806
1,All Population,2,DALYs (Disability-Adjusted Life Years),148,Morocco,3,Both,27,Age-standardized,294,All causes,108,High body-mass index,3,Rate,2004,2909.6242914478635,4367.913500317788,1480.0371864902
1,All Population,2,DALYs (Disability-Adjusted Life Years),152,Saudi Arabia,3,Both,27,Age-standardized,294,All causes,108,High body-mass index,3,Rate,2004,3504.195034656521,4933.848978579295,1957.0115778243633
1,All Population,2,DALYs (Disability-Adjusted Life Years),393,Saint Kitts and Nevis,3,Both,27,Age-standardized,294,All causes,108,High body-mass index,3,Rate,2004,2436.3987478403014,3677.9295331327357,1208.5790585335242
1,All Population,2,DALYs (Disability-Adjusted Life Years),374,Niue,3,Both,27,Age-standardized,294,All causes,108,High body-mass index,3,Rate,2004,5634.828049517568,7877.345521043186,2855.6873095410115
1,All Population,2,DALYs (Disability-Adjusted Life Years),140,Bahrain,3,Both,27,Age-standardized,294,All causes,108,High body-mass index,3,Rate,2004,3998.445542812147,5970.828169765585,1917.7116513755143
1,All Population,2,DALYs (Disability-Adjusted Life Years),367,Monaco,3,Both,27,Age-standardized,294,All causes,108,High body-mass index,3,Rate,2004,1519.4665012070668,2411.8400047841856,611.6145046621174
1,All Population,2,DALYs (Disability-Adjusted Life Years),380,Palau,3,Both,27,Age-standardized,294,All causes,108,High body-mass index,3,Rate,2004,4676.000847642455,6825.966777108628,2223.603911221948
1,All Population,2,DALYs (Disability-Adjusted Life Years),422,United States Virgin Islands,3,Both,27,Age-standardized,294,All causes,108,High body-mass index,3,Rate,2004,2660.9482423737472,3734.99061171477,1387.8024371380286
1,All Population,2,DALYs (Disability-Adjusted Life Years),144,Jordan,3,Both,27,Age-standardized,294,All causes,108,High body-mass index,3,Rate,2004,4093.9659813862604,5734.597139316848,2195.090460220975
1,All Population,2,DALYs (Disability-Adjusted Life Years),413,Tokelau,3,Both,27,Age-standardized,294,All causes,108,High body-mass index,3,Rate,2004,4821.046459253487,6724.457096844437,2459.676834779282
1,All Population,2,DALYs (Disability-Adjusted Life Years),164,Nepal,3,Both,27,Age-standardized,294,All causes,108,High body-mass index,3,Rate,2004,708.8702831375243,1121.1302548424821,318.36619652507636
1,All Population,2,DALYs (Disability-Adjusted Life Years),156,United Arab Emirates,3,Both,27,Age-standardized,294,All causes,108,High body-mass index,3,Rate,2004,2852.8558353635594,4254.981836943121,1350.1943168697694
1,All Population,2,DALYs (Disability-Adjusted Life Years),171,Democratic Republic of the Congo,3,Both,27,Age-standardized,294,All causes,108,High body-mass index,3,Rate,2004,1734.314115387717,2826.1267050775837,965.7632073713231
1,All Population,2,DALYs (Disability-Adjusted Life Years),81,Germany,3,Both,27,Age-standardized,294,All causes,108,High body-mass index,3,Rate,2003,1521.8774694854462,2359.054167755023,644.7444788588986
1,All Population,2,DALYs (Disability-Adjusted Life Years),92,Spain,3,Both,27,Age-standardized,294,All causes,108,High body-mass index,3,Rate,2003,1319.2783246142012,2051.004778343021,538.6434438773958
1,All Population,2,DALYs (Disability-Adjusted Life Years),160,Afghanistan,3,Both,27,Age-standardized,294,All causes,108,High body-mass index,3,Rate,2004,2571.257379080178,3944.1162385159523,1264.5807013558442
1,All Population,2,DALYs (Disability-Adjusted Life Years),175,Burundi,3,Both,27,Age-standardized,294,All causes,108,High body-mass index,3,Rate,2004,505.77384700315616,880.259477426126,233.29405956122466
1,All Population,2,DALYs (Disability-Adjusted Life Years),183,Mauritius,3,Both,27,Age-standardized,294,All causes,108,High body-mass index,3,Rate,2004,3386.2720635737246,4863.52091805961,1690.3283511860982
1,All Population,2,DALYs (Disability-Adjusted Life Years),179,Ethiopia,3,Both,27,Age-standardized,294,All causes,108,High body-mass index,3,Rate,2004,491.6843614113931,812.5521621185208,231.6646038664684
1,All Population,2,DALYs (Disability-Adjusted Life Years),88,Malta,3,Both,27,Age-standardized,294,All causes,108,High body-mass index,3,Rate,2003,1428.5487072959866,2258.0443343661773,579.3243513195893
1,All Population,2,DALYs (Disability-Adjusted Life Years),187,Somalia,3,Both,27,Age-standardized,294,All causes,108,High body-mass index,3,Rate,2004,629.8404261743661,1095.8131890609259,273.465836744336
1,All Population,2,DALYs (Disability-Adjusted Life Years),195,Namibia,3,Both,27,Age-standardized,294,All causes,108,High body-mass index,3,Rate,2004,1655.5435153679305,2395.9028412357898,865.8049510894185
1,All Population,2,DALYs (Disability-Adjusted Life Years),207,Ghana,3,Both,27,Age-standardized,294,All causes,108,High body-mass index,3,Rate,2004,1547.274248209854,2313.9546854895525,857.2948126434457
1,All Population,2,DALYs (Disability-Adjusted Life Years),211,Mali,3,Both,27,Age-standardized,294,All causes,108,High body-mass index,3,Rate,2004,1538.379566893145,2291.985931439757,825.7036779121452
1,All Population,2,DALYs (Disability-Adjusted Life Years),203,Cabo Verde,3,Both,27,Age-standardized,294,All causes,108,High body-mass index,3,Rate,2004,1093.0568582907017,1656.8462528468633,517.1865222827281
1,All Population,2,DALYs (Disability-Adjusted Life Years),522,Sudan,3,Both,27,Age-standardized,294,All causes,108,High body-mass index,3,Rate,2004,2549.266719206961,3857.6796965032017,1308.5210461012857
1,All Population,2,DALYs (Disability-Adjusted Life Years),108,Belize,3,Both,27,Age-standardized,294,All causes,108,High body-mass index,3,Rate,2003,2882.2038667109555,4034.228478608358,1516.3951290751038
1,All Population,2,DALYs (Disability-Adjusted Life Years),215,Sao Tome and Principe,3,Both,27,Age-standardized,294,All causes,108,High body-mass index,3,Rate,2004,1239.2756451986977,1947.2981014604118,594.6158762049266
1,All Population,2,DALYs (Disability-Adjusted Life Years),320,Cook Islands,3,Both,27,Age-standardized,294,All causes,108,High body-mass index,3,Rate,2004,6614.250782301114,8687.597573790743,3972.0120075201376
1,All Population,2,DALYs (Disability-Adjusted Life Years),115,Jamaica,3,Both,27,Age-standardized,294,All causes,108,High body-mass index,3,Rate,2003,1678.1257521195148,2620.122946164484,766.7491851554022
1,All Population,2,DALYs (Disability-Adjusted Life Years),119,Trinidad and Tobago,3,Both,27,Age-standardized,294,All causes,108,High body-mass index,3,Rate,2003,4240.7417067432725,6007.635078412775,2126.5137922454223
1,All Population,2,DALYs (Disability-Adjusted Life Years),396,San Marino,3,Both,27,Age-standardized,294,All causes,108,High body-mass index,3,Rate,2004,972.2711698123204,1620.8807477196392,376.426759580507
1,All Population,2,DALYs (Disability-Adjusted Life Years),376,Northern Mariana Islands,3,Both,27,Age-standardized,294,All causes,108,High body-mass index,3,Rate,2004,4510.9955077624645,6455.190134294844,2220.526005851786
1,All Population,2,DALYs (Disability-Adjusted Life Years),10,Cambodia,3,Both,27,Age-standardized,294,All causes,108,High body-mass index,3,Rate,2005,632.1542291249675,1013.1048470358509,304.0777155288921
1,All Population,2,DALYs (Disability-Adjusted Life Years),6,China,3,Both,27,Age-standardized,294,All causes,108,High body-mass index,3,Rate,2005,693.0640874576143,1082.335775140717,303.3755649628496
1,All Population,2,DALYs (Disability-Adjusted Life Years),12,Lao People's Democratic Republic,3,Both,27,Age-standardized,294,All causes,108,High body-mass index,3,Rate,2005,860.8717356905056,1327.8645712261591,453.0974782900532
1,All Population,2,DALYs (Disability-Adjusted Life Years),8,Taiwan,3,Both,27,Age-standardized,294,All causes,108,High body-mass index,3,Rate,2005,1183.4135825974527,1843.7942616123175,519.8907662348281
1,All Population,2,DALYs (Disability-Adjusted Life Years),16,Philippines,3,Both,27,Age-standardized,294,All causes,108,High body-mass index,3,Rate,2005,1378.2770364704447,2041.0358287365898,699.2091631726449
1,All Population,2,DALYs (Disability-Adjusted Life Years),18,Thailand,3,Both,27,Age-standardized,294,All causes,108,High body-mass index,3,Rate,2005,952.9326917412355,1531.3200436913914,422.86281492308126
1,All Population,2,DALYs (Disability-Adjusted Life Years),123,Peru,3,Both,27,Age-standardized,294,All causes,108,High body-mass index,3,Rate,2003,1147.659971016374,1743.496136172182,531.4945887018421
1,All Population,2,DALYs (Disability-Adjusted Life Years),14,Maldives,3,Both,27,Age-standardized,294,All causes,108,High body-mass index,3,Rate,2005,1167.2610372868603,1806.5974954118865,581.0133582942839
1,All Population,2,DALYs (Disability-Adjusted Life Years),20,Viet Nam,3,Both,27,Age-standardized,294,All causes,108,High body-mass index,3,Rate,2005,350.56687960213077,544.6294814242501,170.674552126438
1,All Population,2,DALYs (Disability-Adjusted Life Years),22,Fiji,3,Both,27,Age-standardized,294,All causes,108,High body-mass index,3,Rate,2005,6944.411989233475,9749.39074061061,3494.731010247007
1,All Population,2,DALYs (Disability-Adjusted Life Years),30,Vanuatu,3,Both,27,Age-standardized,294,All causes,108,High body-mass index,3,Rate,2005,3498.554285233314,5334.931061823786,1720.4477931016572
1,All Population,2,DALYs (Disability-Adjusted Life Years),24,Marshall Islands,3,Both,27,Age-standardized,294,All causes,108,High body-mass index,3,Rate,2005,7958.900344800256,11231.775292755889,4253.274280071357
1,All Population,2,DALYs (Disability-Adjusted Life Years),26,Papua New Guinea,3,Both,27,Age-standardized,294,All causes,108,High body-mass index,3,Rate,2005,2681.2753454616195,4083.007754515226,1205.8399312003198
1,All Population,2,DALYs (Disability-Adjusted Life Years),131,Nicaragua,3,Both,27,Age-standardized,294,All causes,108,High body-mass index,3,Rate,2003,1900.7996615399188,2721.56598154868,1001.1006354079689
1,All Population,2,DALYs (Disability-Adjusted Life Years),28,Solomon Islands,3,Both,27,Age-standardized,294,All causes,108,High body-mass index,3,Rate,2005,4731.425012530088,7009.519887456661,2403.9126643303425
1,All Population,2,DALYs (Disability-Adjusted Life Years),127,El Salvador,3,Both,27,Age-standardized,294,All causes,108,High body-mass index,3,Rate,2003,2051.965815921282,2975.5718865793083,1037.6231159302013
1,All Population,2,DALYs (Disability-Adjusted Life Years),135,Brazil,3,Both,27,Age-standardized,294,All causes,108,High body-mass index,3,Rate,2003,1768.3465603692848,2618.20834967519,881.7549766790899
1,All Population,2,DALYs (Disability-Adjusted Life Years),13,Malaysia,3,Both,27,Age-standardized,294,All causes,108,High body-mass index,3,Rate,2005,1315.9762795586432,2039.8986438035483,585.3473366494222
1,All Population,2,DALYs (Disability-Adjusted Life Years),66,Brunei Darussalam,3,Both,27,Age-standardized,294,All causes,108,High body-mass index,3,Rate,2005,2169.025800750189,3221.786194444761,1013.7842016230933
1,All Population,2,DALYs (Disability-Adjusted Life Years),74,Andorra,3,Both,27,Age-standardized,294,All causes,108,High body-mass index,3,Rate,2005,955.1553588050583,1607.4653590956837,376.6785622789326
1,All Population,2,DALYs (Disability-Adjusted Life Years),68,Republic of Korea,3,Both,27,Age-standardized,294,All causes,108,High body-mass index,3,Rate,2005,795.4978941631139,1239.3718635461432,334.96838002411175
1,All Population,2,DALYs (Disability-Adjusted Life Years),72,New Zealand,3,Both,27,Age-standardized,294,All causes,108,High body-mass index,3,Rate,2005,1571.0853519750974,2508.615226295969,640.349465520715
1,All Population,2,DALYs (Disability-Adjusted Life Years),76,Belgium,3,Both,27,Age-standardized,294,All causes,108,High body-mass index,3,Rate,2005,1149.103300324011,1823.5362654222708,444.81857522313885
1,All Population,2,DALYs (Disability-Adjusted Life Years),25,Micronesia (Federated States of),3,Both,27,Age-standardized,294,All causes,108,High body-mass index,3,Rate,2005,7490.619179046385,10591.980167064425,3930.4730638017127
1,All Population,2,DALYs (Disability-Adjusted Life Years),78,Denmark,3,Both,27,Age-standardized,294,All causes,108,High body-mass index,3,Rate,2005,1141.9808813874247,1810.0302505033894,453.52514063180854
1,All Population,2,DALYs (Disability-Adjusted Life Years),80,France,3,Both,27,Age-standardized,294,All causes,108,High body-mass index,3,Rate,2005,1019.9053222697323,1596.0198122944093,398.70855710096066
1,All Population,2,DALYs (Disability-Adjusted Life Years),17,Sri Lanka,3,Both,27,Age-standardized,294,All causes,108,High body-mass index,3,Rate,2005,1212.0031070349594,1861.378754882621,553.8160428880003
1,All Population,2,DALYs (Disability-Adjusted Life Years),29,Tonga,3,Both,27,Age-standardized,294,All causes,108,High body-mass index,3,Rate,2005,5036.00657393814,7101.484851021528,2570.7868126843423
1,All Population,2,DALYs (Disability-Adjusted Life Years),82,Greece,3,Both,27,Age-standardized,294,All causes,108,High body-mass index,3,Rate,2005,1453.6044747459014,2277.2376314326293,580.2226866566771
1,All Population,2,DALYs (Disability-Adjusted Life Years),71,Australia,3,Both,27,Age-standardized,294,All causes,108,High body-mass index,3,Rate,2005,1242.6108330709312,1964.7590356275862,475.5635535342085
1,All Population,2,DALYs (Disability-Adjusted Life Years),84,Ireland,3,Both,27,Age-standardized,294,All causes,108,High body-mass index,3,Rate,2005,1241.2190395351058,1952.7110740677024,485.1000335938641
1,All Population,2,DALYs (Disability-Adjusted Life Years),85,Israel,3,Both,27,Age-standardized,294,All causes,108,High body-mass index,3,Rate,2005,1513.456983653805,2332.1258177345812,646.6976609193143
1,All Population,2,DALYs (Disability-Adjusted Life Years),142,Iran (Islamic Republic of),3,Both,27,Age-standardized,294,All causes,108,High body-mass index,3,Rate,2003,2096.794451258977,3149.329368138289,1031.3038877140607
1,All Population,2,DALYs (Disability-Adjusted Life Years),89,Netherlands,3,Both,27,Age-standardized,294,All causes,108,High body-mass index,3,Rate,2005,1100.8868110013568,1741.7001349839302,435.33915770619745
1,All Population,2,DALYs (Disability-Adjusted Life Years),83,Iceland,3,Both,27,Age-standardized,294,All causes,108,High body-mass index,3,Rate,2005,1147.5175980662473,1894.172248842051,435.31862723880334
1,All Population,2,DALYs (Disability-Adjusted Life Years),87,Luxembourg,3,Both,27,Age-standardized,294,All causes,108,High body-mass index,3,Rate,2005,1197.6613580294734,1891.2497489069474,483.8439936795738
1,All Population,2,DALYs (Disability-Adjusted Life Years),91,Portugal,3,Both,27,Age-standardized,294,All causes,108,High body-mass index,3,Rate,2005,1413.5183025002223,2232.0540286982155,576.8189508613614
1,All Population,2,DALYs (Disability-Adjusted Life Years),75,Austria,3,Both,27,Age-standardized,294,All causes,108,High body-mass index,3,Rate,2005,1333.6043779392407,2042.3025831552466,570.853966740486
1,All Population,2,DALYs (Disability-Adjusted Life Years),90,Norway,3,Both,27,Age-standardized,294,All causes,108,High body-mass index,3,Rate,2005,1108.344568837583,1761.91209571019,427.18143847336233
1,All Population,2,DALYs (Disability-Adjusted Life Years),93,Sweden,3,Both,27,Age-standardized,294,All causes,108,High body-mass index,3,Rate,2005,1107.1088182857518,1711.1643028744336,457.57894379542546
1,All Population,2,DALYs (Disability-Adjusted Life Years),79,Finland,3,Both,27,Age-standardized,294,All causes,108,High body-mass index,3,Rate,2005,1367.325439073409,2152.3550052574733,548.9082902580515
1,All Population,2,DALYs (Disability-Adjusted Life Years),67,Japan,3,Both,27,Age-standardized,294,All causes,108,High body-mass index,3,Rate,2005,619.4065610554208,1021.2296586027625,242.21692981994323
1,All Population,2,DALYs (Disability-Adjusted Life Years),97,Argentina,3,Both,27,Age-standardized,294,All causes,108,High body-mass index,3,Rate,2005,1868.4877560440173,2816.1632462025023,886.3617000320404
1,All Population,2,DALYs (Disability-Adjusted Life Years),101,Canada,3,Both,27,Age-standardized,294,All causes,108,High body-mass index,3,Rate,2005,1255.6910444719567,1957.1356422462848,511.9569414965434
1,All Population,2,DALYs (Disability-Adjusted Life Years),86,Italy,3,Both,27,Age-standardized,294,All causes,108,High body-mass index,3,Rate,2005,1238.4436235668438,1935.4826753359905,519.7071166852807
1,All Population,2,DALYs (Disability-Adjusted Life Years),105,Antigua and Barbuda,3,Both,27,Age-standardized,294,All causes,108,High body-mass index,3,Rate,2005,2440.21670347712,3495.6305195105897,1212.3785854159016
1,All Population,2,DALYs (Disability-Adjusted Life Years),99,Uruguay,3,Both,27,Age-standardized,294,All causes,108,High body-mass index,3,Rate,2005,1576.4217799888731,2444.3876344184887,663.8330199418202
1,All Population,2,DALYs (Disability-Adjusted Life Years),95,United Kingdom,3,Both,27,Age-standardized,294,All causes,108,High body-mass index,3,Rate,2005,1383.0477223670428,2240.084516868623,543.1373346149726
1,All Population,2,DALYs (Disability-Adjusted Life Years),94,Switzerland,3,Both,27,Age-standardized,294,All causes,108,High body-mass index,3,Rate,2005,1041.4729956863519,1662.722012966719,405.5443400499622
1,All Population,2,DALYs (Disability-Adjusted Life Years),154,Tunisia,3,Both,27,Age-standardized,294,All causes,108,High body-mass index,3,Rate,2003,2300.5212479736965,3513.306053390337,1103.4243361561344
1,All Population,2,DALYs (Disability-Adjusted Life Years),102,United States of America,3,Both,27,Age-standardized,294,All causes,108,High body-mass index,3,Rate,2005,2083.1011264612007,3068.581554262819,967.6397236468117
1,All Population,2,DALYs (Disability-Adjusted Life Years),98,Chile,3,Both,27,Age-standardized,294,All causes,108,High body-mass index,3,Rate,2005,1652.8528091485005,2539.377570447353,756.8277114436372
1,All Population,2,DALYs (Disability-Adjusted Life Years),146,Lebanon,3,Both,27,Age-standardized,294,All causes,108,High body-mass index,3,Rate,2003,1689.1336541186668,2544.1244518575654,749.5113157542318
1,All Population,2,DALYs (Disability-Adjusted Life Years),106,Bahamas,3,Both,27,Age-standardized,294,All causes,108,High body-mass index,3,Rate,2005,3546.9631913078233,4826.541712710749,2101.1503676066995
1,All Population,2,DALYs (Disability-Adjusted Life Years),107,Barbados,3,Both,27,Age-standardized,294,All causes,108,High body-mass index,3,Rate,2005,2630.3169062761276,3758.7310749897206,1331.8220041511836
1,All Population,2,DALYs (Disability-Adjusted Life Years),110,Dominica,3,Both,27,Age-standardized,294,All causes,108,High body-mass index,3,Rate,2005,2759.245543258648,3967.0970897846005,1490.1914141802145
1,All Population,2,DALYs (Disability-Adjusted Life Years),109,Cuba,3,Both,27,Age-standardized,294,All causes,108,High body-mass index,3,Rate,2005,1454.6929037947434,2216.584626875767,680.6345788835038
1,All Population,2,DALYs (Disability-Adjusted Life Years),112,Grenada,3,Both,27,Age-standardized,294,All causes,108,High body-mass index,3,Rate,2005,2545.7802113524663,3590.21985284122,1301.5074236849744
1,All Population,2,DALYs (Disability-Adjusted Life Years),150,Oman,3,Both,27,Age-standardized,294,All causes,108,High body-mass index,3,Rate,2003,2889.1898813695875,4285.709657081814,1475.9468796195647
1,All Population,2,DALYs (Disability-Adjusted Life Years),111,Dominican Republic,3,Both,27,Age-standardized,294,All causes,108,High body-mass index,3,Rate,2005,1634.320560815651,2408.4813487461656,803.5431773913698
1,All Population,2,DALYs (Disability-Adjusted Life Years),113,Guyana,3,Both,27,Age-standardized,294,All causes,108,High body-mass index,3,Rate,2005,3910.973553727038,5591.557863096075,2136.294585828192
1,All Population,2,DALYs (Disability-Adjusted Life Years),114,Haiti,3,Both,27,Age-standardized,294,All causes,108,High body-mass index,3,Rate,2005,1595.1463270007682,2537.404979041941,777.3627998485091
1,All Population,2,DALYs (Disability-Adjusted Life Years),116,Saint Lucia,3,Both,27,Age-standardized,294,All causes,108,High body-mass index,3,Rate,2005,2539.5449429297205,3636.603010511825,1294.9345473451315
1,All Population,2,DALYs (Disability-Adjusted Life Years),117,Saint Vincent and the Grenadines,3,Both,27,Age-standardized,294,All causes,108,High body-mass index,3,Rate,2005,2405.9695117939486,3524.462024010472,1190.9190103176643
1,All Population,2,DALYs (Disability-Adjusted Life Years),122,Ecuador,3,Both,27,Age-standardized,294,All causes,108,High body-mass index,3,Rate,2005,2297.5046605761945,3263.5288837414246,1297.890231677452
1,All Population,2,DALYs (Disability-Adjusted Life Years),118,Suriname,3,Both,27,Age-standardized,294,All causes,108,High body-mass index,3,Rate,2005,2087.758756754651,3212.746507122445,1000.5802255702315
1,All Population,2,DALYs (Disability-Adjusted Life Years),126,Costa Rica,3,Both,27,Age-standardized,294,All causes,108,High body-mass index,3,Rate,2005,1651.5220936029234,2401.398348681858,809.4310643504245
1,All Population,2,DALYs (Disability-Adjusted Life Years),128,Guatemala,3,Both,27,Age-standardized,294,All causes,108,High body-mass index,3,Rate,2005,2173.271041059252,3134.803923931315,1079.2708763071962
1,All Population,2,DALYs (Disability-Adjusted Life Years),121,Bolivia (Plurinational State of),3,Both,27,Age-standardized,294,All causes,108,High body-mass index,3,Rate,2005,2246.5931989037454,3301.489258215119,1203.7229249193524
1,All Population,2,DALYs (Disability-Adjusted Life Years),125,Colombia,3,Both,27,Age-standardized,294,All causes,108,High body-mass index,3,Rate,2005,1428.0278292115672,2126.0564127562857,672.59984144361
1,All Population,2,DALYs (Disability-Adjusted Life Years),129,Honduras,3,Both,27,Age-standardized,294,All causes,108,High body-mass index,3,Rate,2005,1664.6399769369502,2517.778553478088,833.5471987848474
1,All Population,2,DALYs (Disability-Adjusted Life Years),130,Mexico,3,Both,27,Age-standardized,294,All causes,108,High body-mass index,3,Rate,2005,3010.7654118901464,4179.794063958937,1613.7948077943126
1,All Population,2,DALYs (Disability-Adjusted Life Years),132,Panama,3,Both,27,Age-standardized,294,All causes,108,High body-mass index,3,Rate,2005,1663.445078842125,2377.941479798534,824.8934733091202
1,All Population,2,DALYs (Disability-Adjusted Life Years),133,Venezuela (Bolivarian Republic of),3,Both,27,Age-standardized,294,All causes,108,High body-mass index,3,Rate,2005,2370.169151768732,3451.9988586792915,1234.0600195126915
1,All Population,2,DALYs (Disability-Adjusted Life Years),136,Paraguay,3,Both,27,Age-standardized,294,All causes,108,High body-mass index,3,Rate,2005,2202.6399903669676,3163.377959405835,1082.1830961678836
1,All Population,2,DALYs (Disability-Adjusted Life Years),139,Algeria,3,Both,27,Age-standardized,294,All causes,108,High body-mass index,3,Rate,2005,2193.8534511447333,3256.985635417742,1163.0799469333067
1,All Population,2,DALYs (Disability-Adjusted Life Years),162,Bhutan,3,Both,27,Age-standardized,294,All causes,108,High body-mass index,3,Rate,2003,1598.6295448196236,2441.5294888768117,809.0641788588069
1,All Population,2,DALYs (Disability-Adjusted Life Years),165,Pakistan,3,Both,27,Age-standardized,294,All causes,108,High body-mass index,3,Rate,2003,1300.3231061744357,2021.0490828349855,603.9957932787622
1,All Population,2,DALYs (Disability-Adjusted Life Years),143,Iraq,3,Both,27,Age-standardized,294,All causes,108,High body-mass index,3,Rate,2005,3835.9734742685323,5665.651856843879,1888.7115419693157
1,All Population,2,DALYs (Disability-Adjusted Life Years),140,Bahrain,3,Both,27,Age-standardized,294,All causes,108,High body-mass index,3,Rate,2005,3979.892088851794,5901.650240600067,1903.0919324185088
1,All Population,2,DALYs (Disability-Adjusted Life Years),141,Egypt,3,Both,27,Age-standardized,294,All causes,108,High body-mass index,3,Rate,2005,5470.005275016017,7647.7560982048235,2961.6960695547973
1,All Population,2,DALYs (Disability-Adjusted Life Years),173,Gabon,3,Both,27,Age-standardized,294,All causes,108,High body-mass index,3,Rate,2003,2290.4774719290035,3526.1275886638496,1289.0012162073979
1,All Population,2,DALYs (Disability-Adjusted Life Years),144,Jordan,3,Both,27,Age-standardized,294,All causes,108,High body-mass index,3,Rate,2005,4143.757115809484,5800.696088778203,2222.9766144425153
1,All Population,2,DALYs (Disability-Adjusted Life Years),147,Libya,3,Both,27,Age-standardized,294,All causes,108,High body-mass index,3,Rate,2005,3257.482928412523,4848.774266107631,1671.364838493751
1,All Population,2,DALYs (Disability-Adjusted Life Years),145,Kuwait,3,Both,27,Age-standardized,294,All causes,108,High body-mass index,3,Rate,2005,3651.8474979534985,5199.989777210609,1887.5022636553524
1,All Population,2,DALYs (Disability-Adjusted Life Years),148,Morocco,3,Both,27,Age-standardized,294,All causes,108,High body-mass index,3,Rate,2005,2919.260746969429,4328.521891798562,1495.2057693529418
1,All Population,2,DALYs (Disability-Adjusted Life Years),169,Central African Republic,3,Both,27,Age-standardized,294,All causes,108,High body-mass index,3,Rate,2003,1632.3033659572359,2828.0409784612953,844.5206519207887
1,All Population,2,DALYs (Disability-Adjusted Life Years),177,Djibouti,3,Both,27,Age-standardized,294,All causes,108,High body-mass index,3,Rate,2003,531.3983255676551,893.9718463541319,236.1967989702439
1,All Population,2,DALYs (Disability-Adjusted Life Years),151,Qatar,3,Both,27,Age-standardized,294,All causes,108,High body-mass index,3,Rate,2005,3636.7017214575562,5234.427457156439,1791.5394227640634
1,All Population,2,DALYs (Disability-Adjusted Life Years),149,Palestine,3,Both,27,Age-standardized,294,All causes,108,High body-mass index,3,Rate,2005,3710.3948328744314,5308.334785152707,1881.703175787544
1,All Population,2,DALYs (Disability-Adjusted Life Years),152,Saudi Arabia,3,Both,27,Age-standardized,294,All causes,108,High body-mass index,3,Rate,2005,3646.343170208644,5076.704002984214,2030.789947246936
1,All Population,2,DALYs (Disability-Adjusted Life Years),153,Syrian Arab Republic,3,Both,27,Age-standardized,294,All causes,108,High body-mass index,3,Rate,2005,3830.1511432797565,5571.79724414087,1959.0961598847875
1,All Population,2,DALYs (Disability-Adjusted Life Years),155,Türkiye,3,Both,27,Age-standardized,294,All causes,108,High body-mass index,3,Rate,2005,2600.504928180724,3769.1697781675784,1248.2463651824187
1,All Population,2,DALYs (Disability-Adjusted Life Years),157,Yemen,3,Both,27,Age-standardized,294,All causes,108,High body-mass index,3,Rate,2005,1544.6203366988811,2304.7004408897665,775.778343022818
1,All Population,2,DALYs (Disability-Adjusted Life Years),156,United Arab Emirates,3,Both,27,Age-standardized,294,All causes,108,High body-mass index,3,Rate,2005,2816.6762318904566,4196.013712522237,1312.9551433394017
1,All Population,2,DALYs (Disability-Adjusted Life Years),160,Afghanistan,3,Both,27,Age-standardized,294,All causes,108,High body-mass index,3,Rate,2005,2582.140322146207,3956.529664942297,1279.7399191574343
1,All Population,2,DALYs (Disability-Adjusted Life Years),161,Bangladesh,3,Both,27,Age-standardized,294,All causes,108,High body-mass index,3,Rate,2005,852.0930938491122,1328.7581217572483,405.01457975895886
1,All Population,2,DALYs (Disability-Adjusted Life Years),163,India,3,Both,27,Age-standardized,294,All causes,108,High body-mass index,3,Rate,2005,656.9290587249455,1017.764691824175,322.0387993677067
1,All Population,2,DALYs (Disability-Adjusted Life Years),181,Madagascar,3,Both,27,Age-standardized,294,All causes,108,High body-mass index,3,Rate,2003,836.8987035222071,1359.7670005590173,404.8890404847025
1,All Population,2,DALYs (Disability-Adjusted Life Years),164,Nepal,3,Both,27,Age-standardized,294,All causes,108,High body-mass index,3,Rate,2005,719.3044506333557,1128.1612235833336,328.53271810466015
1,All Population,2,DALYs (Disability-Adjusted Life Years),190,Uganda,3,Both,27,Age-standardized,294,All causes,108,High body-mass index,3,Rate,2003,871.1358463468356,1417.4668194764042,458.0845126437702
1,All Population,2,DALYs (Disability-Adjusted Life Years),168,Angola,3,Both,27,Age-standardized,294,All causes,108,High body-mass index,3,Rate,2005,1261.796140819635,2027.688583395372,642.6500347081702
1,All Population,2,DALYs (Disability-Adjusted Life Years),185,Rwanda,3,Both,27,Age-standardized,294,All causes,108,High body-mass index,3,Rate,2003,722.4583746886639,1141.4041431977905,352.68029341000687
1,All Population,2,DALYs (Disability-Adjusted Life Years),170,Congo,3,Both,27,Age-standardized,294,All causes,108,High body-mass index,3,Rate,2005,1591.5958083947323,2489.705542208083,930.6367480381218
1,All Population,2,DALYs (Disability-Adjusted Life Years),197,Eswatini,3,Both,27,Age-standardized,294,All causes,108,High body-mass index,3,Rate,2003,3872.6185390191613,5576.908719457786,2176.4565995000935
1,All Population,2,DALYs (Disability-Adjusted Life Years),171,Democratic Republic of the Congo,3,Both,27,Age-standardized,294,All causes,108,High body-mass index,3,Rate,2005,1760.0991520051255,2858.5056293074026,960.8564125690581
1,All Population,2,DALYs (Disability-Adjusted Life Years),175,Burundi,3,Both,27,Age-standardized,294,All causes,108,High body-mass index,3,Rate,2005,523.300344302533,916.8976411210239,243.14107104496117
1,All Population,2,DALYs (Disability-Adjusted Life Years),172,Equatorial Guinea,3,Both,27,Age-standardized,294,All causes,108,High body-mass index,3,Rate,2005,2101.580988880424,3237.751183557143,1180.9476051283639
1,All Population,2,DALYs (Disability-Adjusted Life Years),176,Comoros,3,Both,27,Age-standardized,294,All causes,108,High body-mass index,3,Rate,2005,725.8658026821456,1143.9230344072603,331.2981008323517
1,All Population,2,DALYs (Disability-Adjusted Life Years),193,Botswana,3,Both,27,Age-standardized,294,All causes,108,High body-mass index,3,Rate,2003,1724.9234638106711,2630.5780055934524,836.8581650536671
1,All Population,2,DALYs (Disability-Adjusted Life Years),178,Eritrea,3,Both,27,Age-standardized,294,All causes,108,High body-mass index,3,Rate,2005,672.9293586242092,1135.3142049894439,311.35100657174826
1,All Population,2,DALYs (Disability-Adjusted Life Years),179,Ethiopia,3,Both,27,Age-standardized,294,All causes,108,High body-mass index,3,Rate,2005,501.9875765765171,806.777006526312,237.94384010095115
1,All Population,2,DALYs (Disability-Adjusted Life Years),201,Burkina Faso,3,Both,27,Age-standardized,294,All causes,108,High body-mass index,3,Rate,2003,575.1954560210667,895.0806078329102,293.6013298571643
1,All Population,2,DALYs (Disability-Adjusted Life Years),182,Malawi,3,Both,27,Age-standardized,294,All causes,108,High body-mass index,3,Rate,2005,1162.7838558226845,1807.6975953444548,613.3065421195539
1,All Population,2,DALYs (Disability-Adjusted Life Years),180,Kenya,3,Both,27,Age-standardized,294,All causes,108,High body-mass index,3,Rate,2005,764.6148850798622,1234.5295179974228,391.44310528762963
1,All Population,2,DALYs (Disability-Adjusted Life Years),183,Mauritius,3,Both,27,Age-standardized,294,All causes,108,High body-mass index,3,Rate,2005,3455.7273038432772,4971.168781307182,1761.761030148736
1,All Population,2,DALYs (Disability-Adjusted Life Years),184,Mozambique,3,Both,27,Age-standardized,294,All causes,108,High body-mass index,3,Rate,2005,757.1924456732935,1183.6955182342379,353.78987662222943
1,All Population,2,DALYs (Disability-Adjusted Life Years),186,Seychelles,3,Both,27,Age-standardized,294,All causes,108,High body-mass index,3,Rate,2005,2084.4216447468157,2901.950638562308,1238.5755375785384
1,All Population,2,DALYs (Disability-Adjusted Life Years),187,Somalia,3,Both,27,Age-standardized,294,All causes,108,High body-mass index,3,Rate,2005,642.7818298118063,1079.4136511892752,288.6040191837314
1,All Population,2,DALYs (Disability-Adjusted Life Years),213,Niger,3,Both,27,Age-standardized,294,All causes,108,High body-mass index,3,Rate,2003,907.3403527621036,1473.9692239511173,414.65235073567675
1,All Population,2,DALYs (Disability-Adjusted Life Years),189,United Republic of Tanzania,3,Both,27,Age-standardized,294,All causes,108,High body-mass index,3,Rate,2005,900.240538397723,1331.6918192977166,467.6305087728545
1,All Population,2,DALYs (Disability-Adjusted Life Years),191,Zambia,3,Both,27,Age-standardized,294,All causes,108,High body-mass index,3,Rate,2005,1323.888224264005,2022.5406415539437,654.3886445563335
1,All Population,2,DALYs (Disability-Adjusted Life Years),209,Guinea-Bissau,3,Both,27,Age-standardized,294,All causes,108,High body-mass index,3,Rate,2003,1414.9772815193514,2268.1767801048095,694.4608408833525
1,All Population,2,DALYs (Disability-Adjusted Life Years),194,Lesotho,3,Both,27,Age-standardized,294,All causes,108,High body-mass index,3,Rate,2005,2554.479351739418,3740.195407242794,1268.0872211294118
1,All Population,2,DALYs (Disability-Adjusted Life Years),195,Namibia,3,Both,27,Age-standardized,294,All causes,108,High body-mass index,3,Rate,2005,1664.1751527315475,2416.4713589657067,868.3968118622206
1,All Population,2,DALYs (Disability-Adjusted Life Years),196,South Africa,3,Both,27,Age-standardized,294,All causes,108,High body-mass index,3,Rate,2005,2954.1443694023847,4168.2264269989555,1557.8682082837443
1,All Population,2,DALYs (Disability-Adjusted Life Years),198,Zimbabwe,3,Both,27,Age-standardized,294,All causes,108,High body-mass index,3,Rate,2005,1700.527641670917,2556.5866029587755,922.9691133124226
1,All Population,2,DALYs (Disability-Adjusted Life Years),202,Cameroon,3,Both,27,Age-standardized,294,All causes,108,High body-mass index,3,Rate,2005,2111.9707124094107,3143.867719426479,1141.7238523050135
1,All Population,2,DALYs (Disability-Adjusted Life Years),200,Benin,3,Both,27,Age-standardized,294,All causes,108,High body-mass index,3,Rate,2005,1122.0073610012969,1684.715224498709,535.9844006787566
1,All Population,2,DALYs (Disability-Adjusted Life Years),204,Chad,3,Both,27,Age-standardized,294,All causes,108,High body-mass index,3,Rate,2005,1761.8582619452698,2900.492330471262,929.8034870869568
1,All Population,2,DALYs (Disability-Adjusted Life Years),217,Sierra Leone,3,Both,27,Age-standardized,294,All causes,108,High body-mass index,3,Rate,2003,1035.3893754732521,1649.7329401360012,519.5823496901603
1,All Population,2,DALYs (Disability-Adjusted Life Years),203,Cabo Verde,3,Both,27,Age-standardized,294,All causes,108,High body-mass index,3,Rate,2005,1119.7094096996136,1712.8167238598533,542.2610729260931
1,All Population,2,DALYs (Disability-Adjusted Life Years),206,Gambia,3,Both,27,Age-standardized,294,All causes,108,High body-mass index,3,Rate,2005,1317.852927515773,1992.4935939506909,679.7804212022194
1,All Population,2,DALYs (Disability-Adjusted Life Years),205,Côte d'Ivoire,3,Both,27,Age-standardized,294,All causes,108,High body-mass index,3,Rate,2005,1078.5416159353417,1582.9598545953852,569.9903121440808
1,All Population,2,DALYs (Disability-Adjusted Life Years),207,Ghana,3,Both,27,Age-standardized,294,All causes,108,High body-mass index,3,Rate,2005,1601.6360966928542,2381.44003066167,875.5486475923658
1,All Population,2,DALYs (Disability-Adjusted Life Years),211,Mali,3,Both,27,Age-standardized,294,All causes,108,High body-mass index,3,Rate,2005,1539.989666947828,2307.801356861191,809.3625489807561
1,All Population,2,DALYs (Disability-Adjusted Life Years),208,Guinea,3,Both,27,Age-standardized,294,All causes,108,High body-mass index,3,Rate,2005,1165.246761237106,1782.588830965179,601.946335458602
1,All Population,2,DALYs (Disability-Adjusted Life Years),212,Mauritania,3,Both,27,Age-standardized,294,All causes,108,High body-mass index,3,Rate,2005,2168.1856081713236,3188.692184646759,1134.6146074946314
1,All Population,2,DALYs (Disability-Adjusted Life Years),351,Guam,3,Both,27,Age-standardized,294,All causes,108,High body-mass index,3,Rate,2003,2584.633911702603,3861.460580027208,1289.7652049240296
1,All Population,2,DALYs (Disability-Adjusted Life Years),214,Nigeria,3,Both,27,Age-standardized,294,All causes,108,High body-mass index,3,Rate,2005,1495.6289604148026,2316.0016315639773,798.1630786617202
1,All Population,2,DALYs (Disability-Adjusted Life Years),210,Liberia,3,Both,27,Age-standardized,294,All causes,108,High body-mass index,3,Rate,2005,1770.5147673003646,2641.065649314046,916.2039621949183
1,All Population,2,DALYs (Disability-Adjusted Life Years),215,Sao Tome and Principe,3,Both,27,Age-standardized,294,All causes,108,High body-mass index,3,Rate,2005,1301.685521778968,2005.8941040430745,646.9740346171891
1,All Population,2,DALYs (Disability-Adjusted Life Years),216,Senegal,3,Both,27,Age-standardized,294,All causes,108,High body-mass index,3,Rate,2005,1172.2956231014662,1783.3461540751769,596.2965334353013
1,All Population,2,DALYs (Disability-Adjusted Life Years),218,Togo,3,Both,27,Age-standardized,294,All causes,108,High body-mass index,3,Rate,2005,1192.0643274094436,1854.001331730354,596.9772658282468
1,All Population,2,DALYs (Disability-Adjusted Life Years),369,Nauru,3,Both,27,Age-standardized,294,All causes,108,High body-mass index,3,Rate,2003,11613.950012720097,16345.921805982158,6084.115596457944
1,All Population,2,DALYs (Disability-Adjusted Life Years),416,Tuvalu,3,Both,27,Age-standardized,294,All causes,108,High body-mass index,3,Rate,2003,6697.934225902516,9463.976034961332,3556.8287175530013
1,All Population,2,DALYs (Disability-Adjusted Life Years),435,South Sudan,3,Both,27,Age-standardized,294,All causes,108,High body-mass index,3,Rate,2003,746.5215888187945,1286.9887079949701,389.8558645757644
1,All Population,2,DALYs (Disability-Adjusted Life Years),385,Puerto Rico,3,Both,27,Age-standardized,294,All causes,108,High body-mass index,3,Rate,2003,2754.9189299307513,3837.2577683599,1427.963559120216
1,All Population,2,DALYs (Disability-Adjusted Life Years),298,American Samoa,3,Both,27,Age-standardized,294,All causes,108,High body-mass index,3,Rate,2005,6308.636835152173,8725.077000620973,3376.165866348265
1,All Population,2,DALYs (Disability-Adjusted Life Years),305,Bermuda,3,Both,27,Age-standardized,294,All causes,108,High body-mass index,3,Rate,2005,1425.1910784465235,2140.883001451499,642.0276765549371
1,All Population,2,DALYs (Disability-Adjusted Life Years),320,Cook Islands,3,Both,27,Age-standardized,294,All causes,108,High body-mass index,3,Rate,2005,6610.798495941911,8693.886362597003,3972.1955536527325
1,All Population,2,DALYs (Disability-Adjusted Life Years),349,Greenland,3,Both,27,Age-standardized,294,All causes,108,High body-mass index,3,Rate,2005,2400.1567130710678,3795.6198073118926,1099.1231798108167
1,All Population,2,DALYs (Disability-Adjusted Life Years),367,Monaco,3,Both,27,Age-standardized,294,All causes,108,High body-mass index,3,Rate,2005,1520.5855597289158,2403.049089796819,610.6410173571909
1,All Population,2,DALYs (Disability-Adjusted Life Years),374,Niue,3,Both,27,Age-standardized,294,All causes,108,High body-mass index,3,Rate,2005,5662.880591301197,7912.190678143816,2885.4025277817664
1,All Population,2,DALYs (Disability-Adjusted Life Years),380,Palau,3,Both,27,Age-standardized,294,All causes,108,High body-mass index,3,Rate,2005,4684.849791766868,6811.672361424067,2235.260359672816
1,All Population,2,DALYs (Disability-Adjusted Life Years),393,Saint Kitts and Nevis,3,Both,27,Age-standardized,294,All causes,108,High body-mass index,3,Rate,2005,2466.0614228844615,3675.4076754354423,1247.626471243252
1,All Population,2,DALYs (Disability-Adjusted Life Years),376,Northern Mariana Islands,3,Both,27,Age-standardized,294,All causes,108,High body-mass index,3,Rate,2005,4495.631630627879,6454.404592543063,2188.2889794140924
1,All Population,2,DALYs (Disability-Adjusted Life Years),413,Tokelau,3,Both,27,Age-standardized,294,All causes,108,High body-mass index,3,Rate,2005,4846.624543014103,6759.216413869812,2490.216644112101
1,All Population,2,DALYs (Disability-Adjusted Life Years),396,San Marino,3,Both,27,Age-standardized,294,All causes,108,High body-mass index,3,Rate,2005,966.8749642678125,1628.439187258586,372.5058914579443
1,All Population,2,DALYs (Disability-Adjusted Life Years),422,United States Virgin Islands,3,Both,27,Age-standardized,294,All causes,108,High body-mass index,3,Rate,2005,2642.5256888431454,3760.901277025805,1403.679478370761
1,All Population,2,DALYs (Disability-Adjusted Life Years),522,Sudan,3,Both,27,Age-standardized,294,All causes,108,High body-mass index,3,Rate,2005,2540.4174306796126,3793.7479388868364,1320.719849123157
1,All Population,2,DALYs (Disability-Adjusted Life Years),6,China,3,Both,27,Age-standardized,294,All causes,108,High body-mass index,3,Rate,2006,687.0914227184295,1068.1131755011527,298.7668023164629
1,All Population,2,DALYs (Disability-Adjusted Life Years),10,Cambodia,3,Both,27,Age-standardized,294,All causes,108,High body-mass index,3,Rate,2006,642.2751842663913,999.6855255470692,304.8375464254074
1,All Population,2,DALYs (Disability-Adjusted Life Years),13,Malaysia,3,Both,27,Age-standardized,294,All causes,108,High body-mass index,3,Rate,2006,1299.9470023045064,2012.4284202786512,578.4790318782478
1,All Population,2,DALYs (Disability-Adjusted Life Years),14,Maldives,3,Both,27,Age-standardized,294,All causes,108,High body-mass index,3,Rate,2006,1185.149714588901,1839.438860178281,581.9411508436781
1,All Population,2,DALYs (Disability-Adjusted Life Years),17,Sri Lanka,3,Both,27,Age-standardized,294,All causes,108,High body-mass index,3,Rate,2006,1245.0736920933728,1938.5486560098989,573.4972368500455
1,All Population,2,DALYs (Disability-Adjusted Life Years),18,Thailand,3,Both,27,Age-standardized,294,All causes,108,High body-mass index,3,Rate,2006,946.8304147438241,1512.9904918737905,424.4634279340651
1,All Population,2,DALYs (Disability-Adjusted Life Years),22,Fiji,3,Both,27,Age-standardized,294,All causes,108,High body-mass index,3,Rate,2006,7010.006011816464,9798.1036336101,3586.6198392385813
1,All Population,2,DALYs (Disability-Adjusted Life Years),15,Myanmar,3,Both,27,Age-standardized,294,All causes,108,High body-mass index,3,Rate,2004,1115.4459023222971,1681.2425131975742,540.1918230167039
1,All Population,2,DALYs (Disability-Adjusted Life Years),26,Papua New Guinea,3,Both,27,Age-standardized,294,All causes,108,High body-mass index,3,Rate,2006,2696.060159419548,4078.977142169185,1240.0414159377071
1,All Population,2,DALYs (Disability-Adjusted Life Years),19,Timor-Leste,3,Both,27,Age-standardized,294,All causes,108,High body-mass index,3,Rate,2004,375.73912216703735,621.192653272375,172.7942348016593
1,All Population,2,DALYs (Disability-Adjusted Life Years),25,Micronesia (Federated States of),3,Both,27,Age-standardized,294,All causes,108,High body-mass index,3,Rate,2006,7513.297210280942,10572.572004590927,3931.6066165967286
1,All Population,2,DALYs (Disability-Adjusted Life Years),7,Democratic People's Republic of Korea,3,Both,27,Age-standardized,294,All causes,108,High body-mass index,3,Rate,2004,917.0201435044759,1650.8894508782948,412.9000644498085
1,All Population,2,DALYs (Disability-Adjusted Life Years),11,Indonesia,3,Both,27,Age-standardized,294,All causes,108,High body-mass index,3,Rate,2004,942.0080651168158,1404.6755170324693,462.78818667393966
1,All Population,2,DALYs (Disability-Adjusted Life Years),29,Tonga,3,Both,27,Age-standardized,294,All causes,108,High body-mass index,3,Rate,2006,5085.516814129,7131.647700690218,2606.117582306747
1,All Population,2,DALYs (Disability-Adjusted Life Years),23,Kiribati,3,Both,27,Age-standardized,294,All causes,108,High body-mass index,3,Rate,2004,4228.584058119083,6137.194892899445,2161.775901429731
1,All Population,2,DALYs (Disability-Adjusted Life Years),30,Vanuatu,3,Both,27,Age-standardized,294,All causes,108,High body-mass index,3,Rate,2006,3545.625386887702,5375.551766393791,1726.650351753372
1,All Population,2,DALYs (Disability-Adjusted Life Years),8,Taiwan,3,Both,27,Age-standardized,294,All causes,108,High body-mass index,3,Rate,2006,1161.0653334366095,1831.4602900647244,504.68843526076284
1,All Population,2,DALYs (Disability-Adjusted Life Years),12,Lao People's Democratic Republic,3,Both,27,Age-standardized,294,All causes,108,High body-mass index,3,Rate,2006,887.8683530561676,1343.2582119852534,477.4471482149037
1,All Population,2,DALYs (Disability-Adjusted Life Years),20,Viet Nam,3,Both,27,Age-standardized,294,All causes,108,High body-mass index,3,Rate,2006,366.4072467814797,571.5657989250452,181.2516815640575
1,All Population,2,DALYs (Disability-Adjusted Life Years),16,Philippines,3,Both,27,Age-standardized,294,All causes,108,High body-mass index,3,Rate,2006,1392.9084830241536,2030.0514848727048,710.3040663065325
1,All Population,2,DALYs (Disability-Adjusted Life Years),24,Marshall Islands,3,Both,27,Age-standardized,294,All causes,108,High body-mass index,3,Rate,2006,8018.231016738285,11212.029402548826,4268.1466918915385
1,All Population,2,DALYs (Disability-Adjusted Life Years),27,Samoa,3,Both,27,Age-standardized,294,All causes,108,High body-mass index,3,Rate,2004,4440.889995715968,6185.314058568496,2236.630966512583
1,All Population,2,DALYs (Disability-Adjusted Life Years),28,Solomon Islands,3,Both,27,Age-standardized,294,All causes,108,High body-mass index,3,Rate,2006,4795.72841933753,7082.291911955143,2408.6282963592225
1,All Population,2,DALYs (Disability-Adjusted Life Years),66,Brunei Darussalam,3,Both,27,Age-standardized,294,All causes,108,High body-mass index,3,Rate,2006,2164.825840727243,3259.4690967506403,992.683831218366
1,All Population,2,DALYs (Disability-Adjusted Life Years),67,Japan,3,Both,27,Age-standardized,294,All causes,108,High body-mass index,3,Rate,2006,617.7785028600292,1023.6119268890816,239.7627319561519
1,All Population,2,DALYs (Disability-Adjusted Life Years),74,Andorra,3,Both,27,Age-standardized,294,All causes,108,High body-mass index,3,Rate,2006,954.2575534804791,1610.748371714884,369.18875078502987
1,All Population,2,DALYs (Disability-Adjusted Life Years),71,Australia,3,Both,27,Age-standardized,294,All causes,108,High body-mass index,3,Rate,2006,1240.3908513510346,1994.060055467016,473.13254463643653
1,All Population,2,DALYs (Disability-Adjusted Life Years),68,Republic of Korea,3,Both,27,Age-standardized,294,All causes,108,High body-mass index,3,Rate,2006,776.0687469883793,1197.1825392213739,327.1212593700492
1,All Population,2,DALYs (Disability-Adjusted Life Years),72,New Zealand,3,Both,27,Age-standardized,294,All causes,108,High body-mass index,3,Rate,2006,1566.8007775045553,2486.248107457579,638.9324193725577
1,All Population,2,DALYs (Disability-Adjusted Life Years),77,Cyprus,3,Both,27,Age-standardized,294,All causes,108,High body-mass index,3,Rate,2004,1724.8175907837233,2684.5200741765057,748.1393604712042
1,All Population,2,DALYs (Disability-Adjusted Life Years),75,Austria,3,Both,27,Age-standardized,294,All causes,108,High body-mass index,3,Rate,2006,1313.5600606956275,1997.5789652514425,559.2251932353736
1,All Population,2,DALYs (Disability-Adjusted Life Years),76,Belgium,3,Both,27,Age-standardized,294,All causes,108,High body-mass index,3,Rate,2006,1126.138674085294,1767.0840262397996,437.3347851981787
1,All Population,2,DALYs (Disability-Adjusted Life Years),78,Denmark,3,Both,27,Age-standardized,294,All causes,108,High body-mass index,3,Rate,2006,1129.591744919085,1778.3510520644645,446.6801566068486
1,All Population,2,DALYs (Disability-Adjusted Life Years),81,Germany,3,Both,27,Age-standardized,294,All causes,108,High body-mass index,3,Rate,2004,1484.9983806104185,2297.871567069177,620.9834657734906
1,All Population,2,DALYs (Disability-Adjusted Life Years),82,Greece,3,Both,27,Age-standardized,294,All causes,108,High body-mass index,3,Rate,2006,1463.442516396579,2269.6286797388825,589.3133042955577
1,All Population,2,DALYs (Disability-Adjusted Life Years),79,Finland,3,Both,27,Age-standardized,294,All causes,108,High body-mass index,3,Rate,2006,1360.6295318131488,2154.9056964969323,547.9815703668145
1,All Population,2,DALYs (Disability-Adjusted Life Years),80,France,3,Both,27,Age-standardized,294,All causes,108,High body-mass index,3,Rate,2006,1009.1998606719743,1571.5574996635169,393.9993790124903
1,All Population,2,DALYs (Disability-Adjusted Life Years),88,Malta,3,Both,27,Age-standardized,294,All causes,108,High body-mass index,3,Rate,2004,1425.577273394329,2256.113139553715,582.2590942533461
1,All Population,2,DALYs (Disability-Adjusted Life Years),85,Israel,3,Both,27,Age-standardized,294,All causes,108,High body-mass index,3,Rate,2006,1486.550706259142,2270.9103624234695,632.1023408727012
1,All Population,2,DALYs (Disability-Adjusted Life Years),84,Ireland,3,Both,27,Age-standardized,294,All causes,108,High body-mass index,3,Rate,2006,1237.674915291409,1952.733410396838,487.16726454707344
1,All Population,2,DALYs (Disability-Adjusted Life Years),83,Iceland,3,Both,27,Age-standardized,294,All causes,108,High body-mass index,3,Rate,2006,1149.1381342874606,1890.6654029213335,437.8911729044234
1,All Population,2,DALYs (Disability-Adjusted Life Years),69,Singapore,3,Both,27,Age-standardized,294,All causes,108,High body-mass index,3,Rate,2004,887.2422267878361,1377.0159223930393,388.43726567272927
1,All Population,2,DALYs (Disability-Adjusted Life Years),86,Italy,3,Both,27,Age-standardized,294,All causes,108,High body-mass index,3,Rate,2006,1220.6032552738754,1914.09600273189,511.53858775707766
1,All Population,2,DALYs (Disability-Adjusted Life Years),89,Netherlands,3,Both,27,Age-standardized,294,All causes,108,High body-mass index,3,Rate,2006,1073.39129748126,1691.8857916010274,420.92537770824373
1,All Population,2,DALYs (Disability-Adjusted Life Years),87,Luxembourg,3,Both,27,Age-standardized,294,All causes,108,High body-mass index,3,Rate,2006,1190.3659985167699,1865.5991638642352,477.42184194827007
1,All Population,2,DALYs (Disability-Adjusted Life Years),93,Sweden,3,Both,27,Age-standardized,294,All causes,108,High body-mass index,3,Rate,2006,1096.73699472223,1683.296303938774,450.56306558076295
1,All Population,2,DALYs (Disability-Adjusted Life Years),90,Norway,3,Both,27,Age-standardized,294,All causes,108,High body-mass index,3,Rate,2006,1095.9387379785499,1756.0515494647977,425.48145633086807
1,All Population,2,DALYs (Disability-Adjusted Life Years),91,Portugal,3,Both,27,Age-standardized,294,All causes,108,High body-mass index,3,Rate,2006,1373.6517990928594,2171.2436096110705,553.9135779397994
1,All Population,2,DALYs (Disability-Adjusted Life Years),101,Canada,3,Both,27,Age-standardized,294,All causes,108,High body-mass index,3,Rate,2006,1234.1547946550136,1919.689384731486,503.57335151707844
1,All Population,2,DALYs (Disability-Adjusted Life Years),97,Argentina,3,Both,27,Age-standardized,294,All causes,108,High body-mass index,3,Rate,2006,1859.555651212941,2806.7632095405124,878.1252128183901
1,All Population,2,DALYs (Disability-Adjusted Life Years),94,Switzerland,3,Both,27,Age-standardized,294,All causes,108,High body-mass index,3,Rate,2006,1023.3180032564701,1637.042847972868,396.34489269490206
1,All Population,2,DALYs (Disability-Adjusted Life Years),92,Spain,3,Both,27,Age-standardized,294,All causes,108,High body-mass index,3,Rate,2004,1296.7942285579736,2037.0068018170707,524.5337687301144
1,All Population,2,DALYs (Disability-Adjusted Life Years),119,Trinidad and Tobago,3,Both,27,Age-standardized,294,All causes,108,High body-mass index,3,Rate,2004,4137.022945118909,5882.336944363974,2054.3892271122722
1,All Population,2,DALYs (Disability-Adjusted Life Years),95,United Kingdom,3,Both,27,Age-standardized,294,All causes,108,High body-mass index,3,Rate,2006,1365.464291187799,2212.4465349004618,535.4697132847334
1,All Population,2,DALYs (Disability-Adjusted Life Years),105,Antigua and Barbuda,3,Both,27,Age-standardized,294,All causes,108,High body-mass index,3,Rate,2006,2403.3903714696266,3425.5007644698394,1230.816473372986
1,All Population,2,DALYs (Disability-Adjusted Life Years),98,Chile,3,Both,27,Age-standardized,294,All causes,108,High body-mass index,3,Rate,2006,1630.6856376203307,2522.7608301437454,743.6845178957598
1,All Population,2,DALYs (Disability-Adjusted Life Years),99,Uruguay,3,Both,27,Age-standardized,294,All causes,108,High body-mass index,3,Rate,2006,1559.2834904466147,2419.5043332097775,646.6392505609762
1,All Population,2,DALYs (Disability-Adjusted Life Years),110,Dominica,3,Both,27,Age-standardized,294,All causes,108,High body-mass index,3,Rate,2006,2778.055846100427,4000.427517276569,1523.3762854036593
1,All Population,2,DALYs (Disability-Adjusted Life Years),107,Barbados,3,Both,27,Age-standardized,294,All causes,108,High body-mass index,3,Rate,2006,2620.308916914564,3785.597118213552,1329.0938150382447
1,All Population,2,DALYs (Disability-Adjusted Life Years),102,United States of America,3,Both,27,Age-standardized,294,All causes,108,High body-mass index,3,Rate,2006,2075.1384588928145,3051.434320932806,966.5395757752497
1,All Population,2,DALYs (Disability-Adjusted Life Years),123,Peru,3,Both,27,Age-standardized,294,All causes,108,High body-mass index,3,Rate,2004,1160.2039749473945,1752.0280372878315,534.1270669048231
1,All Population,2,DALYs (Disability-Adjusted Life Years),106,Bahamas,3,Both,27,Age-standardized,294,All causes,108,High body-mass index,3,Rate,2006,3490.1701594104343,4774.527283885893,2043.7626904162555
1,All Population,2,DALYs (Disability-Adjusted Life Years),109,Cuba,3,Both,27,Age-standardized,294,All causes,108,High body-mass index,3,Rate,2006,1456.6559210016858,2222.5327966362984,679.6555235033608
1,All Population,2,DALYs (Disability-Adjusted Life Years),112,Grenada,3,Both,27,Age-standardized,294,All causes,108,High body-mass index,3,Rate,2006,2531.7989252653397,3556.8185948560385,1296.0610845696797
1,All Population,2,DALYs (Disability-Adjusted Life Years),111,Dominican Republic,3,Both,27,Age-standardized,294,All causes,108,High body-mass index,3,Rate,2006,1677.967515543273,2472.8224671402622,835.0185056473351
1,All Population,2,DALYs (Disability-Adjusted Life Years),116,Saint Lucia,3,Both,27,Age-standardized,294,All causes,108,High body-mass index,3,Rate,2006,2507.4565231597453,3576.5484192130693,1269.5164242356307
1,All Population,2,DALYs (Disability-Adjusted Life Years),108,Belize,3,Both,27,Age-standardized,294,All causes,108,High body-mass index,3,Rate,2004,2904.4074695679856,4069.7196239958835,1525.7782528725027
1,All Population,2,DALYs (Disability-Adjusted Life Years),114,Haiti,3,Both,27,Age-standardized,294,All causes,108,High body-mass index,3,Rate,2006,1626.2466598778037,2605.6702418913724,785.9862146103156
1,All Population,2,DALYs (Disability-Adjusted Life Years),117,Saint Vincent and the Grenadines,3,Both,27,Age-standardized,294,All causes,108,High body-mass index,3,Rate,2006,2334.14841821252,3457.2216166443436,1139.971813910375
1,All Population,2,DALYs (Disability-Adjusted Life Years),121,Bolivia (Plurinational State of),3,Both,27,Age-standardized,294,All causes,108,High body-mass index,3,Rate,2006,2267.1211944259303,3326.3181844317724,1229.3094181674726
1,All Population,2,DALYs (Disability-Adjusted Life Years),113,Guyana,3,Both,27,Age-standardized,294,All causes,108,High body-mass index,3,Rate,2006,3929.1472852765187,5573.370717861429,2143.402203931433
1,All Population,2,DALYs (Disability-Adjusted Life Years),115,Jamaica,3,Both,27,Age-standardized,294,All causes,108,High body-mass index,3,Rate,2004,1741.0186849948195,2696.3863465510553,786.4221138938769
1,All Population,2,DALYs (Disability-Adjusted Life Years),142,Iran (Islamic Republic of),3,Both,27,Age-standardized,294,All causes,108,High body-mass index,3,Rate,2004,2040.2565522033765,3066.890026339589,1001.8298189912193
1,All Population,2,DALYs (Disability-Adjusted Life Years),135,Brazil,3,Both,27,Age-standardized,294,All causes,108,High body-mass index,3,Rate,2004,1785.1628136812,2642.75089085223,891.2701824832881
1,All Population,2,DALYs (Disability-Adjusted Life Years),125,Colombia,3,Both,27,Age-standardized,294,All causes,108,High body-mass index,3,Rate,2006,1421.7319437749936,2104.168637354263,668.3545925986482
1,All Population,2,DALYs (Disability-Adjusted Life Years),127,El Salvador,3,Both,27,Age-standardized,294,All causes,108,High body-mass index,3,Rate,2004,2098.19333043699,3050.4637205275203,1046.0086965300927
1,All Population,2,DALYs (Disability-Adjusted Life Years),118,Suriname,3,Both,27,Age-standardized,294,All causes,108,High body-mass index,3,Rate,2006,2112.494265909507,3241.881514575874,1044.6388866489272
1,All Population,2,DALYs (Disability-Adjusted Life Years),122,Ecuador,3,Both,27,Age-standardized,294,All causes,108,High body-mass index,3,Rate,2006,2290.157782251509,3228.690016600375,1308.2108727939274
1,All Population,2,DALYs (Disability-Adjusted Life Years),126,Costa Rica,3,Both,27,Age-standardized,294,All causes,108,High body-mass index,3,Rate,2006,1639.866915354167,2375.315037475813,806.5174380967766
1,All Population,2,DALYs (Disability-Adjusted Life Years),154,Tunisia,3,Both,27,Age-standardized,294,All causes,108,High body-mass index,3,Rate,2004,2303.465400163853,3505.840144788508,1089.1323005717136
1,All Population,2,DALYs (Disability-Adjusted Life Years),129,Honduras,3,Both,27,Age-standardized,294,All causes,108,High body-mass index,3,Rate,2006,1667.4934380192624,2534.1539555120517,834.4389207635923
1,All Population,2,DALYs (Disability-Adjusted Life Years),133,Venezuela (Bolivarian Republic of),3,Both,27,Age-standardized,294,All causes,108,High body-mass index,3,Rate,2006,2354.5153017185226,3407.508384682905,1228.095143981588
1,All Population,2,DALYs (Disability-Adjusted Life Years),131,Nicaragua,3,Both,27,Age-standardized,294,All causes,108,High body-mass index,3,Rate,2004,1937.3070706258145,2783.819229213163,1008.6885596331787
1,All Population,2,DALYs (Disability-Adjusted Life Years),146,Lebanon,3,Both,27,Age-standardized,294,All causes,108,High body-mass index,3,Rate,2004,1703.6900755687464,2581.225827438131,758.2003395319156
1,All Population,2,DALYs (Disability-Adjusted Life Years),128,Guatemala,3,Both,27,Age-standardized,294,All causes,108,High body-mass index,3,Rate,2006,2241.7643822518803,3235.8543353887103,1118.2160413933882
1,All Population,2,DALYs (Disability-Adjusted Life Years),132,Panama,3,Both,27,Age-standardized,294,All causes,108,High body-mass index,3,Rate,2006,1691.7305849072002,2419.5965568829797,833.3770487446845
1,All Population,2,DALYs (Disability-Adjusted Life Years),136,Paraguay,3,Both,27,Age-standardized,294,All causes,108,High body-mass index,3,Rate,2006,2256.9641507275687,3224.4249442195623,1114.0009212987004
1,All Population,2,DALYs (Disability-Adjusted Life Years),130,Mexico,3,Both,27,Age-standardized,294,All causes,108,High body-mass index,3,Rate,2006,2967.1772588536883,4116.987095917508,1589.5243735526415
1,All Population,2,DALYs (Disability-Adjusted Life Years),139,Algeria,3,Both,27,Age-standardized,294,All causes,108,High body-mass index,3,Rate,2006,2216.201100493267,3285.5687953293022,1175.3559655946995
1,All Population,2,DALYs (Disability-Adjusted Life Years),140,Bahrain,3,Both,27,Age-standardized,294,All causes,108,High body-mass index,3,Rate,2006,3953.0848583229986,5817.481434184092,1865.9298603246878
1,All Population,2,DALYs (Disability-Adjusted Life Years),144,Jordan,3,Both,27,Age-standardized,294,All causes,108,High body-mass index,3,Rate,2006,4152.453138024016,5810.07753946535,2227.637959823912
1,All Population,2,DALYs (Disability-Adjusted Life Years),143,Iraq,3,Both,27,Age-standardized,294,All causes,108,High body-mass index,3,Rate,2006,3878.580582968946,5732.445901396443,1915.3410681581245
1,All Population,2,DALYs (Disability-Adjusted Life Years),147,Libya,3,Both,27,Age-standardized,294,All causes,108,High body-mass index,3,Rate,2006,3291.160082244737,4874.110158382946,1702.589963159505
1,All Population,2,DALYs (Disability-Adjusted Life Years),165,Pakistan,3,Both,27,Age-standardized,294,All causes,108,High body-mass index,3,Rate,2004,1341.126319948708,2078.910130966722,626.69501656032
1,All Population,2,DALYs (Disability-Adjusted Life Years),141,Egypt,3,Both,27,Age-standardized,294,All causes,108,High body-mass index,3,Rate,2006,5556.4974964904395,7749.434813416118,3004.507595774223
1,All Population,2,DALYs (Disability-Adjusted Life Years),145,Kuwait,3,Both,27,Age-standardized,294,All causes,108,High body-mass index,3,Rate,2006,3641.0558433435326,5193.385795855962,1833.075989168987
1,All Population,2,DALYs (Disability-Adjusted Life Years),150,Oman,3,Both,27,Age-standardized,294,All causes,108,High body-mass index,3,Rate,2004,2912.498634144505,4325.221043712255,1508.3520590769795
1,All Population,2,DALYs (Disability-Adjusted Life Years),151,Qatar,3,Both,27,Age-standardized,294,All causes,108,High body-mass index,3,Rate,2006,3636.2175204028604,5187.511892036701,1786.891358991121
1,All Population,2,DALYs (Disability-Adjusted Life Years),148,Morocco,3,Both,27,Age-standardized,294,All causes,108,High body-mass index,3,Rate,2006,2927.2913274015623,4347.595160320589,1492.0576354034745
1,All Population,2,DALYs (Disability-Adjusted Life Years),149,Palestine,3,Both,27,Age-standardized,294,All causes,108,High body-mass index,3,Rate,2006,3734.8018903701814,5330.845554305427,1897.3726320617623
1,All Population,2,DALYs (Disability-Adjusted Life Years),153,Syrian Arab Republic,3,Both,27,Age-standardized,294,All causes,108,High body-mass index,3,Rate,2006,3767.255077453607,5466.410465066647,1917.3654102711125
1,All Population,2,DALYs (Disability-Adjusted Life Years),177,Djibouti,3,Both,27,Age-standardized,294,All causes,108,High body-mass index,3,Rate,2004,550.4159890985777,946.5906771934866,236.9837754814806
1,All Population,2,DALYs (Disability-Adjusted Life Years),155,Türkiye,3,Both,27,Age-standardized,294,All causes,108,High body-mass index,3,Rate,2006,2624.1980070426343,3792.448459385009,1256.625226522774
1,All Population,2,DALYs (Disability-Adjusted Life Years),152,Saudi Arabia,3,Both,27,Age-standardized,294,All causes,108,High body-mass index,3,Rate,2006,3800.015333206598,5228.211640384145,2129.8740593874877
1,All Population,2,DALYs (Disability-Adjusted Life Years),162,Bhutan,3,Both,27,Age-standardized,294,All causes,108,High body-mass index,3,Rate,2004,1626.7300990590763,2446.074803862769,821.1907652606365
1,All Population,2,DALYs (Disability-Adjusted Life Years),156,United Arab Emirates,3,Both,27,Age-standardized,294,All causes,108,High body-mass index,3,Rate,2006,2807.7946628749373,4176.399484777478,1283.9961377639
1,All Population,2,DALYs (Disability-Adjusted Life Years),157,Yemen,3,Both,27,Age-standardized,294,All causes,108,High body-mass index,3,Rate,2006,1574.3797430386858,2353.037613938749,790.3425159233853
1,All Population,2,DALYs (Disability-Adjusted Life Years),161,Bangladesh,3,Both,27,Age-standardized,294,All causes,108,High body-mass index,3,Rate,2006,880.8193267035122,1377.0605793600625,416.82207776321934
1,All Population,2,DALYs (Disability-Adjusted Life Years),163,India,3,Both,27,Age-standardized,294,All causes,108,High body-mass index,3,Rate,2006,710.743235264357,1092.0474045632966,349.88517166709545
1,All Population,2,DALYs (Disability-Adjusted Life Years),160,Afghanistan,3,Both,27,Age-standardized,294,All causes,108,High body-mass index,3,Rate,2006,2592.7583358581965,3897.9496348814596,1297.4475160321044
1,All Population,2,DALYs (Disability-Adjusted Life Years),169,Central African Republic,3,Both,27,Age-standardized,294,All causes,108,High body-mass index,3,Rate,2004,1627.639407965855,2711.4443307936863,873.1151258039503
1,All Population,2,DALYs (Disability-Adjusted Life Years),168,Angola,3,Both,27,Age-standardized,294,All causes,108,High body-mass index,3,Rate,2006,1314.2840648780368,2068.2589027977165,682.3119267637784
1,All Population,2,DALYs (Disability-Adjusted Life Years),170,Congo,3,Both,27,Age-standardized,294,All causes,108,High body-mass index,3,Rate,2006,1625.0431072707136,2524.5455464625284,968.6102014776684
1,All Population,2,DALYs (Disability-Adjusted Life Years),173,Gabon,3,Both,27,Age-standardized,294,All causes,108,High body-mass index,3,Rate,2004,2342.249138204849,3545.0374891630354,1344.0229940119623
1,All Population,2,DALYs (Disability-Adjusted Life Years),164,Nepal,3,Both,27,Age-standardized,294,All causes,108,High body-mass index,3,Rate,2006,731.1077681936462,1154.580567947894,338.4723220008662
1,All Population,2,DALYs (Disability-Adjusted Life Years),171,Democratic Republic of the Congo,3,Both,27,Age-standardized,294,All causes,108,High body-mass index,3,Rate,2006,1793.1689369200542,2853.0248531244847,990.6466509772425
1,All Population,2,DALYs (Disability-Adjusted Life Years),175,Burundi,3,Both,27,Age-standardized,294,All causes,108,High body-mass index,3,Rate,2006,539.7910205793933,955.1128242823748,247.02446402591335
1,All Population,2,DALYs (Disability-Adjusted Life Years),181,Madagascar,3,Both,27,Age-standardized,294,All causes,108,High body-mass index,3,Rate,2004,832.3467769549876,1362.4880845161103,406.9710231429854
1,All Population,2,DALYs (Disability-Adjusted Life Years),172,Equatorial Guinea,3,Both,27,Age-standardized,294,All causes,108,High body-mass index,3,Rate,2006,2116.8729989195367,3221.4827778843132,1158.0470157316838
1,All Population,2,DALYs (Disability-Adjusted Life Years),201,Burkina Faso,3,Both,27,Age-standardized,294,All causes,108,High body-mass index,3,Rate,2004,593.0340350080124,906.9519194507651,302.48060867571974
1,All Population,2,DALYs (Disability-Adjusted Life Years),193,Botswana,3,Both,27,Age-standardized,294,All causes,108,High body-mass index,3,Rate,2004,1668.6990234900327,2558.8714071587556,801.1752443811282
1,All Population,2,DALYs (Disability-Adjusted Life Years),179,Ethiopia,3,Both,27,Age-standardized,294,All causes,108,High body-mass index,3,Rate,2006,516.2247923688395,813.483949362565,247.13723992145924
1,All Population,2,DALYs (Disability-Adjusted Life Years),176,Comoros,3,Both,27,Age-standardized,294,All causes,108,High body-mass index,3,Rate,2006,728.273513658222,1139.9670585266992,336.06059564588776
1,All Population,2,DALYs (Disability-Adjusted Life Years),184,Mozambique,3,Both,27,Age-standardized,294,All causes,108,High body-mass index,3,Rate,2006,766.7092602308998,1218.782045455211,359.0607957452336
1,All Population,2,DALYs (Disability-Adjusted Life Years),178,Eritrea,3,Both,27,Age-standardized,294,All causes,108,High body-mass index,3,Rate,2006,688.7574767249474,1161.7447292258582,321.96292735815894
1,All Population,2,DALYs (Disability-Adjusted Life Years),182,Malawi,3,Both,27,Age-standardized,294,All causes,108,High body-mass index,3,Rate,2006,1149.5490002797278,1775.2561988595976,609.7799922321914
1,All Population,2,DALYs (Disability-Adjusted Life Years),186,Seychelles,3,Both,27,Age-standardized,294,All causes,108,High body-mass index,3,Rate,2006,2067.6568001726487,2891.5950043243392,1238.4331287647908
1,All Population,2,DALYs (Disability-Adjusted Life Years),180,Kenya,3,Both,27,Age-standardized,294,All causes,108,High body-mass index,3,Rate,2006,785.2209761972215,1242.261468797979,404.5998190605379
1,All Population,2,DALYs (Disability-Adjusted Life Years),185,Rwanda,3,Both,27,Age-standardized,294,All causes,108,High body-mass index,3,Rate,2004,733.3365816471113,1164.0923534456488,364.10157131633747
1,All Population,2,DALYs (Disability-Adjusted Life Years),191,Zambia,3,Both,27,Age-standardized,294,All causes,108,High body-mass index,3,Rate,2006,1379.1905829014954,2115.858765500325,692.904657711764
1,All Population,2,DALYs (Disability-Adjusted Life Years),190,Uganda,3,Both,27,Age-standardized,294,All causes,108,High body-mass index,3,Rate,2004,884.9993965595892,1382.759621223921,469.48911800947354
1,All Population,2,DALYs (Disability-Adjusted Life Years),183,Mauritius,3,Both,27,Age-standardized,294,All causes,108,High body-mass index,3,Rate,2006,3463.6311887478482,5001.535252578471,1811.2784037431522
1,All Population,2,DALYs (Disability-Adjusted Life Years),187,Somalia,3,Both,27,Age-standardized,294,All causes,108,High body-mass index,3,Rate,2006,650.7669960128791,1052.0083732646706,306.620233459981
1,All Population,2,DALYs (Disability-Adjusted Life Years),189,United Republic of Tanzania,3,Both,27,Age-standardized,294,All causes,108,High body-mass index,3,Rate,2006,939.0282161663758,1367.750184009706,494.551704660535
1,All Population,2,DALYs (Disability-Adjusted Life Years),194,Lesotho,3,Both,27,Age-standardized,294,All causes,108,High body-mass index,3,Rate,2006,2308.540560852431,3414.703173956078,1134.114400628442
1,All Population,2,DALYs (Disability-Adjusted Life Years),196,South Africa,3,Both,27,Age-standardized,294,All causes,108,High body-mass index,3,Rate,2006,3067.3333020835826,4352.397740412934,1629.372384730917
1,All Population,2,DALYs (Disability-Adjusted Life Years),198,Zimbabwe,3,Both,27,Age-standardized,294,All causes,108,High body-mass index,3,Rate,2006,1719.301634189374,2586.4571675937827,933.510327115745
1,All Population,2,DALYs (Disability-Adjusted Life Years),217,Sierra Leone,3,Both,27,Age-standardized,294,All causes,108,High body-mass index,3,Rate,2004,1041.9609891201267,1633.7054932888072,525.3014996313768
1,All Population,2,DALYs (Disability-Adjusted Life Years),195,Namibia,3,Both,27,Age-standardized,294,All causes,108,High body-mass index,3,Rate,2006,1668.8446379898758,2419.8721912368396,879.1839208376183
1,All Population,2,DALYs (Disability-Adjusted Life Years),200,Benin,3,Both,27,Age-standardized,294,All causes,108,High body-mass index,3,Rate,2006,1137.7747809688394,1706.4721262243968,555.7992804253033
1,All Population,2,DALYs (Disability-Adjusted Life Years),197,Eswatini,3,Both,27,Age-standardized,294,All causes,108,High body-mass index,3,Rate,2004,4031.168266530006,5770.099076376765,2318.6239825611888
1,All Population,2,DALYs (Disability-Adjusted Life Years),206,Gambia,3,Both,27,Age-standardized,294,All causes,108,High body-mass index,3,Rate,2006,1317.6519595055008,1963.1676766776566,676.2894869914214
1,All Population,2,DALYs (Disability-Adjusted Life Years),202,Cameroon,3,Both,27,Age-standardized,294,All causes,108,High body-mass index,3,Rate,2006,2156.654682606515,3208.380156953986,1154.7743780974433
1,All Population,2,DALYs (Disability-Adjusted Life Years),203,Cabo Verde,3,Both,27,Age-standardized,294,All causes,108,High body-mass index,3,Rate,2006,1146.1494691798189,1731.2392965010001,559.4327720265097
1,All Population,2,DALYs (Disability-Adjusted Life Years),209,Guinea-Bissau,3,Both,27,Age-standardized,294,All causes,108,High body-mass index,3,Rate,2004,1452.8609386220344,2329.4600890071397,737.1307833653656
1,All Population,2,DALYs (Disability-Adjusted Life Years),204,Chad,3,Both,27,Age-standardized,294,All causes,108,High body-mass index,3,Rate,2006,1750.692345243762,2834.7767962011135,948.1009515768312
1,All Population,2,DALYs (Disability-Adjusted Life Years),205,Côte d'Ivoire,3,Both,27,Age-standardized,294,All causes,108,High body-mass index,3,Rate,2006,1102.0580349051804,1609.6051362703631,582.3761432548542
1,All Population,2,DALYs (Disability-Adjusted Life Years),207,Ghana,3,Both,27,Age-standardized,294,All causes,108,High body-mass index,3,Rate,2006,1657.516061188811,2457.600636272021,899.3758832038928
1,All Population,2,DALYs (Disability-Adjusted Life Years),208,Guinea,3,Both,27,Age-standardized,294,All causes,108,High body-mass index,3,Rate,2006,1192.3187374524305,1804.2898712043718,616.4221668965
1,All Population,2,DALYs (Disability-Adjusted Life Years),210,Liberia,3,Both,27,Age-standardized,294,All causes,108,High body-mass index,3,Rate,2006,1829.8095400445372,2752.6580023406527,944.6019629937894
1,All Population,2,DALYs (Disability-Adjusted Life Years),351,Guam,3,Both,27,Age-standardized,294,All causes,108,High body-mass index,3,Rate,2004,2604.2039991149036,3857.9947177582794,1314.377125663466
1,All Population,2,DALYs (Disability-Adjusted Life Years),212,Mauritania,3,Both,27,Age-standardized,294,All causes,108,High body-mass index,3,Rate,2006,2269.059446733802,3366.5343503200934,1170.8668654151247
1,All Population,2,DALYs (Disability-Adjusted Life Years),213,Niger,3,Both,27,Age-standardized,294,All causes,108,High body-mass index,3,Rate,2004,903.1230461234418,1482.8617778067999,424.21095407417914
1,All Population,2,DALYs (Disability-Adjusted Life Years),214,Nigeria,3,Both,27,Age-standardized,294,All causes,108,High body-mass index,3,Rate,2006,1501.0257938541279,2316.078584074655,812.9370790114252
1,All Population,2,DALYs (Disability-Adjusted Life Years),215,Sao Tome and Principe,3,Both,27,Age-standardized,294,All causes,108,High body-mass index,3,Rate,2006,1359.8084194513383,2105.2167031803683,676.9472101621095
1,All Population,2,DALYs (Disability-Adjusted Life Years),211,Mali,3,Both,27,Age-standardized,294,All causes,108,High body-mass index,3,Rate,2006,1567.6088723828937,2356.025799564431,820.2925122981338
1,All Population,2,DALYs (Disability-Adjusted Life Years),218,Togo,3,Both,27,Age-standardized,294,All causes,108,High body-mass index,3,Rate,2006,1217.087584760765,1906.340812053547,627.0824989934453
1,All Population,2,DALYs (Disability-Adjusted Life Years),216,Senegal,3,Both,27,Age-standardized,294,All causes,108,High body-mass index,3,Rate,2006,1165.554888886439,1782.1475844196902,597.8376030061274
1,All Population,2,DALYs (Disability-Adjusted Life Years),435,South Sudan,3,Both,27,Age-standardized,294,All causes,108,High body-mass index,3,Rate,2004,764.1823149959785,1292.0795611039084,406.88067594624596
1,All Population,2,DALYs (Disability-Adjusted Life Years),369,Nauru,3,Both,27,Age-standardized,294,All causes,108,High body-mass index,3,Rate,2004,11749.096742478307,16448.245162446136,6031.167299246894
1,All Population,2,DALYs (Disability-Adjusted Life Years),385,Puerto Rico,3,Both,27,Age-standardized,294,All causes,108,High body-mass index,3,Rate,2004,2749.743734853371,3820.685072602987,1436.5521753006194
1,All Population,2,DALYs (Disability-Adjusted Life Years),305,Bermuda,3,Both,27,Age-standardized,294,All causes,108,High body-mass index,3,Rate,2006,1406.4607346704463,2100.321264520712,633.5061331849793
1,All Population,2,DALYs (Disability-Adjusted Life Years),349,Greenland,3,Both,27,Age-standardized,294,All causes,108,High body-mass index,3,Rate,2006,2357.854246957453,3731.7281266124323,1071.2271992192952
1,All Population,2,DALYs (Disability-Adjusted Life Years),298,American Samoa,3,Both,27,Age-standardized,294,All causes,108,High body-mass index,3,Rate,2006,6275.342104947459,8678.937603726956,3322.4634849767517
1,All Population,2,DALYs (Disability-Adjusted Life Years),367,Monaco,3,Both,27,Age-standardized,294,All causes,108,High body-mass index,3,Rate,2006,1505.7877007552465,2428.132837882878,596.633552116111
1,All Population,2,DALYs (Disability-Adjusted Life Years),374,Niue,3,Both,27,Age-standardized,294,All causes,108,High body-mass index,3,Rate,2006,5695.908090393598,7944.5261866770325,2937.311733246334
1,All Population,2,DALYs (Disability-Adjusted Life Years),393,Saint Kitts and Nevis,3,Both,27,Age-standardized,294,All causes,108,High body-mass index,3,Rate,2006,2461.1322397400213,3680.2921222720447,1259.6766425484861
1,All Population,2,DALYs (Disability-Adjusted Life Years),380,Palau,3,Both,27,Age-standardized,294,All causes,108,High body-mass index,3,Rate,2006,4687.635433313334,6861.579622079018,2267.730059590223
1,All Population,2,DALYs (Disability-Adjusted Life Years),320,Cook Islands,3,Both,27,Age-standardized,294,All causes,108,High body-mass index,3,Rate,2006,6576.118618889088,8667.491876219785,3956.95730938157
1,All Population,2,DALYs (Disability-Adjusted Life Years),376,Northern Mariana Islands,3,Both,27,Age-standardized,294,All causes,108,High body-mass index,3,Rate,2006,4481.774734695742,6404.889974622829,2195.770240010937
1,All Population,2,DALYs (Disability-Adjusted Life Years),416,Tuvalu,3,Both,27,Age-standardized,294,All causes,108,High body-mass index,3,Rate,2004,6767.800833183926,9581.163180926605,3559.9941727659566
1,All Population,2,DALYs (Disability-Adjusted Life Years),422,United States Virgin Islands,3,Both,27,Age-standardized,294,All causes,108,High body-mass index,3,Rate,2006,2599.581861922336,3683.3578361106524,1371.7222247180055
1,All Population,2,DALYs (Disability-Adjusted Life Years),413,Tokelau,3,Both,27,Age-standardized,294,All causes,108,High body-mass index,3,Rate,2006,4861.895970979182,6772.058505549468,2511.532850595682
1,All Population,2,DALYs (Disability-Adjusted Life Years),396,San Marino,3,Both,27,Age-standardized,294,All causes,108,High body-mass index,3,Rate,2006,956.6959884475134,1611.3607962092071,359.87996950912515
1,All Population,2,DALYs (Disability-Adjusted Life Years),522,Sudan,3,Both,27,Age-standardized,294,All causes,108,High body-mass index,3,Rate,2006,2547.896390080139,3815.8200006109823,1329.7933300199168
1,All Population,2,DALYs (Disability-Adjusted Life Years),12,Lao People's Democratic Republic,3,Both,27,Age-standardized,294,All causes,108,High body-mass index,3,Rate,2007,919.184298590805,1389.2312955779346,495.02239211700527
1,All Population,2,DALYs (Disability-Adjusted Life Years),8,Taiwan,3,Both,27,Age-standardized,294,All causes,108,High body-mass index,3,Rate,2007,1152.2187091060616,1798.0866104664747,499.6355733732574
1,All Population,2,DALYs (Disability-Adjusted Life Years),6,China,3,Both,27,Age-standardized,294,All causes,108,High body-mass index,3,Rate,2007,685.9838956655951,1067.8940410676732,298.3892158532747
1,All Population,2,DALYs (Disability-Adjusted Life Years),10,Cambodia,3,Both,27,Age-standardized,294,All causes,108,High body-mass index,3,Rate,2007,663.2185362044969,1046.2291164816093,318.6942123750139
1,All Population,2,DALYs (Disability-Adjusted Life Years),16,Philippines,3,Both,27,Age-standardized,294,All causes,108,High body-mass index,3,Rate,2007,1388.8117295962631,2043.2800458673669,716.1998594581769
1,All Population,2,DALYs (Disability-Adjusted Life Years),17,Sri Lanka,3,Both,27,Age-standardized,294,All causes,108,High body-mass index,3,Rate,2007,1265.9030068489612,1981.1214744678723,596.2642912769227
1,All Population,2,DALYs (Disability-Adjusted Life Years),20,Viet Nam,3,Both,27,Age-standardized,294,All causes,108,High body-mass index,3,Rate,2007,382.65497621626514,593.0188820284726,191.4120251995808
1,All Population,2,DALYs (Disability-Adjusted Life Years),14,Maldives,3,Both,27,Age-standardized,294,All causes,108,High body-mass index,3,Rate,2007,1202.6092470113938,1843.451782305698,585.6099562018167
1,All Population,2,DALYs (Disability-Adjusted Life Years),13,Malaysia,3,Both,27,Age-standardized,294,All causes,108,High body-mass index,3,Rate,2007,1301.9059802990475,2045.1976266395652,574.9296047955571
1,All Population,2,DALYs (Disability-Adjusted Life Years),24,Marshall Islands,3,Both,27,Age-standardized,294,All causes,108,High body-mass index,3,Rate,2007,8075.465149103131,11286.263721662779,4299.001684856343
1,All Population,2,DALYs (Disability-Adjusted Life Years),18,Thailand,3,Both,27,Age-standardized,294,All causes,108,High body-mass index,3,Rate,2007,949.8404125527242,1509.02130847867,410.9032024262394
1,All Population,2,DALYs (Disability-Adjusted Life Years),22,Fiji,3,Both,27,Age-standardized,294,All causes,108,High body-mass index,3,Rate,2007,7137.038853185652,9998.288876841096,3694.279480733751
1,All Population,2,DALYs (Disability-Adjusted Life Years),25,Micronesia (Federated States of),3,Both,27,Age-standardized,294,All causes,108,High body-mass index,3,Rate,2007,7538.942250933051,10628.679888368226,3972.0324097895277
1,All Population,2,DALYs (Disability-Adjusted Life Years),19,Timor-Leste,3,Both,27,Age-standardized,294,All causes,108,High body-mass index,3,Rate,2005,386.0984085188582,634.0224530675586,190.1891640558815
1,All Population,2,DALYs (Disability-Adjusted Life Years),7,Democratic People's Republic of Korea,3,Both,27,Age-standardized,294,All causes,108,High body-mass index,3,Rate,2005,933.1099039201823,1607.2686739618691,418.05527598274057
1,All Population,2,DALYs (Disability-Adjusted Life Years),26,Papua New Guinea,3,Both,27,Age-standardized,294,All causes,108,High body-mass index,3,Rate,2007,2748.8617945112237,4137.245224227834,1305.8531678445177
1,All Population,2,DALYs (Disability-Adjusted Life Years),28,Solomon Islands,3,Both,27,Age-standardized,294,All causes,108,High body-mass index,3,Rate,2007,4763.588859179997,6992.9807745161725,2347.273470082939
1,All Population,2,DALYs (Disability-Adjusted Life Years),29,Tonga,3,Both,27,Age-standardized,294,All causes,108,High body-mass index,3,Rate,2007,5134.305674089809,7151.199187277032,2622.045928303516
1,All Population,2,DALYs (Disability-Adjusted Life Years),30,Vanuatu,3,Both,27,Age-standardized,294,All causes,108,High body-mass index,3,Rate,2007,3637.628501848731,5465.922283100432,1772.723345254346
1,All Population,2,DALYs (Disability-Adjusted Life Years),11,Indonesia,3,Both,27,Age-standardized,294,All causes,108,High body-mass index,3,Rate,2005,949.7538914761574,1406.7434835986862,462.5387570269651
1,All Population,2,DALYs (Disability-Adjusted Life Years),23,Kiribati,3,Both,27,Age-standardized,294,All causes,108,High body-mass index,3,Rate,2005,4251.272137933003,6170.230389530443,2144.8535092122866
1,All Population,2,DALYs (Disability-Adjusted Life Years),15,Myanmar,3,Both,27,Age-standardized,294,All causes,108,High body-mass index,3,Rate,2005,1137.8008031919728,1754.348730008005,549.2035571084216
1,All Population,2,DALYs (Disability-Adjusted Life Years),27,Samoa,3,Both,27,Age-standardized,294,All causes,108,High body-mass index,3,Rate,2005,4488.64816521166,6266.997641951713,2281.4175429310744
1,All Population,2,DALYs (Disability-Adjusted Life Years),67,Japan,3,Both,27,Age-standardized,294,All causes,108,High body-mass index,3,Rate,2007,617.4852105341885,1033.45693035479,235.89471854867833
1,All Population,2,DALYs (Disability-Adjusted Life Years),66,Brunei Darussalam,3,Both,27,Age-standardized,294,All causes,108,High body-mass index,3,Rate,2007,2156.704819813646,3253.772957322043,981.358841410811
1,All Population,2,DALYs (Disability-Adjusted Life Years),68,Republic of Korea,3,Both,27,Age-standardized,294,All causes,108,High body-mass index,3,Rate,2007,756.4827899371002,1161.7895128384516,320.05139868010673
1,All Population,2,DALYs (Disability-Adjusted Life Years),72,New Zealand,3,Both,27,Age-standardized,294,All causes,108,High body-mass index,3,Rate,2007,1562.4618004059587,2455.225832140645,635.9805604839922
1,All Population,2,DALYs (Disability-Adjusted Life Years),74,Andorra,3,Both,27,Age-standardized,294,All causes,108,High body-mass index,3,Rate,2007,953.3651072987202,1594.771267130185,369.4358284167103
1,All Population,2,DALYs (Disability-Adjusted Life Years),69,Singapore,3,Both,27,Age-standardized,294,All causes,108,High body-mass index,3,Rate,2005,880.0923715105317,1354.711237401554,384.1675700810299
1,All Population,2,DALYs (Disability-Adjusted Life Years),77,Cyprus,3,Both,27,Age-standardized,294,All causes,108,High body-mass index,3,Rate,2005,1720.7322748971362,2664.5134688684097,734.310096719296
1,All Population,2,DALYs (Disability-Adjusted Life Years),71,Australia,3,Both,27,Age-standardized,294,All causes,108,High body-mass index,3,Rate,2007,1251.3651146420648,2032.2623399761135,475.1737058608289
1,All Population,2,DALYs (Disability-Adjusted Life Years),75,Austria,3,Both,27,Age-standardized,294,All causes,108,High body-mass index,3,Rate,2007,1280.3861369331546,1941.5935421183683,542.1070420955186
1,All Population,2,DALYs (Disability-Adjusted Life Years),81,Germany,3,Both,27,Age-standardized,294,All causes,108,High body-mass index,3,Rate,2005,1464.3282791151203,2264.3649995966125,607.8003417217182
1,All Population,2,DALYs (Disability-Adjusted Life Years),78,Denmark,3,Both,27,Age-standardized,294,All causes,108,High body-mass index,3,Rate,2007,1127.2017378500514,1759.7231162304627,446.23657723952766
1,All Population,2,DALYs (Disability-Adjusted Life Years),80,France,3,Both,27,Age-standardized,294,All causes,108,High body-mass index,3,Rate,2007,1002.9163845372809,1554.1469756362915,390.4782970118407
1,All Population,2,DALYs (Disability-Adjusted Life Years),76,Belgium,3,Both,27,Age-standardized,294,All causes,108,High body-mass index,3,Rate,2007,1116.0636407846537,1724.162544087618,432.3766237219535
1,All Population,2,DALYs (Disability-Adjusted Life Years),88,Malta,3,Both,27,Age-standardized,294,All causes,108,High body-mass index,3,Rate,2005,1443.3782540801437,2281.9979234251887,590.7270307297053
1,All Population,2,DALYs (Disability-Adjusted Life Years),79,Finland,3,Both,27,Age-standardized,294,All causes,108,High body-mass index,3,Rate,2007,1357.8251379512708,2161.412463612141,547.6799500759039
1,All Population,2,DALYs (Disability-Adjusted Life Years),82,Greece,3,Both,27,Age-standardized,294,All causes,108,High body-mass index,3,Rate,2007,1506.587146918453,2316.17949600265,621.1616451696937
1,All Population,2,DALYs (Disability-Adjusted Life Years),86,Italy,3,Both,27,Age-standardized,294,All causes,108,High body-mass index,3,Rate,2007,1217.2911588961283,1912.0377704762118,512.1490987992269
1,All Population,2,DALYs (Disability-Adjusted Life Years),84,Ireland,3,Both,27,Age-standardized,294,All causes,108,High body-mass index,3,Rate,2007,1216.6405508868204,1912.1703303256174,476.4096303193749
1,All Population,2,DALYs (Disability-Adjusted Life Years),83,Iceland,3,Both,27,Age-standardized,294,All causes,108,High body-mass index,3,Rate,2007,1143.1135337907715,1891.5426790432552,432.1036996577683
1,All Population,2,DALYs (Disability-Adjusted Life Years),87,Luxembourg,3,Both,27,Age-standardized,294,All causes,108,High body-mass index,3,Rate,2007,1160.82594498064,1809.3534808719899,463.7270708747132
1,All Population,2,DALYs (Disability-Adjusted Life Years),91,Portugal,3,Both,27,Age-standardized,294,All causes,108,High body-mass index,3,Rate,2007,1371.5958017595601,2180.796468502699,556.4370950738862
1,All Population,2,DALYs (Disability-Adjusted Life Years),93,Sweden,3,Both,27,Age-standardized,294,All causes,108,High body-mass index,3,Rate,2007,1082.8928418914566,1659.7399187173191,446.44255388383056
1,All Population,2,DALYs (Disability-Adjusted Life Years),85,Israel,3,Both,27,Age-standardized,294,All causes,108,High body-mass index,3,Rate,2007,1463.9398597847119,2219.1359059425085,617.8392468391424
1,All Population,2,DALYs (Disability-Adjusted Life Years),89,Netherlands,3,Both,27,Age-standardized,294,All causes,108,High body-mass index,3,Rate,2007,1051.9549652440453,1659.7327267906117,409.296367834465
1,All Population,2,DALYs (Disability-Adjusted Life Years),95,United Kingdom,3,Both,27,Age-standardized,294,All causes,108,High body-mass index,3,Rate,2007,1356.4770943820747,2195.7325667758173,530.2879099763841
1,All Population,2,DALYs (Disability-Adjusted Life Years),97,Argentina,3,Both,27,Age-standardized,294,All causes,108,High body-mass index,3,Rate,2007,1910.3406561994575,2849.4981533801338,906.9223379539433
1,All Population,2,DALYs (Disability-Adjusted Life Years),90,Norway,3,Both,27,Age-standardized,294,All causes,108,High body-mass index,3,Rate,2007,1079.9647533014618,1713.2365507967759,422.59714776553557
1,All Population,2,DALYs (Disability-Adjusted Life Years),98,Chile,3,Both,27,Age-standardized,294,All causes,108,High body-mass index,3,Rate,2007,1623.4619366362144,2505.739400515074,736.590596997236
1,All Population,2,DALYs (Disability-Adjusted Life Years),92,Spain,3,Both,27,Age-standardized,294,All causes,108,High body-mass index,3,Rate,2005,1297.371404852201,2014.4380352244432,523.9921703442167
1,All Population,2,DALYs (Disability-Adjusted Life Years),101,Canada,3,Both,27,Age-standardized,294,All causes,108,High body-mass index,3,Rate,2007,1231.7979845910747,1916.3698280254027,502.27972220248404
1,All Population,2,DALYs (Disability-Adjusted Life Years),94,Switzerland,3,Both,27,Age-standardized,294,All causes,108,High body-mass index,3,Rate,2007,1010.9870697857423,1612.0152841404972,391.35187156929646
1,All Population,2,DALYs (Disability-Adjusted Life Years),99,Uruguay,3,Both,27,Age-standardized,294,All causes,108,High body-mass index,3,Rate,2007,1575.1252959178835,2450.137069772158,657.245392620001
1,All Population,2,DALYs (Disability-Adjusted Life Years),105,Antigua and Barbuda,3,Both,27,Age-standardized,294,All causes,108,High body-mass index,3,Rate,2007,2384.8115044042743,3387.4918252300345,1244.9375554141475
1,All Population,2,DALYs (Disability-Adjusted Life Years),102,United States of America,3,Both,27,Age-standardized,294,All causes,108,High body-mass index,3,Rate,2007,2063.9714435667693,3041.3946537280194,963.7786810176814
1,All Population,2,DALYs (Disability-Adjusted Life Years),107,Barbados,3,Both,27,Age-standardized,294,All causes,108,High body-mass index,3,Rate,2007,2641.4389795743004,3812.4817373900305,1331.7963012462358
1,All Population,2,DALYs (Disability-Adjusted Life Years),109,Cuba,3,Both,27,Age-standardized,294,All causes,108,High body-mass index,3,Rate,2007,1468.4257218301448,2249.3140478794494,679.1499070088909
1,All Population,2,DALYs (Disability-Adjusted Life Years),111,Dominican Republic,3,Both,27,Age-standardized,294,All causes,108,High body-mass index,3,Rate,2007,1724.9804029332126,2532.063100469773,870.4960974133639
1,All Population,2,DALYs (Disability-Adjusted Life Years),112,Grenada,3,Both,27,Age-standardized,294,All causes,108,High body-mass index,3,Rate,2007,2534.6262635813514,3540.177223871073,1296.8884248089357
1,All Population,2,DALYs (Disability-Adjusted Life Years),106,Bahamas,3,Both,27,Age-standardized,294,All causes,108,High body-mass index,3,Rate,2007,3456.0132997277037,4701.846314306034,2039.928577533551
1,All Population,2,DALYs (Disability-Adjusted Life Years),116,Saint Lucia,3,Both,27,Age-standardized,294,All causes,108,High body-mass index,3,Rate,2007,2483.548359191336,3555.626656453044,1268.016479440999
1,All Population,2,DALYs (Disability-Adjusted Life Years),114,Haiti,3,Both,27,Age-standardized,294,All causes,108,High body-mass index,3,Rate,2007,1672.0524168444647,2596.495638315436,815.2432980091818
1,All Population,2,DALYs (Disability-Adjusted Life Years),110,Dominica,3,Both,27,Age-standardized,294,All causes,108,High body-mass index,3,Rate,2007,2799.5722841317734,4049.867394622014,1554.1461645429008
1,All Population,2,DALYs (Disability-Adjusted Life Years),108,Belize,3,Both,27,Age-standardized,294,All causes,108,High body-mass index,3,Rate,2005,2914.339607963734,4107.087705053705,1534.6850707529866
1,All Population,2,DALYs (Disability-Adjusted Life Years),135,Brazil,3,Both,27,Age-standardized,294,All causes,108,High body-mass index,3,Rate,2005,1764.0178309317378,2628.047174564048,870.0629349914915
1,All Population,2,DALYs (Disability-Adjusted Life Years),115,Jamaica,3,Both,27,Age-standardized,294,All causes,108,High body-mass index,3,Rate,2005,1760.7112486142578,2664.780569873742,826.8455406282038
1,All Population,2,DALYs (Disability-Adjusted Life Years),118,Suriname,3,Both,27,Age-standardized,294,All causes,108,High body-mass index,3,Rate,2007,2136.816345598739,3273.918669818145,1078.8291528884688
1,All Population,2,DALYs (Disability-Adjusted Life Years),123,Peru,3,Both,27,Age-standardized,294,All causes,108,High body-mass index,3,Rate,2005,1150.840711785019,1728.5189846879928,532.0316489236443
1,All Population,2,DALYs (Disability-Adjusted Life Years),113,Guyana,3,Both,27,Age-standardized,294,All causes,108,High body-mass index,3,Rate,2007,3968.4421526267106,5574.409788396801,2182.3698562059417
1,All Population,2,DALYs (Disability-Adjusted Life Years),142,Iran (Islamic Republic of),3,Both,27,Age-standardized,294,All causes,108,High body-mass index,3,Rate,2005,2038.1226767092733,3057.2033888830274,1005.7177124929744
1,All Population,2,DALYs (Disability-Adjusted Life Years),121,Bolivia (Plurinational State of),3,Both,27,Age-standardized,294,All causes,108,High body-mass index,3,Rate,2007,2282.506652978057,3312.2837749886253,1237.3279620144554
1,All Population,2,DALYs (Disability-Adjusted Life Years),117,Saint Vincent and the Grenadines,3,Both,27,Age-standardized,294,All causes,108,High body-mass index,3,Rate,2007,2328.361662190863,3423.1135343024516,1132.234576271654
1,All Population,2,DALYs (Disability-Adjusted Life Years),119,Trinidad and Tobago,3,Both,27,Age-standardized,294,All causes,108,High body-mass index,3,Rate,2005,4088.2791065588954,5812.881259025179,2016.7547826745144
1,All Population,2,DALYs (Disability-Adjusted Life Years),127,El Salvador,3,Both,27,Age-standardized,294,All causes,108,High body-mass index,3,Rate,2005,2139.0795856143463,3104.137538382608,1051.9321690012616
1,All Population,2,DALYs (Disability-Adjusted Life Years),122,Ecuador,3,Both,27,Age-standardized,294,All causes,108,High body-mass index,3,Rate,2007,2249.127701920499,3159.6059218857395,1291.940063105791
1,All Population,2,DALYs (Disability-Adjusted Life Years),128,Guatemala,3,Both,27,Age-standardized,294,All causes,108,High body-mass index,3,Rate,2007,2272.276382159687,3258.899102933551,1144.1728393694034
1,All Population,2,DALYs (Disability-Adjusted Life Years),125,Colombia,3,Both,27,Age-standardized,294,All causes,108,High body-mass index,3,Rate,2007,1401.7632651114395,2078.7825257863688,653.7174163936298
1,All Population,2,DALYs (Disability-Adjusted Life Years),131,Nicaragua,3,Both,27,Age-standardized,294,All causes,108,High body-mass index,3,Rate,2005,1971.8785707961574,2838.3891277644193,1030.7793380856751
1,All Population,2,DALYs (Disability-Adjusted Life Years),146,Lebanon,3,Both,27,Age-standardized,294,All causes,108,High body-mass index,3,Rate,2005,1729.0413271862624,2648.993838837433,775.3266773693974
1,All Population,2,DALYs (Disability-Adjusted Life Years),130,Mexico,3,Both,27,Age-standardized,294,All causes,108,High body-mass index,3,Rate,2007,2945.156110776629,4107.822619188331,1567.923766177091
1,All Population,2,DALYs (Disability-Adjusted Life Years),132,Panama,3,Both,27,Age-standardized,294,All causes,108,High body-mass index,3,Rate,2007,1689.9346621967452,2427.3409755526795,824.1385464277491
1,All Population,2,DALYs (Disability-Adjusted Life Years),126,Costa Rica,3,Both,27,Age-standardized,294,All causes,108,High body-mass index,3,Rate,2007,1620.9049355817194,2346.2924363191273,797.3863522514805
1,All Population,2,DALYs (Disability-Adjusted Life Years),136,Paraguay,3,Both,27,Age-standardized,294,All causes,108,High body-mass index,3,Rate,2007,2289.6171389719325,3262.468736167036,1135.921260444493
1,All Population,2,DALYs (Disability-Adjusted Life Years),129,Honduras,3,Both,27,Age-standardized,294,All causes,108,High body-mass index,3,Rate,2007,1672.8374301006331,2561.82568303721,825.1052756976578
1,All Population,2,DALYs (Disability-Adjusted Life Years),139,Algeria,3,Both,27,Age-standardized,294,All causes,108,High body-mass index,3,Rate,2007,2243.9918487867913,3346.151445648524,1190.5972771057586
1,All Population,2,DALYs (Disability-Adjusted Life Years),133,Venezuela (Bolivarian Republic of),3,Both,27,Age-standardized,294,All causes,108,High body-mass index,3,Rate,2007,2366.1968168783674,3416.423878007698,1257.5252660449607
1,All Population,2,DALYs (Disability-Adjusted Life Years),144,Jordan,3,Both,27,Age-standardized,294,All causes,108,High body-mass index,3,Rate,2007,4059.028184097359,5666.75540765508,2176.0366079746154
1,All Population,2,DALYs (Disability-Adjusted Life Years),162,Bhutan,3,Both,27,Age-standardized,294,All causes,108,High body-mass index,3,Rate,2005,1644.08917172029,2466.965967547284,836.7904055947329
1,All Population,2,DALYs (Disability-Adjusted Life Years),165,Pakistan,3,Both,27,Age-standardized,294,All causes,108,High body-mass index,3,Rate,2005,1399.0763383056653,2162.8309574742157,667.2873677567096
1,All Population,2,DALYs (Disability-Adjusted Life Years),145,Kuwait,3,Both,27,Age-standardized,294,All causes,108,High body-mass index,3,Rate,2007,3613.5174622459035,5148.028880421197,1797.822026339759
1,All Population,2,DALYs (Disability-Adjusted Life Years),141,Egypt,3,Both,27,Age-standardized,294,All causes,108,High body-mass index,3,Rate,2007,5619.640349512453,7835.345841276434,3034.4119515201
1,All Population,2,DALYs (Disability-Adjusted Life Years),150,Oman,3,Both,27,Age-standardized,294,All causes,108,High body-mass index,3,Rate,2005,2957.2356581228055,4384.289290810441,1543.4556978708038
1,All Population,2,DALYs (Disability-Adjusted Life Years),140,Bahrain,3,Both,27,Age-standardized,294,All causes,108,High body-mass index,3,Rate,2007,3881.2233005779385,5650.5927543397465,1848.4728988738443
1,All Population,2,DALYs (Disability-Adjusted Life Years),148,Morocco,3,Both,27,Age-standardized,294,All causes,108,High body-mass index,3,Rate,2007,2934.944745570958,4334.02044153052,1490.57685145644
1,All Population,2,DALYs (Disability-Adjusted Life Years),151,Qatar,3,Both,27,Age-standardized,294,All causes,108,High body-mass index,3,Rate,2007,3595.0737979362298,5140.447223695744,1768.7214324559332
1,All Population,2,DALYs (Disability-Adjusted Life Years),147,Libya,3,Both,27,Age-standardized,294,All causes,108,High body-mass index,3,Rate,2007,3324.317605605584,4901.325646321359,1727.657462743437
1,All Population,2,DALYs (Disability-Adjusted Life Years),143,Iraq,3,Both,27,Age-standardized,294,All causes,108,High body-mass index,3,Rate,2007,3939.372177028781,5804.684047604368,1964.7868898545337
1,All Population,2,DALYs (Disability-Adjusted Life Years),149,Palestine,3,Both,27,Age-standardized,294,All causes,108,High body-mass index,3,Rate,2007,3749.5899047599028,5336.902843310617,1912.0697595142472
1,All Population,2,DALYs (Disability-Adjusted Life Years),154,Tunisia,3,Both,27,Age-standardized,294,All causes,108,High body-mass index,3,Rate,2005,2307.281231160228,3505.2691055697255,1072.920213120276
1,All Population,2,DALYs (Disability-Adjusted Life Years),169,Central African Republic,3,Both,27,Age-standardized,294,All causes,108,High body-mass index,3,Rate,2005,1630.9281776390137,2762.848030037542,876.0375635492863
1,All Population,2,DALYs (Disability-Adjusted Life Years),152,Saudi Arabia,3,Both,27,Age-standardized,294,All causes,108,High body-mass index,3,Rate,2007,3936.912895656374,5452.746667568195,2209.349016375986
1,All Population,2,DALYs (Disability-Adjusted Life Years),155,Türkiye,3,Both,27,Age-standardized,294,All causes,108,High body-mass index,3,Rate,2007,2598.6036222556622,3768.7840386593134,1244.8748316294332
1,All Population,2,DALYs (Disability-Adjusted Life Years),156,United Arab Emirates,3,Both,27,Age-standardized,294,All causes,108,High body-mass index,3,Rate,2007,2799.5766148724574,4134.939999828792,1263.4165069563753
1,All Population,2,DALYs (Disability-Adjusted Life Years),153,Syrian Arab Republic,3,Both,27,Age-standardized,294,All causes,108,High body-mass index,3,Rate,2007,3723.7572701520394,5429.678948370302,1889.522653092632
1,All Population,2,DALYs (Disability-Adjusted Life Years),160,Afghanistan,3,Both,27,Age-standardized,294,All causes,108,High body-mass index,3,Rate,2007,2601.7123502873055,3955.223293098608,1306.4469842428234
1,All Population,2,DALYs (Disability-Adjusted Life Years),181,Madagascar,3,Both,27,Age-standardized,294,All causes,108,High body-mass index,3,Rate,2005,829.4054460559662,1314.2302807446142,408.9131130188912
1,All Population,2,DALYs (Disability-Adjusted Life Years),157,Yemen,3,Both,27,Age-standardized,294,All causes,108,High body-mass index,3,Rate,2007,1594.9403015511098,2445.250357467339,825.2636183863082
1,All Population,2,DALYs (Disability-Adjusted Life Years),164,Nepal,3,Both,27,Age-standardized,294,All causes,108,High body-mass index,3,Rate,2007,743.6435342363409,1170.0220343297676,339.9956003552
1,All Population,2,DALYs (Disability-Adjusted Life Years),163,India,3,Both,27,Age-standardized,294,All causes,108,High body-mass index,3,Rate,2007,766.7186129247374,1165.2963875698008,387.76483336281484
1,All Population,2,DALYs (Disability-Adjusted Life Years),161,Bangladesh,3,Both,27,Age-standardized,294,All causes,108,High body-mass index,3,Rate,2007,899.6898584441528,1406.4616126995913,430.9989496872787
1,All Population,2,DALYs (Disability-Adjusted Life Years),173,Gabon,3,Both,27,Age-standardized,294,All causes,108,High body-mass index,3,Rate,2005,2429.628740679374,3585.5905616452897,1398.765176601231
1,All Population,2,DALYs (Disability-Adjusted Life Years),172,Equatorial Guinea,3,Both,27,Age-standardized,294,All causes,108,High body-mass index,3,Rate,2007,2132.291666615694,3278.8485954712155,1153.946960978825
1,All Population,2,DALYs (Disability-Adjusted Life Years),168,Angola,3,Both,27,Age-standardized,294,All causes,108,High body-mass index,3,Rate,2007,1354.5614975726494,2141.52012385955,700.4076716471668
1,All Population,2,DALYs (Disability-Adjusted Life Years),171,Democratic Republic of the Congo,3,Both,27,Age-standardized,294,All causes,108,High body-mass index,3,Rate,2007,1823.2510238211567,2920.8225935260443,995.3286229458973
1,All Population,2,DALYs (Disability-Adjusted Life Years),170,Congo,3,Both,27,Age-standardized,294,All causes,108,High body-mass index,3,Rate,2007,1662.770899590734,2513.943688297386,1015.6458452735691
1,All Population,2,DALYs (Disability-Adjusted Life Years),185,Rwanda,3,Both,27,Age-standardized,294,All causes,108,High body-mass index,3,Rate,2005,747.957275187922,1206.7902064953648,366.4840551057831
1,All Population,2,DALYs (Disability-Adjusted Life Years),178,Eritrea,3,Both,27,Age-standardized,294,All causes,108,High body-mass index,3,Rate,2007,703.0399392235761,1150.6250745305974,330.906078137512
1,All Population,2,DALYs (Disability-Adjusted Life Years),175,Burundi,3,Both,27,Age-standardized,294,All causes,108,High body-mass index,3,Rate,2007,556.5825851649595,966.2049970644333,264.6914821559042
1,All Population,2,DALYs (Disability-Adjusted Life Years),176,Comoros,3,Both,27,Age-standardized,294,All causes,108,High body-mass index,3,Rate,2007,784.1007716441007,1225.407304912219,383.7992344658412
1,All Population,2,DALYs (Disability-Adjusted Life Years),193,Botswana,3,Both,27,Age-standardized,294,All causes,108,High body-mass index,3,Rate,2005,1646.0105230017668,2534.901640665707,794.6959786211446
1,All Population,2,DALYs (Disability-Adjusted Life Years),179,Ethiopia,3,Both,27,Age-standardized,294,All causes,108,High body-mass index,3,Rate,2007,534.1549616124644,833.3872575988619,259.7586557716398
1,All Population,2,DALYs (Disability-Adjusted Life Years),177,Djibouti,3,Both,27,Age-standardized,294,All causes,108,High body-mass index,3,Rate,2005,560.9495707329424,966.4360674741628,240.72500779596507
1,All Population,2,DALYs (Disability-Adjusted Life Years),180,Kenya,3,Both,27,Age-standardized,294,All causes,108,High body-mass index,3,Rate,2007,811.7842294116361,1268.6139389643017,417.78917690065845
1,All Population,2,DALYs (Disability-Adjusted Life Years),182,Malawi,3,Both,27,Age-standardized,294,All causes,108,High body-mass index,3,Rate,2007,1136.889795076088,1770.0300694778696,613.3757150456124
1,All Population,2,DALYs (Disability-Adjusted Life Years),183,Mauritius,3,Both,27,Age-standardized,294,All causes,108,High body-mass index,3,Rate,2007,3441.019584678068,5000.606294450376,1770.067241721063
1,All Population,2,DALYs (Disability-Adjusted Life Years),186,Seychelles,3,Both,27,Age-standardized,294,All causes,108,High body-mass index,3,Rate,2007,2073.18946147426,2950.969379302169,1212.681664724429
1,All Population,2,DALYs (Disability-Adjusted Life Years),190,Uganda,3,Both,27,Age-standardized,294,All causes,108,High body-mass index,3,Rate,2005,903.8762926528514,1394.617574880572,492.70801108282575
1,All Population,2,DALYs (Disability-Adjusted Life Years),187,Somalia,3,Both,27,Age-standardized,294,All causes,108,High body-mass index,3,Rate,2007,659.130463710956,1097.0938974600708,310.586377956119
1,All Population,2,DALYs (Disability-Adjusted Life Years),191,Zambia,3,Both,27,Age-standardized,294,All causes,108,High body-mass index,3,Rate,2007,1423.2802578243538,2194.102082970039,745.73970212662
1,All Population,2,DALYs (Disability-Adjusted Life Years),184,Mozambique,3,Both,27,Age-standardized,294,All causes,108,High body-mass index,3,Rate,2007,768.7169850156407,1197.2638470852428,357.33747746638176
1,All Population,2,DALYs (Disability-Adjusted Life Years),189,United Republic of Tanzania,3,Both,27,Age-standardized,294,All causes,108,High body-mass index,3,Rate,2007,985.4380803726652,1407.7541589452867,543.2350015478191
1,All Population,2,DALYs (Disability-Adjusted Life Years),194,Lesotho,3,Both,27,Age-standardized,294,All causes,108,High body-mass index,3,Rate,2007,2200.952517316047,3236.4369100478225,1093.0363973517165
1,All Population,2,DALYs (Disability-Adjusted Life Years),197,Eswatini,3,Both,27,Age-standardized,294,All causes,108,High body-mass index,3,Rate,2005,4098.147142531084,5864.632918565334,2399.776032862515
1,All Population,2,DALYs (Disability-Adjusted Life Years),195,Namibia,3,Both,27,Age-standardized,294,All causes,108,High body-mass index,3,Rate,2007,1728.480490074782,2519.8022189221633,912.6653273605931
1,All Population,2,DALYs (Disability-Adjusted Life Years),217,Sierra Leone,3,Both,27,Age-standardized,294,All causes,108,High body-mass index,3,Rate,2005,1060.511569554788,1654.9955182141425,541.2378045531274
1,All Population,2,DALYs (Disability-Adjusted Life Years),209,Guinea-Bissau,3,Both,27,Age-standardized,294,All causes,108,High body-mass index,3,Rate,2005,1531.38162104636,2442.8399603787734,791.0491368538115
1,All Population,2,DALYs (Disability-Adjusted Life Years),201,Burkina Faso,3,Both,27,Age-standardized,294,All causes,108,High body-mass index,3,Rate,2005,611.236157533358,934.0171634660655,313.45978717680487
1,All Population,2,DALYs (Disability-Adjusted Life Years),202,Cameroon,3,Both,27,Age-standardized,294,All causes,108,High body-mass index,3,Rate,2007,2162.0828142594655,3220.8237286449476,1139.9569182748855
1,All Population,2,DALYs (Disability-Adjusted Life Years),198,Zimbabwe,3,Both,27,Age-standardized,294,All causes,108,High body-mass index,3,Rate,2007,1708.1919284498856,2586.404951021205,923.996800537022
1,All Population,2,DALYs (Disability-Adjusted Life Years),210,Liberia,3,Both,27,Age-standardized,294,All causes,108,High body-mass index,3,Rate,2007,1848.940311809132,2777.3221399552485,936.835148898082
1,All Population,2,DALYs (Disability-Adjusted Life Years),200,Benin,3,Both,27,Age-standardized,294,All causes,108,High body-mass index,3,Rate,2007,1146.726179811124,1726.8100581945466,565.3071872787364
1,All Population,2,DALYs (Disability-Adjusted Life Years),196,South Africa,3,Both,27,Age-standardized,294,All causes,108,High body-mass index,3,Rate,2007,3155.7220632448125,4467.364828297685,1705.4780731406065
1,All Population,2,DALYs (Disability-Adjusted Life Years),205,Côte d'Ivoire,3,Both,27,Age-standardized,294,All causes,108,High body-mass index,3,Rate,2007,1105.6922797348916,1642.2272261916087,575.9830664376732
1,All Population,2,DALYs (Disability-Adjusted Life Years),203,Cabo Verde,3,Both,27,Age-standardized,294,All causes,108,High body-mass index,3,Rate,2007,1173.1698479433253,1747.1127160338494,568.7035584118586
1,All Population,2,DALYs (Disability-Adjusted Life Years),207,Ghana,3,Both,27,Age-standardized,294,All causes,108,High body-mass index,3,Rate,2007,1689.4085002703837,2512.4538786986,907.5609162624721
1,All Population,2,DALYs (Disability-Adjusted Life Years),206,Gambia,3,Both,27,Age-standardized,294,All causes,108,High body-mass index,3,Rate,2007,1339.4865945120657,2008.2726762624368,697.3381492241389
1,All Population,2,DALYs (Disability-Adjusted Life Years),214,Nigeria,3,Both,27,Age-standardized,294,All causes,108,High body-mass index,3,Rate,2007,1494.1765905332677,2297.588599361198,823.7914443778449
1,All Population,2,DALYs (Disability-Adjusted Life Years),204,Chad,3,Both,27,Age-standardized,294,All causes,108,High body-mass index,3,Rate,2007,1752.1950376911045,2834.4244303699725,957.4908118903049
1,All Population,2,DALYs (Disability-Adjusted Life Years),208,Guinea,3,Both,27,Age-standardized,294,All causes,108,High body-mass index,3,Rate,2007,1207.041144891462,1789.8731095802013,634.7552398918401
1,All Population,2,DALYs (Disability-Adjusted Life Years),212,Mauritania,3,Both,27,Age-standardized,294,All causes,108,High body-mass index,3,Rate,2007,2226.0584283843027,3317.710559386422,1184.1052253163346
1,All Population,2,DALYs (Disability-Adjusted Life Years),218,Togo,3,Both,27,Age-standardized,294,All causes,108,High body-mass index,3,Rate,2007,1218.6575271185695,1867.41599848416,642.9327933410311
1,All Population,2,DALYs (Disability-Adjusted Life Years),211,Mali,3,Both,27,Age-standardized,294,All causes,108,High body-mass index,3,Rate,2007,1604.229978772866,2381.399296040165,829.712215164994
1,All Population,2,DALYs (Disability-Adjusted Life Years),216,Senegal,3,Both,27,Age-standardized,294,All causes,108,High body-mass index,3,Rate,2007,1200.2391904014862,1825.7296466405164,617.6110323132343
1,All Population,2,DALYs (Disability-Adjusted Life Years),215,Sao Tome and Principe,3,Both,27,Age-standardized,294,All causes,108,High body-mass index,3,Rate,2007,1395.3527888908159,2167.617850317303,683.4988483385052
1,All Population,2,DALYs (Disability-Adjusted Life Years),369,Nauru,3,Both,27,Age-standardized,294,All causes,108,High body-mass index,3,Rate,2005,11818.491749413508,16435.199999943245,6077.104664808857
1,All Population,2,DALYs (Disability-Adjusted Life Years),213,Niger,3,Both,27,Age-standardized,294,All causes,108,High body-mass index,3,Rate,2005,893.8293377037044,1455.5825155611658,406.63748429901005
1,All Population,2,DALYs (Disability-Adjusted Life Years),298,American Samoa,3,Both,27,Age-standardized,294,All causes,108,High body-mass index,3,Rate,2007,6248.307592531946,8704.198539944313,3311.0966819162877
1,All Population,2,DALYs (Disability-Adjusted Life Years),385,Puerto Rico,3,Both,27,Age-standardized,294,All causes,108,High body-mass index,3,Rate,2005,2738.1678959707124,3812.9614450306317,1435.6692982970008
1,All Population,2,DALYs (Disability-Adjusted Life Years),349,Greenland,3,Both,27,Age-standardized,294,All causes,108,High body-mass index,3,Rate,2007,2309.6800141482913,3645.4870483057766,1045.5936951457952
1,All Population,2,DALYs (Disability-Adjusted Life Years),305,Bermuda,3,Both,27,Age-standardized,294,All causes,108,High body-mass index,3,Rate,2007,1390.940442762687,2066.2200903251287,624.1352799114952
1,All Population,2,DALYs (Disability-Adjusted Life Years),320,Cook Islands,3,Both,27,Age-standardized,294,All causes,108,High body-mass index,3,Rate,2007,6584.542574204949,8740.90310077636,3962.139331938178
1,All Population,2,DALYs (Disability-Adjusted Life Years),367,Monaco,3,Both,27,Age-standardized,294,All causes,108,High body-mass index,3,Rate,2007,1486.1007738004423,2396.6783206710115,581.5030650493848
1,All Population,2,DALYs (Disability-Adjusted Life Years),351,Guam,3,Both,27,Age-standardized,294,All causes,108,High body-mass index,3,Rate,2005,2617.369670681936,3840.7524577165996,1342.331249259177
1,All Population,2,DALYs (Disability-Adjusted Life Years),376,Northern Mariana Islands,3,Both,27,Age-standardized,294,All causes,108,High body-mass index,3,Rate,2007,4458.581275169523,6415.506262622764,2199.8505845187406
1,All Population,2,DALYs (Disability-Adjusted Life Years),413,Tokelau,3,Both,27,Age-standardized,294,All causes,108,High body-mass index,3,Rate,2007,4868.889870943855,6769.8710699962985,2502.75764421131
1,All Population,2,DALYs (Disability-Adjusted Life Years),422,United States Virgin Islands,3,Both,27,Age-standardized,294,All causes,108,High body-mass index,3,Rate,2007,2603.101163638035,3662.1615394549235,1366.3355881916943
1,All Population,2,DALYs (Disability-Adjusted Life Years),396,San Marino,3,Both,27,Age-standardized,294,All causes,108,High body-mass index,3,Rate,2007,945.17157150433,1596.7729278622583,353.5454408605516
1,All Population,2,DALYs (Disability-Adjusted Life Years),380,Palau,3,Both,27,Age-standardized,294,All causes,108,High body-mass index,3,Rate,2007,4684.356542438279,6875.903151410326,2270.502731445211
1,All Population,2,DALYs (Disability-Adjusted Life Years),393,Saint Kitts and Nevis,3,Both,27,Age-standardized,294,All causes,108,High body-mass index,3,Rate,2007,2453.4055146061432,3637.6351485088408,1245.5714001105516
1,All Population,2,DALYs (Disability-Adjusted Life Years),374,Niue,3,Both,27,Age-standardized,294,All causes,108,High body-mass index,3,Rate,2007,5714.489423786856,7982.084103644108,2970.940170675909
1,All Population,2,DALYs (Disability-Adjusted Life Years),435,South Sudan,3,Both,27,Age-standardized,294,All causes,108,High body-mass index,3,Rate,2005,778.4909596209197,1328.53432084572,412.0759296525444
1,All Population,2,DALYs (Disability-Adjusted Life Years),416,Tuvalu,3,Both,27,Age-standardized,294,All causes,108,High body-mass index,3,Rate,2005,6812.039118497879,9674.984269657672,3586.1208952244547
1,All Population,2,DALYs (Disability-Adjusted Life Years),522,Sudan,3,Both,27,Age-standardized,294,All causes,108,High body-mass index,3,Rate,2007,2548.4564820096766,3863.534734563524,1343.9222185195613
1,All Population,2,DALYs (Disability-Adjusted Life Years),8,Taiwan,3,Both,27,Age-standardized,294,All causes,108,High body-mass index,3,Rate,2008,1109.0572566524934,1745.5079865820599,484.00439611053173
1,All Population,2,DALYs (Disability-Adjusted Life Years),12,Lao People's Democratic Republic,3,Both,27,Age-standardized,294,All causes,108,High body-mass index,3,Rate,2008,946.1150794327567,1450.6234576764525,516.3841951979919
1,All Population,2,DALYs (Disability-Adjusted Life Years),16,Philippines,3,Both,27,Age-standardized,294,All causes,108,High body-mass index,3,Rate,2008,1406.3198825583027,2104.7264732921412,747.9847961368641
1,All Population,2,DALYs (Disability-Adjusted Life Years),20,Viet Nam,3,Both,27,Age-standardized,294,All causes,108,High body-mass index,3,Rate,2008,400.0845389924078,591.5934109652275,197.5565829580349
1,All Population,2,DALYs (Disability-Adjusted Life Years),24,Marshall Islands,3,Both,27,Age-standardized,294,All causes,108,High body-mass index,3,Rate,2008,8141.840457129415,11322.627621925965,4397.294577732455
1,All Population,2,DALYs (Disability-Adjusted Life Years),7,Democratic People's Republic of Korea,3,Both,27,Age-standardized,294,All causes,108,High body-mass index,3,Rate,2006,947.5350503584253,1671.9580469685468,427.610129129482
1,All Population,2,DALYs (Disability-Adjusted Life Years),19,Timor-Leste,3,Both,27,Age-standardized,294,All causes,108,High body-mass index,3,Rate,2006,394.98479894133163,639.1455338416579,197.30328409154558
1,All Population,2,DALYs (Disability-Adjusted Life Years),11,Indonesia,3,Both,27,Age-standardized,294,All causes,108,High body-mass index,3,Rate,2006,990.7354754095668,1459.7151824946448,485.188392668171
1,All Population,2,DALYs (Disability-Adjusted Life Years),28,Solomon Islands,3,Both,27,Age-standardized,294,All causes,108,High body-mass index,3,Rate,2008,4716.948122027135,6860.314865865288,2283.7973944134264
1,All Population,2,DALYs (Disability-Adjusted Life Years),23,Kiribati,3,Both,27,Age-standardized,294,All causes,108,High body-mass index,3,Rate,2006,4260.126776534524,6182.40656561094,2169.540774989059
1,All Population,2,DALYs (Disability-Adjusted Life Years),15,Myanmar,3,Both,27,Age-standardized,294,All causes,108,High body-mass index,3,Rate,2006,1154.1399411190007,1817.460648781859,550.8453163913109
1,All Population,2,DALYs (Disability-Adjusted Life Years),27,Samoa,3,Both,27,Age-standardized,294,All causes,108,High body-mass index,3,Rate,2006,4523.428643677698,6372.445117715087,2308.556688570909
1,All Population,2,DALYs (Disability-Adjusted Life Years),6,China,3,Both,27,Age-standardized,294,All causes,108,High body-mass index,3,Rate,2008,686.8714521611213,1069.4960411874144,302.1786569027043
1,All Population,2,DALYs (Disability-Adjusted Life Years),14,Maldives,3,Both,27,Age-standardized,294,All causes,108,High body-mass index,3,Rate,2008,1217.169647752867,1860.0254611823907,587.2909025926161
1,All Population,2,DALYs (Disability-Adjusted Life Years),10,Cambodia,3,Both,27,Age-standardized,294,All causes,108,High body-mass index,3,Rate,2008,678.189980094945,1086.1933173864131,322.83284030025237
1,All Population,2,DALYs (Disability-Adjusted Life Years),13,Malaysia,3,Both,27,Age-standardized,294,All causes,108,High body-mass index,3,Rate,2008,1314.2034504793053,2029.067792511665,573.9460568984955
1,All Population,2,DALYs (Disability-Adjusted Life Years),17,Sri Lanka,3,Both,27,Age-standardized,294,All causes,108,High body-mass index,3,Rate,2008,1298.1172939683045,2007.1027511645336,608.7096069337495
1,All Population,2,DALYs (Disability-Adjusted Life Years),18,Thailand,3,Both,27,Age-standardized,294,All causes,108,High body-mass index,3,Rate,2008,950.8225324644543,1525.8045995995276,422.7506711728837
1,All Population,2,DALYs (Disability-Adjusted Life Years),26,Papua New Guinea,3,Both,27,Age-standardized,294,All causes,108,High body-mass index,3,Rate,2008,2755.9849338545437,4094.529844989897,1304.3813027244214
1,All Population,2,DALYs (Disability-Adjusted Life Years),25,Micronesia (Federated States of),3,Both,27,Age-standardized,294,All causes,108,High body-mass index,3,Rate,2008,7560.902992253553,10721.152979143311,4003.843815936502
1,All Population,2,DALYs (Disability-Adjusted Life Years),30,Vanuatu,3,Both,27,Age-standardized,294,All causes,108,High body-mass index,3,Rate,2008,3685.333168846031,5467.653203886535,1783.3208737212406
1,All Population,2,DALYs (Disability-Adjusted Life Years),22,Fiji,3,Both,27,Age-standardized,294,All causes,108,High body-mass index,3,Rate,2008,7272.958713477551,10152.062115487703,3771.387663321158
1,All Population,2,DALYs (Disability-Adjusted Life Years),29,Tonga,3,Both,27,Age-standardized,294,All causes,108,High body-mass index,3,Rate,2008,5183.507753848455,7243.971756021708,2649.7307067577676
1,All Population,2,DALYs (Disability-Adjusted Life Years),69,Singapore,3,Both,27,Age-standardized,294,All causes,108,High body-mass index,3,Rate,2006,888.1176305405594,1367.3813536081072,384.61768387441026
1,All Population,2,DALYs (Disability-Adjusted Life Years),81,Germany,3,Both,27,Age-standardized,294,All causes,108,High body-mass index,3,Rate,2006,1438.1839808173606,2223.6826284202093,593.342216924597
1,All Population,2,DALYs (Disability-Adjusted Life Years),66,Brunei Darussalam,3,Both,27,Age-standardized,294,All causes,108,High body-mass index,3,Rate,2008,2141.7493055774726,3218.5755812675757,967.7444808269976
1,All Population,2,DALYs (Disability-Adjusted Life Years),74,Andorra,3,Both,27,Age-standardized,294,All causes,108,High body-mass index,3,Rate,2008,958.2925830247401,1599.880974174027,372.2283738365361
1,All Population,2,DALYs (Disability-Adjusted Life Years),78,Denmark,3,Both,27,Age-standardized,294,All causes,108,High body-mass index,3,Rate,2008,1104.4220432004986,1719.41347572841,437.0883017133927
1,All Population,2,DALYs (Disability-Adjusted Life Years),88,Malta,3,Both,27,Age-standardized,294,All causes,108,High body-mass index,3,Rate,2006,1441.6777653820861,2271.664316064502,589.3612923559097
1,All Population,2,DALYs (Disability-Adjusted Life Years),85,Israel,3,Both,27,Age-standardized,294,All causes,108,High body-mass index,3,Rate,2008,1423.363186782574,2172.053908281843,598.932343043368
1,All Population,2,DALYs (Disability-Adjusted Life Years),82,Greece,3,Both,27,Age-standardized,294,All causes,108,High body-mass index,3,Rate,2008,1464.1041530191787,2238.850638801421,601.115421506861
1,All Population,2,DALYs (Disability-Adjusted Life Years),77,Cyprus,3,Both,27,Age-standardized,294,All causes,108,High body-mass index,3,Rate,2006,1713.7253322854824,2642.9329522984035,735.9048555233963
1,All Population,2,DALYs (Disability-Adjusted Life Years),92,Spain,3,Both,27,Age-standardized,294,All causes,108,High body-mass index,3,Rate,2006,1271.7734300098955,1976.2889681887937,510.048055404856
1,All Population,2,DALYs (Disability-Adjusted Life Years),93,Sweden,3,Both,27,Age-standardized,294,All causes,108,High body-mass index,3,Rate,2008,1070.4536440291547,1624.5051523396257,438.59281426562137
1,All Population,2,DALYs (Disability-Adjusted Life Years),89,Netherlands,3,Both,27,Age-standardized,294,All causes,108,High body-mass index,3,Rate,2008,1035.6084686779984,1636.3753738390649,401.5478817758598
1,All Population,2,DALYs (Disability-Adjusted Life Years),67,Japan,3,Both,27,Age-standardized,294,All causes,108,High body-mass index,3,Rate,2008,617.7694657270855,1040.5058504310991,236.4278393075643
1,All Population,2,DALYs (Disability-Adjusted Life Years),71,Australia,3,Both,27,Age-standardized,294,All causes,108,High body-mass index,3,Rate,2008,1265.70766732604,2048.8581061608847,484.2761469301654
1,All Population,2,DALYs (Disability-Adjusted Life Years),97,Argentina,3,Both,27,Age-standardized,294,All causes,108,High body-mass index,3,Rate,2008,1858.7188726330448,2778.19378847254,872.7664959463006
1,All Population,2,DALYs (Disability-Adjusted Life Years),76,Belgium,3,Both,27,Age-standardized,294,All causes,108,High body-mass index,3,Rate,2008,1109.9972251066524,1708.1631713444883,431.2863081532924
1,All Population,2,DALYs (Disability-Adjusted Life Years),68,Republic of Korea,3,Both,27,Age-standardized,294,All causes,108,High body-mass index,3,Rate,2008,739.325583301516,1140.9277209589281,308.09453816004327
1,All Population,2,DALYs (Disability-Adjusted Life Years),72,New Zealand,3,Both,27,Age-standardized,294,All causes,108,High body-mass index,3,Rate,2008,1551.7959838232423,2417.1880965558585,633.585739799279
1,All Population,2,DALYs (Disability-Adjusted Life Years),101,Canada,3,Both,27,Age-standardized,294,All causes,108,High body-mass index,3,Rate,2008,1224.883005442709,1899.2772924380965,499.1135610309263
1,All Population,2,DALYs (Disability-Adjusted Life Years),108,Belize,3,Both,27,Age-standardized,294,All causes,108,High body-mass index,3,Rate,2006,2917.939627030114,4084.9578680937457,1550.6743642873168
1,All Population,2,DALYs (Disability-Adjusted Life Years),123,Peru,3,Both,27,Age-standardized,294,All causes,108,High body-mass index,3,Rate,2006,1132.2933410111639,1708.7870102945074,523.277580456306
1,All Population,2,DALYs (Disability-Adjusted Life Years),75,Austria,3,Both,27,Age-standardized,294,All causes,108,High body-mass index,3,Rate,2008,1265.8433718501929,1922.9869663160682,539.8726664114001
1,All Population,2,DALYs (Disability-Adjusted Life Years),115,Jamaica,3,Both,27,Age-standardized,294,All causes,108,High body-mass index,3,Rate,2006,1819.0155612962544,2755.0380397966965,852.9265401907463
1,All Population,2,DALYs (Disability-Adjusted Life Years),79,Finland,3,Both,27,Age-standardized,294,All causes,108,High body-mass index,3,Rate,2008,1349.6014749094534,2145.4840239991577,549.8308550347491
1,All Population,2,DALYs (Disability-Adjusted Life Years),105,Antigua and Barbuda,3,Both,27,Age-standardized,294,All causes,108,High body-mass index,3,Rate,2008,2380.9712405309806,3397.8503871723437,1269.537753843119
1,All Population,2,DALYs (Disability-Adjusted Life Years),80,France,3,Both,27,Age-standardized,294,All causes,108,High body-mass index,3,Rate,2008,1002.1790798561109,1563.2201063282732,389.3736343673063
1,All Population,2,DALYs (Disability-Adjusted Life Years),83,Iceland,3,Both,27,Age-standardized,294,All causes,108,High body-mass index,3,Rate,2008,1133.2065036310973,1869.91927266606,429.22821725206285
1,All Population,2,DALYs (Disability-Adjusted Life Years),86,Italy,3,Both,27,Age-standardized,294,All causes,108,High body-mass index,3,Rate,2008,1209.7710129404595,1901.2908470668908,508.59424957128584
1,All Population,2,DALYs (Disability-Adjusted Life Years),127,El Salvador,3,Both,27,Age-standardized,294,All causes,108,High body-mass index,3,Rate,2006,2175.739167529994,3136.4201355169043,1057.0099976333065
1,All Population,2,DALYs (Disability-Adjusted Life Years),84,Ireland,3,Both,27,Age-standardized,294,All causes,108,High body-mass index,3,Rate,2008,1198.4648050029684,1855.8702303705973,470.28103393071785
1,All Population,2,DALYs (Disability-Adjusted Life Years),87,Luxembourg,3,Both,27,Age-standardized,294,All causes,108,High body-mass index,3,Rate,2008,1147.203822448762,1796.5107161320302,454.5302646508424
1,All Population,2,DALYs (Disability-Adjusted Life Years),90,Norway,3,Both,27,Age-standardized,294,All causes,108,High body-mass index,3,Rate,2008,1057.8597956206622,1667.2334241256956,408.928477867861
1,All Population,2,DALYs (Disability-Adjusted Life Years),112,Grenada,3,Both,27,Age-standardized,294,All causes,108,High body-mass index,3,Rate,2008,2586.2267113825974,3676.7525924864813,1331.0566551063707
1,All Population,2,DALYs (Disability-Adjusted Life Years),109,Cuba,3,Both,27,Age-standardized,294,All causes,108,High body-mass index,3,Rate,2008,1487.554391774174,2274.0857142012946,697.4057779534795
1,All Population,2,DALYs (Disability-Adjusted Life Years),91,Portugal,3,Both,27,Age-standardized,294,All causes,108,High body-mass index,3,Rate,2008,1359.6041808722655,2159.6103534776994,552.859065351953
1,All Population,2,DALYs (Disability-Adjusted Life Years),116,Saint Lucia,3,Both,27,Age-standardized,294,All causes,108,High body-mass index,3,Rate,2008,2482.8705013958415,3589.9290086039778,1283.5816758985056
1,All Population,2,DALYs (Disability-Adjusted Life Years),95,United Kingdom,3,Both,27,Age-standardized,294,All causes,108,High body-mass index,3,Rate,2008,1350.6232635118208,2184.167903454749,526.022100961065
1,All Population,2,DALYs (Disability-Adjusted Life Years),146,Lebanon,3,Both,27,Age-standardized,294,All causes,108,High body-mass index,3,Rate,2006,1764.4246575964955,2687.796811009722,786.2122386817355
1,All Population,2,DALYs (Disability-Adjusted Life Years),119,Trinidad and Tobago,3,Both,27,Age-standardized,294,All causes,108,High body-mass index,3,Rate,2006,3982.5350803150786,5677.433480095102,1981.1147628532963
1,All Population,2,DALYs (Disability-Adjusted Life Years),94,Switzerland,3,Both,27,Age-standardized,294,All causes,108,High body-mass index,3,Rate,2008,1003.395385295204,1593.6780180328162,389.8194041364462
1,All Population,2,DALYs (Disability-Adjusted Life Years),135,Brazil,3,Both,27,Age-standardized,294,All causes,108,High body-mass index,3,Rate,2006,1781.220740259936,2656.7274203803136,868.7059030077186
1,All Population,2,DALYs (Disability-Adjusted Life Years),98,Chile,3,Both,27,Age-standardized,294,All causes,108,High body-mass index,3,Rate,2008,1587.9355092936487,2435.769230543698,713.5080860144654
1,All Population,2,DALYs (Disability-Adjusted Life Years),99,Uruguay,3,Both,27,Age-standardized,294,All causes,108,High body-mass index,3,Rate,2008,1549.226484746116,2406.715510743678,644.873796873875
1,All Population,2,DALYs (Disability-Adjusted Life Years),102,United States of America,3,Both,27,Age-standardized,294,All causes,108,High body-mass index,3,Rate,2008,2077.0312866947697,3061.940000591452,973.5313572894495
1,All Population,2,DALYs (Disability-Adjusted Life Years),128,Guatemala,3,Both,27,Age-standardized,294,All causes,108,High body-mass index,3,Rate,2008,2309.180585417166,3299.5561097949767,1179.2625855951492
1,All Population,2,DALYs (Disability-Adjusted Life Years),131,Nicaragua,3,Both,27,Age-standardized,294,All causes,108,High body-mass index,3,Rate,2006,1981.554090654957,2828.8041071445195,1053.3944449726337
1,All Population,2,DALYs (Disability-Adjusted Life Years),132,Panama,3,Both,27,Age-standardized,294,All causes,108,High body-mass index,3,Rate,2008,1699.351631062361,2427.4211521613042,834.7473164809003
1,All Population,2,DALYs (Disability-Adjusted Life Years),150,Oman,3,Both,27,Age-standardized,294,All causes,108,High body-mass index,3,Rate,2006,3023.4528526124805,4450.5970705451255,1565.6574301496005
1,All Population,2,DALYs (Disability-Adjusted Life Years),136,Paraguay,3,Both,27,Age-standardized,294,All causes,108,High body-mass index,3,Rate,2008,2322.53425542969,3287.2981107583473,1165.3986564422266
1,All Population,2,DALYs (Disability-Adjusted Life Years),139,Algeria,3,Both,27,Age-standardized,294,All causes,108,High body-mass index,3,Rate,2008,2272.695958242762,3367.7599099491017,1204.390416243596
1,All Population,2,DALYs (Disability-Adjusted Life Years),162,Bhutan,3,Both,27,Age-standardized,294,All causes,108,High body-mass index,3,Rate,2006,1653.9990836594861,2464.414344106014,848.6244001601921
1,All Population,2,DALYs (Disability-Adjusted Life Years),154,Tunisia,3,Both,27,Age-standardized,294,All causes,108,High body-mass index,3,Rate,2006,2314.8092719369656,3537.451741354697,1067.0283866451655
1,All Population,2,DALYs (Disability-Adjusted Life Years),142,Iran (Islamic Republic of),3,Both,27,Age-standardized,294,All causes,108,High body-mass index,3,Rate,2006,2046.2533378970231,3023.242897776055,1012.4217766561493
1,All Population,2,DALYs (Disability-Adjusted Life Years),107,Barbados,3,Both,27,Age-standardized,294,All causes,108,High body-mass index,3,Rate,2008,2629.5599184767934,3781.2540660559794,1334.7114765386902
1,All Population,2,DALYs (Disability-Adjusted Life Years),111,Dominican Republic,3,Both,27,Age-standardized,294,All causes,108,High body-mass index,3,Rate,2008,1772.2145609441645,2621.5306769310837,907.608331417465
1,All Population,2,DALYs (Disability-Adjusted Life Years),143,Iraq,3,Both,27,Age-standardized,294,All causes,108,High body-mass index,3,Rate,2008,3992.6338028599253,5868.99531250639,1993.4142352043295
1,All Population,2,DALYs (Disability-Adjusted Life Years),169,Central African Republic,3,Both,27,Age-standardized,294,All causes,108,High body-mass index,3,Rate,2006,1642.8095859316213,2788.541844968,883.7719753478989
1,All Population,2,DALYs (Disability-Adjusted Life Years),106,Bahamas,3,Both,27,Age-standardized,294,All causes,108,High body-mass index,3,Rate,2008,3505.2045162443806,4763.297857368861,2098.3939933822057
1,All Population,2,DALYs (Disability-Adjusted Life Years),110,Dominica,3,Both,27,Age-standardized,294,All causes,108,High body-mass index,3,Rate,2008,2828.9873916111187,4074.785904454938,1555.6671875068826
1,All Population,2,DALYs (Disability-Adjusted Life Years),113,Guyana,3,Both,27,Age-standardized,294,All causes,108,High body-mass index,3,Rate,2008,3979.873109038002,5579.441853402563,2210.5260852134584
1,All Population,2,DALYs (Disability-Adjusted Life Years),118,Suriname,3,Both,27,Age-standardized,294,All causes,108,High body-mass index,3,Rate,2008,2164.928484530666,3323.1609674432902,1105.0316750101763
1,All Population,2,DALYs (Disability-Adjusted Life Years),114,Haiti,3,Both,27,Age-standardized,294,All causes,108,High body-mass index,3,Rate,2008,1708.9295310267178,2688.7075688272425,843.3276119708531
1,All Population,2,DALYs (Disability-Adjusted Life Years),147,Libya,3,Both,27,Age-standardized,294,All causes,108,High body-mass index,3,Rate,2008,3349.798507295206,4941.679671484185,1737.7555703654016
1,All Population,2,DALYs (Disability-Adjusted Life Years),122,Ecuador,3,Both,27,Age-standardized,294,All causes,108,High body-mass index,3,Rate,2008,2198.228526888489,3098.928363620146,1271.1754716597873
1,All Population,2,DALYs (Disability-Adjusted Life Years),126,Costa Rica,3,Both,27,Age-standardized,294,All causes,108,High body-mass index,3,Rate,2008,1640.8474576349943,2358.282263542896,800.7514592718424
1,All Population,2,DALYs (Disability-Adjusted Life Years),117,Saint Vincent and the Grenadines,3,Both,27,Age-standardized,294,All causes,108,High body-mass index,3,Rate,2008,2301.057034627888,3394.7257538358185,1153.7298898183453
1,All Population,2,DALYs (Disability-Adjusted Life Years),155,Türkiye,3,Both,27,Age-standardized,294,All causes,108,High body-mass index,3,Rate,2008,2510.229443792774,3647.6666315892817,1174.1047698599327
1,All Population,2,DALYs (Disability-Adjusted Life Years),125,Colombia,3,Both,27,Age-standardized,294,All causes,108,High body-mass index,3,Rate,2008,1390.7731604836497,2067.355860471386,649.9744278676134
1,All Population,2,DALYs (Disability-Adjusted Life Years),130,Mexico,3,Both,27,Age-standardized,294,All causes,108,High body-mass index,3,Rate,2008,2987.5201555846425,4143.207933663991,1591.780019800108
1,All Population,2,DALYs (Disability-Adjusted Life Years),121,Bolivia (Plurinational State of),3,Both,27,Age-standardized,294,All causes,108,High body-mass index,3,Rate,2008,2295.6307642888833,3311.9635984524803,1241.759034204167
1,All Population,2,DALYs (Disability-Adjusted Life Years),151,Qatar,3,Both,27,Age-standardized,294,All causes,108,High body-mass index,3,Rate,2008,3518.4678268188773,5033.638657343066,1746.125525697073
1,All Population,2,DALYs (Disability-Adjusted Life Years),129,Honduras,3,Both,27,Age-standardized,294,All causes,108,High body-mass index,3,Rate,2008,1686.712450280883,2604.7121107999587,834.6305702324964
1,All Population,2,DALYs (Disability-Adjusted Life Years),173,Gabon,3,Both,27,Age-standardized,294,All causes,108,High body-mass index,3,Rate,2006,2475.868704397296,3643.8166321534704,1438.3258647703053
1,All Population,2,DALYs (Disability-Adjusted Life Years),163,India,3,Both,27,Age-standardized,294,All causes,108,High body-mass index,3,Rate,2008,804.7118224861422,1240.7831378338192,402.5663833028146
1,All Population,2,DALYs (Disability-Adjusted Life Years),133,Venezuela (Bolivarian Republic of),3,Both,27,Age-standardized,294,All causes,108,High body-mass index,3,Rate,2008,2394.382352544258,3453.8106606886818,1281.1024127129274
1,All Population,2,DALYs (Disability-Adjusted Life Years),165,Pakistan,3,Both,27,Age-standardized,294,All causes,108,High body-mass index,3,Rate,2006,1413.9758491462596,2191.4545212970247,689.4706461982164
1,All Population,2,DALYs (Disability-Adjusted Life Years),193,Botswana,3,Both,27,Age-standardized,294,All causes,108,High body-mass index,3,Rate,2006,1747.141051535804,2679.3734337266424,844.2160967747546
1,All Population,2,DALYs (Disability-Adjusted Life Years),185,Rwanda,3,Both,27,Age-standardized,294,All causes,108,High body-mass index,3,Rate,2006,767.0470927683776,1233.295563646556,382.3610588531329
1,All Population,2,DALYs (Disability-Adjusted Life Years),177,Djibouti,3,Both,27,Age-standardized,294,All causes,108,High body-mass index,3,Rate,2006,574.7212812553712,978.5014924310581,250.20411628760377
1,All Population,2,DALYs (Disability-Adjusted Life Years),141,Egypt,3,Both,27,Age-standardized,294,All causes,108,High body-mass index,3,Rate,2008,5713.770699383062,7957.903745828487,3069.48738243673
1,All Population,2,DALYs (Disability-Adjusted Life Years),145,Kuwait,3,Both,27,Age-standardized,294,All causes,108,High body-mass index,3,Rate,2008,3621.0056575676713,5144.873346494305,1801.4428699667442
1,All Population,2,DALYs (Disability-Adjusted Life Years),144,Jordan,3,Both,27,Age-standardized,294,All causes,108,High body-mass index,3,Rate,2008,3982.8735464679535,5562.367745922891,2133.853625244688
1,All Population,2,DALYs (Disability-Adjusted Life Years),140,Bahrain,3,Both,27,Age-standardized,294,All causes,108,High body-mass index,3,Rate,2008,3807.51403292437,5557.830972099623,1833.761933909498
1,All Population,2,DALYs (Disability-Adjusted Life Years),190,Uganda,3,Both,27,Age-standardized,294,All causes,108,High body-mass index,3,Rate,2006,925.3388404006278,1437.5176062065873,522.9601381798822
1,All Population,2,DALYs (Disability-Adjusted Life Years),153,Syrian Arab Republic,3,Both,27,Age-standardized,294,All causes,108,High body-mass index,3,Rate,2008,3672.9644153029026,5342.8515092603175,1855.2484328520623
1,All Population,2,DALYs (Disability-Adjusted Life Years),148,Morocco,3,Both,27,Age-standardized,294,All causes,108,High body-mass index,3,Rate,2008,2936.2224838749385,4351.661990151228,1510.4744028013156
1,All Population,2,DALYs (Disability-Adjusted Life Years),178,Eritrea,3,Both,27,Age-standardized,294,All causes,108,High body-mass index,3,Rate,2008,718.2991073093534,1171.763042729717,347.71887079781385
1,All Population,2,DALYs (Disability-Adjusted Life Years),170,Congo,3,Both,27,Age-standardized,294,All causes,108,High body-mass index,3,Rate,2008,1719.7747854011461,2576.449345794987,1033.6002527056332
1,All Population,2,DALYs (Disability-Adjusted Life Years),149,Palestine,3,Both,27,Age-standardized,294,All causes,108,High body-mass index,3,Rate,2008,3757.8357792046454,5346.607562085581,1927.3344801361573
1,All Population,2,DALYs (Disability-Adjusted Life Years),197,Eswatini,3,Both,27,Age-standardized,294,All causes,108,High body-mass index,3,Rate,2006,4042.8315646530864,5888.524924099587,2406.7394474258963
1,All Population,2,DALYs (Disability-Adjusted Life Years),181,Madagascar,3,Both,27,Age-standardized,294,All causes,108,High body-mass index,3,Rate,2006,835.6453094804348,1328.8559525317633,410.9586724932527
1,All Population,2,DALYs (Disability-Adjusted Life Years),182,Malawi,3,Both,27,Age-standardized,294,All causes,108,High body-mass index,3,Rate,2008,1147.8419508381808,1771.9731800160873,616.1602800722808
1,All Population,2,DALYs (Disability-Adjusted Life Years),157,Yemen,3,Both,27,Age-standardized,294,All causes,108,High body-mass index,3,Rate,2008,1645.767407351599,2495.501374451445,854.3178658195382
1,All Population,2,DALYs (Disability-Adjusted Life Years),152,Saudi Arabia,3,Both,27,Age-standardized,294,All causes,108,High body-mass index,3,Rate,2008,4071.6996012796035,5672.516090924175,2285.4953969758403
1,All Population,2,DALYs (Disability-Adjusted Life Years),186,Seychelles,3,Both,27,Age-standardized,294,All causes,108,High body-mass index,3,Rate,2008,2062.4676193277605,2942.7550009688175,1186.1901812613196
1,All Population,2,DALYs (Disability-Adjusted Life Years),156,United Arab Emirates,3,Both,27,Age-standardized,294,All causes,108,High body-mass index,3,Rate,2008,2750.634776026848,4064.5626419379023,1255.6401468652073
1,All Population,2,DALYs (Disability-Adjusted Life Years),160,Afghanistan,3,Both,27,Age-standardized,294,All causes,108,High body-mass index,3,Rate,2008,2616.098915606169,4002.558698401164,1305.1389651681477
1,All Population,2,DALYs (Disability-Adjusted Life Years),209,Guinea-Bissau,3,Both,27,Age-standardized,294,All causes,108,High body-mass index,3,Rate,2006,1524.011007195251,2453.7700762130075,811.3123074870257
1,All Population,2,DALYs (Disability-Adjusted Life Years),161,Bangladesh,3,Both,27,Age-standardized,294,All causes,108,High body-mass index,3,Rate,2008,914.28184532713,1419.771861224602,442.95740754356
1,All Population,2,DALYs (Disability-Adjusted Life Years),191,Zambia,3,Both,27,Age-standardized,294,All causes,108,High body-mass index,3,Rate,2008,1489.0933018746741,2272.3985653906207,787.4646831485697
1,All Population,2,DALYs (Disability-Adjusted Life Years),194,Lesotho,3,Both,27,Age-standardized,294,All causes,108,High body-mass index,3,Rate,2008,2229.7600329403353,3289.4570403668477,1116.6129670312248
1,All Population,2,DALYs (Disability-Adjusted Life Years),201,Burkina Faso,3,Both,27,Age-standardized,294,All causes,108,High body-mass index,3,Rate,2006,630.3020945145745,961.4128537438929,320.50058948576725
1,All Population,2,DALYs (Disability-Adjusted Life Years),198,Zimbabwe,3,Both,27,Age-standardized,294,All causes,108,High body-mass index,3,Rate,2008,1784.2716984544436,2737.754930250032,957.6935602209104
1,All Population,2,DALYs (Disability-Adjusted Life Years),164,Nepal,3,Both,27,Age-standardized,294,All causes,108,High body-mass index,3,Rate,2008,762.5603502359654,1217.9211669934045,364.4112984824065
1,All Population,2,DALYs (Disability-Adjusted Life Years),202,Cameroon,3,Both,27,Age-standardized,294,All causes,108,High body-mass index,3,Rate,2008,2223.5150037233134,3327.183776587655,1160.1320269483545
1,All Population,2,DALYs (Disability-Adjusted Life Years),213,Niger,3,Both,27,Age-standardized,294,All causes,108,High body-mass index,3,Rate,2006,903.4042878106094,1465.738680287333,439.10076593629543
1,All Population,2,DALYs (Disability-Adjusted Life Years),206,Gambia,3,Both,27,Age-standardized,294,All causes,108,High body-mass index,3,Rate,2008,1318.2289085324146,2006.0011384955342,694.3255937690104
1,All Population,2,DALYs (Disability-Adjusted Life Years),171,Democratic Republic of the Congo,3,Both,27,Age-standardized,294,All causes,108,High body-mass index,3,Rate,2008,1870.4460059310038,3031.641209377199,1013.2973407635104
1,All Population,2,DALYs (Disability-Adjusted Life Years),168,Angola,3,Both,27,Age-standardized,294,All causes,108,High body-mass index,3,Rate,2008,1401.7259260420346,2207.7606208418038,734.0216205789188
1,All Population,2,DALYs (Disability-Adjusted Life Years),172,Equatorial Guinea,3,Both,27,Age-standardized,294,All causes,108,High body-mass index,3,Rate,2008,2169.6466587632794,3338.453403165864,1171.5377021568097
1,All Population,2,DALYs (Disability-Adjusted Life Years),176,Comoros,3,Both,27,Age-standardized,294,All causes,108,High body-mass index,3,Rate,2008,805.25982406874,1262.6455321997105,402.7590233527365
1,All Population,2,DALYs (Disability-Adjusted Life Years),210,Liberia,3,Both,27,Age-standardized,294,All causes,108,High body-mass index,3,Rate,2008,1907.8651104734595,2832.459279262374,969.4724463764072
1,All Population,2,DALYs (Disability-Adjusted Life Years),180,Kenya,3,Both,27,Age-standardized,294,All causes,108,High body-mass index,3,Rate,2008,839.5462779004581,1318.8480725285128,437.50883467746445
1,All Population,2,DALYs (Disability-Adjusted Life Years),217,Sierra Leone,3,Both,27,Age-standardized,294,All causes,108,High body-mass index,3,Rate,2006,1092.6469977754916,1673.0645746507314,565.8733694783758
1,All Population,2,DALYs (Disability-Adjusted Life Years),179,Ethiopia,3,Both,27,Age-standardized,294,All causes,108,High body-mass index,3,Rate,2008,552.495894863631,845.6034097760913,272.24844512161724
1,All Population,2,DALYs (Disability-Adjusted Life Years),183,Mauritius,3,Both,27,Age-standardized,294,All causes,108,High body-mass index,3,Rate,2008,3437.5660739705363,4927.876948530822,1788.3448920871353
1,All Population,2,DALYs (Disability-Adjusted Life Years),175,Burundi,3,Both,27,Age-standardized,294,All causes,108,High body-mass index,3,Rate,2008,576.7950913124586,979.1807133812877,283.764969153641
1,All Population,2,DALYs (Disability-Adjusted Life Years),214,Nigeria,3,Both,27,Age-standardized,294,All causes,108,High body-mass index,3,Rate,2008,1508.222968293187,2302.636416272379,821.0467366102752
1,All Population,2,DALYs (Disability-Adjusted Life Years),184,Mozambique,3,Both,27,Age-standardized,294,All causes,108,High body-mass index,3,Rate,2008,793.6502354243415,1241.0192780923237,362.62520300082383
1,All Population,2,DALYs (Disability-Adjusted Life Years),218,Togo,3,Both,27,Age-standardized,294,All causes,108,High body-mass index,3,Rate,2008,1267.3284804059779,1932.2164661608747,658.1421559436534
1,All Population,2,DALYs (Disability-Adjusted Life Years),189,United Republic of Tanzania,3,Both,27,Age-standardized,294,All causes,108,High body-mass index,3,Rate,2008,1024.4671673911166,1483.839704366877,571.8341802086287
1,All Population,2,DALYs (Disability-Adjusted Life Years),187,Somalia,3,Both,27,Age-standardized,294,All causes,108,High body-mass index,3,Rate,2008,665.8299861606603,1111.0371615470733,302.83525331730766
1,All Population,2,DALYs (Disability-Adjusted Life Years),200,Benin,3,Both,27,Age-standardized,294,All causes,108,High body-mass index,3,Rate,2008,1189.877113406762,1788.7802188977248,591.4532965277843
1,All Population,2,DALYs (Disability-Adjusted Life Years),385,Puerto Rico,3,Both,27,Age-standardized,294,All causes,108,High body-mass index,3,Rate,2006,2703.367712271596,3766.2247167008513,1394.3877645222126
1,All Population,2,DALYs (Disability-Adjusted Life Years),195,Namibia,3,Both,27,Age-standardized,294,All causes,108,High body-mass index,3,Rate,2008,1788.3309437162022,2675.1035575763767,986.9831275071024
1,All Population,2,DALYs (Disability-Adjusted Life Years),196,South Africa,3,Both,27,Age-standardized,294,All causes,108,High body-mass index,3,Rate,2008,3251.7272469713275,4578.464553552034,1786.4086255327468
1,All Population,2,DALYs (Disability-Adjusted Life Years),351,Guam,3,Both,27,Age-standardized,294,All causes,108,High body-mass index,3,Rate,2006,2623.202139330459,3839.80972017387,1346.6234198075877
1,All Population,2,DALYs (Disability-Adjusted Life Years),204,Chad,3,Both,27,Age-standardized,294,All causes,108,High body-mass index,3,Rate,2008,1750.9444161145514,2792.9238378667046,952.6631699409423
1,All Population,2,DALYs (Disability-Adjusted Life Years),205,Côte d'Ivoire,3,Both,27,Age-standardized,294,All causes,108,High body-mass index,3,Rate,2008,1123.2269431109635,1658.308134302332,597.1011138215268
1,All Population,2,DALYs (Disability-Adjusted Life Years),207,Ghana,3,Both,27,Age-standardized,294,All causes,108,High body-mass index,3,Rate,2008,1716.7331726478997,2495.7663414256517,926.1483838831346
1,All Population,2,DALYs (Disability-Adjusted Life Years),369,Nauru,3,Both,27,Age-standardized,294,All causes,108,High body-mass index,3,Rate,2006,11852.607060715316,16417.42589484098,6189.659764431955
1,All Population,2,DALYs (Disability-Adjusted Life Years),416,Tuvalu,3,Both,27,Age-standardized,294,All causes,108,High body-mass index,3,Rate,2006,6864.439953025923,9641.0097722105,3574.8993587012974
1,All Population,2,DALYs (Disability-Adjusted Life Years),208,Guinea,3,Both,27,Age-standardized,294,All causes,108,High body-mass index,3,Rate,2008,1223.7789991519928,1825.4896326063613,627.5930393012694
1,All Population,2,DALYs (Disability-Adjusted Life Years),374,Niue,3,Both,27,Age-standardized,294,All causes,108,High body-mass index,3,Rate,2008,5743.7958826609865,8028.506415519343,2976.4257297009067
1,All Population,2,DALYs (Disability-Adjusted Life Years),305,Bermuda,3,Both,27,Age-standardized,294,All causes,108,High body-mass index,3,Rate,2008,1358.7000444681778,2023.4069641378812,602.8510430549038
1,All Population,2,DALYs (Disability-Adjusted Life Years),435,South Sudan,3,Both,27,Age-standardized,294,All causes,108,High body-mass index,3,Rate,2006,816.4981391009171,1355.753321101568,428.3941206589489
1,All Population,2,DALYs (Disability-Adjusted Life Years),203,Cabo Verde,3,Both,27,Age-standardized,294,All causes,108,High body-mass index,3,Rate,2008,1181.832283612067,1772.2469576753663,570.3507871242944
1,All Population,2,DALYs (Disability-Adjusted Life Years),215,Sao Tome and Principe,3,Both,27,Age-standardized,294,All causes,108,High body-mass index,3,Rate,2008,1415.2101635353795,2219.116147754536,703.0328909955538
1,All Population,2,DALYs (Disability-Adjusted Life Years),212,Mauritania,3,Both,27,Age-standardized,294,All causes,108,High body-mass index,3,Rate,2008,2204.221871062014,3281.0330527584383,1218.6198513935585
1,All Population,2,DALYs (Disability-Adjusted Life Years),216,Senegal,3,Both,27,Age-standardized,294,All causes,108,High body-mass index,3,Rate,2008,1238.9276249229504,1886.9405740809923,641.3599464699515
1,All Population,2,DALYs (Disability-Adjusted Life Years),393,Saint Kitts and Nevis,3,Both,27,Age-standardized,294,All causes,108,High body-mass index,3,Rate,2008,2474.9309063964697,3642.927697910725,1263.646443326016
1,All Population,2,DALYs (Disability-Adjusted Life Years),211,Mali,3,Both,27,Age-standardized,294,All causes,108,High body-mass index,3,Rate,2008,1623.7807459399803,2393.419138002503,846.4885989242873
1,All Population,2,DALYs (Disability-Adjusted Life Years),422,United States Virgin Islands,3,Both,27,Age-standardized,294,All causes,108,High body-mass index,3,Rate,2008,2571.207132443523,3639.6679101334157,1333.3598487668626
1,All Population,2,DALYs (Disability-Adjusted Life Years),349,Greenland,3,Both,27,Age-standardized,294,All causes,108,High body-mass index,3,Rate,2008,2258.5075774571396,3571.049595836388,1010.3705456353314
1,All Population,2,DALYs (Disability-Adjusted Life Years),298,American Samoa,3,Both,27,Age-standardized,294,All causes,108,High body-mass index,3,Rate,2008,6225.712832354242,8623.83097245873,3285.3106220362056
1,All Population,2,DALYs (Disability-Adjusted Life Years),367,Monaco,3,Both,27,Age-standardized,294,All causes,108,High body-mass index,3,Rate,2008,1467.752670278094,2380.7577838959814,566.751167892138
1,All Population,2,DALYs (Disability-Adjusted Life Years),320,Cook Islands,3,Both,27,Age-standardized,294,All causes,108,High body-mass index,3,Rate,2008,6567.769786260569,8726.667466024108,3941.848074028268
1,All Population,2,DALYs (Disability-Adjusted Life Years),376,Northern Mariana Islands,3,Both,27,Age-standardized,294,All causes,108,High body-mass index,3,Rate,2008,4444.405523941803,6431.272461880734,2224.8669609377184
1,All Population,2,DALYs (Disability-Adjusted Life Years),396,San Marino,3,Both,27,Age-standardized,294,All causes,108,High body-mass index,3,Rate,2008,934.5939351135486,1555.1571686190869,349.58179251896314
1,All Population,2,DALYs (Disability-Adjusted Life Years),380,Palau,3,Both,27,Age-standardized,294,All causes,108,High body-mass index,3,Rate,2008,4682.116826724372,6841.195320760021,2252.77965880246
1,All Population,2,DALYs (Disability-Adjusted Life Years),413,Tokelau,3,Both,27,Age-standardized,294,All causes,108,High body-mass index,3,Rate,2008,4879.413894100476,6778.077851875239,2503.8968725799737
1,All Population,2,DALYs (Disability-Adjusted Life Years),7,Democratic People's Republic of Korea,3,Both,27,Age-standardized,294,All causes,108,High body-mass index,3,Rate,2007,962.3408250793268,1663.5998332756003,447.0962200355074
1,All Population,2,DALYs (Disability-Adjusted Life Years),23,Kiribati,3,Both,27,Age-standardized,294,All causes,108,High body-mass index,3,Rate,2007,4266.7860006451365,6137.775598970764,2191.7374077443087
1,All Population,2,DALYs (Disability-Adjusted Life Years),11,Indonesia,3,Both,27,Age-standardized,294,All causes,108,High body-mass index,3,Rate,2007,1035.4198072553513,1528.7179662197377,504.5042355094164
1,All Population,2,DALYs (Disability-Adjusted Life Years),15,Myanmar,3,Both,27,Age-standardized,294,All causes,108,High body-mass index,3,Rate,2007,1166.7121039031078,1819.7579965584187,571.036597845948
1,All Population,2,DALYs (Disability-Adjusted Life Years),27,Samoa,3,Both,27,Age-standardized,294,All causes,108,High body-mass index,3,Rate,2007,4554.581400531672,6386.357871556956,2344.9517586574325
1,All Population,2,DALYs (Disability-Adjusted Life Years),522,Sudan,3,Both,27,Age-standardized,294,All causes,108,High body-mass index,3,Rate,2008,2571.611558607707,3890.5061770686325,1368.9334926040942
1,All Population,2,DALYs (Disability-Adjusted Life Years),19,Timor-Leste,3,Both,27,Age-standardized,294,All causes,108,High body-mass index,3,Rate,2007,407.16579700410875,649.4531183344575,201.73181996020477
1,All Population,2,DALYs (Disability-Adjusted Life Years),8,Taiwan,3,Both,27,Age-standardized,294,All causes,108,High body-mass index,3,Rate,2009,1092.4527450979024,1712.1101834759747,479.9697383234586
1,All Population,2,DALYs (Disability-Adjusted Life Years),12,Lao People's Democratic Republic,3,Both,27,Age-standardized,294,All causes,108,High body-mass index,3,Rate,2009,976.7330275613875,1520.1091572740852,563.7101379998663
1,All Population,2,DALYs (Disability-Adjusted Life Years),16,Philippines,3,Both,27,Age-standardized,294,All causes,108,High body-mass index,3,Rate,2009,1431.1051142110102,2139.6430107032334,762.6199190624114
1,All Population,2,DALYs (Disability-Adjusted Life Years),20,Viet Nam,3,Both,27,Age-standardized,294,All causes,108,High body-mass index,3,Rate,2009,419.2292538221657,644.626475241554,207.7978048396753
1,All Population,2,DALYs (Disability-Adjusted Life Years),24,Marshall Islands,3,Both,27,Age-standardized,294,All causes,108,High body-mass index,3,Rate,2009,8206.304122173826,11429.136899931827,4486.590758750472
1,All Population,2,DALYs (Disability-Adjusted Life Years),69,Singapore,3,Both,27,Age-standardized,294,All causes,108,High body-mass index,3,Rate,2007,893.4402943042616,1380.577126825335,382.39943420554283
1,All Population,2,DALYs (Disability-Adjusted Life Years),28,Solomon Islands,3,Both,27,Age-standardized,294,All causes,108,High body-mass index,3,Rate,2009,4920.8651459406565,7174.254612032599,2333.9250976329886
1,All Population,2,DALYs (Disability-Adjusted Life Years),81,Germany,3,Both,27,Age-standardized,294,All causes,108,High body-mass index,3,Rate,2007,1420.1950074184426,2187.6895671764505,583.425939485415
1,All Population,2,DALYs (Disability-Adjusted Life Years),6,China,3,Both,27,Age-standardized,294,All causes,108,High body-mass index,3,Rate,2009,687.654435131615,1066.4858598024275,306.27530609729513
1,All Population,2,DALYs (Disability-Adjusted Life Years),10,Cambodia,3,Both,27,Age-standardized,294,All causes,108,High body-mass index,3,Rate,2009,690.8585135428463,1088.6411228291026,327.00323521461115
1,All Population,2,DALYs (Disability-Adjusted Life Years),13,Malaysia,3,Both,27,Age-standardized,294,All causes,108,High body-mass index,3,Rate,2009,1325.2095930560617,2060.469371047875,585.4165048546571
1,All Population,2,DALYs (Disability-Adjusted Life Years),92,Spain,3,Both,27,Age-standardized,294,All causes,108,High body-mass index,3,Rate,2007,1268.8843995539742,1963.3582240657745,512.4608510855593
1,All Population,2,DALYs (Disability-Adjusted Life Years),77,Cyprus,3,Both,27,Age-standardized,294,All causes,108,High body-mass index,3,Rate,2007,1704.1393098380313,2683.5287081498054,735.0547801820506
1,All Population,2,DALYs (Disability-Adjusted Life Years),14,Maldives,3,Both,27,Age-standardized,294,All causes,108,High body-mass index,3,Rate,2009,1236.2474490871573,1894.111474289449,599.4371206422605
1,All Population,2,DALYs (Disability-Adjusted Life Years),22,Fiji,3,Both,27,Age-standardized,294,All causes,108,High body-mass index,3,Rate,2009,7343.992654068135,10222.800086647148,3815.6952675843327
1,All Population,2,DALYs (Disability-Adjusted Life Years),18,Thailand,3,Both,27,Age-standardized,294,All causes,108,High body-mass index,3,Rate,2009,944.9434997337582,1505.861447231655,407.9286941707524
1,All Population,2,DALYs (Disability-Adjusted Life Years),26,Papua New Guinea,3,Both,27,Age-standardized,294,All causes,108,High body-mass index,3,Rate,2009,2740.757910631821,4095.019338862965,1307.4562963929372
1,All Population,2,DALYs (Disability-Adjusted Life Years),108,Belize,3,Both,27,Age-standardized,294,All causes,108,High body-mass index,3,Rate,2007,2878.9215943842974,4055.5545153109674,1536.5203900491108
1,All Population,2,DALYs (Disability-Adjusted Life Years),30,Vanuatu,3,Both,27,Age-standardized,294,All causes,108,High body-mass index,3,Rate,2009,3661.606551162778,5397.557105384649,1758.539805269965
1,All Population,2,DALYs (Disability-Adjusted Life Years),25,Micronesia (Federated States of),3,Both,27,Age-standardized,294,All causes,108,High body-mass index,3,Rate,2009,7584.69885049845,10807.300357556307,3984.5731683066842
1,All Population,2,DALYs (Disability-Adjusted Life Years),17,Sri Lanka,3,Both,27,Age-standardized,294,All causes,108,High body-mass index,3,Rate,2009,1323.001544240493,2033.5192274406982,619.1483897705757
1,All Population,2,DALYs (Disability-Adjusted Life Years),66,Brunei Darussalam,3,Both,27,Age-standardized,294,All causes,108,High body-mass index,3,Rate,2009,2141.7790232029006,3240.8956069097576,974.2860999220386
1,All Population,2,DALYs (Disability-Adjusted Life Years),29,Tonga,3,Both,27,Age-standardized,294,All causes,108,High body-mass index,3,Rate,2009,5386.411260501007,7541.675583460585,2765.7006481046524
1,All Population,2,DALYs (Disability-Adjusted Life Years),88,Malta,3,Both,27,Age-standardized,294,All causes,108,High body-mass index,3,Rate,2007,1428.8743106629552,2252.0377018720746,581.5774631492565
1,All Population,2,DALYs (Disability-Adjusted Life Years),115,Jamaica,3,Both,27,Age-standardized,294,All causes,108,High body-mass index,3,Rate,2007,1858.6777811717245,2842.558909068381,893.8707873097414
1,All Population,2,DALYs (Disability-Adjusted Life Years),74,Andorra,3,Both,27,Age-standardized,294,All causes,108,High body-mass index,3,Rate,2009,961.6893316107987,1599.1961582859801,381.02768169746514
1,All Population,2,DALYs (Disability-Adjusted Life Years),127,El Salvador,3,Both,27,Age-standardized,294,All causes,108,High body-mass index,3,Rate,2007,2208.2858223389603,3134.6740291061997,1069.2375193674347
1,All Population,2,DALYs (Disability-Adjusted Life Years),119,Trinidad and Tobago,3,Both,27,Age-standardized,294,All causes,108,High body-mass index,3,Rate,2007,3924.059230313977,5597.0094832903615,1984.9522396772622
1,All Population,2,DALYs (Disability-Adjusted Life Years),78,Denmark,3,Both,27,Age-standardized,294,All causes,108,High body-mass index,3,Rate,2009,1092.4931357825978,1708.080133266202,433.41017051847786
1,All Population,2,DALYs (Disability-Adjusted Life Years),82,Greece,3,Both,27,Age-standardized,294,All causes,108,High body-mass index,3,Rate,2009,1485.6327803406039,2263.5544900667664,625.2109142604471
1,All Population,2,DALYs (Disability-Adjusted Life Years),85,Israel,3,Both,27,Age-standardized,294,All causes,108,High body-mass index,3,Rate,2009,1385.618284567974,2118.5580153548426,583.5988833780651
1,All Population,2,DALYs (Disability-Adjusted Life Years),67,Japan,3,Both,27,Age-standardized,294,All causes,108,High body-mass index,3,Rate,2009,615.5179612317446,1038.5828181299137,235.1207862283697
1,All Population,2,DALYs (Disability-Adjusted Life Years),89,Netherlands,3,Both,27,Age-standardized,294,All causes,108,High body-mass index,3,Rate,2009,1019.6750052709435,1605.9473797424087,395.47544060783486
1,All Population,2,DALYs (Disability-Adjusted Life Years),93,Sweden,3,Both,27,Age-standardized,294,All causes,108,High body-mass index,3,Rate,2009,1055.9175829973046,1599.5854222736975,433.8788944383687
1,All Population,2,DALYs (Disability-Adjusted Life Years),123,Peru,3,Both,27,Age-standardized,294,All causes,108,High body-mass index,3,Rate,2007,1132.1530266551322,1715.411285758112,524.6712070701674
1,All Population,2,DALYs (Disability-Adjusted Life Years),68,Republic of Korea,3,Both,27,Age-standardized,294,All causes,108,High body-mass index,3,Rate,2009,725.4501831313996,1123.406864430205,299.88052145681024
1,All Population,2,DALYs (Disability-Adjusted Life Years),71,Australia,3,Both,27,Age-standardized,294,All causes,108,High body-mass index,3,Rate,2009,1256.351634124962,2033.2051033243984,481.89199026829976
1,All Population,2,DALYs (Disability-Adjusted Life Years),97,Argentina,3,Both,27,Age-standardized,294,All causes,108,High body-mass index,3,Rate,2009,1857.2449979203545,2780.910790347692,869.8334795856373
1,All Population,2,DALYs (Disability-Adjusted Life Years),101,Canada,3,Both,27,Age-standardized,294,All causes,108,High body-mass index,3,Rate,2009,1200.6219672133748,1860.2875880672914,487.6293418151487
1,All Population,2,DALYs (Disability-Adjusted Life Years),131,Nicaragua,3,Both,27,Age-standardized,294,All causes,108,High body-mass index,3,Rate,2007,2023.9510785481252,2890.783849557766,1072.7045416246115
1,All Population,2,DALYs (Disability-Adjusted Life Years),72,New Zealand,3,Both,27,Age-standardized,294,All causes,108,High body-mass index,3,Rate,2009,1537.0814170704614,2383.1837929250714,634.3478723055542
1,All Population,2,DALYs (Disability-Adjusted Life Years),105,Antigua and Barbuda,3,Both,27,Age-standardized,294,All causes,108,High body-mass index,3,Rate,2009,2356.5776337683433,3386.1602621775705,1262.7109215598089
1,All Population,2,DALYs (Disability-Adjusted Life Years),150,Oman,3,Both,27,Age-standardized,294,All causes,108,High body-mass index,3,Rate,2007,3053.8586035567278,4461.530200304932,1600.838508200709
1,All Population,2,DALYs (Disability-Adjusted Life Years),135,Brazil,3,Both,27,Age-standardized,294,All causes,108,High body-mass index,3,Rate,2007,1801.6510311698933,2679.4981047195793,878.6930348563284
1,All Population,2,DALYs (Disability-Adjusted Life Years),109,Cuba,3,Both,27,Age-standardized,294,All causes,108,High body-mass index,3,Rate,2009,1508.7208068894033,2290.088914520269,711.55680740976
1,All Population,2,DALYs (Disability-Adjusted Life Years),112,Grenada,3,Both,27,Age-standardized,294,All causes,108,High body-mass index,3,Rate,2009,2596.6819765809887,3660.043468432798,1348.0037966769728
1,All Population,2,DALYs (Disability-Adjusted Life Years),75,Austria,3,Both,27,Age-standardized,294,All causes,108,High body-mass index,3,Rate,2009,1264.2075927945332,1909.7256965061863,539.1336484963841
1,All Population,2,DALYs (Disability-Adjusted Life Years),76,Belgium,3,Both,27,Age-standardized,294,All causes,108,High body-mass index,3,Rate,2009,1096.2091947320146,1688.1606997003182,427.3942350037462
1,All Population,2,DALYs (Disability-Adjusted Life Years),80,France,3,Both,27,Age-standardized,294,All causes,108,High body-mass index,3,Rate,2009,995.5156205573221,1557.4143083743938,387.0830026495555
1,All Population,2,DALYs (Disability-Adjusted Life Years),79,Finland,3,Both,27,Age-standardized,294,All causes,108,High body-mass index,3,Rate,2009,1343.68020896293,2117.3743022807043,550.8610604042303
1,All Population,2,DALYs (Disability-Adjusted Life Years),142,Iran (Islamic Republic of),3,Both,27,Age-standardized,294,All causes,108,High body-mass index,3,Rate,2007,2060.117561215157,3036.9481779412627,1016.3685397390442
1,All Population,2,DALYs (Disability-Adjusted Life Years),154,Tunisia,3,Both,27,Age-standardized,294,All causes,108,High body-mass index,3,Rate,2007,2324.217593308477,3575.1651958997695,1067.711247291581
1,All Population,2,DALYs (Disability-Adjusted Life Years),83,Iceland,3,Both,27,Age-standardized,294,All causes,108,High body-mass index,3,Rate,2009,1121.0044552651434,1865.942622332666,418.6351524657436
1,All Population,2,DALYs (Disability-Adjusted Life Years),116,Saint Lucia,3,Both,27,Age-standardized,294,All causes,108,High body-mass index,3,Rate,2009,2510.6540566504477,3601.140215299853,1314.143600076997
1,All Population,2,DALYs (Disability-Adjusted Life Years),90,Norway,3,Both,27,Age-standardized,294,All causes,108,High body-mass index,3,Rate,2009,1035.9187004067182,1629.3422066048988,398.7273952511051
1,All Population,2,DALYs (Disability-Adjusted Life Years),86,Italy,3,Both,27,Age-standardized,294,All causes,108,High body-mass index,3,Rate,2009,1197.5613021562808,1877.5911467406995,503.84571098358094
1,All Population,2,DALYs (Disability-Adjusted Life Years),87,Luxembourg,3,Both,27,Age-standardized,294,All causes,108,High body-mass index,3,Rate,2009,1123.3035657494966,1770.9985001657903,448.439104212257
1,All Population,2,DALYs (Disability-Adjusted Life Years),84,Ireland,3,Both,27,Age-standardized,294,All causes,108,High body-mass index,3,Rate,2009,1177.539449302958,1799.9924089561346,459.9377162915419
1,All Population,2,DALYs (Disability-Adjusted Life Years),165,Pakistan,3,Both,27,Age-standardized,294,All causes,108,High body-mass index,3,Rate,2007,1450.4169484773593,2191.2203594755906,731.3266247120181
1,All Population,2,DALYs (Disability-Adjusted Life Years),91,Portugal,3,Both,27,Age-standardized,294,All causes,108,High body-mass index,3,Rate,2009,1345.0538918694822,2139.032071550344,546.6117158405473
1,All Population,2,DALYs (Disability-Adjusted Life Years),173,Gabon,3,Both,27,Age-standardized,294,All causes,108,High body-mass index,3,Rate,2007,2500.2391604199734,3748.0223188962427,1460.8453134794079
1,All Population,2,DALYs (Disability-Adjusted Life Years),185,Rwanda,3,Both,27,Age-standardized,294,All causes,108,High body-mass index,3,Rate,2007,772.1086225376669,1211.5328454803869,393.9062385976001
1,All Population,2,DALYs (Disability-Adjusted Life Years),94,Switzerland,3,Both,27,Age-standardized,294,All causes,108,High body-mass index,3,Rate,2009,995.8595388186761,1580.6878066828028,389.6392127094378
1,All Population,2,DALYs (Disability-Adjusted Life Years),99,Uruguay,3,Both,27,Age-standardized,294,All causes,108,High body-mass index,3,Rate,2009,1539.3022641770222,2383.9313939491376,645.7974296646712
1,All Population,2,DALYs (Disability-Adjusted Life Years),128,Guatemala,3,Both,27,Age-standardized,294,All causes,108,High body-mass index,3,Rate,2009,2355.0280065821667,3345.3413832113615,1207.3787189639734
1,All Population,2,DALYs (Disability-Adjusted Life Years),95,United Kingdom,3,Both,27,Age-standardized,294,All causes,108,High body-mass index,3,Rate,2009,1329.132200824773,2151.635638342125,515.6602825306543
1,All Population,2,DALYs (Disability-Adjusted Life Years),98,Chile,3,Both,27,Age-standardized,294,All causes,108,High body-mass index,3,Rate,2009,1585.860823963367,2437.0915745548514,712.2453282848078
1,All Population,2,DALYs (Disability-Adjusted Life Years),106,Bahamas,3,Both,27,Age-standardized,294,All causes,108,High body-mass index,3,Rate,2009,3589.4392925164975,4813.943388214757,2170.700202169114
1,All Population,2,DALYs (Disability-Adjusted Life Years),110,Dominica,3,Both,27,Age-standardized,294,All causes,108,High body-mass index,3,Rate,2009,2860.1355568476433,4100.9248212464345,1575.1742474458676
1,All Population,2,DALYs (Disability-Adjusted Life Years),111,Dominican Republic,3,Both,27,Age-standardized,294,All causes,108,High body-mass index,3,Rate,2009,1821.7449058081863,2673.0374539754093,941.4502638320388
1,All Population,2,DALYs (Disability-Adjusted Life Years),146,Lebanon,3,Both,27,Age-standardized,294,All causes,108,High body-mass index,3,Rate,2007,1803.395707224453,2720.75246622523,802.0077287340404
1,All Population,2,DALYs (Disability-Adjusted Life Years),113,Guyana,3,Both,27,Age-standardized,294,All causes,108,High body-mass index,3,Rate,2009,3934.5950444326836,5515.585641848154,2217.1071396569437
1,All Population,2,DALYs (Disability-Adjusted Life Years),177,Djibouti,3,Both,27,Age-standardized,294,All causes,108,High body-mass index,3,Rate,2007,592.0187231029588,1004.5136196660324,265.3519882501016
1,All Population,2,DALYs (Disability-Adjusted Life Years),107,Barbados,3,Both,27,Age-standardized,294,All causes,108,High body-mass index,3,Rate,2009,2562.0189994346315,3646.7887080389073,1295.551019788509
1,All Population,2,DALYs (Disability-Adjusted Life Years),190,Uganda,3,Both,27,Age-standardized,294,All causes,108,High body-mass index,3,Rate,2007,946.8006173227784,1460.7080646764223,530.2337843577812
1,All Population,2,DALYs (Disability-Adjusted Life Years),102,United States of America,3,Both,27,Age-standardized,294,All causes,108,High body-mass index,3,Rate,2009,2068.404107664452,3050.291914911725,974.4593182619884
1,All Population,2,DALYs (Disability-Adjusted Life Years),114,Haiti,3,Both,27,Age-standardized,294,All causes,108,High body-mass index,3,Rate,2009,1741.7649638671464,2744.4006800251154,867.7272926670319
1,All Population,2,DALYs (Disability-Adjusted Life Years),132,Panama,3,Both,27,Age-standardized,294,All causes,108,High body-mass index,3,Rate,2009,1716.1537220940368,2458.336375881481,852.5128769560696
1,All Population,2,DALYs (Disability-Adjusted Life Years),139,Algeria,3,Both,27,Age-standardized,294,All causes,108,High body-mass index,3,Rate,2009,2304.699202285938,3414.6906395496376,1233.3408245039786
1,All Population,2,DALYs (Disability-Adjusted Life Years),136,Paraguay,3,Both,27,Age-standardized,294,All causes,108,High body-mass index,3,Rate,2009,2381.3421620559916,3361.5411117506314,1186.4691821453507
1,All Population,2,DALYs (Disability-Adjusted Life Years),169,Central African Republic,3,Both,27,Age-standardized,294,All causes,108,High body-mass index,3,Rate,2007,1649.127655838653,2878.96068103555,872.3512457391794
1,All Population,2,DALYs (Disability-Adjusted Life Years),117,Saint Vincent and the Grenadines,3,Both,27,Age-standardized,294,All causes,108,High body-mass index,3,Rate,2009,2338.563057901003,3403.2390931099317,1196.5911672194559
1,All Population,2,DALYs (Disability-Adjusted Life Years),147,Libya,3,Both,27,Age-standardized,294,All causes,108,High body-mass index,3,Rate,2009,3395.5306074473806,4981.881726753196,1754.658323197516
1,All Population,2,DALYs (Disability-Adjusted Life Years),162,Bhutan,3,Both,27,Age-standardized,294,All causes,108,High body-mass index,3,Rate,2007,1661.3634906633533,2510.6057341552005,849.7081034163755
1,All Population,2,DALYs (Disability-Adjusted Life Years),197,Eswatini,3,Both,27,Age-standardized,294,All causes,108,High body-mass index,3,Rate,2007,3925.8809486413684,5763.097259864888,2317.408864209528
1,All Population,2,DALYs (Disability-Adjusted Life Years),151,Qatar,3,Both,27,Age-standardized,294,All causes,108,High body-mass index,3,Rate,2009,3436.0412722843744,4901.052177339721,1667.6553219056173
1,All Population,2,DALYs (Disability-Adjusted Life Years),118,Suriname,3,Both,27,Age-standardized,294,All causes,108,High body-mass index,3,Rate,2009,2192.271386934758,3322.78221846334,1124.4848031949432
1,All Population,2,DALYs (Disability-Adjusted Life Years),122,Ecuador,3,Both,27,Age-standardized,294,All causes,108,High body-mass index,3,Rate,2009,2201.2729914747983,3085.380508471367,1300.2546488513508
1,All Population,2,DALYs (Disability-Adjusted Life Years),209,Guinea-Bissau,3,Both,27,Age-standardized,294,All causes,108,High body-mass index,3,Rate,2007,1549.7090427630158,2448.245507179007,845.0363119390186
1,All Population,2,DALYs (Disability-Adjusted Life Years),181,Madagascar,3,Both,27,Age-standardized,294,All causes,108,High body-mass index,3,Rate,2007,853.0664477276504,1353.946916502015,423.2861948512862
1,All Population,2,DALYs (Disability-Adjusted Life Years),125,Colombia,3,Both,27,Age-standardized,294,All causes,108,High body-mass index,3,Rate,2009,1363.3375781856896,2022.3408348744683,633.4416813831674
1,All Population,2,DALYs (Disability-Adjusted Life Years),121,Bolivia (Plurinational State of),3,Both,27,Age-standardized,294,All causes,108,High body-mass index,3,Rate,2009,2306.8685437045897,3317.3351254271365,1252.864440071583
1,All Population,2,DALYs (Disability-Adjusted Life Years),126,Costa Rica,3,Both,27,Age-standardized,294,All causes,108,High body-mass index,3,Rate,2009,1667.6432879630513,2398.3669145779186,813.9960643855972
1,All Population,2,DALYs (Disability-Adjusted Life Years),201,Burkina Faso,3,Both,27,Age-standardized,294,All causes,108,High body-mass index,3,Rate,2007,637.9621255863381,983.3710088639166,317.80514451281135
1,All Population,2,DALYs (Disability-Adjusted Life Years),155,Türkiye,3,Both,27,Age-standardized,294,All causes,108,High body-mass index,3,Rate,2009,2376.9553576852604,3430.287839734671,1104.7593611132695
1,All Population,2,DALYs (Disability-Adjusted Life Years),143,Iraq,3,Both,27,Age-standardized,294,All causes,108,High body-mass index,3,Rate,2009,3994.1474941547795,5876.6477989449495,1991.0027505891162
1,All Population,2,DALYs (Disability-Adjusted Life Years),193,Botswana,3,Both,27,Age-standardized,294,All causes,108,High body-mass index,3,Rate,2007,1651.7042341497329,2520.71471695846,793.0025007028449
1,All Population,2,DALYs (Disability-Adjusted Life Years),133,Venezuela (Bolivarian Republic of),3,Both,27,Age-standardized,294,All causes,108,High body-mass index,3,Rate,2009,2412.6224094251343,3503.426378862419,1288.7373257590164
1,All Population,2,DALYs (Disability-Adjusted Life Years),129,Honduras,3,Both,27,Age-standardized,294,All causes,108,High body-mass index,3,Rate,2009,1700.6540972828338,2588.330453613158,842.0038437155275
1,All Population,2,DALYs (Disability-Adjusted Life Years),163,India,3,Both,27,Age-standardized,294,All causes,108,High body-mass index,3,Rate,2009,839.8295504387825,1306.4023944219166,414.7528651320144
1,All Population,2,DALYs (Disability-Adjusted Life Years),213,Niger,3,Both,27,Age-standardized,294,All causes,108,High body-mass index,3,Rate,2007,898.8160176764263,1443.8970341519469,434.7788579574449
1,All Population,2,DALYs (Disability-Adjusted Life Years),170,Congo,3,Both,27,Age-standardized,294,All causes,108,High body-mass index,3,Rate,2009,1769.3646317309842,2652.6939540250064,1068.0631919326702
1,All Population,2,DALYs (Disability-Adjusted Life Years),140,Bahrain,3,Both,27,Age-standardized,294,All causes,108,High body-mass index,3,Rate,2009,3757.865734459609,5418.503650229603,1827.36868808866
1,All Population,2,DALYs (Disability-Adjusted Life Years),130,Mexico,3,Both,27,Age-standardized,294,All causes,108,High body-mass index,3,Rate,2009,2976.5694781425677,4115.04000134123,1588.997818910088
1,All Population,2,DALYs (Disability-Adjusted Life Years),141,Egypt,3,Both,27,Age-standardized,294,All causes,108,High body-mass index,3,Rate,2009,5803.218546780902,8060.901686057874,3066.8903006411592
1,All Population,2,DALYs (Disability-Adjusted Life Years),145,Kuwait,3,Both,27,Age-standardized,294,All causes,108,High body-mass index,3,Rate,2009,3579.190308134038,5092.942742249205,1777.685061832599
1,All Population,2,DALYs (Disability-Adjusted Life Years),148,Morocco,3,Both,27,Age-standardized,294,All causes,108,High body-mass index,3,Rate,2009,2936.949655870587,4345.590375539491,1516.3484512682269
1,All Population,2,DALYs (Disability-Adjusted Life Years),182,Malawi,3,Both,27,Age-standardized,294,All causes,108,High body-mass index,3,Rate,2009,1178.6585000848042,1798.867726139739,633.6523174964724
1,All Population,2,DALYs (Disability-Adjusted Life Years),149,Palestine,3,Both,27,Age-standardized,294,All causes,108,High body-mass index,3,Rate,2009,3773.713645610699,5386.109991853122,1944.2714115657002
1,All Population,2,DALYs (Disability-Adjusted Life Years),186,Seychelles,3,Both,27,Age-standardized,294,All causes,108,High body-mass index,3,Rate,2009,2060.2353807330683,2942.6600748285337,1215.3364667809237
1,All Population,2,DALYs (Disability-Adjusted Life Years),152,Saudi Arabia,3,Both,27,Age-standardized,294,All causes,108,High body-mass index,3,Rate,2009,4191.870929302433,5795.775239317249,2371.2506894862945
1,All Population,2,DALYs (Disability-Adjusted Life Years),144,Jordan,3,Both,27,Age-standardized,294,All causes,108,High body-mass index,3,Rate,2009,3944.554615350059,5500.786906770684,2120.2350673828482
1,All Population,2,DALYs (Disability-Adjusted Life Years),217,Sierra Leone,3,Both,27,Age-standardized,294,All causes,108,High body-mass index,3,Rate,2007,1107.2923767771686,1705.653934201443,564.8913695379882
1,All Population,2,DALYs (Disability-Adjusted Life Years),178,Eritrea,3,Both,27,Age-standardized,294,All causes,108,High body-mass index,3,Rate,2009,733.0952648914589,1177.4510595695047,364.902098246827
1,All Population,2,DALYs (Disability-Adjusted Life Years),351,Guam,3,Both,27,Age-standardized,294,All causes,108,High body-mass index,3,Rate,2007,2670.315600008493,3890.398753079581,1363.4644869230501
1,All Population,2,DALYs (Disability-Adjusted Life Years),157,Yemen,3,Both,27,Age-standardized,294,All causes,108,High body-mass index,3,Rate,2009,1675.6185346647696,2494.9289385893676,885.6894215125626
1,All Population,2,DALYs (Disability-Adjusted Life Years),153,Syrian Arab Republic,3,Both,27,Age-standardized,294,All causes,108,High body-mass index,3,Rate,2009,3627.6960683468287,5284.591067652591,1820.1584708564903
1,All Population,2,DALYs (Disability-Adjusted Life Years),156,United Arab Emirates,3,Both,27,Age-standardized,294,All causes,108,High body-mass index,3,Rate,2009,2674.420047821666,3973.0905074538146,1213.9795690993699
1,All Population,2,DALYs (Disability-Adjusted Life Years),416,Tuvalu,3,Both,27,Age-standardized,294,All causes,108,High body-mass index,3,Rate,2007,6921.395228376272,9744.337998389152,3583.507537748497
1,All Population,2,DALYs (Disability-Adjusted Life Years),161,Bangladesh,3,Both,27,Age-standardized,294,All causes,108,High body-mass index,3,Rate,2009,940.7868323513683,1463.7864416289187,458.6445233281042
1,All Population,2,DALYs (Disability-Adjusted Life Years),160,Afghanistan,3,Both,27,Age-standardized,294,All causes,108,High body-mass index,3,Rate,2009,2633.315254057323,4001.0206173689276,1302.6862991197052
1,All Population,2,DALYs (Disability-Adjusted Life Years),168,Angola,3,Both,27,Age-standardized,294,All causes,108,High body-mass index,3,Rate,2009,1451.9411389202075,2258.8234087240235,773.6928406644043
1,All Population,2,DALYs (Disability-Adjusted Life Years),369,Nauru,3,Both,27,Age-standardized,294,All causes,108,High body-mass index,3,Rate,2007,11884.249490995324,16539.114994542426,6261.741097785227
1,All Population,2,DALYs (Disability-Adjusted Life Years),385,Puerto Rico,3,Both,27,Age-standardized,294,All causes,108,High body-mass index,3,Rate,2007,2674.4299893197353,3718.8718737020886,1376.6206146638501
1,All Population,2,DALYs (Disability-Adjusted Life Years),164,Nepal,3,Both,27,Age-standardized,294,All causes,108,High body-mass index,3,Rate,2009,787.2033357995157,1247.9727051347024,373.8338539117876
1,All Population,2,DALYs (Disability-Adjusted Life Years),194,Lesotho,3,Both,27,Age-standardized,294,All causes,108,High body-mass index,3,Rate,2009,2307.3784575381264,3396.247427326189,1152.1727114324738
1,All Population,2,DALYs (Disability-Adjusted Life Years),198,Zimbabwe,3,Both,27,Age-standardized,294,All causes,108,High body-mass index,3,Rate,2009,1821.8586374221863,2818.116382435998,968.7704665019324
1,All Population,2,DALYs (Disability-Adjusted Life Years),191,Zambia,3,Both,27,Age-standardized,294,All causes,108,High body-mass index,3,Rate,2009,1549.3108649728654,2348.8648556373873,831.6326826269154
1,All Population,2,DALYs (Disability-Adjusted Life Years),202,Cameroon,3,Both,27,Age-standardized,294,All causes,108,High body-mass index,3,Rate,2009,2279.050392001237,3425.831925555926,1181.1763146175447
1,All Population,2,DALYs (Disability-Adjusted Life Years),172,Equatorial Guinea,3,Both,27,Age-standardized,294,All causes,108,High body-mass index,3,Rate,2009,2248.836618007464,3441.061363558369,1217.5404918967722
1,All Population,2,DALYs (Disability-Adjusted Life Years),171,Democratic Republic of the Congo,3,Both,27,Age-standardized,294,All causes,108,High body-mass index,3,Rate,2009,1925.2895246969458,3115.875450436291,1019.3667980452254
1,All Population,2,DALYs (Disability-Adjusted Life Years),175,Burundi,3,Both,27,Age-standardized,294,All causes,108,High body-mass index,3,Rate,2009,592.8213340190512,987.6121480938275,297.19827660679744
1,All Population,2,DALYs (Disability-Adjusted Life Years),206,Gambia,3,Both,27,Age-standardized,294,All causes,108,High body-mass index,3,Rate,2009,1355.3074526739465,2066.6726724465434,710.5980731852449
1,All Population,2,DALYs (Disability-Adjusted Life Years),180,Kenya,3,Both,27,Age-standardized,294,All causes,108,High body-mass index,3,Rate,2009,867.8676342119638,1354.5913311858167,453.54307082908
1,All Population,2,DALYs (Disability-Adjusted Life Years),176,Comoros,3,Both,27,Age-standardized,294,All causes,108,High body-mass index,3,Rate,2009,809.7897317298815,1272.20647283618,399.7233135113682
1,All Population,2,DALYs (Disability-Adjusted Life Years),210,Liberia,3,Both,27,Age-standardized,294,All causes,108,High body-mass index,3,Rate,2009,1989.3757879116704,2954.019443776011,1029.56257710464
1,All Population,2,DALYs (Disability-Adjusted Life Years),184,Mozambique,3,Both,27,Age-standardized,294,All causes,108,High body-mass index,3,Rate,2009,800.9309568274423,1245.3985865948232,365.8972515738357
1,All Population,2,DALYs (Disability-Adjusted Life Years),214,Nigeria,3,Both,27,Age-standardized,294,All causes,108,High body-mass index,3,Rate,2009,1539.2727517410292,2322.0435141644234,823.7586554477105
1,All Population,2,DALYs (Disability-Adjusted Life Years),179,Ethiopia,3,Both,27,Age-standardized,294,All causes,108,High body-mass index,3,Rate,2009,564.3819645829776,851.5884766709642,277.80218278984023
1,All Population,2,DALYs (Disability-Adjusted Life Years),435,South Sudan,3,Both,27,Age-standardized,294,All causes,108,High body-mass index,3,Rate,2007,832.9680838043705,1349.6099745432523,449.7029218585847
1,All Population,2,DALYs (Disability-Adjusted Life Years),183,Mauritius,3,Both,27,Age-standardized,294,All causes,108,High body-mass index,3,Rate,2009,3403.233854219294,4857.881980268267,1752.986955451157
1,All Population,2,DALYs (Disability-Adjusted Life Years),189,United Republic of Tanzania,3,Both,27,Age-standardized,294,All causes,108,High body-mass index,3,Rate,2009,1051.3376753447117,1522.9462492661944,572.5319769100156
1,All Population,2,DALYs (Disability-Adjusted Life Years),195,Namibia,3,Both,27,Age-standardized,294,All causes,108,High body-mass index,3,Rate,2009,1821.420634157581,2714.691149920065,1024.1763669649413
1,All Population,2,DALYs (Disability-Adjusted Life Years),218,Togo,3,Both,27,Age-standardized,294,All causes,108,High body-mass index,3,Rate,2009,1322.5168194382568,1982.2108289067744,674.9919020185539
1,All Population,2,DALYs (Disability-Adjusted Life Years),187,Somalia,3,Both,27,Age-standardized,294,All causes,108,High body-mass index,3,Rate,2009,676.4310007978107,1121.340626528799,325.88716322202976
1,All Population,2,DALYs (Disability-Adjusted Life Years),196,South Africa,3,Both,27,Age-standardized,294,All causes,108,High body-mass index,3,Rate,2009,3394.4752868924134,4770.667701834435,1876.9951481793241
1,All Population,2,DALYs (Disability-Adjusted Life Years),200,Benin,3,Both,27,Age-standardized,294,All causes,108,High body-mass index,3,Rate,2009,1234.4991011666893,1900.9320810602744,610.8887890835655
1,All Population,2,DALYs (Disability-Adjusted Life Years),204,Chad,3,Both,27,Age-standardized,294,All causes,108,High body-mass index,3,Rate,2009,1755.8964707123887,2801.0776326090645,950.1755560515086
1,All Population,2,DALYs (Disability-Adjusted Life Years),208,Guinea,3,Both,27,Age-standardized,294,All causes,108,High body-mass index,3,Rate,2009,1249.9762782033756,1938.2614333793929,640.6839583072142
1,All Population,2,DALYs (Disability-Adjusted Life Years),305,Bermuda,3,Both,27,Age-standardized,294,All causes,108,High body-mass index,3,Rate,2009,1338.9936466261338,2021.7769751907679,595.2239204968369
1,All Population,2,DALYs (Disability-Adjusted Life Years),203,Cabo Verde,3,Both,27,Age-standardized,294,All causes,108,High body-mass index,3,Rate,2009,1193.4050455371162,1812.3046160190215,574.5291566682773
1,All Population,2,DALYs (Disability-Adjusted Life Years),211,Mali,3,Both,27,Age-standardized,294,All causes,108,High body-mass index,3,Rate,2009,1644.6676256631313,2462.1074767681503,866.4571656306346
1,All Population,2,DALYs (Disability-Adjusted Life Years),374,Niue,3,Both,27,Age-standardized,294,All causes,108,High body-mass index,3,Rate,2009,5774.11415212989,8030.4291555847785,2985.2460311564028
1,All Population,2,DALYs (Disability-Adjusted Life Years),216,Senegal,3,Both,27,Age-standardized,294,All causes,108,High body-mass index,3,Rate,2009,1279.3616859733825,1950.455058177917,653.7709958532183
1,All Population,2,DALYs (Disability-Adjusted Life Years),215,Sao Tome and Principe,3,Both,27,Age-standardized,294,All causes,108,High body-mass index,3,Rate,2009,1439.4325339515267,2231.0743052182033,725.6679655013769
1,All Population,2,DALYs (Disability-Adjusted Life Years),205,Côte d'Ivoire,3,Both,27,Age-standardized,294,All causes,108,High body-mass index,3,Rate,2009,1123.2799277342167,1675.8685509616862,587.3191017884319
1,All Population,2,DALYs (Disability-Adjusted Life Years),212,Mauritania,3,Both,27,Age-standardized,294,All causes,108,High body-mass index,3,Rate,2009,2299.624284176598,3373.971604904715,1279.578496684791
1,All Population,2,DALYs (Disability-Adjusted Life Years),207,Ghana,3,Both,27,Age-standardized,294,All causes,108,High body-mass index,3,Rate,2009,1745.7804261196543,2529.292868930331,940.9785898699247
1,All Population,2,DALYs (Disability-Adjusted Life Years),422,United States Virgin Islands,3,Both,27,Age-standardized,294,All causes,108,High body-mass index,3,Rate,2009,2547.4218040259475,3597.386345706922,1330.070342996476
1,All Population,2,DALYs (Disability-Adjusted Life Years),393,Saint Kitts and Nevis,3,Both,27,Age-standardized,294,All causes,108,High body-mass index,3,Rate,2009,2482.1780306091687,3633.4388444493798,1267.9606573687183
1,All Population,2,DALYs (Disability-Adjusted Life Years),298,American Samoa,3,Both,27,Age-standardized,294,All causes,108,High body-mass index,3,Rate,2009,6210.294780595111,8598.869781782232,3254.4602097767515
1,All Population,2,DALYs (Disability-Adjusted Life Years),349,Greenland,3,Both,27,Age-standardized,294,All causes,108,High body-mass index,3,Rate,2009,2211.3035159318024,3489.080120427366,1000.625064384036
1,All Population,2,DALYs (Disability-Adjusted Life Years),320,Cook Islands,3,Both,27,Age-standardized,294,All causes,108,High body-mass index,3,Rate,2009,6557.966639436416,8726.63384517538,3943.2089550145515
1,All Population,2,DALYs (Disability-Adjusted Life Years),11,Indonesia,3,Both,27,Age-standardized,294,All causes,108,High body-mass index,3,Rate,2008,1077.0092111417687,1622.500520216931,528.5783512953776
1,All Population,2,DALYs (Disability-Adjusted Life Years),15,Myanmar,3,Both,27,Age-standardized,294,All causes,108,High body-mass index,3,Rate,2008,1256.8487553120435,1946.4660559430365,624.0172686519398
1,All Population,2,DALYs (Disability-Adjusted Life Years),19,Timor-Leste,3,Both,27,Age-standardized,294,All causes,108,High body-mass index,3,Rate,2008,411.84243761578944,646.6314464079024,201.41899228785206
1,All Population,2,DALYs (Disability-Adjusted Life Years),367,Monaco,3,Both,27,Age-standardized,294,All causes,108,High body-mass index,3,Rate,2009,1453.3403788541102,2356.894982252441,575.8027537764071
1,All Population,2,DALYs (Disability-Adjusted Life Years),396,San Marino,3,Both,27,Age-standardized,294,All causes,108,High body-mass index,3,Rate,2009,922.8517050640289,1560.0345175184282,346.9184343101969
1,All Population,2,DALYs (Disability-Adjusted Life Years),7,Democratic People's Republic of Korea,3,Both,27,Age-standardized,294,All causes,108,High body-mass index,3,Rate,2008,977.660342401424,1637.083414918518,457.88289098511075
1,All Population,2,DALYs (Disability-Adjusted Life Years),376,Northern Mariana Islands,3,Both,27,Age-standardized,294,All causes,108,High body-mass index,3,Rate,2009,4444.113534893994,6407.055299167835,2208.3487931203754
1,All Population,2,DALYs (Disability-Adjusted Life Years),23,Kiribati,3,Both,27,Age-standardized,294,All causes,108,High body-mass index,3,Rate,2008,4284.914742603713,6148.430031776439,2193.087496108048
1,All Population,2,DALYs (Disability-Adjusted Life Years),413,Tokelau,3,Both,27,Age-standardized,294,All causes,108,High body-mass index,3,Rate,2009,4897.913476602983,6828.938249986469,2506.861934095749
1,All Population,2,DALYs (Disability-Adjusted Life Years),380,Palau,3,Both,27,Age-standardized,294,All causes,108,High body-mass index,3,Rate,2009,4691.8302717618235,6840.689902023965,2254.832138014189
1,All Population,2,DALYs (Disability-Adjusted Life Years),522,Sudan,3,Both,27,Age-standardized,294,All causes,108,High body-mass index,3,Rate,2009,2610.8617003040963,3887.5409459457924,1386.8704615401418
1,All Population,2,DALYs (Disability-Adjusted Life Years),8,Taiwan,3,Both,27,Age-standardized,294,All causes,108,High body-mass index,3,Rate,2010,1090.2536257463478,1689.2215243593737,479.61518746442306
1,All Population,2,DALYs (Disability-Adjusted Life Years),12,Lao People's Democratic Republic,3,Both,27,Age-standardized,294,All causes,108,High body-mass index,3,Rate,2010,1004.6653755920646,1557.0238438442818,563.5372663137446
1,All Population,2,DALYs (Disability-Adjusted Life Years),16,Philippines,3,Both,27,Age-standardized,294,All causes,108,High body-mass index,3,Rate,2010,1441.6126582622642,2155.6444746929437,762.5188762302636
1,All Population,2,DALYs (Disability-Adjusted Life Years),20,Viet Nam,3,Both,27,Age-standardized,294,All causes,108,High body-mass index,3,Rate,2010,438.46025358471013,680.1691516027996,217.40236116410574
1,All Population,2,DALYs (Disability-Adjusted Life Years),24,Marshall Islands,3,Both,27,Age-standardized,294,All causes,108,High body-mass index,3,Rate,2010,8256.415159133016,11523.248227702108,4584.105759126628
1,All Population,2,DALYs (Disability-Adjusted Life Years),28,Solomon Islands,3,Both,27,Age-standardized,294,All causes,108,High body-mass index,3,Rate,2010,4906.879504150372,7140.077173421264,2301.2868857795165
1,All Population,2,DALYs (Disability-Adjusted Life Years),69,Singapore,3,Both,27,Age-standardized,294,All causes,108,High body-mass index,3,Rate,2008,867.5508977744151,1353.8768430497923,369.03977466263046
1,All Population,2,DALYs (Disability-Adjusted Life Years),10,Cambodia,3,Both,27,Age-standardized,294,All causes,108,High body-mass index,3,Rate,2010,708.6806283369485,1161.8947627474536,335.0094245681296
1,All Population,2,DALYs (Disability-Adjusted Life Years),6,China,3,Both,27,Age-standardized,294,All causes,108,High body-mass index,3,Rate,2010,685.7844816326607,1050.5707631482903,305.9684243176203
1,All Population,2,DALYs (Disability-Adjusted Life Years),27,Samoa,3,Both,27,Age-standardized,294,All causes,108,High body-mass index,3,Rate,2008,4586.386749682558,6370.475798842087,2378.4642962023636
1,All Population,2,DALYs (Disability-Adjusted Life Years),14,Maldives,3,Both,27,Age-standardized,294,All causes,108,High body-mass index,3,Rate,2010,1253.8882642724222,1912.5494934302958,606.3842857151169
1,All Population,2,DALYs (Disability-Adjusted Life Years),13,Malaysia,3,Both,27,Age-standardized,294,All causes,108,High body-mass index,3,Rate,2010,1336.1323145981023,2044.50016063063,585.656067950867
1,All Population,2,DALYs (Disability-Adjusted Life Years),17,Sri Lanka,3,Both,27,Age-standardized,294,All causes,108,High body-mass index,3,Rate,2010,1331.8266866731462,2012.642029928529,610.4478026154666
1,All Population,2,DALYs (Disability-Adjusted Life Years),18,Thailand,3,Both,27,Age-standardized,294,All causes,108,High body-mass index,3,Rate,2010,954.3553615023842,1534.19179784177,413.2038451492956
1,All Population,2,DALYs (Disability-Adjusted Life Years),22,Fiji,3,Both,27,Age-standardized,294,All causes,108,High body-mass index,3,Rate,2010,7423.657656103099,10341.689552824038,3846.9653724493514
1,All Population,2,DALYs (Disability-Adjusted Life Years),26,Papua New Guinea,3,Both,27,Age-standardized,294,All causes,108,High body-mass index,3,Rate,2010,2823.3433126632826,4237.225882183416,1355.466896971192
1,All Population,2,DALYs (Disability-Adjusted Life Years),25,Micronesia (Federated States of),3,Both,27,Age-standardized,294,All causes,108,High body-mass index,3,Rate,2010,7580.575011533966,10773.445346471859,4003.3611543132465
1,All Population,2,DALYs (Disability-Adjusted Life Years),29,Tonga,3,Both,27,Age-standardized,294,All causes,108,High body-mass index,3,Rate,2010,5297.168626181758,7453.885577105906,2725.3757798461816
1,All Population,2,DALYs (Disability-Adjusted Life Years),30,Vanuatu,3,Both,27,Age-standardized,294,All causes,108,High body-mass index,3,Rate,2010,3671.910833671672,5391.407391545717,1762.2662805615503
1,All Population,2,DALYs (Disability-Adjusted Life Years),77,Cyprus,3,Both,27,Age-standardized,294,All causes,108,High body-mass index,3,Rate,2008,1685.3637379233976,2611.1720457115102,742.2385606283185
1,All Population,2,DALYs (Disability-Adjusted Life Years),66,Brunei Darussalam,3,Both,27,Age-standardized,294,All causes,108,High body-mass index,3,Rate,2010,2146.587446861803,3276.109001288303,984.7030397772016
1,All Population,2,DALYs (Disability-Adjusted Life Years),92,Spain,3,Both,27,Age-standardized,294,All causes,108,High body-mass index,3,Rate,2008,1251.4121090464469,1935.4106709439027,500.69018339739694
1,All Population,2,DALYs (Disability-Adjusted Life Years),74,Andorra,3,Both,27,Age-standardized,294,All causes,108,High body-mass index,3,Rate,2010,970.8992273561272,1611.3400320616402,384.042201160795
1,All Population,2,DALYs (Disability-Adjusted Life Years),78,Denmark,3,Both,27,Age-standardized,294,All causes,108,High body-mass index,3,Rate,2010,1074.9967472101184,1684.258330749705,424.773695279519
1,All Population,2,DALYs (Disability-Adjusted Life Years),108,Belize,3,Both,27,Age-standardized,294,All causes,108,High body-mass index,3,Rate,2008,2841.27371316511,3961.258127682102,1520.0780118878456
1,All Population,2,DALYs (Disability-Adjusted Life Years),115,Jamaica,3,Both,27,Age-standardized,294,All causes,108,High body-mass index,3,Rate,2008,1787.928437282453,2720.193420573782,876.0779759917015
1,All Population,2,DALYs (Disability-Adjusted Life Years),82,Greece,3,Both,27,Age-standardized,294,All causes,108,High body-mass index,3,Rate,2010,1485.0454410622538,2248.3933565026186,635.1072707534514
1,All Population,2,DALYs (Disability-Adjusted Life Years),88,Malta,3,Both,27,Age-standardized,294,All causes,108,High body-mass index,3,Rate,2008,1418.4520336930038,2228.246201480539,572.022803751443
1,All Population,2,DALYs (Disability-Adjusted Life Years),81,Germany,3,Both,27,Age-standardized,294,All causes,108,High body-mass index,3,Rate,2008,1401.890716964697,2144.325172429766,573.9640303195962
1,All Population,2,DALYs (Disability-Adjusted Life Years),89,Netherlands,3,Both,27,Age-standardized,294,All causes,108,High body-mass index,3,Rate,2010,1009.9940809046999,1579.5965816434189,390.23543765227674
1,All Population,2,DALYs (Disability-Adjusted Life Years),85,Israel,3,Both,27,Age-standardized,294,All causes,108,High body-mass index,3,Rate,2010,1353.708078620669,2059.659789805134,565.6931671949806
1,All Population,2,DALYs (Disability-Adjusted Life Years),93,Sweden,3,Both,27,Age-standardized,294,All causes,108,High body-mass index,3,Rate,2010,1049.1587335700829,1598.3595639498856,431.3145050745053
1,All Population,2,DALYs (Disability-Adjusted Life Years),123,Peru,3,Both,27,Age-standardized,294,All causes,108,High body-mass index,3,Rate,2008,1147.7063154892014,1721.2068361998608,535.3427253030154
1,All Population,2,DALYs (Disability-Adjusted Life Years),119,Trinidad and Tobago,3,Both,27,Age-standardized,294,All causes,108,High body-mass index,3,Rate,2008,3884.7564414444723,5546.096275271379,1968.068394047787
1,All Population,2,DALYs (Disability-Adjusted Life Years),97,Argentina,3,Both,27,Age-standardized,294,All causes,108,High body-mass index,3,Rate,2010,1889.1119456042622,2806.947787130162,881.1091694561034
1,All Population,2,DALYs (Disability-Adjusted Life Years),67,Japan,3,Both,27,Age-standardized,294,All causes,108,High body-mass index,3,Rate,2010,620.3756533118715,1047.9890761771578,235.05145990955702
1,All Population,2,DALYs (Disability-Adjusted Life Years),71,Australia,3,Both,27,Age-standardized,294,All causes,108,High body-mass index,3,Rate,2010,1245.2366135543084,2006.2561311465442,474.6464007852566
1,All Population,2,DALYs (Disability-Adjusted Life Years),68,Republic of Korea,3,Both,27,Age-standardized,294,All causes,108,High body-mass index,3,Rate,2010,718.1416830362214,1100.6598677905456,295.3975264309687
1,All Population,2,DALYs (Disability-Adjusted Life Years),101,Canada,3,Both,27,Age-standardized,294,All causes,108,High body-mass index,3,Rate,2010,1187.9613628630025,1836.1903333608102,483.2298486998796
1,All Population,2,DALYs (Disability-Adjusted Life Years),105,Antigua and Barbuda,3,Both,27,Age-standardized,294,All causes,108,High body-mass index,3,Rate,2010,2353.258852734997,3382.815676471412,1280.438389109221
1,All Population,2,DALYs (Disability-Adjusted Life Years),72,New Zealand,3,Both,27,Age-standardized,294,All causes,108,High body-mass index,3,Rate,2010,1517.0422330992833,2347.5645229953393,621.3657444258176
1,All Population,2,DALYs (Disability-Adjusted Life Years),131,Nicaragua,3,Both,27,Age-standardized,294,All causes,108,High body-mass index,3,Rate,2008,2070.4607889160447,2952.0801039579005,1104.8320670194705
1,All Population,2,DALYs (Disability-Adjusted Life Years),75,Austria,3,Both,27,Age-standardized,294,All causes,108,High body-mass index,3,Rate,2010,1245.501316128132,1873.7989580228104,536.4663478673168
1,All Population,2,DALYs (Disability-Adjusted Life Years),80,France,3,Both,27,Age-standardized,294,All causes,108,High body-mass index,3,Rate,2010,990.8796091051036,1535.024449365971,385.5223260574979
1,All Population,2,DALYs (Disability-Adjusted Life Years),135,Brazil,3,Both,27,Age-standardized,294,All causes,108,High body-mass index,3,Rate,2008,1826.5733913572935,2733.4728363819117,888.481249717311
1,All Population,2,DALYs (Disability-Adjusted Life Years),76,Belgium,3,Both,27,Age-standardized,294,All causes,108,High body-mass index,3,Rate,2010,1082.6718494233057,1668.9791683899577,422.8450675813834
1,All Population,2,DALYs (Disability-Adjusted Life Years),79,Finland,3,Both,27,Age-standardized,294,All causes,108,High body-mass index,3,Rate,2010,1341.2416582143128,2105.394504557405,558.8775606148369
1,All Population,2,DALYs (Disability-Adjusted Life Years),109,Cuba,3,Both,27,Age-standardized,294,All causes,108,High body-mass index,3,Rate,2010,1532.8073921150287,2303.92986142764,732.6844616181082
1,All Population,2,DALYs (Disability-Adjusted Life Years),112,Grenada,3,Both,27,Age-standardized,294,All causes,108,High body-mass index,3,Rate,2010,2631.3748669131783,3705.81232790234,1411.978145132353
1,All Population,2,DALYs (Disability-Adjusted Life Years),84,Ireland,3,Both,27,Age-standardized,294,All causes,108,High body-mass index,3,Rate,2010,1156.167445976871,1758.757607625459,448.91149630340715
1,All Population,2,DALYs (Disability-Adjusted Life Years),127,El Salvador,3,Both,27,Age-standardized,294,All causes,108,High body-mass index,3,Rate,2008,2234.1398795640575,3146.728845024832,1095.2673412667755
1,All Population,2,DALYs (Disability-Adjusted Life Years),87,Luxembourg,3,Both,27,Age-standardized,294,All causes,108,High body-mass index,3,Rate,2010,1117.6996820751856,1754.7618836235367,446.3078853393392
1,All Population,2,DALYs (Disability-Adjusted Life Years),83,Iceland,3,Both,27,Age-standardized,294,All causes,108,High body-mass index,3,Rate,2010,1107.8116561834347,1855.5039294600103,413.92695337288137
1,All Population,2,DALYs (Disability-Adjusted Life Years),116,Saint Lucia,3,Both,27,Age-standardized,294,All causes,108,High body-mass index,3,Rate,2010,2540.8124052059443,3592.926205764042,1326.3798230223713
1,All Population,2,DALYs (Disability-Adjusted Life Years),86,Italy,3,Both,27,Age-standardized,294,All causes,108,High body-mass index,3,Rate,2010,1177.9648114590486,1839.3476677350789,495.9874901612598
1,All Population,2,DALYs (Disability-Adjusted Life Years),91,Portugal,3,Both,27,Age-standardized,294,All causes,108,High body-mass index,3,Rate,2010,1336.3931783441155,2122.833372209024,545.3500753928812
1,All Population,2,DALYs (Disability-Adjusted Life Years),142,Iran (Islamic Republic of),3,Both,27,Age-standardized,294,All causes,108,High body-mass index,3,Rate,2008,2077.3023092373273,3071.4155723716217,1022.6563063145983
1,All Population,2,DALYs (Disability-Adjusted Life Years),90,Norway,3,Both,27,Age-standardized,294,All causes,108,High body-mass index,3,Rate,2010,1020.1717451135974,1606.3250134968443,395.3510167262238
1,All Population,2,DALYs (Disability-Adjusted Life Years),154,Tunisia,3,Both,27,Age-standardized,294,All causes,108,High body-mass index,3,Rate,2008,2332.33858403203,3590.012950330116,1071.0483970786895
1,All Population,2,DALYs (Disability-Adjusted Life Years),94,Switzerland,3,Both,27,Age-standardized,294,All causes,108,High body-mass index,3,Rate,2010,986.4181446348508,1574.5420050768832,386.24209268025595
1,All Population,2,DALYs (Disability-Adjusted Life Years),146,Lebanon,3,Both,27,Age-standardized,294,All causes,108,High body-mass index,3,Rate,2008,1840.986132393884,2792.3544708422382,816.0997174150448
1,All Population,2,DALYs (Disability-Adjusted Life Years),95,United Kingdom,3,Both,27,Age-standardized,294,All causes,108,High body-mass index,3,Rate,2010,1322.0612361213964,2135.8061848276466,513.9666390252913
1,All Population,2,DALYs (Disability-Adjusted Life Years),128,Guatemala,3,Both,27,Age-standardized,294,All causes,108,High body-mass index,3,Rate,2010,2449.8683940381597,3453.281781884143,1285.1164346546307
1,All Population,2,DALYs (Disability-Adjusted Life Years),132,Panama,3,Both,27,Age-standardized,294,All causes,108,High body-mass index,3,Rate,2010,1757.6402188404315,2522.977637058017,875.0066302481899
1,All Population,2,DALYs (Disability-Adjusted Life Years),98,Chile,3,Both,27,Age-standardized,294,All causes,108,High body-mass index,3,Rate,2010,1598.9205179256924,2444.386525140325,725.5052115789082
1,All Population,2,DALYs (Disability-Adjusted Life Years),102,United States of America,3,Both,27,Age-standardized,294,All causes,108,High body-mass index,3,Rate,2010,2066.3085520340333,3043.9923920740007,978.3209745828373
1,All Population,2,DALYs (Disability-Adjusted Life Years),136,Paraguay,3,Both,27,Age-standardized,294,All causes,108,High body-mass index,3,Rate,2010,2432.444856603686,3398.787241485087,1236.4768510926692
1,All Population,2,DALYs (Disability-Adjusted Life Years),99,Uruguay,3,Both,27,Age-standardized,294,All causes,108,High body-mass index,3,Rate,2010,1555.9527518213122,2387.992434683691,659.4531432039478
1,All Population,2,DALYs (Disability-Adjusted Life Years),107,Barbados,3,Both,27,Age-standardized,294,All causes,108,High body-mass index,3,Rate,2010,2527.825138046109,3554.7124329465796,1285.0538772923728
1,All Population,2,DALYs (Disability-Adjusted Life Years),173,Gabon,3,Both,27,Age-standardized,294,All causes,108,High body-mass index,3,Rate,2008,2515.2930373576432,3746.2434074293274,1465.3653849831865
1,All Population,2,DALYs (Disability-Adjusted Life Years),106,Bahamas,3,Both,27,Age-standardized,294,All causes,108,High body-mass index,3,Rate,2010,3623.0118204884297,4859.357384677106,2227.0177341110893
1,All Population,2,DALYs (Disability-Adjusted Life Years),139,Algeria,3,Both,27,Age-standardized,294,All causes,108,High body-mass index,3,Rate,2010,2344.3443406605866,3449.890473141488,1249.9162006109377
1,All Population,2,DALYs (Disability-Adjusted Life Years),177,Djibouti,3,Both,27,Age-standardized,294,All causes,108,High body-mass index,3,Rate,2008,605.8620846582172,1020.3544979582556,279.247419203017
1,All Population,2,DALYs (Disability-Adjusted Life Years),165,Pakistan,3,Both,27,Age-standardized,294,All causes,108,High body-mass index,3,Rate,2008,1486.2909312370057,2248.0335929814773,748.4075499698757
1,All Population,2,DALYs (Disability-Adjusted Life Years),143,Iraq,3,Both,27,Age-standardized,294,All causes,108,High body-mass index,3,Rate,2010,4003.4949273069915,5890.694260729659,1993.460931763625
1,All Population,2,DALYs (Disability-Adjusted Life Years),110,Dominica,3,Both,27,Age-standardized,294,All causes,108,High body-mass index,3,Rate,2010,2906.3245762592182,4126.231807336108,1610.6949423266913
1,All Population,2,DALYs (Disability-Adjusted Life Years),113,Guyana,3,Both,27,Age-standardized,294,All causes,108,High body-mass index,3,Rate,2010,3946.96004972837,5496.389466252716,2257.4305148412864
1,All Population,2,DALYs (Disability-Adjusted Life Years),114,Haiti,3,Both,27,Age-standardized,294,All causes,108,High body-mass index,3,Rate,2010,1784.3110877776933,2771.4231708640446,869.8550558130585
1,All Population,2,DALYs (Disability-Adjusted Life Years),111,Dominican Republic,3,Both,27,Age-standardized,294,All causes,108,High body-mass index,3,Rate,2010,1875.9312375031093,2714.2473300537877,965.9630869557873
1,All Population,2,DALYs (Disability-Adjusted Life Years),147,Libya,3,Both,27,Age-standardized,294,All causes,108,High body-mass index,3,Rate,2010,3413.3783328106883,4971.291669759104,1753.5165060990075
1,All Population,2,DALYs (Disability-Adjusted Life Years),117,Saint Vincent and the Grenadines,3,Both,27,Age-standardized,294,All causes,108,High body-mass index,3,Rate,2010,2433.1039350450596,3486.6794545166945,1280.2744673614252
1,All Population,2,DALYs (Disability-Adjusted Life Years),118,Suriname,3,Both,27,Age-standardized,294,All causes,108,High body-mass index,3,Rate,2010,2225.757548538315,3347.632740501874,1143.759418909966
1,All Population,2,DALYs (Disability-Adjusted Life Years),122,Ecuador,3,Both,27,Age-standardized,294,All causes,108,High body-mass index,3,Rate,2010,2170.495829492201,3036.611828846139,1275.4299270646502
1,All Population,2,DALYs (Disability-Adjusted Life Years),121,Bolivia (Plurinational State of),3,Both,27,Age-standardized,294,All causes,108,High body-mass index,3,Rate,2010,2325.722934557023,3348.2104467129243,1247.4883885784714
1,All Population,2,DALYs (Disability-Adjusted Life Years),151,Qatar,3,Both,27,Age-standardized,294,All causes,108,High body-mass index,3,Rate,2010,3328.7113253821035,4756.212621517386,1619.253713568609
1,All Population,2,DALYs (Disability-Adjusted Life Years),125,Colombia,3,Both,27,Age-standardized,294,All causes,108,High body-mass index,3,Rate,2010,1358.1791529256896,2015.6690668868225,627.9162387592888
1,All Population,2,DALYs (Disability-Adjusted Life Years),126,Costa Rica,3,Both,27,Age-standardized,294,All causes,108,High body-mass index,3,Rate,2010,1692.7242630252645,2435.449548829284,823.0217529794935
1,All Population,2,DALYs (Disability-Adjusted Life Years),162,Bhutan,3,Both,27,Age-standardized,294,All causes,108,High body-mass index,3,Rate,2008,1641.772743597159,2465.4618531134947,840.0590018999653
1,All Population,2,DALYs (Disability-Adjusted Life Years),150,Oman,3,Both,27,Age-standardized,294,All causes,108,High body-mass index,3,Rate,2008,3109.4095192683008,4485.213980074812,1675.6302067138063
1,All Population,2,DALYs (Disability-Adjusted Life Years),130,Mexico,3,Both,27,Age-standardized,294,All causes,108,High body-mass index,3,Rate,2010,3027.1937433759836,4173.723535283354,1614.2917623326375
1,All Population,2,DALYs (Disability-Adjusted Life Years),169,Central African Republic,3,Both,27,Age-standardized,294,All causes,108,High body-mass index,3,Rate,2008,1648.6298253787072,2818.2357693941885,890.969738825242
1,All Population,2,DALYs (Disability-Adjusted Life Years),197,Eswatini,3,Both,27,Age-standardized,294,All causes,108,High body-mass index,3,Rate,2008,3876.1126088917526,5698.635785759913,2255.404094604115
1,All Population,2,DALYs (Disability-Adjusted Life Years),129,Honduras,3,Both,27,Age-standardized,294,All causes,108,High body-mass index,3,Rate,2010,1717.9313490468724,2592.9762300470034,848.740382398431
1,All Population,2,DALYs (Disability-Adjusted Life Years),133,Venezuela (Bolivarian Republic of),3,Both,27,Age-standardized,294,All causes,108,High body-mass index,3,Rate,2010,2436.865161131236,3538.721849097892,1301.7310180596562
1,All Population,2,DALYs (Disability-Adjusted Life Years),181,Madagascar,3,Both,27,Age-standardized,294,All causes,108,High body-mass index,3,Rate,2008,874.5087282412536,1385.1288110378018,439.9365178790988
1,All Population,2,DALYs (Disability-Adjusted Life Years),155,Türkiye,3,Both,27,Age-standardized,294,All causes,108,High body-mass index,3,Rate,2010,2344.0162119706406,3383.360158949808,1101.130540055657
1,All Population,2,DALYs (Disability-Adjusted Life Years),190,Uganda,3,Both,27,Age-standardized,294,All causes,108,High body-mass index,3,Rate,2008,974.4553767604114,1482.8193371511022,532.2756238690213
1,All Population,2,DALYs (Disability-Adjusted Life Years),163,India,3,Both,27,Age-standardized,294,All causes,108,High body-mass index,3,Rate,2010,881.7084011687074,1363.2213845760868,431.77229974178283
1,All Population,2,DALYs (Disability-Adjusted Life Years),201,Burkina Faso,3,Both,27,Age-standardized,294,All causes,108,High body-mass index,3,Rate,2008,648.71617082658,1014.9893931794338,317.6465218380706
1,All Population,2,DALYs (Disability-Adjusted Life Years),170,Congo,3,Both,27,Age-standardized,294,All causes,108,High body-mass index,3,Rate,2010,1785.4692973764204,2700.155877655601,1049.128279735751
1,All Population,2,DALYs (Disability-Adjusted Life Years),140,Bahrain,3,Both,27,Age-standardized,294,All causes,108,High body-mass index,3,Rate,2010,3755.9257132491516,5415.106975349037,1821.7106898844547
1,All Population,2,DALYs (Disability-Adjusted Life Years),213,Niger,3,Both,27,Age-standardized,294,All causes,108,High body-mass index,3,Rate,2008,897.6217789227426,1425.8551563473725,418.6281819135327
1,All Population,2,DALYs (Disability-Adjusted Life Years),141,Egypt,3,Both,27,Age-standardized,294,All causes,108,High body-mass index,3,Rate,2010,5856.428210195776,8144.907595552317,3089.8127231508456
1,All Population,2,DALYs (Disability-Adjusted Life Years),144,Jordan,3,Both,27,Age-standardized,294,All causes,108,High body-mass index,3,Rate,2010,3902.8396081758815,5442.866182802701,2099.221715658836
1,All Population,2,DALYs (Disability-Adjusted Life Years),145,Kuwait,3,Both,27,Age-standardized,294,All causes,108,High body-mass index,3,Rate,2010,3552.6174576687454,5044.652616412822,1776.673711694307
1,All Population,2,DALYs (Disability-Adjusted Life Years),178,Eritrea,3,Both,27,Age-standardized,294,All causes,108,High body-mass index,3,Rate,2010,746.4753798632636,1251.1901630409689,365.9864696298205
1,All Population,2,DALYs (Disability-Adjusted Life Years),148,Morocco,3,Both,27,Age-standardized,294,All causes,108,High body-mass index,3,Rate,2010,2943.4527891342495,4344.556567499492,1517.8646288175871
1,All Population,2,DALYs (Disability-Adjusted Life Years),185,Rwanda,3,Both,27,Age-standardized,294,All causes,108,High body-mass index,3,Rate,2008,773.436880802491,1207.0003987874247,393.614005017206
1,All Population,2,DALYs (Disability-Adjusted Life Years),149,Palestine,3,Both,27,Age-standardized,294,All causes,108,High body-mass index,3,Rate,2010,3793.5245769547923,5399.257348377186,1944.862272905848
1,All Population,2,DALYs (Disability-Adjusted Life Years),182,Malawi,3,Both,27,Age-standardized,294,All causes,108,High body-mass index,3,Rate,2010,1225.6784835152441,1836.8319325374866,665.5659171631833
1,All Population,2,DALYs (Disability-Adjusted Life Years),193,Botswana,3,Both,27,Age-standardized,294,All causes,108,High body-mass index,3,Rate,2008,1677.2172128686261,2599.529961480647,822.0409356245491
1,All Population,2,DALYs (Disability-Adjusted Life Years),186,Seychelles,3,Both,27,Age-standardized,294,All causes,108,High body-mass index,3,Rate,2010,2051.643527510862,2963.1604682452303,1213.3087953519964
1,All Population,2,DALYs (Disability-Adjusted Life Years),152,Saudi Arabia,3,Both,27,Age-standardized,294,All causes,108,High body-mass index,3,Rate,2010,4280.151445585889,5876.335352395544,2440.1450708678676
1,All Population,2,DALYs (Disability-Adjusted Life Years),153,Syrian Arab Republic,3,Both,27,Age-standardized,294,All causes,108,High body-mass index,3,Rate,2010,3601.7363634662806,5230.328583135055,1790.3558595868903
1,All Population,2,DALYs (Disability-Adjusted Life Years),217,Sierra Leone,3,Both,27,Age-standardized,294,All causes,108,High body-mass index,3,Rate,2008,1116.2446985962301,1705.7722770408504,594.2528258233233
1,All Population,2,DALYs (Disability-Adjusted Life Years),191,Zambia,3,Both,27,Age-standardized,294,All causes,108,High body-mass index,3,Rate,2010,1605.2831922235941,2432.873868748555,873.2084324978181
1,All Population,2,DALYs (Disability-Adjusted Life Years),156,United Arab Emirates,3,Both,27,Age-standardized,294,All causes,108,High body-mass index,3,Rate,2010,2589.0213734820018,3831.7337720377986,1169.6275933532793
1,All Population,2,DALYs (Disability-Adjusted Life Years),161,Bangladesh,3,Both,27,Age-standardized,294,All causes,108,High body-mass index,3,Rate,2010,967.4323431334913,1541.5744653953402,472.21693319882735
1,All Population,2,DALYs (Disability-Adjusted Life Years),157,Yemen,3,Both,27,Age-standardized,294,All causes,108,High body-mass index,3,Rate,2010,1678.2560210869913,2447.364079131521,867.635355286777
1,All Population,2,DALYs (Disability-Adjusted Life Years),160,Afghanistan,3,Both,27,Age-standardized,294,All causes,108,High body-mass index,3,Rate,2010,2641.689520379424,4008.493943657643,1304.9467366939582
1,All Population,2,DALYs (Disability-Adjusted Life Years),194,Lesotho,3,Both,27,Age-standardized,294,All causes,108,High body-mass index,3,Rate,2010,2376.494385324205,3465.452735033437,1168.4794811424376
1,All Population,2,DALYs (Disability-Adjusted Life Years),198,Zimbabwe,3,Both,27,Age-standardized,294,All causes,108,High body-mass index,3,Rate,2010,1850.4094652639171,2853.581387441979,984.5866335370844
1,All Population,2,DALYs (Disability-Adjusted Life Years),209,Guinea-Bissau,3,Both,27,Age-standardized,294,All causes,108,High body-mass index,3,Rate,2008,1611.6658679383288,2468.956362208891,874.0569273692684
1,All Population,2,DALYs (Disability-Adjusted Life Years),164,Nepal,3,Both,27,Age-standardized,294,All causes,108,High body-mass index,3,Rate,2010,806.896215650029,1268.2703875977536,380.3999034342151
1,All Population,2,DALYs (Disability-Adjusted Life Years),168,Angola,3,Both,27,Age-standardized,294,All causes,108,High body-mass index,3,Rate,2010,1484.9958137837743,2339.6418330642036,793.8431428348465
1,All Population,2,DALYs (Disability-Adjusted Life Years),351,Guam,3,Both,27,Age-standardized,294,All causes,108,High body-mass index,3,Rate,2008,2662.51781737382,3864.41094729014,1360.4351077343563
1,All Population,2,DALYs (Disability-Adjusted Life Years),175,Burundi,3,Both,27,Age-standardized,294,All causes,108,High body-mass index,3,Rate,2010,609.319861194009,1001.5135668021095,293.3627044755358
1,All Population,2,DALYs (Disability-Adjusted Life Years),202,Cameroon,3,Both,27,Age-standardized,294,All causes,108,High body-mass index,3,Rate,2010,2331.0307574192434,3488.753245418057,1199.2603502276295
1,All Population,2,DALYs (Disability-Adjusted Life Years),171,Democratic Republic of the Congo,3,Both,27,Age-standardized,294,All causes,108,High body-mass index,3,Rate,2010,1966.4129070297768,3164.212281296596,1053.018727073449
1,All Population,2,DALYs (Disability-Adjusted Life Years),172,Equatorial Guinea,3,Both,27,Age-standardized,294,All causes,108,High body-mass index,3,Rate,2010,2270.709776800114,3438.823076175819,1226.8370608983107
1,All Population,2,DALYs (Disability-Adjusted Life Years),369,Nauru,3,Both,27,Age-standardized,294,All causes,108,High body-mass index,3,Rate,2008,11867.38916119151,16530.03646192197,6160.87476575592
1,All Population,2,DALYs (Disability-Adjusted Life Years),210,Liberia,3,Both,27,Age-standardized,294,All causes,108,High body-mass index,3,Rate,2010,2069.233296688897,3087.3344294901367,1085.3838553931537
1,All Population,2,DALYs (Disability-Adjusted Life Years),435,South Sudan,3,Both,27,Age-standardized,294,All causes,108,High body-mass index,3,Rate,2008,844.7181322943375,1380.536629676893,457.69005456536837
1,All Population,2,DALYs (Disability-Adjusted Life Years),179,Ethiopia,3,Both,27,Age-standardized,294,All causes,108,High body-mass index,3,Rate,2010,578.1014111810882,882.3878275929429,294.67652513581794
1,All Population,2,DALYs (Disability-Adjusted Life Years),206,Gambia,3,Both,27,Age-standardized,294,All causes,108,High body-mass index,3,Rate,2010,1363.6661619921688,2060.404489464659,719.1675164021843
1,All Population,2,DALYs (Disability-Adjusted Life Years),176,Comoros,3,Both,27,Age-standardized,294,All causes,108,High body-mass index,3,Rate,2010,829.8455673592492,1310.2214469265598,400.2802189923734
1,All Population,2,DALYs (Disability-Adjusted Life Years),385,Puerto Rico,3,Both,27,Age-standardized,294,All causes,108,High body-mass index,3,Rate,2008,2663.8059903872954,3689.9199898855372,1373.9686116725215
1,All Population,2,DALYs (Disability-Adjusted Life Years),180,Kenya,3,Both,27,Age-standardized,294,All causes,108,High body-mass index,3,Rate,2010,901.3230940450247,1403.4674250479513,471.4278780745191
1,All Population,2,DALYs (Disability-Adjusted Life Years),214,Nigeria,3,Both,27,Age-standardized,294,All causes,108,High body-mass index,3,Rate,2010,1586.4931765269746,2404.1973984332208,837.3795780611055
1,All Population,2,DALYs (Disability-Adjusted Life Years),184,Mozambique,3,Both,27,Age-standardized,294,All causes,108,High body-mass index,3,Rate,2010,809.645200352964,1255.6476379653718,375.5033167569098
1,All Population,2,DALYs (Disability-Adjusted Life Years),183,Mauritius,3,Both,27,Age-standardized,294,All causes,108,High body-mass index,3,Rate,2010,3391.5468464640808,4830.5874176880725,1767.1347409768202
1,All Population,2,DALYs (Disability-Adjusted Life Years),218,Togo,3,Both,27,Age-standardized,294,All causes,108,High body-mass index,3,Rate,2010,1368.9454103715314,2097.6449367622326,690.9229838152011
1,All Population,2,DALYs (Disability-Adjusted Life Years),416,Tuvalu,3,Both,27,Age-standardized,294,All causes,108,High body-mass index,3,Rate,2008,6978.966643389162,9823.079346865949,3589.5646263411477
1,All Population,2,DALYs (Disability-Adjusted Life Years),187,Somalia,3,Both,27,Age-standardized,294,All causes,108,High body-mass index,3,Rate,2010,682.7062671826471,1118.0882858968741,314.6718445307191
1,All Population,2,DALYs (Disability-Adjusted Life Years),189,United Republic of Tanzania,3,Both,27,Age-standardized,294,All causes,108,High body-mass index,3,Rate,2010,1078.6934898124507,1571.6901888664047,586.4317399733047
1,All Population,2,DALYs (Disability-Adjusted Life Years),196,South Africa,3,Both,27,Age-standardized,294,All causes,108,High body-mass index,3,Rate,2010,3467.7753750519546,4902.609832322262,1938.1152111192675
1,All Population,2,DALYs (Disability-Adjusted Life Years),195,Namibia,3,Both,27,Age-standardized,294,All causes,108,High body-mass index,3,Rate,2010,1850.1531869011621,2808.9411939359766,1034.325241524075
1,All Population,2,DALYs (Disability-Adjusted Life Years),203,Cabo Verde,3,Both,27,Age-standardized,294,All causes,108,High body-mass index,3,Rate,2010,1208.2404219884736,1833.1574310099818,578.8753428120965
1,All Population,2,DALYs (Disability-Adjusted Life Years),200,Benin,3,Both,27,Age-standardized,294,All causes,108,High body-mass index,3,Rate,2010,1255.9193228104473,1926.6451318376176,625.8639310483322
1,All Population,2,DALYs (Disability-Adjusted Life Years),305,Bermuda,3,Both,27,Age-standardized,294,All causes,108,High body-mass index,3,Rate,2010,1340.7103916897602,2023.9624210782536,601.2214228104141
1,All Population,2,DALYs (Disability-Adjusted Life Years),205,Côte d'Ivoire,3,Both,27,Age-standardized,294,All causes,108,High body-mass index,3,Rate,2010,1116.9251914742845,1663.4088896088701,584.2616050875902
1,All Population,2,DALYs (Disability-Adjusted Life Years),204,Chad,3,Both,27,Age-standardized,294,All causes,108,High body-mass index,3,Rate,2010,1771.0161853207476,2808.1686494177807,947.0979403786138
1,All Population,2,DALYs (Disability-Adjusted Life Years),207,Ghana,3,Both,27,Age-standardized,294,All causes,108,High body-mass index,3,Rate,2010,1774.9952012688516,2643.6691698563873,965.0794587818448
1,All Population,2,DALYs (Disability-Adjusted Life Years),208,Guinea,3,Both,27,Age-standardized,294,All causes,108,High body-mass index,3,Rate,2010,1268.6468309828952,1914.975243511232,642.117917976688
1,All Population,2,DALYs (Disability-Adjusted Life Years),374,Niue,3,Both,27,Age-standardized,294,All causes,108,High body-mass index,3,Rate,2010,5797.250212853655,8038.495173682292,2989.353943111884
1,All Population,2,DALYs (Disability-Adjusted Life Years),212,Mauritania,3,Both,27,Age-standardized,294,All causes,108,High body-mass index,3,Rate,2010,2295.819744574763,3355.1651039360377,1286.0844965790002
1,All Population,2,DALYs (Disability-Adjusted Life Years),211,Mali,3,Both,27,Age-standardized,294,All causes,108,High body-mass index,3,Rate,2010,1659.8894399402811,2519.646195135329,873.8481474442214
1,All Population,2,DALYs (Disability-Adjusted Life Years),393,Saint Kitts and Nevis,3,Both,27,Age-standardized,294,All causes,108,High body-mass index,3,Rate,2010,2511.6898795138723,3662.0191973436663,1302.727940289681
1,All Population,2,DALYs (Disability-Adjusted Life Years),216,Senegal,3,Both,27,Age-standardized,294,All causes,108,High body-mass index,3,Rate,2010,1237.6289745200886,1930.4100594356735,625.7985730805651
1,All Population,2,DALYs (Disability-Adjusted Life Years),215,Sao Tome and Principe,3,Both,27,Age-standardized,294,All causes,108,High body-mass index,3,Rate,2010,1494.2196200296778,2309.527206840888,753.8024916252847
1,All Population,2,DALYs (Disability-Adjusted Life Years),422,United States Virgin Islands,3,Both,27,Age-standardized,294,All causes,108,High body-mass index,3,Rate,2010,2557.244729898969,3558.4997239227514,1362.8283001100285
1,All Population,2,DALYs (Disability-Adjusted Life Years),320,Cook Islands,3,Both,27,Age-standardized,294,All causes,108,High body-mass index,3,Rate,2010,6566.695174246419,8727.034862351162,3946.1718149860553
1,All Population,2,DALYs (Disability-Adjusted Life Years),298,American Samoa,3,Both,27,Age-standardized,294,All causes,108,High body-mass index,3,Rate,2010,6135.586679880938,8450.490249134034,3207.8469043878886
1,All Population,2,DALYs (Disability-Adjusted Life Years),367,Monaco,3,Both,27,Age-standardized,294,All causes,108,High body-mass index,3,Rate,2010,1449.0598559005425,2376.9948346688684,580.4708415165906
1,All Population,2,DALYs (Disability-Adjusted Life Years),349,Greenland,3,Both,27,Age-standardized,294,All causes,108,High body-mass index,3,Rate,2010,2184.2805560335564,3430.468072508406,989.7880357415404
1,All Population,2,DALYs (Disability-Adjusted Life Years),380,Palau,3,Both,27,Age-standardized,294,All causes,108,High body-mass index,3,Rate,2010,4708.342941739942,6847.461665720528,2260.8602787932423
1,All Population,2,DALYs (Disability-Adjusted Life Years),376,Northern Mariana Islands,3,Both,27,Age-standardized,294,All causes,108,High body-mass index,3,Rate,2010,4421.103030865703,6356.669641747252,2211.2267143761824
1,All Population,2,DALYs (Disability-Adjusted Life Years),413,Tokelau,3,Both,27,Age-standardized,294,All causes,108,High body-mass index,3,Rate,2010,4912.389198492019,6860.487912589004,2515.6573074372254
1,All Population,2,DALYs (Disability-Adjusted Life Years),396,San Marino,3,Both,27,Age-standardized,294,All causes,108,High body-mass index,3,Rate,2010,916.301716865234,1556.8977406359902,345.7160744037363
1,All Population,2,DALYs (Disability-Adjusted Life Years),522,Sudan,3,Both,27,Age-standardized,294,All causes,108,High body-mass index,3,Rate,2010,2618.7212281110824,3919.488451711063,1364.2885359002662
1,All Population,2,DALYs (Disability-Adjusted Life Years),8,Taiwan,3,Both,27,Age-standardized,294,All causes,108,High body-mass index,3,Rate,2011,1107.7885548587153,1712.9267369909446,490.9558272126079
1,All Population,2,DALYs (Disability-Adjusted Life Years),12,Lao People's Democratic Republic,3,Both,27,Age-standardized,294,All causes,108,High body-mass index,3,Rate,2011,1035.6587594397274,1629.4014010747399,557.4856394600574
1,All Population,2,DALYs (Disability-Adjusted Life Years),16,Philippines,3,Both,27,Age-standardized,294,All causes,108,High body-mass index,3,Rate,2011,1453.9308214802672,2166.6319740001527,765.9125603593667
1,All Population,2,DALYs (Disability-Adjusted Life Years),15,Myanmar,3,Both,27,Age-standardized,294,All causes,108,High body-mass index,3,Rate,2009,1205.413578640765,1901.474932434601,607.3359458746012
1,All Population,2,DALYs (Disability-Adjusted Life Years),20,Viet Nam,3,Both,27,Age-standardized,294,All causes,108,High body-mass index,3,Rate,2011,456.5138297946276,710.1066378827036,225.5912299046461
1,All Population,2,DALYs (Disability-Adjusted Life Years),11,Indonesia,3,Both,27,Age-standardized,294,All causes,108,High body-mass index,3,Rate,2009,1115.6225673382385,1719.4493304601256,540.2004957005048
1,All Population,2,DALYs (Disability-Adjusted Life Years),19,Timor-Leste,3,Both,27,Age-standardized,294,All causes,108,High body-mass index,3,Rate,2009,433.372219581927,700.8406829684722,213.75298025723697
1,All Population,2,DALYs (Disability-Adjusted Life Years),7,Democratic People's Republic of Korea,3,Both,27,Age-standardized,294,All causes,108,High body-mass index,3,Rate,2009,991.9679956254186,1668.3901305635611,480.8920965508876
1,All Population,2,DALYs (Disability-Adjusted Life Years),24,Marshall Islands,3,Both,27,Age-standardized,294,All causes,108,High body-mass index,3,Rate,2011,8301.795789605078,11629.31989572471,4665.862276001637
1,All Population,2,DALYs (Disability-Adjusted Life Years),23,Kiribati,3,Both,27,Age-standardized,294,All causes,108,High body-mass index,3,Rate,2009,4303.831800289314,6152.195651093844,2193.6217568773704
1,All Population,2,DALYs (Disability-Adjusted Life Years),28,Solomon Islands,3,Both,27,Age-standardized,294,All causes,108,High body-mass index,3,Rate,2011,5259.255171317338,7713.763161516311,2468.5592536583367
1,All Population,2,DALYs (Disability-Adjusted Life Years),27,Samoa,3,Both,27,Age-standardized,294,All causes,108,High body-mass index,3,Rate,2009,4634.9480623595,6418.235998722383,2415.0340620339603
1,All Population,2,DALYs (Disability-Adjusted Life Years),6,China,3,Both,27,Age-standardized,294,All causes,108,High body-mass index,3,Rate,2011,683.540479492589,1059.0614558320601,303.48750317280405
1,All Population,2,DALYs (Disability-Adjusted Life Years),66,Brunei Darussalam,3,Both,27,Age-standardized,294,All causes,108,High body-mass index,3,Rate,2011,2146.3486715064487,3258.956822212107,990.4250778301993
1,All Population,2,DALYs (Disability-Adjusted Life Years),10,Cambodia,3,Both,27,Age-standardized,294,All causes,108,High body-mass index,3,Rate,2011,717.9971982660413,1135.1267128004738,339.0811568314495
1,All Population,2,DALYs (Disability-Adjusted Life Years),74,Andorra,3,Both,27,Age-standardized,294,All causes,108,High body-mass index,3,Rate,2011,970.6464232774657,1603.9371281912354,386.2064981278345
1,All Population,2,DALYs (Disability-Adjusted Life Years),14,Maldives,3,Both,27,Age-standardized,294,All causes,108,High body-mass index,3,Rate,2011,1270.3853695247471,1934.3082648915943,615.4840668592664
1,All Population,2,DALYs (Disability-Adjusted Life Years),13,Malaysia,3,Both,27,Age-standardized,294,All causes,108,High body-mass index,3,Rate,2011,1338.515895939444,2070.011923411995,607.8482097526413
1,All Population,2,DALYs (Disability-Adjusted Life Years),17,Sri Lanka,3,Both,27,Age-standardized,294,All causes,108,High body-mass index,3,Rate,2011,1329.419615294885,2000.7133633557091,612.3039557669599
1,All Population,2,DALYs (Disability-Adjusted Life Years),22,Fiji,3,Both,27,Age-standardized,294,All causes,108,High body-mass index,3,Rate,2011,7471.645584170785,10397.504574999899,3822.0572209834313
1,All Population,2,DALYs (Disability-Adjusted Life Years),78,Denmark,3,Both,27,Age-standardized,294,All causes,108,High body-mass index,3,Rate,2011,1050.2849265868144,1641.2923920960898,414.76140839828025
1,All Population,2,DALYs (Disability-Adjusted Life Years),18,Thailand,3,Both,27,Age-standardized,294,All causes,108,High body-mass index,3,Rate,2011,955.9772752427722,1531.3759785603074,415.07173355348084
1,All Population,2,DALYs (Disability-Adjusted Life Years),82,Greece,3,Both,27,Age-standardized,294,All causes,108,High body-mass index,3,Rate,2011,1495.4355733760915,2234.1526479510494,642.7709821618025
1,All Population,2,DALYs (Disability-Adjusted Life Years),26,Papua New Guinea,3,Both,27,Age-standardized,294,All causes,108,High body-mass index,3,Rate,2011,2876.8653933104642,4277.063274823873,1402.9862602971973
1,All Population,2,DALYs (Disability-Adjusted Life Years),25,Micronesia (Federated States of),3,Both,27,Age-standardized,294,All causes,108,High body-mass index,3,Rate,2011,7587.894587541998,10771.329787796682,4007.704509354819
1,All Population,2,DALYs (Disability-Adjusted Life Years),81,Germany,3,Both,27,Age-standardized,294,All causes,108,High body-mass index,3,Rate,2009,1390.139887135998,2132.388693473385,572.8594828134497
1,All Population,2,DALYs (Disability-Adjusted Life Years),77,Cyprus,3,Both,27,Age-standardized,294,All causes,108,High body-mass index,3,Rate,2009,1664.2921914569997,2589.441107751982,715.7999826027066
1,All Population,2,DALYs (Disability-Adjusted Life Years),69,Singapore,3,Both,27,Age-standardized,294,All causes,108,High body-mass index,3,Rate,2009,840.067842235759,1322.4011912820918,355.8755318363632
1,All Population,2,DALYs (Disability-Adjusted Life Years),29,Tonga,3,Both,27,Age-standardized,294,All causes,108,High body-mass index,3,Rate,2011,5336.145593118476,7442.990848447317,2732.6539108600705
1,All Population,2,DALYs (Disability-Adjusted Life Years),85,Israel,3,Both,27,Age-standardized,294,All causes,108,High body-mass index,3,Rate,2011,1338.517159703227,2016.056529604783,558.1039684206916
1,All Population,2,DALYs (Disability-Adjusted Life Years),92,Spain,3,Both,27,Age-standardized,294,All causes,108,High body-mass index,3,Rate,2009,1230.028206827996,1895.738088950874,491.0567420783135
1,All Population,2,DALYs (Disability-Adjusted Life Years),88,Malta,3,Both,27,Age-standardized,294,All causes,108,High body-mass index,3,Rate,2009,1388.885725083737,2217.095910621401,562.6651028101369
1,All Population,2,DALYs (Disability-Adjusted Life Years),93,Sweden,3,Both,27,Age-standardized,294,All causes,108,High body-mass index,3,Rate,2011,1037.597866762392,1593.7809597156051,427.33959960685826
1,All Population,2,DALYs (Disability-Adjusted Life Years),89,Netherlands,3,Both,27,Age-standardized,294,All causes,108,High body-mass index,3,Rate,2011,992.0152522503922,1532.4036965474395,381.86866348466833
1,All Population,2,DALYs (Disability-Adjusted Life Years),30,Vanuatu,3,Both,27,Age-standardized,294,All causes,108,High body-mass index,3,Rate,2011,3769.0935480099615,5601.803651387797,1809.1359811850305
1,All Population,2,DALYs (Disability-Adjusted Life Years),97,Argentina,3,Both,27,Age-standardized,294,All causes,108,High body-mass index,3,Rate,2011,1887.4911330138589,2781.3314166283935,875.2819693607539
1,All Population,2,DALYs (Disability-Adjusted Life Years),101,Canada,3,Both,27,Age-standardized,294,All causes,108,High body-mass index,3,Rate,2011,1169.2492544188633,1800.6881481391047,477.6274569705133
1,All Population,2,DALYs (Disability-Adjusted Life Years),68,Republic of Korea,3,Both,27,Age-standardized,294,All causes,108,High body-mass index,3,Rate,2011,707.0013996812934,1090.2899896383888,288.4621814888383
1,All Population,2,DALYs (Disability-Adjusted Life Years),67,Japan,3,Both,27,Age-standardized,294,All causes,108,High body-mass index,3,Rate,2011,623.2139684470654,1051.2704845497974,237.76507685773132
1,All Population,2,DALYs (Disability-Adjusted Life Years),105,Antigua and Barbuda,3,Both,27,Age-standardized,294,All causes,108,High body-mass index,3,Rate,2011,2373.320094504642,3392.284803204962,1304.8574198105873
1,All Population,2,DALYs (Disability-Adjusted Life Years),71,Australia,3,Both,27,Age-standardized,294,All causes,108,High body-mass index,3,Rate,2011,1236.861361512651,1985.4845302380759,475.7519934000953
1,All Population,2,DALYs (Disability-Adjusted Life Years),72,New Zealand,3,Both,27,Age-standardized,294,All causes,108,High body-mass index,3,Rate,2011,1518.4893521770634,2338.840248372659,628.0644238339914
1,All Population,2,DALYs (Disability-Adjusted Life Years),75,Austria,3,Both,27,Age-standardized,294,All causes,108,High body-mass index,3,Rate,2011,1219.076135871918,1829.5066639568997,524.0191570578439
1,All Population,2,DALYs (Disability-Adjusted Life Years),109,Cuba,3,Both,27,Age-standardized,294,All causes,108,High body-mass index,3,Rate,2011,1504.1243910056428,2234.903066521743,717.1190622574114
1,All Population,2,DALYs (Disability-Adjusted Life Years),80,France,3,Both,27,Age-standardized,294,All causes,108,High body-mass index,3,Rate,2011,978.0735873661215,1514.5574201356367,376.9119942507273
1,All Population,2,DALYs (Disability-Adjusted Life Years),76,Belgium,3,Both,27,Age-standardized,294,All causes,108,High body-mass index,3,Rate,2011,1062.688383276213,1641.2932073995937,417.0283171556082
1,All Population,2,DALYs (Disability-Adjusted Life Years),79,Finland,3,Both,27,Age-standardized,294,All causes,108,High body-mass index,3,Rate,2011,1327.016999105747,2061.4841726015134,553.9065727264725
1,All Population,2,DALYs (Disability-Adjusted Life Years),112,Grenada,3,Both,27,Age-standardized,294,All causes,108,High body-mass index,3,Rate,2011,2621.6998914527867,3690.001316829733,1436.7836980938057
1,All Population,2,DALYs (Disability-Adjusted Life Years),116,Saint Lucia,3,Both,27,Age-standardized,294,All causes,108,High body-mass index,3,Rate,2011,2551.9605651748207,3635.0494258384147,1331.3547218710107
1,All Population,2,DALYs (Disability-Adjusted Life Years),84,Ireland,3,Both,27,Age-standardized,294,All causes,108,High body-mass index,3,Rate,2011,1142.4871976869597,1744.6136875734906,442.38287915428964
1,All Population,2,DALYs (Disability-Adjusted Life Years),83,Iceland,3,Both,27,Age-standardized,294,All causes,108,High body-mass index,3,Rate,2011,1094.826081049841,1850.5559346616278,404.4214267256187
1,All Population,2,DALYs (Disability-Adjusted Life Years),86,Italy,3,Both,27,Age-standardized,294,All causes,108,High body-mass index,3,Rate,2011,1165.7565791696625,1812.953485092329,495.368750595586
1,All Population,2,DALYs (Disability-Adjusted Life Years),87,Luxembourg,3,Both,27,Age-standardized,294,All causes,108,High body-mass index,3,Rate,2011,1106.3872609296238,1719.511917290386,442.19316270464367
1,All Population,2,DALYs (Disability-Adjusted Life Years),108,Belize,3,Both,27,Age-standardized,294,All causes,108,High body-mass index,3,Rate,2009,2866.4004552622496,4025.9076344165214,1521.229708509546
1,All Population,2,DALYs (Disability-Adjusted Life Years),90,Norway,3,Both,27,Age-standardized,294,All causes,108,High body-mass index,3,Rate,2011,1004.8919506528199,1595.9969924145812,391.95011153230314
1,All Population,2,DALYs (Disability-Adjusted Life Years),91,Portugal,3,Both,27,Age-standardized,294,All causes,108,High body-mass index,3,Rate,2011,1309.134807669093,2067.6726851718067,531.6426691304368
1,All Population,2,DALYs (Disability-Adjusted Life Years),94,Switzerland,3,Both,27,Age-standardized,294,All causes,108,High body-mass index,3,Rate,2011,973.2889365088424,1543.3167995520248,382.26468578962437
1,All Population,2,DALYs (Disability-Adjusted Life Years),95,United Kingdom,3,Both,27,Age-standardized,294,All causes,108,High body-mass index,3,Rate,2011,1298.8792163747169,2095.4605900045126,505.87098623787097
1,All Population,2,DALYs (Disability-Adjusted Life Years),128,Guatemala,3,Both,27,Age-standardized,294,All causes,108,High body-mass index,3,Rate,2011,2510.9865648604496,3527.9201991440996,1303.7358168160815
1,All Population,2,DALYs (Disability-Adjusted Life Years),98,Chile,3,Both,27,Age-standardized,294,All causes,108,High body-mass index,3,Rate,2011,1577.6102594971073,2410.269660427484,706.6485907316377
1,All Population,2,DALYs (Disability-Adjusted Life Years),99,Uruguay,3,Both,27,Age-standardized,294,All causes,108,High body-mass index,3,Rate,2011,1568.911376827194,2405.7020521791023,661.1351402034956
1,All Population,2,DALYs (Disability-Adjusted Life Years),102,United States of America,3,Both,27,Age-standardized,294,All causes,108,High body-mass index,3,Rate,2011,2069.2734725191485,3042.40257200747,985.2212190793314
1,All Population,2,DALYs (Disability-Adjusted Life Years),132,Panama,3,Both,27,Age-standardized,294,All causes,108,High body-mass index,3,Rate,2011,1800.0569946618898,2598.0901302328375,900.8148669578253
1,All Population,2,DALYs (Disability-Adjusted Life Years),106,Bahamas,3,Both,27,Age-standardized,294,All causes,108,High body-mass index,3,Rate,2011,3607.8522953854426,4856.146252927951,2236.559690204319
1,All Population,2,DALYs (Disability-Adjusted Life Years),136,Paraguay,3,Both,27,Age-standardized,294,All causes,108,High body-mass index,3,Rate,2011,2448.158309663539,3382.13082876124,1256.5879899961542
1,All Population,2,DALYs (Disability-Adjusted Life Years),119,Trinidad and Tobago,3,Both,27,Age-standardized,294,All causes,108,High body-mass index,3,Rate,2009,3819.2699350021503,5448.990255958679,1951.8156121818959
1,All Population,2,DALYs (Disability-Adjusted Life Years),107,Barbados,3,Both,27,Age-standardized,294,All causes,108,High body-mass index,3,Rate,2011,2536.8601442208187,3562.9630772332625,1300.322522655155
1,All Population,2,DALYs (Disability-Adjusted Life Years),123,Peru,3,Both,27,Age-standardized,294,All causes,108,High body-mass index,3,Rate,2009,1174.946399091832,1751.5705277994064,553.3697463429636
1,All Population,2,DALYs (Disability-Adjusted Life Years),139,Algeria,3,Both,27,Age-standardized,294,All causes,108,High body-mass index,3,Rate,2011,2388.186884991847,3482.815791681509,1254.7636381924244
1,All Population,2,DALYs (Disability-Adjusted Life Years),110,Dominica,3,Both,27,Age-standardized,294,All causes,108,High body-mass index,3,Rate,2011,2944.4489829636195,4157.381721514568,1662.3503107738725
1,All Population,2,DALYs (Disability-Adjusted Life Years),111,Dominican Republic,3,Both,27,Age-standardized,294,All causes,108,High body-mass index,3,Rate,2011,1946.3966554396989,2804.3914687596516,1007.3774820132577
1,All Population,2,DALYs (Disability-Adjusted Life Years),113,Guyana,3,Both,27,Age-standardized,294,All causes,108,High body-mass index,3,Rate,2011,3993.0183761935155,5594.056463541862,2292.855180736393
1,All Population,2,DALYs (Disability-Adjusted Life Years),143,Iraq,3,Both,27,Age-standardized,294,All causes,108,High body-mass index,3,Rate,2011,4002.039445499249,5903.154394148204,1994.6029564777111
1,All Population,2,DALYs (Disability-Adjusted Life Years),114,Haiti,3,Both,27,Age-standardized,294,All causes,108,High body-mass index,3,Rate,2011,1839.8046299834787,2771.9947602288853,882.9371368356892
1,All Population,2,DALYs (Disability-Adjusted Life Years),127,El Salvador,3,Both,27,Age-standardized,294,All causes,108,High body-mass index,3,Rate,2009,2269.1068357091435,3209.3617052710006,1133.6156706869847
1,All Population,2,DALYs (Disability-Adjusted Life Years),118,Suriname,3,Both,27,Age-standardized,294,All causes,108,High body-mass index,3,Rate,2011,2248.589706277081,3323.4544447246835,1149.6004375662383
1,All Population,2,DALYs (Disability-Adjusted Life Years),147,Libya,3,Both,27,Age-standardized,294,All causes,108,High body-mass index,3,Rate,2011,3457.7208310661426,4999.334603769473,1786.0410476174686
1,All Population,2,DALYs (Disability-Adjusted Life Years),117,Saint Vincent and the Grenadines,3,Both,27,Age-standardized,294,All causes,108,High body-mass index,3,Rate,2011,2517.947245808255,3649.3019899101196,1338.607587179611
1,All Population,2,DALYs (Disability-Adjusted Life Years),115,Jamaica,3,Both,27,Age-standardized,294,All causes,108,High body-mass index,3,Rate,2009,1852.519709265263,2834.275550401613,896.5716033565844
1,All Population,2,DALYs (Disability-Adjusted Life Years),121,Bolivia (Plurinational State of),3,Both,27,Age-standardized,294,All causes,108,High body-mass index,3,Rate,2011,2353.028318255288,3404.628410794845,1244.8079721929287
1,All Population,2,DALYs (Disability-Adjusted Life Years),122,Ecuador,3,Both,27,Age-standardized,294,All causes,108,High body-mass index,3,Rate,2011,2156.3994504654356,2994.1114446067318,1268.298548938112
1,All Population,2,DALYs (Disability-Adjusted Life Years),151,Qatar,3,Both,27,Age-standardized,294,All causes,108,High body-mass index,3,Rate,2011,3193.941129297207,4589.142385858186,1536.077277102628
1,All Population,2,DALYs (Disability-Adjusted Life Years),135,Brazil,3,Both,27,Age-standardized,294,All causes,108,High body-mass index,3,Rate,2009,1836.2955572422898,2725.2920877513666,893.9263931247017
1,All Population,2,DALYs (Disability-Adjusted Life Years),131,Nicaragua,3,Both,27,Age-standardized,294,All causes,108,High body-mass index,3,Rate,2009,2109.03140730151,2985.242097308201,1127.0101875063633
1,All Population,2,DALYs (Disability-Adjusted Life Years),125,Colombia,3,Both,27,Age-standardized,294,All causes,108,High body-mass index,3,Rate,2011,1350.6174265617706,1985.8302570860835,622.5246488160766
1,All Population,2,DALYs (Disability-Adjusted Life Years),155,Türkiye,3,Both,27,Age-standardized,294,All causes,108,High body-mass index,3,Rate,2011,2369.092663902756,3407.1152373323534,1129.2741170006987
1,All Population,2,DALYs (Disability-Adjusted Life Years),126,Costa Rica,3,Both,27,Age-standardized,294,All causes,108,High body-mass index,3,Rate,2011,1695.9863990057902,2429.00559613423,819.5631908029494
1,All Population,2,DALYs (Disability-Adjusted Life Years),129,Honduras,3,Both,27,Age-standardized,294,All causes,108,High body-mass index,3,Rate,2011,1750.0866926322672,2592.5173741343633,854.1944915814196
1,All Population,2,DALYs (Disability-Adjusted Life Years),130,Mexico,3,Both,27,Age-standardized,294,All causes,108,High body-mass index,3,Rate,2011,2998.1658028762968,4096.088771142947,1600.1030213734261
1,All Population,2,DALYs (Disability-Adjusted Life Years),142,Iran (Islamic Republic of),3,Both,27,Age-standardized,294,All causes,108,High body-mass index,3,Rate,2009,2100.5166404136503,3099.5357558203355,1037.9971658709867
1,All Population,2,DALYs (Disability-Adjusted Life Years),163,India,3,Both,27,Age-standardized,294,All causes,108,High body-mass index,3,Rate,2011,931.3667990145269,1434.8295146355083,448.98799385829074
1,All Population,2,DALYs (Disability-Adjusted Life Years),146,Lebanon,3,Both,27,Age-standardized,294,All causes,108,High body-mass index,3,Rate,2009,1868.6227511387317,2827.6178579742004,833.0787601246682
1,All Population,2,DALYs (Disability-Adjusted Life Years),133,Venezuela (Bolivarian Republic of),3,Both,27,Age-standardized,294,All causes,108,High body-mass index,3,Rate,2011,2444.330172181425,3557.253597593632,1299.6183462680463
1,All Population,2,DALYs (Disability-Adjusted Life Years),170,Congo,3,Both,27,Age-standardized,294,All causes,108,High body-mass index,3,Rate,2011,1790.162956017527,2677.0104105621417,1052.9552968887392
1,All Population,2,DALYs (Disability-Adjusted Life Years),154,Tunisia,3,Both,27,Age-standardized,294,All causes,108,High body-mass index,3,Rate,2009,2340.7351372319035,3588.9320656836962,1073.1976160089755
1,All Population,2,DALYs (Disability-Adjusted Life Years),140,Bahrain,3,Both,27,Age-standardized,294,All causes,108,High body-mass index,3,Rate,2011,3741.845989751798,5465.546580563188,1802.8546835197067
1,All Population,2,DALYs (Disability-Adjusted Life Years),150,Oman,3,Both,27,Age-standardized,294,All causes,108,High body-mass index,3,Rate,2009,3164.0861211304514,4531.810700891706,1707.1454645932697
1,All Population,2,DALYs (Disability-Adjusted Life Years),141,Egypt,3,Both,27,Age-standardized,294,All causes,108,High body-mass index,3,Rate,2011,5876.47130229373,8144.882245092081,3169.2863935395235
1,All Population,2,DALYs (Disability-Adjusted Life Years),145,Kuwait,3,Both,27,Age-standardized,294,All causes,108,High body-mass index,3,Rate,2011,3523.2310946521584,5001.80505185258,1776.5361119429608
1,All Population,2,DALYs (Disability-Adjusted Life Years),144,Jordan,3,Both,27,Age-standardized,294,All causes,108,High body-mass index,3,Rate,2011,3858.5436267138966,5384.616171923405,2079.073997684429
1,All Population,2,DALYs (Disability-Adjusted Life Years),148,Morocco,3,Both,27,Age-standardized,294,All causes,108,High body-mass index,3,Rate,2011,2956.076468962737,4357.3261735070155,1521.4111404288692
1,All Population,2,DALYs (Disability-Adjusted Life Years),149,Palestine,3,Both,27,Age-standardized,294,All causes,108,High body-mass index,3,Rate,2011,3785.116709576325,5350.036927554923,1947.8519369615633
1,All Population,2,DALYs (Disability-Adjusted Life Years),178,Eritrea,3,Both,27,Age-standardized,294,All causes,108,High body-mass index,3,Rate,2011,769.5897296391927,1291.6670672777248,387.64735003642426
1,All Population,2,DALYs (Disability-Adjusted Life Years),182,Malawi,3,Both,27,Age-standardized,294,All causes,108,High body-mass index,3,Rate,2011,1254.945399620122,1865.3797601001172,686.8518028621473
1,All Population,2,DALYs (Disability-Adjusted Life Years),165,Pakistan,3,Both,27,Age-standardized,294,All causes,108,High body-mass index,3,Rate,2009,1522.3868299076062,2334.677533480164,751.9975199050966
1,All Population,2,DALYs (Disability-Adjusted Life Years),152,Saudi Arabia,3,Both,27,Age-standardized,294,All causes,108,High body-mass index,3,Rate,2011,4295.861733262683,5874.175846845551,2458.023621888195
1,All Population,2,DALYs (Disability-Adjusted Life Years),153,Syrian Arab Republic,3,Both,27,Age-standardized,294,All causes,108,High body-mass index,3,Rate,2011,3593.9057183353857,5208.674408531918,1788.1828867571567
1,All Population,2,DALYs (Disability-Adjusted Life Years),162,Bhutan,3,Both,27,Age-standardized,294,All causes,108,High body-mass index,3,Rate,2009,1619.7985505872261,2434.0864485019474,813.5780636621972
1,All Population,2,DALYs (Disability-Adjusted Life Years),186,Seychelles,3,Both,27,Age-standardized,294,All causes,108,High body-mass index,3,Rate,2011,2040.2126310853264,2891.9039222431093,1236.7868273131417
1,All Population,2,DALYs (Disability-Adjusted Life Years),157,Yemen,3,Both,27,Age-standardized,294,All causes,108,High body-mass index,3,Rate,2011,1725.2104854660947,2518.6919225580446,886.2106166284956
1,All Population,2,DALYs (Disability-Adjusted Life Years),156,United Arab Emirates,3,Both,27,Age-standardized,294,All causes,108,High body-mass index,3,Rate,2011,2531.9966494686823,3765.9175892070393,1157.1931885166275
1,All Population,2,DALYs (Disability-Adjusted Life Years),169,Central African Republic,3,Both,27,Age-standardized,294,All causes,108,High body-mass index,3,Rate,2009,1676.6424394398894,2990.646896107712,897.6243962398516
1,All Population,2,DALYs (Disability-Adjusted Life Years),160,Afghanistan,3,Both,27,Age-standardized,294,All causes,108,High body-mass index,3,Rate,2011,2667.9198653533995,4068.848117784921,1300.2086687342246
1,All Population,2,DALYs (Disability-Adjusted Life Years),191,Zambia,3,Both,27,Age-standardized,294,All causes,108,High body-mass index,3,Rate,2011,1661.4597552247617,2485.157512673256,900.9841606464628
1,All Population,2,DALYs (Disability-Adjusted Life Years),161,Bangladesh,3,Both,27,Age-standardized,294,All causes,108,High body-mass index,3,Rate,2011,986.3191130385408,1548.7283813718434,482.4026849369569
1,All Population,2,DALYs (Disability-Adjusted Life Years),173,Gabon,3,Both,27,Age-standardized,294,All causes,108,High body-mass index,3,Rate,2009,2536.516512057794,3735.2956685738645,1465.1695007221251
1,All Population,2,DALYs (Disability-Adjusted Life Years),177,Djibouti,3,Both,27,Age-standardized,294,All causes,108,High body-mass index,3,Rate,2009,610.5949294527953,1002.5428594168818,281.4104690147288
1,All Population,2,DALYs (Disability-Adjusted Life Years),194,Lesotho,3,Both,27,Age-standardized,294,All causes,108,High body-mass index,3,Rate,2011,2437.7185461508375,3518.6396976825354,1194.972557033535
1,All Population,2,DALYs (Disability-Adjusted Life Years),164,Nepal,3,Both,27,Age-standardized,294,All causes,108,High body-mass index,3,Rate,2011,836.2083509218156,1337.7750511526408,389.19539968431855
1,All Population,2,DALYs (Disability-Adjusted Life Years),198,Zimbabwe,3,Both,27,Age-standardized,294,All causes,108,High body-mass index,3,Rate,2011,1933.399745000794,3061.5912041436363,1016.701998027824
1,All Population,2,DALYs (Disability-Adjusted Life Years),168,Angola,3,Both,27,Age-standardized,294,All causes,108,High body-mass index,3,Rate,2011,1514.2885985694136,2361.251699556428,790.8237066092677
1,All Population,2,DALYs (Disability-Adjusted Life Years),181,Madagascar,3,Both,27,Age-standardized,294,All causes,108,High body-mass index,3,Rate,2009,894.4472486422721,1384.0713266297234,441.4970411376397
1,All Population,2,DALYs (Disability-Adjusted Life Years),171,Democratic Republic of the Congo,3,Both,27,Age-standardized,294,All causes,108,High body-mass index,3,Rate,2011,2004.663235370577,3196.157132302804,1063.9357585474822
1,All Population,2,DALYs (Disability-Adjusted Life Years),202,Cameroon,3,Both,27,Age-standardized,294,All causes,108,High body-mass index,3,Rate,2011,2373.5587163893347,3549.5254648035284,1203.3067004835625
1,All Population,2,DALYs (Disability-Adjusted Life Years),172,Equatorial Guinea,3,Both,27,Age-standardized,294,All causes,108,High body-mass index,3,Rate,2011,2245.669142722776,3332.6677168690185,1237.11614812143
1,All Population,2,DALYs (Disability-Adjusted Life Years),175,Burundi,3,Both,27,Age-standardized,294,All causes,108,High body-mass index,3,Rate,2011,630.3987681135831,978.8183685959444,311.6442075454611
1,All Population,2,DALYs (Disability-Adjusted Life Years),206,Gambia,3,Both,27,Age-standardized,294,All causes,108,High body-mass index,3,Rate,2011,1315.764102306745,2000.206747554428,675.9585001386437
1,All Population,2,DALYs (Disability-Adjusted Life Years),185,Rwanda,3,Both,27,Age-standardized,294,All causes,108,High body-mass index,3,Rate,2009,777.6371883681683,1210.6646394179968,393.4109842270301
1,All Population,2,DALYs (Disability-Adjusted Life Years),176,Comoros,3,Both,27,Age-standardized,294,All causes,108,High body-mass index,3,Rate,2011,861.6626692085777,1353.4994551259351,425.24904676432215
1,All Population,2,DALYs (Disability-Adjusted Life Years),210,Liberia,3,Both,27,Age-standardized,294,All causes,108,High body-mass index,3,Rate,2011,2142.5403161913077,3200.5730022762996,1108.9771568529152
1,All Population,2,DALYs (Disability-Adjusted Life Years),180,Kenya,3,Both,27,Age-standardized,294,All causes,108,High body-mass index,3,Rate,2011,931.4381709431515,1437.2525192194369,488.3546454467653
1,All Population,2,DALYs (Disability-Adjusted Life Years),179,Ethiopia,3,Both,27,Age-standardized,294,All causes,108,High body-mass index,3,Rate,2011,586.8312988872552,902.16245613264,301.8824417579226
1,All Population,2,DALYs (Disability-Adjusted Life Years),190,Uganda,3,Both,27,Age-standardized,294,All causes,108,High body-mass index,3,Rate,2009,1002.6213338824467,1539.155974318373,538.0041652559268
1,All Population,2,DALYs (Disability-Adjusted Life Years),193,Botswana,3,Both,27,Age-standardized,294,All causes,108,High body-mass index,3,Rate,2009,1709.5502889531867,2655.053372734555,837.2185799195336
1,All Population,2,DALYs (Disability-Adjusted Life Years),183,Mauritius,3,Both,27,Age-standardized,294,All causes,108,High body-mass index,3,Rate,2011,3408.0623321894236,4864.0749431899885,1797.6152629578696
1,All Population,2,DALYs (Disability-Adjusted Life Years),184,Mozambique,3,Both,27,Age-standardized,294,All causes,108,High body-mass index,3,Rate,2011,821.5084349844939,1287.7106328638824,387.49483297348235
1,All Population,2,DALYs (Disability-Adjusted Life Years),214,Nigeria,3,Both,27,Age-standardized,294,All causes,108,High body-mass index,3,Rate,2011,1625.5680158845646,2460.125426612405,834.2779068640455
1,All Population,2,DALYs (Disability-Adjusted Life Years),201,Burkina Faso,3,Both,27,Age-standardized,294,All causes,108,High body-mass index,3,Rate,2009,659.5168333817911,1027.9118141172469,328.25624091418115
1,All Population,2,DALYs (Disability-Adjusted Life Years),197,Eswatini,3,Both,27,Age-standardized,294,All causes,108,High body-mass index,3,Rate,2009,3856.5433147918266,5639.269088130064,2194.1023771759565
1,All Population,2,DALYs (Disability-Adjusted Life Years),218,Togo,3,Both,27,Age-standardized,294,All causes,108,High body-mass index,3,Rate,2011,1400.431623464783,2129.0749914252215,697.3334969299174
1,All Population,2,DALYs (Disability-Adjusted Life Years),187,Somalia,3,Both,27,Age-standardized,294,All causes,108,High body-mass index,3,Rate,2011,695.190331541259,1110.7768844726422,332.82936440167657
1,All Population,2,DALYs (Disability-Adjusted Life Years),189,United Republic of Tanzania,3,Both,27,Age-standardized,294,All causes,108,High body-mass index,3,Rate,2011,1118.9811299767528,1605.2509542234066,611.7396023960396
1,All Population,2,DALYs (Disability-Adjusted Life Years),195,Namibia,3,Both,27,Age-standardized,294,All causes,108,High body-mass index,3,Rate,2011,1888.962469475027,2899.376096482126,1034.953965725642
1,All Population,2,DALYs (Disability-Adjusted Life Years),196,South Africa,3,Both,27,Age-standardized,294,All causes,108,High body-mass index,3,Rate,2011,3512.92667096786,4959.28520169058,1939.2549512474754
1,All Population,2,DALYs (Disability-Adjusted Life Years),200,Benin,3,Both,27,Age-standardized,294,All causes,108,High body-mass index,3,Rate,2011,1289.3257567419435,1966.4445650802477,647.5529682108872
1,All Population,2,DALYs (Disability-Adjusted Life Years),204,Chad,3,Both,27,Age-standardized,294,All causes,108,High body-mass index,3,Rate,2011,1788.584615337717,2852.693653060656,943.6017533486713
1,All Population,2,DALYs (Disability-Adjusted Life Years),203,Cabo Verde,3,Both,27,Age-standardized,294,All causes,108,High body-mass index,3,Rate,2011,1251.850114131197,1877.6984028302309,602.4929418047686
1,All Population,2,DALYs (Disability-Adjusted Life Years),217,Sierra Leone,3,Both,27,Age-standardized,294,All causes,108,High body-mass index,3,Rate,2009,1142.8697881578971,1721.3460036227607,609.7612868092652
1,All Population,2,DALYs (Disability-Adjusted Life Years),305,Bermuda,3,Both,27,Age-standardized,294,All causes,108,High body-mass index,3,Rate,2011,1359.2486133473517,2026.087272160728,617.8983139116016
1,All Population,2,DALYs (Disability-Adjusted Life Years),209,Guinea-Bissau,3,Both,27,Age-standardized,294,All causes,108,High body-mass index,3,Rate,2009,1634.2010619827026,2707.3920819740893,852.2470726601563
1,All Population,2,DALYs (Disability-Adjusted Life Years),205,Côte d'Ivoire,3,Both,27,Age-standardized,294,All causes,108,High body-mass index,3,Rate,2011,1155.2337977328625,1711.653011484979,593.743600175963
1,All Population,2,DALYs (Disability-Adjusted Life Years),207,Ghana,3,Both,27,Age-standardized,294,All causes,108,High body-mass index,3,Rate,2011,1834.836222335321,2749.815915661045,991.0877919989597
1,All Population,2,DALYs (Disability-Adjusted Life Years),213,Niger,3,Both,27,Age-standardized,294,All causes,108,High body-mass index,3,Rate,2009,905.7272175284915,1443.3903789392837,422.6891698830032
1,All Population,2,DALYs (Disability-Adjusted Life Years),208,Guinea,3,Both,27,Age-standardized,294,All causes,108,High body-mass index,3,Rate,2011,1286.9335332041753,1974.8523944858616,657.6689801820157
1,All Population,2,DALYs (Disability-Adjusted Life Years),211,Mali,3,Both,27,Age-standardized,294,All causes,108,High body-mass index,3,Rate,2011,1662.185819736219,2527.5519009566547,888.0264834563831
1,All Population,2,DALYs (Disability-Adjusted Life Years),374,Niue,3,Both,27,Age-standardized,294,All causes,108,High body-mass index,3,Rate,2011,5826.445160708671,8076.769000532782,3022.9951473211345
1,All Population,2,DALYs (Disability-Adjusted Life Years),212,Mauritania,3,Both,27,Age-standardized,294,All causes,108,High body-mass index,3,Rate,2011,2279.460724307593,3358.897798956245,1294.856535674993
1,All Population,2,DALYs (Disability-Adjusted Life Years),393,Saint Kitts and Nevis,3,Both,27,Age-standardized,294,All causes,108,High body-mass index,3,Rate,2011,2528.5992571112465,3678.580298273886,1336.2717537213603
1,All Population,2,DALYs (Disability-Adjusted Life Years),215,Sao Tome and Principe,3,Both,27,Age-standardized,294,All causes,108,High body-mass index,3,Rate,2011,1507.459797866896,2350.9512179631333,756.8117993988881
1,All Population,2,DALYs (Disability-Adjusted Life Years),216,Senegal,3,Both,27,Age-standardized,294,All causes,108,High body-mass index,3,Rate,2011,1254.2943716879013,1963.648580133415,622.3948903491337
1,All Population,2,DALYs (Disability-Adjusted Life Years),422,United States Virgin Islands,3,Both,27,Age-standardized,294,All causes,108,High body-mass index,3,Rate,2011,2544.0218047566946,3498.493342511542,1383.8118465566736
1,All Population,2,DALYs (Disability-Adjusted Life Years),351,Guam,3,Both,27,Age-standardized,294,All causes,108,High body-mass index,3,Rate,2009,2711.047556030987,3905.939706337357,1397.8856633888677
1,All Population,2,DALYs (Disability-Adjusted Life Years),385,Puerto Rico,3,Both,27,Age-standardized,294,All causes,108,High body-mass index,3,Rate,2009,2633.232799515234,3647.764862252345,1357.6044951825254
1,All Population,2,DALYs (Disability-Adjusted Life Years),435,South Sudan,3,Both,27,Age-standardized,294,All causes,108,High body-mass index,3,Rate,2009,867.3641642171749,1429.6857125126298,470.060674748167
1,All Population,2,DALYs (Disability-Adjusted Life Years),298,American Samoa,3,Both,27,Age-standardized,294,All causes,108,High body-mass index,3,Rate,2011,6067.911025225948,8352.677336289387,3176.555896120508
1,All Population,2,DALYs (Disability-Adjusted Life Years),369,Nauru,3,Both,27,Age-standardized,294,All causes,108,High body-mass index,3,Rate,2009,11897.862464703978,16662.19171907215,6204.703124963702
1,All Population,2,DALYs (Disability-Adjusted Life Years),320,Cook Islands,3,Both,27,Age-standardized,294,All causes,108,High body-mass index,3,Rate,2011,6552.572997541047,8702.249766383628,3989.8187976645877
1,All Population,2,DALYs (Disability-Adjusted Life Years),416,Tuvalu,3,Both,27,Age-standardized,294,All causes,108,High body-mass index,3,Rate,2009,7068.946427063201,10008.494985653719,3683.0758916960635
1,All Population,2,DALYs (Disability-Adjusted Life Years),349,Greenland,3,Both,27,Age-standardized,294,All causes,108,High body-mass index,3,Rate,2011,2146.9010870985867,3365.8735356411084,974.1882608876252
1,All Population,2,DALYs (Disability-Adjusted Life Years),367,Monaco,3,Both,27,Age-standardized,294,All causes,108,High body-mass index,3,Rate,2011,1429.3682761800014,2302.1216154982885,564.1750780294071
1,All Population,2,DALYs (Disability-Adjusted Life Years),522,Sudan,3,Both,27,Age-standardized,294,All causes,108,High body-mass index,3,Rate,2011,2630.8122465193687,3947.5562820442974,1344.4216368433379
1,All Population,2,DALYs (Disability-Adjusted Life Years),376,Northern Mariana Islands,3,Both,27,Age-standardized,294,All causes,108,High body-mass index,3,Rate,2011,4406.185682708627,6369.278724786602,2200.1401053271106
1,All Population,2,DALYs (Disability-Adjusted Life Years),380,Palau,3,Both,27,Age-standardized,294,All causes,108,High body-mass index,3,Rate,2011,4730.010282718051,6912.167779354934,2276.324357152848
1,All Population,2,DALYs (Disability-Adjusted Life Years),396,San Marino,3,Both,27,Age-standardized,294,All causes,108,High body-mass index,3,Rate,2011,907.3998576293023,1535.4880935993674,346.09829798309084
1,All Population,2,DALYs (Disability-Adjusted Life Years),413,Tokelau,3,Both,27,Age-standardized,294,All causes,108,High body-mass index,3,Rate,2011,4918.858681979202,6911.240029422408,2548.8952905894193
1,All Population,2,DALYs (Disability-Adjusted Life Years),8,Taiwan,3,Both,27,Age-standardized,294,All causes,108,High body-mass index,3,Rate,2012,1115.9262939349012,1725.6444376040695,496.3264880697101
1,All Population,2,DALYs (Disability-Adjusted Life Years),6,China,3,Both,27,Age-standardized,294,All causes,108,High body-mass index,3,Rate,2012,681.6530918158901,1054.0435256793533,300.9922825631691
1,All Population,2,DALYs (Disability-Adjusted Life Years),10,Cambodia,3,Both,27,Age-standardized,294,All causes,108,High body-mass index,3,Rate,2012,738.2224140231693,1173.912439184077,346.7529725080446
1,All Population,2,DALYs (Disability-Adjusted Life Years),12,Lao People's Democratic Republic,3,Both,27,Age-standardized,294,All causes,108,High body-mass index,3,Rate,2012,1058.1769553166569,1631.7922986798262,556.8172402759554
1,All Population,2,DALYs (Disability-Adjusted Life Years),14,Maldives,3,Both,27,Age-standardized,294,All causes,108,High body-mass index,3,Rate,2012,1266.6086288841072,1919.1901911312643,607.8847462271281
1,All Population,2,DALYs (Disability-Adjusted Life Years),16,Philippines,3,Both,27,Age-standardized,294,All causes,108,High body-mass index,3,Rate,2012,1492.655920847872,2205.301199435968,780.9179671186085
1,All Population,2,DALYs (Disability-Adjusted Life Years),13,Malaysia,3,Both,27,Age-standardized,294,All causes,108,High body-mass index,3,Rate,2012,1333.2788577437593,2062.9817878756426,605.4583182127436
1,All Population,2,DALYs (Disability-Adjusted Life Years),17,Sri Lanka,3,Both,27,Age-standardized,294,All causes,108,High body-mass index,3,Rate,2012,1333.3603213794138,2034.421151398328,601.5182540847476
1,All Population,2,DALYs (Disability-Adjusted Life Years),18,Thailand,3,Both,27,Age-standardized,294,All causes,108,High body-mass index,3,Rate,2012,962.9360641273961,1540.5596864309427,424.07828220100794
1,All Population,2,DALYs (Disability-Adjusted Life Years),20,Viet Nam,3,Both,27,Age-standardized,294,All causes,108,High body-mass index,3,Rate,2012,476.02632499851444,728.6526273898854,240.63663276918277
1,All Population,2,DALYs (Disability-Adjusted Life Years),22,Fiji,3,Both,27,Age-standardized,294,All causes,108,High body-mass index,3,Rate,2012,7511.941770922425,10380.154569269354,3785.6672521303285
1,All Population,2,DALYs (Disability-Adjusted Life Years),24,Marshall Islands,3,Both,27,Age-standardized,294,All causes,108,High body-mass index,3,Rate,2012,8339.9987663813,11690.440005295242,4674.98772490378
1,All Population,2,DALYs (Disability-Adjusted Life Years),28,Solomon Islands,3,Both,27,Age-standardized,294,All causes,108,High body-mass index,3,Rate,2012,5427.379289804668,7882.420859180007,2563.8476554717618
1,All Population,2,DALYs (Disability-Adjusted Life Years),25,Micronesia (Federated States of),3,Both,27,Age-standardized,294,All causes,108,High body-mass index,3,Rate,2012,7596.707010534641,10785.170854660642,4016.1647110910762
1,All Population,2,DALYs (Disability-Adjusted Life Years),7,Democratic People's Republic of Korea,3,Both,27,Age-standardized,294,All causes,108,High body-mass index,3,Rate,2010,1006.9894086578137,1708.713893085746,497.5393225641374
1,All Population,2,DALYs (Disability-Adjusted Life Years),26,Papua New Guinea,3,Both,27,Age-standardized,294,All causes,108,High body-mass index,3,Rate,2012,2877.647997903711,4252.956138742058,1404.8371455725119
1,All Population,2,DALYs (Disability-Adjusted Life Years),19,Timor-Leste,3,Both,27,Age-standardized,294,All causes,108,High body-mass index,3,Rate,2010,449.23447350270214,707.5466932908845,226.4095026945884
1,All Population,2,DALYs (Disability-Adjusted Life Years),29,Tonga,3,Both,27,Age-standardized,294,All causes,108,High body-mass index,3,Rate,2012,5385.150699681917,7486.0780638310225,2772.310931063017
1,All Population,2,DALYs (Disability-Adjusted Life Years),23,Kiribati,3,Both,27,Age-standardized,294,All causes,108,High body-mass index,3,Rate,2010,4320.146108444485,6169.112105214218,2217.5044251783806
1,All Population,2,DALYs (Disability-Adjusted Life Years),11,Indonesia,3,Both,27,Age-standardized,294,All causes,108,High body-mass index,3,Rate,2010,1149.3696964322091,1761.8142563567528,565.1549053137305
1,All Population,2,DALYs (Disability-Adjusted Life Years),30,Vanuatu,3,Both,27,Age-standardized,294,All causes,108,High body-mass index,3,Rate,2012,3806.426226606731,5616.259553410682,1834.8488836329225
1,All Population,2,DALYs (Disability-Adjusted Life Years),15,Myanmar,3,Both,27,Age-standardized,294,All causes,108,High body-mass index,3,Rate,2010,1214.6376023787216,1901.57674856601,611.156672625942
1,All Population,2,DALYs (Disability-Adjusted Life Years),66,Brunei Darussalam,3,Both,27,Age-standardized,294,All causes,108,High body-mass index,3,Rate,2012,2152.893210641373,3263.1918316140736,993.9858638824309
1,All Population,2,DALYs (Disability-Adjusted Life Years),27,Samoa,3,Both,27,Age-standardized,294,All causes,108,High body-mass index,3,Rate,2010,4664.633073475035,6519.941450360817,2432.0434646799163
1,All Population,2,DALYs (Disability-Adjusted Life Years),74,Andorra,3,Both,27,Age-standardized,294,All causes,108,High body-mass index,3,Rate,2012,972.4346289846405,1602.0582761711084,391.69158071977165
1,All Population,2,DALYs (Disability-Adjusted Life Years),78,Denmark,3,Both,27,Age-standardized,294,All causes,108,High body-mass index,3,Rate,2012,1032.8583959496364,1617.7693871360252,401.7175915453109
1,All Population,2,DALYs (Disability-Adjusted Life Years),82,Greece,3,Both,27,Age-standardized,294,All causes,108,High body-mass index,3,Rate,2012,1504.6143378036218,2230.2247307607972,655.7880538569121
1,All Population,2,DALYs (Disability-Adjusted Life Years),85,Israel,3,Both,27,Age-standardized,294,All causes,108,High body-mass index,3,Rate,2012,1324.7903904733776,2004.843071966965,553.3792493143475
1,All Population,2,DALYs (Disability-Adjusted Life Years),93,Sweden,3,Both,27,Age-standardized,294,All causes,108,High body-mass index,3,Rate,2012,1032.206583692284,1585.6375530622856,426.8379850264622
1,All Population,2,DALYs (Disability-Adjusted Life Years),89,Netherlands,3,Both,27,Age-standardized,294,All causes,108,High body-mass index,3,Rate,2012,989.4848478498525,1530.4572989234357,379.47569300684637
1,All Population,2,DALYs (Disability-Adjusted Life Years),97,Argentina,3,Both,27,Age-standardized,294,All causes,108,High body-mass index,3,Rate,2012,1887.048216242046,2794.893853437811,875.4672048093479
1,All Population,2,DALYs (Disability-Adjusted Life Years),67,Japan,3,Both,27,Age-standardized,294,All causes,108,High body-mass index,3,Rate,2012,625.3899920387239,1054.3124842545183,239.99281568112917
1,All Population,2,DALYs (Disability-Adjusted Life Years),101,Canada,3,Both,27,Age-standardized,294,All causes,108,High body-mass index,3,Rate,2012,1161.1313626930748,1771.338837256621,474.07051700746564
1,All Population,2,DALYs (Disability-Adjusted Life Years),68,Republic of Korea,3,Both,27,Age-standardized,294,All causes,108,High body-mass index,3,Rate,2012,700.6031412272516,1078.431451877682,282.7503267437826
1,All Population,2,DALYs (Disability-Adjusted Life Years),71,Australia,3,Both,27,Age-standardized,294,All causes,108,High body-mass index,3,Rate,2012,1221.5996683342848,1941.8820530929092,470.4118102666085
1,All Population,2,DALYs (Disability-Adjusted Life Years),72,New Zealand,3,Both,27,Age-standardized,294,All causes,108,High body-mass index,3,Rate,2012,1513.519658739644,2349.656446037024,623.4848077519003
1,All Population,2,DALYs (Disability-Adjusted Life Years),75,Austria,3,Both,27,Age-standardized,294,All causes,108,High body-mass index,3,Rate,2012,1211.9196471177902,1812.102020892328,522.9166612526893
1,All Population,2,DALYs (Disability-Adjusted Life Years),76,Belgium,3,Both,27,Age-standardized,294,All causes,108,High body-mass index,3,Rate,2012,1054.8827590287988,1642.0344480171455,414.94612598933776
1,All Population,2,DALYs (Disability-Adjusted Life Years),105,Antigua and Barbuda,3,Both,27,Age-standardized,294,All causes,108,High body-mass index,3,Rate,2012,2388.019472756218,3434.031527078961,1323.0508074811673
1,All Population,2,DALYs (Disability-Adjusted Life Years),77,Cyprus,3,Both,27,Age-standardized,294,All causes,108,High body-mass index,3,Rate,2010,1654.7213430005154,2631.877005688626,698.222287298194
1,All Population,2,DALYs (Disability-Adjusted Life Years),69,Singapore,3,Both,27,Age-standardized,294,All causes,108,High body-mass index,3,Rate,2010,827.9870510618537,1295.227319050935,350.12996250325665
1,All Population,2,DALYs (Disability-Adjusted Life Years),79,Finland,3,Both,27,Age-standardized,294,All causes,108,High body-mass index,3,Rate,2012,1317.2008725152032,2041.3874955619583,551.8952458559721
1,All Population,2,DALYs (Disability-Adjusted Life Years),80,France,3,Both,27,Age-standardized,294,All causes,108,High body-mass index,3,Rate,2012,979.2037435588144,1526.7535129371506,375.75440774248653
1,All Population,2,DALYs (Disability-Adjusted Life Years),109,Cuba,3,Both,27,Age-standardized,294,All causes,108,High body-mass index,3,Rate,2012,1502.671601103352,2243.0404489038283,724.0601793594634
1,All Population,2,DALYs (Disability-Adjusted Life Years),112,Grenada,3,Both,27,Age-standardized,294,All causes,108,High body-mass index,3,Rate,2012,2599.7802058081897,3678.07838936918,1407.1590001161683
1,All Population,2,DALYs (Disability-Adjusted Life Years),83,Iceland,3,Both,27,Age-standardized,294,All causes,108,High body-mass index,3,Rate,2012,1091.6187423078395,1841.4530288300705,407.3851539940489
1,All Population,2,DALYs (Disability-Adjusted Life Years),84,Ireland,3,Both,27,Age-standardized,294,All causes,108,High body-mass index,3,Rate,2012,1140.7602152680338,1769.9276142455394,444.5280133323123
1,All Population,2,DALYs (Disability-Adjusted Life Years),86,Italy,3,Both,27,Age-standardized,294,All causes,108,High body-mass index,3,Rate,2012,1155.8358977313903,1794.4650890582525,494.70446942324594
1,All Population,2,DALYs (Disability-Adjusted Life Years),116,Saint Lucia,3,Both,27,Age-standardized,294,All causes,108,High body-mass index,3,Rate,2012,2493.0456231974254,3539.9028087184174,1299.9880404807893
1,All Population,2,DALYs (Disability-Adjusted Life Years),87,Luxembourg,3,Both,27,Age-standardized,294,All causes,108,High body-mass index,3,Rate,2012,1092.9924999113434,1697.91957221026,440.5408744412409
1,All Population,2,DALYs (Disability-Adjusted Life Years),90,Norway,3,Both,27,Age-standardized,294,All causes,108,High body-mass index,3,Rate,2012,999.3681955227665,1589.0814890765405,391.1358425980552
1,All Population,2,DALYs (Disability-Adjusted Life Years),91,Portugal,3,Both,27,Age-standardized,294,All causes,108,High body-mass index,3,Rate,2012,1305.5106955274073,2049.2227593158746,530.9580492530359
1,All Population,2,DALYs (Disability-Adjusted Life Years),95,United Kingdom,3,Both,27,Age-standardized,294,All causes,108,High body-mass index,3,Rate,2012,1297.1282849702739,2092.0107466893623,507.02931107725954
1,All Population,2,DALYs (Disability-Adjusted Life Years),94,Switzerland,3,Both,27,Age-standardized,294,All causes,108,High body-mass index,3,Rate,2012,971.6210130973868,1529.4940393586442,381.72723456686134
1,All Population,2,DALYs (Disability-Adjusted Life Years),98,Chile,3,Both,27,Age-standardized,294,All causes,108,High body-mass index,3,Rate,2012,1577.880064775859,2412.1450346814668,709.395253005746
1,All Population,2,DALYs (Disability-Adjusted Life Years),128,Guatemala,3,Both,27,Age-standardized,294,All causes,108,High body-mass index,3,Rate,2012,2553.664010986791,3580.0184525748555,1345.9977030437617
1,All Population,2,DALYs (Disability-Adjusted Life Years),99,Uruguay,3,Both,27,Age-standardized,294,All causes,108,High body-mass index,3,Rate,2012,1563.4449583788887,2404.197803204858,670.2352330320421
1,All Population,2,DALYs (Disability-Adjusted Life Years),102,United States of America,3,Both,27,Age-standardized,294,All causes,108,High body-mass index,3,Rate,2012,2070.78732793142,3045.113788315146,988.8983396268467
1,All Population,2,DALYs (Disability-Adjusted Life Years),81,Germany,3,Both,27,Age-standardized,294,All causes,108,High body-mass index,3,Rate,2010,1380.6765817747773,2102.49260463111,570.953151215986
1,All Population,2,DALYs (Disability-Adjusted Life Years),88,Malta,3,Both,27,Age-standardized,294,All causes,108,High body-mass index,3,Rate,2010,1366.6415031742781,2190.248204948945,546.921389982954
1,All Population,2,DALYs (Disability-Adjusted Life Years),107,Barbados,3,Both,27,Age-standardized,294,All causes,108,High body-mass index,3,Rate,2012,2507.3235967753344,3493.613408752777,1302.9446606409692
1,All Population,2,DALYs (Disability-Adjusted Life Years),92,Spain,3,Both,27,Age-standardized,294,All causes,108,High body-mass index,3,Rate,2010,1212.6583356251772,1857.7901119141836,486.66815723279205
1,All Population,2,DALYs (Disability-Adjusted Life Years),106,Bahamas,3,Both,27,Age-standardized,294,All causes,108,High body-mass index,3,Rate,2012,3529.4028641232003,4753.820712598773,2184.205370415743
1,All Population,2,DALYs (Disability-Adjusted Life Years),139,Algeria,3,Both,27,Age-standardized,294,All causes,108,High body-mass index,3,Rate,2012,2433.9807523934533,3510.5350382050106,1262.295507902907
1,All Population,2,DALYs (Disability-Adjusted Life Years),132,Panama,3,Both,27,Age-standardized,294,All causes,108,High body-mass index,3,Rate,2012,1831.803337590051,2669.9292610139887,912.8547681079048
1,All Population,2,DALYs (Disability-Adjusted Life Years),110,Dominica,3,Both,27,Age-standardized,294,All causes,108,High body-mass index,3,Rate,2012,2987.6978520210337,4221.420546833968,1692.915345250701
1,All Population,2,DALYs (Disability-Adjusted Life Years),111,Dominican Republic,3,Both,27,Age-standardized,294,All causes,108,High body-mass index,3,Rate,2012,2027.2453889367555,2915.3018571200787,1046.4053030084428
1,All Population,2,DALYs (Disability-Adjusted Life Years),136,Paraguay,3,Both,27,Age-standardized,294,All causes,108,High body-mass index,3,Rate,2012,2475.2594251103383,3449.253211892274,1261.593013381009
1,All Population,2,DALYs (Disability-Adjusted Life Years),113,Guyana,3,Both,27,Age-standardized,294,All causes,108,High body-mass index,3,Rate,2012,3998.700139598065,5636.329960756157,2310.6670756170206
1,All Population,2,DALYs (Disability-Adjusted Life Years),143,Iraq,3,Both,27,Age-standardized,294,All causes,108,High body-mass index,3,Rate,2012,4011.9200079306966,5872.677773325593,1984.0637054647423
1,All Population,2,DALYs (Disability-Adjusted Life Years),108,Belize,3,Both,27,Age-standardized,294,All causes,108,High body-mass index,3,Rate,2010,2888.742011589937,4019.076193832586,1553.6103431909664
1,All Population,2,DALYs (Disability-Adjusted Life Years),114,Haiti,3,Both,27,Age-standardized,294,All causes,108,High body-mass index,3,Rate,2012,1890.5880654635384,2929.334930102265,899.2167068927824
1,All Population,2,DALYs (Disability-Adjusted Life Years),118,Suriname,3,Both,27,Age-standardized,294,All causes,108,High body-mass index,3,Rate,2012,2275.8299733682557,3348.839662612105,1162.0183439583939
1,All Population,2,DALYs (Disability-Adjusted Life Years),117,Saint Vincent and the Grenadines,3,Both,27,Age-standardized,294,All causes,108,High body-mass index,3,Rate,2012,2571.6840567060185,3742.114116556003,1389.8808143318329
1,All Population,2,DALYs (Disability-Adjusted Life Years),123,Peru,3,Both,27,Age-standardized,294,All causes,108,High body-mass index,3,Rate,2010,1183.1861135566435,1740.9265009763335,552.6192382968793
1,All Population,2,DALYs (Disability-Adjusted Life Years),115,Jamaica,3,Both,27,Age-standardized,294,All causes,108,High body-mass index,3,Rate,2010,1897.9986435231133,2867.442711570335,938.3405549838252
1,All Population,2,DALYs (Disability-Adjusted Life Years),147,Libya,3,Both,27,Age-standardized,294,All causes,108,High body-mass index,3,Rate,2012,3478.1985566676644,5025.41169316426,1792.6619346396008
1,All Population,2,DALYs (Disability-Adjusted Life Years),121,Bolivia (Plurinational State of),3,Both,27,Age-standardized,294,All causes,108,High body-mass index,3,Rate,2012,2381.269523427675,3386.382762524992,1252.4849984027755
1,All Population,2,DALYs (Disability-Adjusted Life Years),122,Ecuador,3,Both,27,Age-standardized,294,All causes,108,High body-mass index,3,Rate,2012,2119.2527373518415,2943.8255377097757,1243.1170196260075
1,All Population,2,DALYs (Disability-Adjusted Life Years),151,Qatar,3,Both,27,Age-standardized,294,All causes,108,High body-mass index,3,Rate,2012,3070.77690759233,4375.740115018426,1468.3270346955426
1,All Population,2,DALYs (Disability-Adjusted Life Years),155,Türkiye,3,Both,27,Age-standardized,294,All causes,108,High body-mass index,3,Rate,2012,2390.6030637593803,3422.9414079688727,1149.063107046393
1,All Population,2,DALYs (Disability-Adjusted Life Years),125,Colombia,3,Both,27,Age-standardized,294,All causes,108,High body-mass index,3,Rate,2012,1353.6054994111605,1990.6244784360154,619.7398774581679
1,All Population,2,DALYs (Disability-Adjusted Life Years),135,Brazil,3,Both,27,Age-standardized,294,All causes,108,High body-mass index,3,Rate,2010,1851.9331274774634,2736.1759328263856,901.9124136221415
1,All Population,2,DALYs (Disability-Adjusted Life Years),126,Costa Rica,3,Both,27,Age-standardized,294,All causes,108,High body-mass index,3,Rate,2012,1713.602813444936,2466.876405344609,829.674503035454
1,All Population,2,DALYs (Disability-Adjusted Life Years),130,Mexico,3,Both,27,Age-standardized,294,All causes,108,High body-mass index,3,Rate,2012,3006.569172504272,4103.16810973462,1598.6839637188912
1,All Population,2,DALYs (Disability-Adjusted Life Years),129,Honduras,3,Both,27,Age-standardized,294,All causes,108,High body-mass index,3,Rate,2012,1795.2634652895351,2662.6864831961975,869.8869040243936
1,All Population,2,DALYs (Disability-Adjusted Life Years),119,Trinidad and Tobago,3,Both,27,Age-standardized,294,All causes,108,High body-mass index,3,Rate,2010,3774.6743595401304,5381.4551524583285,1913.921912355159
1,All Population,2,DALYs (Disability-Adjusted Life Years),163,India,3,Both,27,Age-standardized,294,All causes,108,High body-mass index,3,Rate,2012,976.4955936884687,1497.511311610719,472.7660868335145
1,All Population,2,DALYs (Disability-Adjusted Life Years),142,Iran (Islamic Republic of),3,Both,27,Age-standardized,294,All causes,108,High body-mass index,3,Rate,2010,2120.883965289894,3109.413166450388,1050.7049139463509
1,All Population,2,DALYs (Disability-Adjusted Life Years),133,Venezuela (Bolivarian Republic of),3,Both,27,Age-standardized,294,All causes,108,High body-mass index,3,Rate,2012,2455.569190622084,3582.965036222151,1320.3818782253975
1,All Population,2,DALYs (Disability-Adjusted Life Years),127,El Salvador,3,Both,27,Age-standardized,294,All causes,108,High body-mass index,3,Rate,2010,2271.3767586956383,3212.8565133657626,1139.3675721167888
1,All Population,2,DALYs (Disability-Adjusted Life Years),131,Nicaragua,3,Both,27,Age-standardized,294,All causes,108,High body-mass index,3,Rate,2010,2142.0277257198086,3047.320406170441,1147.5518242204028
1,All Population,2,DALYs (Disability-Adjusted Life Years),141,Egypt,3,Both,27,Age-standardized,294,All causes,108,High body-mass index,3,Rate,2012,5998.8720339448755,8269.827225275436,3222.9121619856355
1,All Population,2,DALYs (Disability-Adjusted Life Years),170,Congo,3,Both,27,Age-standardized,294,All causes,108,High body-mass index,3,Rate,2012,1805.5115834743958,2710.0542200228365,1047.0910891800088
1,All Population,2,DALYs (Disability-Adjusted Life Years),140,Bahrain,3,Both,27,Age-standardized,294,All causes,108,High body-mass index,3,Rate,2012,3736.632549701585,5394.092058767308,1818.3272797689315
1,All Population,2,DALYs (Disability-Adjusted Life Years),146,Lebanon,3,Both,27,Age-standardized,294,All causes,108,High body-mass index,3,Rate,2010,1892.0246259306543,2869.738484200591,846.4617468733431
1,All Population,2,DALYs (Disability-Adjusted Life Years),144,Jordan,3,Both,27,Age-standardized,294,All causes,108,High body-mass index,3,Rate,2012,3798.3495109565147,5293.714595574164,2065.1414868861966
1,All Population,2,DALYs (Disability-Adjusted Life Years),148,Morocco,3,Both,27,Age-standardized,294,All causes,108,High body-mass index,3,Rate,2012,2972.811071461254,4351.4723302460425,1537.3738301349522
1,All Population,2,DALYs (Disability-Adjusted Life Years),178,Eritrea,3,Both,27,Age-standardized,294,All causes,108,High body-mass index,3,Rate,2012,797.4555411121734,1334.1432614920893,398.5769520480333
1,All Population,2,DALYs (Disability-Adjusted Life Years),145,Kuwait,3,Both,27,Age-standardized,294,All causes,108,High body-mass index,3,Rate,2012,3448.5276307139225,4899.386886145,1741.9216701769785
1,All Population,2,DALYs (Disability-Adjusted Life Years),182,Malawi,3,Both,27,Age-standardized,294,All causes,108,High body-mass index,3,Rate,2012,1270.8912734315234,1943.8613746526955,680.0242839740305
1,All Population,2,DALYs (Disability-Adjusted Life Years),152,Saudi Arabia,3,Both,27,Age-standardized,294,All causes,108,High body-mass index,3,Rate,2012,4293.545255109734,5862.5909441757985,2445.6281620112277
1,All Population,2,DALYs (Disability-Adjusted Life Years),153,Syrian Arab Republic,3,Both,27,Age-standardized,294,All causes,108,High body-mass index,3,Rate,2012,3591.292216659932,5215.308735167955,1785.2402072411628
1,All Population,2,DALYs (Disability-Adjusted Life Years),186,Seychelles,3,Both,27,Age-standardized,294,All causes,108,High body-mass index,3,Rate,2012,2048.499949943493,2941.446548704458,1256.679336106554
1,All Population,2,DALYs (Disability-Adjusted Life Years),149,Palestine,3,Both,27,Age-standardized,294,All causes,108,High body-mass index,3,Rate,2012,3724.649712875552,5228.391055196602,1926.5855750577355
1,All Population,2,DALYs (Disability-Adjusted Life Years),156,United Arab Emirates,3,Both,27,Age-standardized,294,All causes,108,High body-mass index,3,Rate,2012,2483.1726146177743,3700.203398728749,1135.7693432018764
1,All Population,2,DALYs (Disability-Adjusted Life Years),157,Yemen,3,Both,27,Age-standardized,294,All causes,108,High body-mass index,3,Rate,2012,1759.1959039407186,2579.708468267238,900.6283542286119
1,All Population,2,DALYs (Disability-Adjusted Life Years),160,Afghanistan,3,Both,27,Age-standardized,294,All causes,108,High body-mass index,3,Rate,2012,2686.1868888961344,4049.249603319089,1307.0984603762977
1,All Population,2,DALYs (Disability-Adjusted Life Years),191,Zambia,3,Both,27,Age-standardized,294,All causes,108,High body-mass index,3,Rate,2012,1692.1232031100808,2516.279431508206,906.7504699684816
1,All Population,2,DALYs (Disability-Adjusted Life Years),194,Lesotho,3,Both,27,Age-standardized,294,All causes,108,High body-mass index,3,Rate,2012,2484.6311490851326,3579.0788520367546,1206.8175133257073
1,All Population,2,DALYs (Disability-Adjusted Life Years),150,Oman,3,Both,27,Age-standardized,294,All causes,108,High body-mass index,3,Rate,2010,3232.972340722759,4617.904397876657,1727.4487500572238
1,All Population,2,DALYs (Disability-Adjusted Life Years),161,Bangladesh,3,Both,27,Age-standardized,294,All causes,108,High body-mass index,3,Rate,2012,1017.3515958391903,1576.6840840805776,493.5267740428618
1,All Population,2,DALYs (Disability-Adjusted Life Years),162,Bhutan,3,Both,27,Age-standardized,294,All causes,108,High body-mass index,3,Rate,2010,1614.8660514523992,2468.56977071789,794.1217090885066
1,All Population,2,DALYs (Disability-Adjusted Life Years),164,Nepal,3,Both,27,Age-standardized,294,All causes,108,High body-mass index,3,Rate,2012,868.1364586319202,1388.9770770639745,394.80460924362455
1,All Population,2,DALYs (Disability-Adjusted Life Years),165,Pakistan,3,Both,27,Age-standardized,294,All causes,108,High body-mass index,3,Rate,2010,1556.618862746189,2419.769485268599,763.4714317296804
1,All Population,2,DALYs (Disability-Adjusted Life Years),181,Madagascar,3,Both,27,Age-standardized,294,All causes,108,High body-mass index,3,Rate,2010,912.2436873598721,1399.7552435616585,464.1667145959863
1,All Population,2,DALYs (Disability-Adjusted Life Years),154,Tunisia,3,Both,27,Age-standardized,294,All causes,108,High body-mass index,3,Rate,2010,2344.735987771285,3576.4303706893306,1073.01636359311
1,All Population,2,DALYs (Disability-Adjusted Life Years),198,Zimbabwe,3,Both,27,Age-standardized,294,All causes,108,High body-mass index,3,Rate,2012,1943.1589682591725,3089.593369997048,1018.5394731464431
1,All Population,2,DALYs (Disability-Adjusted Life Years),168,Angola,3,Both,27,Age-standardized,294,All causes,108,High body-mass index,3,Rate,2012,1536.6445701186997,2401.352483863285,811.9965042469182
1,All Population,2,DALYs (Disability-Adjusted Life Years),169,Central African Republic,3,Both,27,Age-standardized,294,All causes,108,High body-mass index,3,Rate,2010,1753.9714419154316,2947.3595776162624,923.9729887003757
1,All Population,2,DALYs (Disability-Adjusted Life Years),193,Botswana,3,Both,27,Age-standardized,294,All causes,108,High body-mass index,3,Rate,2010,1720.929399029262,2690.8066218324043,845.4884713255277
1,All Population,2,DALYs (Disability-Adjusted Life Years),190,Uganda,3,Both,27,Age-standardized,294,All causes,108,High body-mass index,3,Rate,2010,1014.6002571603372,1561.3297652330261,552.4010682078167
1,All Population,2,DALYs (Disability-Adjusted Life Years),171,Democratic Republic of the Congo,3,Both,27,Age-standardized,294,All causes,108,High body-mass index,3,Rate,2012,2032.5777247358183,3232.109880063525,1075.5897737969387
1,All Population,2,DALYs (Disability-Adjusted Life Years),175,Burundi,3,Both,27,Age-standardized,294,All causes,108,High body-mass index,3,Rate,2012,649.4636499451243,999.8473180751442,314.9134513662985
1,All Population,2,DALYs (Disability-Adjusted Life Years),176,Comoros,3,Both,27,Age-standardized,294,All causes,108,High body-mass index,3,Rate,2012,873.1984460234106,1356.3527475826297,422.32052241502174
1,All Population,2,DALYs (Disability-Adjusted Life Years),172,Equatorial Guinea,3,Both,27,Age-standardized,294,All causes,108,High body-mass index,3,Rate,2012,2250.8217204987004,3348.4823220359567,1185.2491555471852
1,All Population,2,DALYs (Disability-Adjusted Life Years),202,Cameroon,3,Both,27,Age-standardized,294,All causes,108,High body-mass index,3,Rate,2012,2409.3043926825812,3593.5043253914882,1206.571912322954
1,All Population,2,DALYs (Disability-Adjusted Life Years),180,Kenya,3,Both,27,Age-standardized,294,All causes,108,High body-mass index,3,Rate,2012,955.2346231395766,1459.6123126589368,507.46999467821036
1,All Population,2,DALYs (Disability-Adjusted Life Years),173,Gabon,3,Both,27,Age-standardized,294,All causes,108,High body-mass index,3,Rate,2010,2523.030740033808,3709.7070415809208,1427.9345691650697
1,All Population,2,DALYs (Disability-Adjusted Life Years),206,Gambia,3,Both,27,Age-standardized,294,All causes,108,High body-mass index,3,Rate,2012,1337.7767429097614,2022.6953765764388,669.4382878746386
1,All Population,2,DALYs (Disability-Adjusted Life Years),179,Ethiopia,3,Both,27,Age-standardized,294,All causes,108,High body-mass index,3,Rate,2012,589.9471164244945,906.2220933777791,304.6510276254339
1,All Population,2,DALYs (Disability-Adjusted Life Years),183,Mauritius,3,Both,27,Age-standardized,294,All causes,108,High body-mass index,3,Rate,2012,3441.93841932428,4902.899725711095,1793.1089990614712
1,All Population,2,DALYs (Disability-Adjusted Life Years),177,Djibouti,3,Both,27,Age-standardized,294,All causes,108,High body-mass index,3,Rate,2010,626.4417332257468,1032.522700558093,297.3900452672877
1,All Population,2,DALYs (Disability-Adjusted Life Years),184,Mozambique,3,Both,27,Age-standardized,294,All causes,108,High body-mass index,3,Rate,2012,835.2371627123287,1300.324678992811,397.79081251309185
1,All Population,2,DALYs (Disability-Adjusted Life Years),197,Eswatini,3,Both,27,Age-standardized,294,All causes,108,High body-mass index,3,Rate,2010,3804.266068697953,5539.931776437343,2151.8319723284653
1,All Population,2,DALYs (Disability-Adjusted Life Years),185,Rwanda,3,Both,27,Age-standardized,294,All causes,108,High body-mass index,3,Rate,2010,783.2076143940445,1210.2567738564894,400.6584287197846
1,All Population,2,DALYs (Disability-Adjusted Life Years),210,Liberia,3,Both,27,Age-standardized,294,All causes,108,High body-mass index,3,Rate,2012,2226.8461695472215,3277.048098235761,1140.5128661319072
1,All Population,2,DALYs (Disability-Adjusted Life Years),187,Somalia,3,Both,27,Age-standardized,294,All causes,108,High body-mass index,3,Rate,2012,705.0872879892282,1118.2160976893367,343.3337047976399
1,All Population,2,DALYs (Disability-Adjusted Life Years),218,Togo,3,Both,27,Age-standardized,294,All causes,108,High body-mass index,3,Rate,2012,1415.7695627220594,2159.5482660528332,703.4823488239555
1,All Population,2,DALYs (Disability-Adjusted Life Years),189,United Republic of Tanzania,3,Both,27,Age-standardized,294,All causes,108,High body-mass index,3,Rate,2012,1163.4169731125971,1694.4540827007409,632.36758488611
1,All Population,2,DALYs (Disability-Adjusted Life Years),214,Nigeria,3,Both,27,Age-standardized,294,All causes,108,High body-mass index,3,Rate,2012,1671.5907572088374,2504.8645838461225,860.0927100162935
1,All Population,2,DALYs (Disability-Adjusted Life Years),201,Burkina Faso,3,Both,27,Age-standardized,294,All causes,108,High body-mass index,3,Rate,2010,669.4887413808913,1068.5998859698739,329.2133179042296
1,All Population,2,DALYs (Disability-Adjusted Life Years),195,Namibia,3,Both,27,Age-standardized,294,All causes,108,High body-mass index,3,Rate,2012,1927.3900752177688,2928.268354374545,1043.4133879661465
1,All Population,2,DALYs (Disability-Adjusted Life Years),209,Guinea-Bissau,3,Both,27,Age-standardized,294,All causes,108,High body-mass index,3,Rate,2010,1667.6227993613184,2699.7567185862613,853.3681164539217
1,All Population,2,DALYs (Disability-Adjusted Life Years),196,South Africa,3,Both,27,Age-standardized,294,All causes,108,High body-mass index,3,Rate,2012,3495.962363311366,4905.05611987641,1918.2704904081368
1,All Population,2,DALYs (Disability-Adjusted Life Years),213,Niger,3,Both,27,Age-standardized,294,All causes,108,High body-mass index,3,Rate,2010,912.6731656237519,1428.745982387741,423.80972045082206
1,All Population,2,DALYs (Disability-Adjusted Life Years),200,Benin,3,Both,27,Age-standardized,294,All causes,108,High body-mass index,3,Rate,2012,1308.2160550495928,2047.4245670754328,655.5886942264659
1,All Population,2,DALYs (Disability-Adjusted Life Years),205,Côte d'Ivoire,3,Both,27,Age-standardized,294,All causes,108,High body-mass index,3,Rate,2012,1223.7906224115147,1787.1912421177562,632.7950450966969
1,All Population,2,DALYs (Disability-Adjusted Life Years),305,Bermuda,3,Both,27,Age-standardized,294,All causes,108,High body-mass index,3,Rate,2012,1352.9957360563471,2010.1733012792076,622.6321380976068
1,All Population,2,DALYs (Disability-Adjusted Life Years),204,Chad,3,Both,27,Age-standardized,294,All causes,108,High body-mass index,3,Rate,2012,1796.9180373385248,2862.872252427183,950.8717395720103
1,All Population,2,DALYs (Disability-Adjusted Life Years),212,Mauritania,3,Both,27,Age-standardized,294,All causes,108,High body-mass index,3,Rate,2012,2345.807682206922,3459.164915934413,1292.2641797333454
1,All Population,2,DALYs (Disability-Adjusted Life Years),203,Cabo Verde,3,Both,27,Age-standardized,294,All causes,108,High body-mass index,3,Rate,2012,1291.414180592186,1920.0265867085518,615.8998132322702
1,All Population,2,DALYs (Disability-Adjusted Life Years),207,Ghana,3,Both,27,Age-standardized,294,All causes,108,High body-mass index,3,Rate,2012,1872.2387573043395,2809.552573571801,1012.0570937473877
1,All Population,2,DALYs (Disability-Adjusted Life Years),374,Niue,3,Both,27,Age-standardized,294,All causes,108,High body-mass index,3,Rate,2012,5851.530057364203,8107.9729827116225,3044.058362072017
1,All Population,2,DALYs (Disability-Adjusted Life Years),208,Guinea,3,Both,27,Age-standardized,294,All causes,108,High body-mass index,3,Rate,2012,1311.234075539942,2003.704838192915,669.2348787816327
1,All Population,2,DALYs (Disability-Adjusted Life Years),211,Mali,3,Both,27,Age-standardized,294,All causes,108,High body-mass index,3,Rate,2012,1660.5743150925593,2513.268986713606,878.3738211963453
1,All Population,2,DALYs (Disability-Adjusted Life Years),216,Senegal,3,Both,27,Age-standardized,294,All causes,108,High body-mass index,3,Rate,2012,1243.4775482028065,1936.5385857883807,612.4062404808311
1,All Population,2,DALYs (Disability-Adjusted Life Years),393,Saint Kitts and Nevis,3,Both,27,Age-standardized,294,All causes,108,High body-mass index,3,Rate,2012,2515.453329002985,3626.93254052171,1345.2607285465904
1,All Population,2,DALYs (Disability-Adjusted Life Years),215,Sao Tome and Principe,3,Both,27,Age-standardized,294,All causes,108,High body-mass index,3,Rate,2012,1507.969729304035,2317.576452651672,760.8746240321275
1,All Population,2,DALYs (Disability-Adjusted Life Years),422,United States Virgin Islands,3,Both,27,Age-standardized,294,All causes,108,High body-mass index,3,Rate,2012,2520.6722771082364,3468.461294337784,1376.1610687686145
1,All Population,2,DALYs (Disability-Adjusted Life Years),298,American Samoa,3,Both,27,Age-standardized,294,All causes,108,High body-mass index,3,Rate,2012,6020.862623079659,8362.658376984977,3158.291133587395
1,All Population,2,DALYs (Disability-Adjusted Life Years),320,Cook Islands,3,Both,27,Age-standardized,294,All causes,108,High body-mass index,3,Rate,2012,6528.680454868627,8581.782895918484,3857.6490752469017
1,All Population,2,DALYs (Disability-Adjusted Life Years),349,Greenland,3,Both,27,Age-standardized,294,All causes,108,High body-mass index,3,Rate,2012,2122.146180904493,3289.169736465494,961.4131549081179
1,All Population,2,DALYs (Disability-Adjusted Life Years),522,Sudan,3,Both,27,Age-standardized,294,All causes,108,High body-mass index,3,Rate,2012,2649.0214858977947,3930.687766878902,1320.248921623192
1,All Population,2,DALYs (Disability-Adjusted Life Years),217,Sierra Leone,3,Both,27,Age-standardized,294,All causes,108,High body-mass index,3,Rate,2010,1179.3308946585187,1852.076014736629,625.1085288510429
1,All Population,2,DALYs (Disability-Adjusted Life Years),369,Nauru,3,Both,27,Age-standardized,294,All causes,108,High body-mass index,3,Rate,2010,11919.339940256963,16632.960782432387,6205.781130149909
1,All Population,2,DALYs (Disability-Adjusted Life Years),385,Puerto Rico,3,Both,27,Age-standardized,294,All causes,108,High body-mass index,3,Rate,2010,2613.0564586194846,3611.42638133009,1360.3175653638436
1,All Population,2,DALYs (Disability-Adjusted Life Years),367,Monaco,3,Both,27,Age-standardized,294,All causes,108,High body-mass index,3,Rate,2012,1415.4029921669076,2277.1245283639782,554.6470958184447
1,All Population,2,DALYs (Disability-Adjusted Life Years),380,Palau,3,Both,27,Age-standardized,294,All causes,108,High body-mass index,3,Rate,2012,4750.204429938106,6995.540675185385,2312.404591010716
1,All Population,2,DALYs (Disability-Adjusted Life Years),376,Northern Mariana Islands,3,Both,27,Age-standardized,294,All causes,108,High body-mass index,3,Rate,2012,4395.021300074158,6363.778042099059,2213.794719587816
1,All Population,2,DALYs (Disability-Adjusted Life Years),413,Tokelau,3,Both,27,Age-standardized,294,All causes,108,High body-mass index,3,Rate,2012,4926.308738232405,6902.1198855863895,2563.9421307040516
1,All Population,2,DALYs (Disability-Adjusted Life Years),396,San Marino,3,Both,27,Age-standardized,294,All causes,108,High body-mass index,3,Rate,2012,901.3727111128068,1504.8366935070094,346.221318193986
1,All Population,2,DALYs (Disability-Adjusted Life Years),416,Tuvalu,3,Both,27,Age-standardized,294,All causes,108,High body-mass index,3,Rate,2010,7175.169274783954,10248.978040889071,3778.625059386895
1,All Population,2,DALYs (Disability-Adjusted Life Years),351,Guam,3,Both,27,Age-standardized,294,All causes,108,High body-mass index,3,Rate,2010,2709.078548562098,3883.0810615351133,1402.4861359168676
1,All Population,2,DALYs (Disability-Adjusted Life Years),435,South Sudan,3,Both,27,Age-standardized,294,All causes,108,High body-mass index,3,Rate,2010,886.1572396501012,1445.7769862677562,471.21729207611327
1,All Population,2,DALYs (Disability-Adjusted Life Years),8,Taiwan,3,Both,27,Age-standardized,294,All causes,108,High body-mass index,3,Rate,2014,1142.0609711842799,1788.0301669532876,513.8794421098971
1,All Population,2,DALYs (Disability-Adjusted Life Years),12,Lao People's Democratic Republic,3,Both,27,Age-standardized,294,All causes,108,High body-mass index,3,Rate,2014,1116.3863005274354,1694.3346915942361,581.001676040765
1,All Population,2,DALYs (Disability-Adjusted Life Years),16,Philippines,3,Both,27,Age-standardized,294,All causes,108,High body-mass index,3,Rate,2014,1557.1295487926182,2246.3336651598643,810.5119715514968
1,All Population,2,DALYs (Disability-Adjusted Life Years),20,Viet Nam,3,Both,27,Age-standardized,294,All causes,108,High body-mass index,3,Rate,2014,518.0816154533828,782.0051579707417,254.7364170853879
1,All Population,2,DALYs (Disability-Adjusted Life Years),24,Marshall Islands,3,Both,27,Age-standardized,294,All causes,108,High body-mass index,3,Rate,2014,8408.02443117473,11804.900705655402,4595.4883822279
1,All Population,2,DALYs (Disability-Adjusted Life Years),28,Solomon Islands,3,Both,27,Age-standardized,294,All causes,108,High body-mass index,3,Rate,2014,5750.633625650034,8271.877812909126,2723.2031747099127
1,All Population,2,DALYs (Disability-Adjusted Life Years),6,China,3,Both,27,Age-standardized,294,All causes,108,High body-mass index,3,Rate,2014,693.8828286141554,1074.0011740736836,305.634114782804
1,All Population,2,DALYs (Disability-Adjusted Life Years),10,Cambodia,3,Both,27,Age-standardized,294,All causes,108,High body-mass index,3,Rate,2014,772.2451087227955,1221.5060107128595,359.94819846015554
1,All Population,2,DALYs (Disability-Adjusted Life Years),14,Maldives,3,Both,27,Age-standardized,294,All causes,108,High body-mass index,3,Rate,2014,1263.9724830615614,1919.732116477748,605.6332718098988
1,All Population,2,DALYs (Disability-Adjusted Life Years),13,Malaysia,3,Both,27,Age-standardized,294,All causes,108,High body-mass index,3,Rate,2014,1351.3173333075442,2128.1800160980856,606.3194122851229
1,All Population,2,DALYs (Disability-Adjusted Life Years),17,Sri Lanka,3,Both,27,Age-standardized,294,All causes,108,High body-mass index,3,Rate,2014,1362.5271817377647,2121.624336184393,622.9224693817373
1,All Population,2,DALYs (Disability-Adjusted Life Years),18,Thailand,3,Both,27,Age-standardized,294,All causes,108,High body-mass index,3,Rate,2014,993.8311875020339,1552.6987860124686,435.00532548975065
1,All Population,2,DALYs (Disability-Adjusted Life Years),22,Fiji,3,Both,27,Age-standardized,294,All causes,108,High body-mass index,3,Rate,2014,7616.456921565215,10483.272093410942,3873.9081289096903
1,All Population,2,DALYs (Disability-Adjusted Life Years),26,Papua New Guinea,3,Both,27,Age-standardized,294,All causes,108,High body-mass index,3,Rate,2014,2837.8731299995193,4175.31815380443,1412.7848859287283
1,All Population,2,DALYs (Disability-Adjusted Life Years),25,Micronesia (Federated States of),3,Both,27,Age-standardized,294,All causes,108,High body-mass index,3,Rate,2014,7630.797599117491,10733.641505675983,4091.75717139088
1,All Population,2,DALYs (Disability-Adjusted Life Years),11,Indonesia,3,Both,27,Age-standardized,294,All causes,108,High body-mass index,3,Rate,2011,1177.7429805559973,1812.0605750153736,585.9309755435366
1,All Population,2,DALYs (Disability-Adjusted Life Years),30,Vanuatu,3,Both,27,Age-standardized,294,All causes,108,High body-mass index,3,Rate,2014,3911.8573284927083,5734.544328621829,1939.3120479134018
1,All Population,2,DALYs (Disability-Adjusted Life Years),7,Democratic People's Republic of Korea,3,Both,27,Age-standardized,294,All causes,108,High body-mass index,3,Rate,2011,1023.2763620222953,1723.0986628197702,492.61161553003535
1,All Population,2,DALYs (Disability-Adjusted Life Years),29,Tonga,3,Both,27,Age-standardized,294,All causes,108,High body-mass index,3,Rate,2014,5467.2161144186975,7479.2683677123305,2819.7507477200074
1,All Population,2,DALYs (Disability-Adjusted Life Years),19,Timor-Leste,3,Both,27,Age-standardized,294,All causes,108,High body-mass index,3,Rate,2011,481.77122980830706,741.3123279979661,246.92654667842913
1,All Population,2,DALYs (Disability-Adjusted Life Years),66,Brunei Darussalam,3,Both,27,Age-standardized,294,All causes,108,High body-mass index,3,Rate,2014,2185.7831301668803,3294.0394336295108,1007.4775399451355
1,All Population,2,DALYs (Disability-Adjusted Life Years),74,Andorra,3,Both,27,Age-standardized,294,All causes,108,High body-mass index,3,Rate,2014,976.5927938452578,1585.3786584227605,392.08915011743875
1,All Population,2,DALYs (Disability-Adjusted Life Years),78,Denmark,3,Both,27,Age-standardized,294,All causes,108,High body-mass index,3,Rate,2014,1003.3869713879095,1567.7773906623693,390.71981671298715
1,All Population,2,DALYs (Disability-Adjusted Life Years),82,Greece,3,Both,27,Age-standardized,294,All causes,108,High body-mass index,3,Rate,2014,1436.7902615918383,2164.0950831081955,617.2612755521992
1,All Population,2,DALYs (Disability-Adjusted Life Years),85,Israel,3,Both,27,Age-standardized,294,All causes,108,High body-mass index,3,Rate,2014,1295.3769186250306,1949.8170484234693,546.7430545803242
1,All Population,2,DALYs (Disability-Adjusted Life Years),89,Netherlands,3,Both,27,Age-standardized,294,All causes,108,High body-mass index,3,Rate,2014,972.2919447067154,1501.9195956489493,372.59245386747676
1,All Population,2,DALYs (Disability-Adjusted Life Years),23,Kiribati,3,Both,27,Age-standardized,294,All causes,108,High body-mass index,3,Rate,2011,4338.540668855898,6188.420187973086,2234.0535226042803
1,All Population,2,DALYs (Disability-Adjusted Life Years),27,Samoa,3,Both,27,Age-standardized,294,All causes,108,High body-mass index,3,Rate,2011,4710.264594075729,6609.845679038016,2463.997104414827
1,All Population,2,DALYs (Disability-Adjusted Life Years),93,Sweden,3,Both,27,Age-standardized,294,All causes,108,High body-mass index,3,Rate,2014,1021.9517369656692,1540.044723317416,428.33726753108067
1,All Population,2,DALYs (Disability-Adjusted Life Years),15,Myanmar,3,Both,27,Age-standardized,294,All causes,108,High body-mass index,3,Rate,2011,1233.820369744294,1914.4226412706241,598.9485783680744
1,All Population,2,DALYs (Disability-Adjusted Life Years),97,Argentina,3,Both,27,Age-standardized,294,All causes,108,High body-mass index,3,Rate,2014,1861.4949955873524,2770.58076642918,849.3333869934928
1,All Population,2,DALYs (Disability-Adjusted Life Years),81,Germany,3,Both,27,Age-standardized,294,All causes,108,High body-mass index,3,Rate,2011,1358.8521072025903,2058.5395096213015,562.6643689954856
1,All Population,2,DALYs (Disability-Adjusted Life Years),69,Singapore,3,Both,27,Age-standardized,294,All causes,108,High body-mass index,3,Rate,2011,826.485929811416,1296.3978910297355,351.95663590688383
1,All Population,2,DALYs (Disability-Adjusted Life Years),101,Canada,3,Both,27,Age-standardized,294,All causes,108,High body-mass index,3,Rate,2014,1157.2317748977478,1768.546985961566,474.7852349615222
1,All Population,2,DALYs (Disability-Adjusted Life Years),67,Japan,3,Both,27,Age-standardized,294,All causes,108,High body-mass index,3,Rate,2014,627.9232060732539,1050.4730895367773,240.54234606080465
1,All Population,2,DALYs (Disability-Adjusted Life Years),77,Cyprus,3,Both,27,Age-standardized,294,All causes,108,High body-mass index,3,Rate,2011,1633.4317615731259,2571.633284974103,697.8454767114721
1,All Population,2,DALYs (Disability-Adjusted Life Years),71,Australia,3,Both,27,Age-standardized,294,All causes,108,High body-mass index,3,Rate,2014,1212.8578533280777,1922.5520139138387,478.4094854780336
1,All Population,2,DALYs (Disability-Adjusted Life Years),68,Republic of Korea,3,Both,27,Age-standardized,294,All causes,108,High body-mass index,3,Rate,2014,681.0906442144291,1070.7527616446537,273.39994621430264
1,All Population,2,DALYs (Disability-Adjusted Life Years),105,Antigua and Barbuda,3,Both,27,Age-standardized,294,All causes,108,High body-mass index,3,Rate,2014,2473.6130049735157,3510.185590682628,1344.6741789915054
1,All Population,2,DALYs (Disability-Adjusted Life Years),72,New Zealand,3,Both,27,Age-standardized,294,All causes,108,High body-mass index,3,Rate,2014,1519.8402305050872,2374.3772305205152,629.6776272781754
1,All Population,2,DALYs (Disability-Adjusted Life Years),109,Cuba,3,Both,27,Age-standardized,294,All causes,108,High body-mass index,3,Rate,2014,1555.3614856733104,2310.2245837919604,759.6480799835041
1,All Population,2,DALYs (Disability-Adjusted Life Years),75,Austria,3,Both,27,Age-standardized,294,All causes,108,High body-mass index,3,Rate,2014,1191.036198641653,1799.260848182619,515.5686714176995
1,All Population,2,DALYs (Disability-Adjusted Life Years),112,Grenada,3,Both,27,Age-standardized,294,All causes,108,High body-mass index,3,Rate,2014,2672.269903769154,3855.6741770328135,1452.8514671354683
1,All Population,2,DALYs (Disability-Adjusted Life Years),76,Belgium,3,Both,27,Age-standardized,294,All causes,108,High body-mass index,3,Rate,2014,1014.7098384670053,1562.9809439262483,398.81416967643463
1,All Population,2,DALYs (Disability-Adjusted Life Years),79,Finland,3,Both,27,Age-standardized,294,All causes,108,High body-mass index,3,Rate,2014,1305.7696945258683,1994.1845800704527,554.7955749446797
1,All Population,2,DALYs (Disability-Adjusted Life Years),80,France,3,Both,27,Age-standardized,294,All causes,108,High body-mass index,3,Rate,2014,964.0626682216198,1531.1132127283963,368.9639532844886
1,All Population,2,DALYs (Disability-Adjusted Life Years),83,Iceland,3,Both,27,Age-standardized,294,All causes,108,High body-mass index,3,Rate,2014,1089.3418669607433,1831.0999899844783,414.2534691353862
1,All Population,2,DALYs (Disability-Adjusted Life Years),116,Saint Lucia,3,Both,27,Age-standardized,294,All causes,108,High body-mass index,3,Rate,2014,2591.7782763547852,3609.520366669554,1364.1133973867204
1,All Population,2,DALYs (Disability-Adjusted Life Years),84,Ireland,3,Both,27,Age-standardized,294,All causes,108,High body-mass index,3,Rate,2014,1107.9233071049237,1738.8962831989263,429.1754316901393
1,All Population,2,DALYs (Disability-Adjusted Life Years),86,Italy,3,Both,27,Age-standardized,294,All causes,108,High body-mass index,3,Rate,2014,1104.0645440965184,1703.3421050387483,475.13430394333517
1,All Population,2,DALYs (Disability-Adjusted Life Years),87,Luxembourg,3,Both,27,Age-standardized,294,All causes,108,High body-mass index,3,Rate,2014,1074.719993149696,1652.003615480013,434.86819862450034
1,All Population,2,DALYs (Disability-Adjusted Life Years),91,Portugal,3,Both,27,Age-standardized,294,All causes,108,High body-mass index,3,Rate,2014,1275.7101972913968,1973.7228646502808,519.7256338829964
1,All Population,2,DALYs (Disability-Adjusted Life Years),90,Norway,3,Both,27,Age-standardized,294,All causes,108,High body-mass index,3,Rate,2014,958.0411134890766,1516.7154352878665,375.71720226733015
1,All Population,2,DALYs (Disability-Adjusted Life Years),94,Switzerland,3,Both,27,Age-standardized,294,All causes,108,High body-mass index,3,Rate,2014,956.5398525515591,1498.4307253040604,374.93228448111665
1,All Population,2,DALYs (Disability-Adjusted Life Years),95,United Kingdom,3,Both,27,Age-standardized,294,All causes,108,High body-mass index,3,Rate,2014,1289.568801544929,2076.977636623608,510.0926630834614
1,All Population,2,DALYs (Disability-Adjusted Life Years),98,Chile,3,Both,27,Age-standardized,294,All causes,108,High body-mass index,3,Rate,2014,1587.7832054829546,2437.5423484091725,719.4883964602177
1,All Population,2,DALYs (Disability-Adjusted Life Years),128,Guatemala,3,Both,27,Age-standardized,294,All causes,108,High body-mass index,3,Rate,2014,2668.6880879736736,3722.1081443909147,1390.4882829443188
1,All Population,2,DALYs (Disability-Adjusted Life Years),99,Uruguay,3,Both,27,Age-standardized,294,All causes,108,High body-mass index,3,Rate,2014,1553.0570784083434,2375.0489440618917,673.6944421420096
1,All Population,2,DALYs (Disability-Adjusted Life Years),88,Malta,3,Both,27,Age-standardized,294,All causes,108,High body-mass index,3,Rate,2011,1368.124587101892,2210.3792459067363,550.5254440826819
1,All Population,2,DALYs (Disability-Adjusted Life Years),132,Panama,3,Both,27,Age-standardized,294,All causes,108,High body-mass index,3,Rate,2014,1907.1074247721374,2812.8423727125282,958.220315728039
1,All Population,2,DALYs (Disability-Adjusted Life Years),92,Spain,3,Both,27,Age-standardized,294,All causes,108,High body-mass index,3,Rate,2011,1200.2061531348236,1820.0010511181301,477.88274803130406
1,All Population,2,DALYs (Disability-Adjusted Life Years),136,Paraguay,3,Both,27,Age-standardized,294,All causes,108,High body-mass index,3,Rate,2014,2533.1111029738217,3526.8102467560957,1293.2310889226924
1,All Population,2,DALYs (Disability-Adjusted Life Years),139,Algeria,3,Both,27,Age-standardized,294,All causes,108,High body-mass index,3,Rate,2014,2523.9278221823233,3587.744358998557,1299.5640275699398
1,All Population,2,DALYs (Disability-Adjusted Life Years),102,United States of America,3,Both,27,Age-standardized,294,All causes,108,High body-mass index,3,Rate,2014,2098.421451766319,3080.789536111994,1016.6890381532301
1,All Population,2,DALYs (Disability-Adjusted Life Years),115,Jamaica,3,Both,27,Age-standardized,294,All causes,108,High body-mass index,3,Rate,2011,1980.1570438906638,2952.358075495945,1011.7439209684958
1,All Population,2,DALYs (Disability-Adjusted Life Years),123,Peru,3,Both,27,Age-standardized,294,All causes,108,High body-mass index,3,Rate,2011,1176.198573418808,1750.8882441972216,543.506275913035
1,All Population,2,DALYs (Disability-Adjusted Life Years),108,Belize,3,Both,27,Age-standardized,294,All causes,108,High body-mass index,3,Rate,2011,2885.9891706123058,4045.63582317466,1571.1354054045
1,All Population,2,DALYs (Disability-Adjusted Life Years),106,Bahamas,3,Both,27,Age-standardized,294,All causes,108,High body-mass index,3,Rate,2014,3648.889964978505,4900.692714902872,2271.9435837999795
1,All Population,2,DALYs (Disability-Adjusted Life Years),127,El Salvador,3,Both,27,Age-standardized,294,All causes,108,High body-mass index,3,Rate,2011,2285.1978609885705,3215.636203760425,1150.0127357806912
1,All Population,2,DALYs (Disability-Adjusted Life Years),110,Dominica,3,Both,27,Age-standardized,294,All causes,108,High body-mass index,3,Rate,2014,3061.0831174393725,4314.154740574619,1744.1974061491467
1,All Population,2,DALYs (Disability-Adjusted Life Years),111,Dominican Republic,3,Both,27,Age-standardized,294,All causes,108,High body-mass index,3,Rate,2014,2166.85546114575,3098.912767164315,1109.947153034475
1,All Population,2,DALYs (Disability-Adjusted Life Years),119,Trinidad and Tobago,3,Both,27,Age-standardized,294,All causes,108,High body-mass index,3,Rate,2011,3761.9872107534848,5340.3067925596115,1905.2122140857525
1,All Population,2,DALYs (Disability-Adjusted Life Years),143,Iraq,3,Both,27,Age-standardized,294,All causes,108,High body-mass index,3,Rate,2014,4031.8276490069866,5828.475631262391,2011.2005960812169
1,All Population,2,DALYs (Disability-Adjusted Life Years),107,Barbados,3,Both,27,Age-standardized,294,All causes,108,High body-mass index,3,Rate,2014,2573.6230888211094,3555.1160553948234,1339.6952058266136
1,All Population,2,DALYs (Disability-Adjusted Life Years),131,Nicaragua,3,Both,27,Age-standardized,294,All causes,108,High body-mass index,3,Rate,2011,2186.5231203440626,3110.0420473380104,1171.9243368008804
1,All Population,2,DALYs (Disability-Adjusted Life Years),113,Guyana,3,Both,27,Age-standardized,294,All causes,108,High body-mass index,3,Rate,2014,4030.7476768651463,5611.359098501259,2326.213318211518
1,All Population,2,DALYs (Disability-Adjusted Life Years),114,Haiti,3,Both,27,Age-standardized,294,All causes,108,High body-mass index,3,Rate,2014,1999.3633939544034,2984.595358035674,949.0602666448749
1,All Population,2,DALYs (Disability-Adjusted Life Years),118,Suriname,3,Both,27,Age-standardized,294,All causes,108,High body-mass index,3,Rate,2014,2347.368150716894,3433.7816468174356,1194.9864061387184
1,All Population,2,DALYs (Disability-Adjusted Life Years),147,Libya,3,Both,27,Age-standardized,294,All causes,108,High body-mass index,3,Rate,2014,3566.4595244857533,5083.9156382324445,1861.259174528427
1,All Population,2,DALYs (Disability-Adjusted Life Years),117,Saint Vincent and the Grenadines,3,Both,27,Age-standardized,294,All causes,108,High body-mass index,3,Rate,2014,2622.548890307661,3781.751700508447,1457.9601579638452
1,All Population,2,DALYs (Disability-Adjusted Life Years),151,Qatar,3,Both,27,Age-standardized,294,All causes,108,High body-mass index,3,Rate,2014,2871.831478889874,4135.555509364021,1357.0122861697482
1,All Population,2,DALYs (Disability-Adjusted Life Years),125,Colombia,3,Both,27,Age-standardized,294,All causes,108,High body-mass index,3,Rate,2014,1374.794716488203,2044.1649604666372,634.1507124890712
1,All Population,2,DALYs (Disability-Adjusted Life Years),146,Lebanon,3,Both,27,Age-standardized,294,All causes,108,High body-mass index,3,Rate,2011,1958.1117495432277,2960.4756469054646,885.2976447340944
1,All Population,2,DALYs (Disability-Adjusted Life Years),121,Bolivia (Plurinational State of),3,Both,27,Age-standardized,294,All causes,108,High body-mass index,3,Rate,2014,2423.7136053271574,3417.7833847444563,1265.4301364640896
1,All Population,2,DALYs (Disability-Adjusted Life Years),135,Brazil,3,Both,27,Age-standardized,294,All causes,108,High body-mass index,3,Rate,2011,1857.8573168713992,2735.308715928256,901.6668076405774
1,All Population,2,DALYs (Disability-Adjusted Life Years),122,Ecuador,3,Both,27,Age-standardized,294,All causes,108,High body-mass index,3,Rate,2014,1926.2201612379436,2715.6347332664564,1077.755706036927
1,All Population,2,DALYs (Disability-Adjusted Life Years),155,Türkiye,3,Both,27,Age-standardized,294,All causes,108,High body-mass index,3,Rate,2014,2507.577924767311,3556.71793120606,1206.349788343189
1,All Population,2,DALYs (Disability-Adjusted Life Years),150,Oman,3,Both,27,Age-standardized,294,All causes,108,High body-mass index,3,Rate,2011,3273.8780725592546,4673.158466386247,1756.0754636616243
1,All Population,2,DALYs (Disability-Adjusted Life Years),126,Costa Rica,3,Both,27,Age-standardized,294,All causes,108,High body-mass index,3,Rate,2014,1738.3241161146545,2471.9476497055025,846.7740092699705
1,All Population,2,DALYs (Disability-Adjusted Life Years),154,Tunisia,3,Both,27,Age-standardized,294,All causes,108,High body-mass index,3,Rate,2011,2354.885509167976,3564.1039337741704,1070.6553113350071
1,All Population,2,DALYs (Disability-Adjusted Life Years),142,Iran (Islamic Republic of),3,Both,27,Age-standardized,294,All causes,108,High body-mass index,3,Rate,2011,2144.331760532874,3121.4278780648933,1062.9484810492202
1,All Population,2,DALYs (Disability-Adjusted Life Years),129,Honduras,3,Both,27,Age-standardized,294,All causes,108,High body-mass index,3,Rate,2014,1824.06636282351,2680.506021999633,900.8504313681739
1,All Population,2,DALYs (Disability-Adjusted Life Years),130,Mexico,3,Both,27,Age-standardized,294,All causes,108,High body-mass index,3,Rate,2014,3113.903643599316,4258.2998949538805,1672.54112038246
1,All Population,2,DALYs (Disability-Adjusted Life Years),141,Egypt,3,Both,27,Age-standardized,294,All causes,108,High body-mass index,3,Rate,2014,6000.1398233972695,8349.210397742721,3249.7053424434735
1,All Population,2,DALYs (Disability-Adjusted Life Years),170,Congo,3,Both,27,Age-standardized,294,All causes,108,High body-mass index,3,Rate,2014,1825.0581874772413,2770.2433096716486,1011.5767246720432
1,All Population,2,DALYs (Disability-Adjusted Life Years),163,India,3,Both,27,Age-standardized,294,All causes,108,High body-mass index,3,Rate,2014,1041.769975914121,1573.5797554615367,501.5846006885349
1,All Population,2,DALYs (Disability-Adjusted Life Years),140,Bahrain,3,Both,27,Age-standardized,294,All causes,108,High body-mass index,3,Rate,2014,3672.012319227453,5302.819051802944,1770.7293765308013
1,All Population,2,DALYs (Disability-Adjusted Life Years),133,Venezuela (Bolivarian Republic of),3,Both,27,Age-standardized,294,All causes,108,High body-mass index,3,Rate,2014,2604.614714740615,3766.1262263715544,1420.4704020234685
1,All Population,2,DALYs (Disability-Adjusted Life Years),145,Kuwait,3,Both,27,Age-standardized,294,All causes,108,High body-mass index,3,Rate,2014,3298.8027327708774,4726.058265200705,1657.0244282682938
1,All Population,2,DALYs (Disability-Adjusted Life Years),148,Morocco,3,Both,27,Age-standardized,294,All causes,108,High body-mass index,3,Rate,2014,3025.3047458727465,4367.821038814596,1593.0468766266606
1,All Population,2,DALYs (Disability-Adjusted Life Years),144,Jordan,3,Both,27,Age-standardized,294,All causes,108,High body-mass index,3,Rate,2014,3653.8153235959403,5037.370588157446,2002.6787003816298
1,All Population,2,DALYs (Disability-Adjusted Life Years),178,Eritrea,3,Both,27,Age-standardized,294,All causes,108,High body-mass index,3,Rate,2014,831.5278571516727,1336.4108192934,417.4247756074037
1,All Population,2,DALYs (Disability-Adjusted Life Years),149,Palestine,3,Both,27,Age-standardized,294,All causes,108,High body-mass index,3,Rate,2014,3670.810795300275,5166.332049458494,1875.2618569920355
1,All Population,2,DALYs (Disability-Adjusted Life Years),152,Saudi Arabia,3,Both,27,Age-standardized,294,All causes,108,High body-mass index,3,Rate,2014,4264.803812378997,5845.214445211282,2454.0503502795427
1,All Population,2,DALYs (Disability-Adjusted Life Years),186,Seychelles,3,Both,27,Age-standardized,294,All causes,108,High body-mass index,3,Rate,2014,2041.1685062388674,2929.379726750186,1229.2995758250906
1,All Population,2,DALYs (Disability-Adjusted Life Years),157,Yemen,3,Both,27,Age-standardized,294,All causes,108,High body-mass index,3,Rate,2014,1816.3487050835658,2693.2251425147288,911.8822538961043
1,All Population,2,DALYs (Disability-Adjusted Life Years),153,Syrian Arab Republic,3,Both,27,Age-standardized,294,All causes,108,High body-mass index,3,Rate,2014,3637.664654194541,5268.781225353188,1810.8384878408053
1,All Population,2,DALYs (Disability-Adjusted Life Years),156,United Arab Emirates,3,Both,27,Age-standardized,294,All causes,108,High body-mass index,3,Rate,2014,2415.7736183591487,3571.8002629609723,1100.271456632408
1,All Population,2,DALYs (Disability-Adjusted Life Years),182,Malawi,3,Both,27,Age-standardized,294,All causes,108,High body-mass index,3,Rate,2014,1289.0871706983655,1949.9899535826153,652.7126069528492
1,All Population,2,DALYs (Disability-Adjusted Life Years),191,Zambia,3,Both,27,Age-standardized,294,All causes,108,High body-mass index,3,Rate,2014,1736.6459509655124,2480.2428303917013,937.160452813102
1,All Population,2,DALYs (Disability-Adjusted Life Years),161,Bangladesh,3,Both,27,Age-standardized,294,All causes,108,High body-mass index,3,Rate,2014,1064.8398653813344,1637.4024096507515,517.6933537359536
1,All Population,2,DALYs (Disability-Adjusted Life Years),194,Lesotho,3,Both,27,Age-standardized,294,All causes,108,High body-mass index,3,Rate,2014,2594.260993500459,3728.0597818611864,1231.1107305329015
1,All Population,2,DALYs (Disability-Adjusted Life Years),160,Afghanistan,3,Both,27,Age-standardized,294,All causes,108,High body-mass index,3,Rate,2014,2711.977279940554,4009.977707686227,1350.14569629993
1,All Population,2,DALYs (Disability-Adjusted Life Years),164,Nepal,3,Both,27,Age-standardized,294,All causes,108,High body-mass index,3,Rate,2014,912.7315241273578,1479.4869410037757,429.5654013660591
1,All Population,2,DALYs (Disability-Adjusted Life Years),198,Zimbabwe,3,Both,27,Age-standardized,294,All causes,108,High body-mass index,3,Rate,2014,1896.9495505322682,3016.4171292998662,982.0968772840793
1,All Population,2,DALYs (Disability-Adjusted Life Years),168,Angola,3,Both,27,Age-standardized,294,All causes,108,High body-mass index,3,Rate,2014,1604.1552612671778,2489.701562004027,858.7186265169975
1,All Population,2,DALYs (Disability-Adjusted Life Years),202,Cameroon,3,Both,27,Age-standardized,294,All causes,108,High body-mass index,3,Rate,2014,2416.5047649635935,3550.196736894573,1248.0728905304366
1,All Population,2,DALYs (Disability-Adjusted Life Years),172,Equatorial Guinea,3,Both,27,Age-standardized,294,All causes,108,High body-mass index,3,Rate,2014,2311.5187050077952,3462.933041564952,1200.5915290509063
1,All Population,2,DALYs (Disability-Adjusted Life Years),171,Democratic Republic of the Congo,3,Both,27,Age-standardized,294,All causes,108,High body-mass index,3,Rate,2014,2112.1899594109173,3286.1031190295575,1153.6867440508286
1,All Population,2,DALYs (Disability-Adjusted Life Years),162,Bhutan,3,Both,27,Age-standardized,294,All causes,108,High body-mass index,3,Rate,2011,1619.501610382397,2465.1563908776293,798.1979318171432
1,All Population,2,DALYs (Disability-Adjusted Life Years),206,Gambia,3,Both,27,Age-standardized,294,All causes,108,High body-mass index,3,Rate,2014,1424.435484665416,2121.39424147476,691.4554203016273
1,All Population,2,DALYs (Disability-Adjusted Life Years),176,Comoros,3,Both,27,Age-standardized,294,All causes,108,High body-mass index,3,Rate,2014,934.9041923783434,1415.3728316370068,452.72481368835986
1,All Population,2,DALYs (Disability-Adjusted Life Years),169,Central African Republic,3,Both,27,Age-standardized,294,All causes,108,High body-mass index,3,Rate,2011,1804.2134638913763,3059.4233902261553,933.8698304613157
1,All Population,2,DALYs (Disability-Adjusted Life Years),175,Burundi,3,Both,27,Age-standardized,294,All causes,108,High body-mass index,3,Rate,2014,679.024038118112,1032.9798081164483,335.6245022875193
1,All Population,2,DALYs (Disability-Adjusted Life Years),210,Liberia,3,Both,27,Age-standardized,294,All causes,108,High body-mass index,3,Rate,2014,2241.87000705315,3292.6601739433327,1131.3640084561937
1,All Population,2,DALYs (Disability-Adjusted Life Years),179,Ethiopia,3,Both,27,Age-standardized,294,All causes,108,High body-mass index,3,Rate,2014,600.94767175616,910.5402102148201,307.7680631779872
1,All Population,2,DALYs (Disability-Adjusted Life Years),180,Kenya,3,Both,27,Age-standardized,294,All causes,108,High body-mass index,3,Rate,2014,984.7992157503807,1498.190932447177,512.571970872535
1,All Population,2,DALYs (Disability-Adjusted Life Years),214,Nigeria,3,Both,27,Age-standardized,294,All causes,108,High body-mass index,3,Rate,2014,1749.0335767397607,2596.9463614301167,918.3183849293857
1,All Population,2,DALYs (Disability-Adjusted Life Years),193,Botswana,3,Both,27,Age-standardized,294,All causes,108,High body-mass index,3,Rate,2011,1732.9150786557195,2725.1502751086487,854.9564146675073
1,All Population,2,DALYs (Disability-Adjusted Life Years),190,Uganda,3,Both,27,Age-standardized,294,All causes,108,High body-mass index,3,Rate,2011,1037.1685230963856,1589.2865416699435,563.9408683559548
1,All Population,2,DALYs (Disability-Adjusted Life Years),185,Rwanda,3,Both,27,Age-standardized,294,All causes,108,High body-mass index,3,Rate,2011,795.6979081292093,1216.8654479508186,418.7589801374558
1,All Population,2,DALYs (Disability-Adjusted Life Years),218,Togo,3,Both,27,Age-standardized,294,All causes,108,High body-mass index,3,Rate,2014,1407.925187523089,2126.531064121437,721.2983291877733
1,All Population,2,DALYs (Disability-Adjusted Life Years),183,Mauritius,3,Both,27,Age-standardized,294,All causes,108,High body-mass index,3,Rate,2014,3406.7168561699737,4903.789886728147,1784.9622241800557
1,All Population,2,DALYs (Disability-Adjusted Life Years),184,Mozambique,3,Both,27,Age-standardized,294,All causes,108,High body-mass index,3,Rate,2014,845.9805120151015,1294.6705391105995,405.3139613775022
1,All Population,2,DALYs (Disability-Adjusted Life Years),173,Gabon,3,Both,27,Age-standardized,294,All causes,108,High body-mass index,3,Rate,2011,2528.733622155259,3729.634591072356,1406.303167746214
1,All Population,2,DALYs (Disability-Adjusted Life Years),197,Eswatini,3,Both,27,Age-standardized,294,All causes,108,High body-mass index,3,Rate,2011,3722.8317834958084,5394.098378478111,2093.3997030292426
1,All Population,2,DALYs (Disability-Adjusted Life Years),187,Somalia,3,Both,27,Age-standardized,294,All causes,108,High body-mass index,3,Rate,2014,717.7332794565104,1116.445413430633,355.4942367863608
1,All Population,2,DALYs (Disability-Adjusted Life Years),189,United Republic of Tanzania,3,Both,27,Age-standardized,294,All causes,108,High body-mass index,3,Rate,2014,1197.0138986332142,1780.9055211972238,637.7338765960615
1,All Population,2,DALYs (Disability-Adjusted Life Years),209,Guinea-Bissau,3,Both,27,Age-standardized,294,All causes,108,High body-mass index,3,Rate,2011,1702.1197079707993,2701.479593216391,881.3863360277637
1,All Population,2,DALYs (Disability-Adjusted Life Years),165,Pakistan,3,Both,27,Age-standardized,294,All causes,108,High body-mass index,3,Rate,2011,1598.8922245429599,2498.2092765462885,798.8419795668302
1,All Population,2,DALYs (Disability-Adjusted Life Years),201,Burkina Faso,3,Both,27,Age-standardized,294,All causes,108,High body-mass index,3,Rate,2011,673.8018478556888,1070.7949805580024,327.08219649433994
1,All Population,2,DALYs (Disability-Adjusted Life Years),177,Djibouti,3,Both,27,Age-standardized,294,All causes,108,High body-mass index,3,Rate,2011,641.5935581545835,1024.5885347869885,300.6859315457469
1,All Population,2,DALYs (Disability-Adjusted Life Years),181,Madagascar,3,Both,27,Age-standardized,294,All causes,108,High body-mass index,3,Rate,2011,931.6204605419858,1450.0850765992507,468.33141146498957
1,All Population,2,DALYs (Disability-Adjusted Life Years),195,Namibia,3,Both,27,Age-standardized,294,All causes,108,High body-mass index,3,Rate,2014,1926.7663637978658,2849.2796896767263,1015.2214366282799
1,All Population,2,DALYs (Disability-Adjusted Life Years),200,Benin,3,Both,27,Age-standardized,294,All causes,108,High body-mass index,3,Rate,2014,1339.8925650495403,2112.4805582131867,673.5615174311843
1,All Population,2,DALYs (Disability-Adjusted Life Years),213,Niger,3,Both,27,Age-standardized,294,All causes,108,High body-mass index,3,Rate,2011,919.6542916650508,1438.8474766818108,435.1944696582167
1,All Population,2,DALYs (Disability-Adjusted Life Years),203,Cabo Verde,3,Both,27,Age-standardized,294,All causes,108,High body-mass index,3,Rate,2014,1336.11804146447,1968.1971191310688,660.8763724965107
1,All Population,2,DALYs (Disability-Adjusted Life Years),207,Ghana,3,Both,27,Age-standardized,294,All causes,108,High body-mass index,3,Rate,2014,1897.5742830767965,2845.7915819348764,1007.8737052699175
1,All Population,2,DALYs (Disability-Adjusted Life Years),196,South Africa,3,Both,27,Age-standardized,294,All causes,108,High body-mass index,3,Rate,2014,3506.6185281853677,4986.315871263875,1927.6594909011828
1,All Population,2,DALYs (Disability-Adjusted Life Years),204,Chad,3,Both,27,Age-standardized,294,All causes,108,High body-mass index,3,Rate,2014,1794.885555297119,2824.403095998001,988.8241606642869
1,All Population,2,DALYs (Disability-Adjusted Life Years),305,Bermuda,3,Both,27,Age-standardized,294,All causes,108,High body-mass index,3,Rate,2014,1359.2644314607464,2029.0283271709807,632.5694222911463
1,All Population,2,DALYs (Disability-Adjusted Life Years),217,Sierra Leone,3,Both,27,Age-standardized,294,All causes,108,High body-mass index,3,Rate,2011,1212.717739117932,1883.055031685927,637.7095091924263
1,All Population,2,DALYs (Disability-Adjusted Life Years),205,Côte d'Ivoire,3,Both,27,Age-standardized,294,All causes,108,High body-mass index,3,Rate,2014,1327.0300835748426,1972.890311150424,686.10944427071
1,All Population,2,DALYs (Disability-Adjusted Life Years),211,Mali,3,Both,27,Age-standardized,294,All causes,108,High body-mass index,3,Rate,2014,1676.7580812617064,2561.5759898604365,870.8144397633706
1,All Population,2,DALYs (Disability-Adjusted Life Years),208,Guinea,3,Both,27,Age-standardized,294,All causes,108,High body-mass index,3,Rate,2014,1346.9750093874757,2051.59498459815,669.9836512144057
1,All Population,2,DALYs (Disability-Adjusted Life Years),215,Sao Tome and Principe,3,Both,27,Age-standardized,294,All causes,108,High body-mass index,3,Rate,2014,1599.0851965075276,2444.354529081673,802.467211640006
1,All Population,2,DALYs (Disability-Adjusted Life Years),212,Mauritania,3,Both,27,Age-standardized,294,All causes,108,High body-mass index,3,Rate,2014,2253.6513314618574,3282.5756513857377,1210.3179244969758
1,All Population,2,DALYs (Disability-Adjusted Life Years),216,Senegal,3,Both,27,Age-standardized,294,All causes,108,High body-mass index,3,Rate,2014,1290.8236381731433,2001.2518432067268,646.4198074520966
1,All Population,2,DALYs (Disability-Adjusted Life Years),374,Niue,3,Both,27,Age-standardized,294,All causes,108,High body-mass index,3,Rate,2014,5890.356883960906,8084.470760266025,3116.457645299917
1,All Population,2,DALYs (Disability-Adjusted Life Years),393,Saint Kitts and Nevis,3,Both,27,Age-standardized,294,All causes,108,High body-mass index,3,Rate,2014,2582.8324188451725,3703.2203380868154,1402.9148953875685
1,All Population,2,DALYs (Disability-Adjusted Life Years),422,United States Virgin Islands,3,Both,27,Age-standardized,294,All causes,108,High body-mass index,3,Rate,2014,2506.999237461722,3507.6556896746006,1377.70181262181
1,All Population,2,DALYs (Disability-Adjusted Life Years),298,American Samoa,3,Both,27,Age-standardized,294,All causes,108,High body-mass index,3,Rate,2014,5959.831435648838,8129.4688051749745,3140.23472168782
1,All Population,2,DALYs (Disability-Adjusted Life Years),349,Greenland,3,Both,27,Age-standardized,294,All causes,108,High body-mass index,3,Rate,2014,2045.315251070302,3173.261680220549,930.2519527860479
1,All Population,2,DALYs (Disability-Adjusted Life Years),320,Cook Islands,3,Both,27,Age-standardized,294,All causes,108,High body-mass index,3,Rate,2014,6450.6688515458845,8430.498497518922,3724.06436443171
1,All Population,2,DALYs (Disability-Adjusted Life Years),367,Monaco,3,Both,27,Age-standardized,294,All causes,108,High body-mass index,3,Rate,2014,1375.3576608498595,2211.17037545181,539.299275817263
1,All Population,2,DALYs (Disability-Adjusted Life Years),376,Northern Mariana Islands,3,Both,27,Age-standardized,294,All causes,108,High body-mass index,3,Rate,2014,4388.686078722769,6266.295413283519,2217.491955249225
1,All Population,2,DALYs (Disability-Adjusted Life Years),380,Palau,3,Both,27,Age-standardized,294,All causes,108,High body-mass index,3,Rate,2014,4765.638766310601,6966.1987791918555,2342.372669966793
1,All Population,2,DALYs (Disability-Adjusted Life Years),396,San Marino,3,Both,27,Age-standardized,294,All causes,108,High body-mass index,3,Rate,2014,893.4569599638683,1506.0534864082329,342.9325988576703
1,All Population,2,DALYs (Disability-Adjusted Life Years),413,Tokelau,3,Both,27,Age-standardized,294,All causes,108,High body-mass index,3,Rate,2014,4941.294434140426,6866.087725124156,2606.3461105795545
1,All Population,2,DALYs (Disability-Adjusted Life Years),385,Puerto Rico,3,Both,27,Age-standardized,294,All causes,108,High body-mass index,3,Rate,2011,2613.6773121114334,3558.608742016015,1361.1432070123494
1,All Population,2,DALYs (Disability-Adjusted Life Years),416,Tuvalu,3,Both,27,Age-standardized,294,All causes,108,High body-mass index,3,Rate,2011,7289.055880483078,10324.796001864152,3914.887774707938
1,All Population,2,DALYs (Disability-Adjusted Life Years),351,Guam,3,Both,27,Age-standardized,294,All causes,108,High body-mass index,3,Rate,2011,2692.5056409363815,3807.563117463674,1390.3751380496751
1,All Population,2,DALYs (Disability-Adjusted Life Years),369,Nauru,3,Both,27,Age-standardized,294,All causes,108,High body-mass index,3,Rate,2011,11906.218570173549,16543.503104441006,6251.501803106349
1,All Population,2,DALYs (Disability-Adjusted Life Years),522,Sudan,3,Both,27,Age-standardized,294,All causes,108,High body-mass index,3,Rate,2014,2671.0100076465833,3861.708283876351,1347.3128454788134
1,All Population,2,DALYs (Disability-Adjusted Life Years),435,South Sudan,3,Both,27,Age-standardized,294,All causes,108,High body-mass index,3,Rate,2011,911.5125483350375,1450.4950218993276,475.611760922221
1,All Population,2,DALYs (Disability-Adjusted Life Years),8,Taiwan,3,Both,27,Age-standardized,294,All causes,108,High body-mass index,3,Rate,2015,1147.3400625236688,1791.9385150838407,509.55361882278015
1,All Population,2,DALYs (Disability-Adjusted Life Years),12,Lao People's Democratic Republic,3,Both,27,Age-standardized,294,All causes,108,High body-mass index,3,Rate,2015,1150.8043440065414,1707.6561576524648,592.2496854433305
1,All Population,2,DALYs (Disability-Adjusted Life Years),16,Philippines,3,Both,27,Age-standardized,294,All causes,108,High body-mass index,3,Rate,2015,1604.22526432067,2368.0022475048195,831.3736862303009
1,All Population,2,DALYs (Disability-Adjusted Life Years),20,Viet Nam,3,Both,27,Age-standardized,294,All causes,108,High body-mass index,3,Rate,2015,539.6910818457761,836.4621924192713,266.53827465478616
1,All Population,2,DALYs (Disability-Adjusted Life Years),7,Democratic People's Republic of Korea,3,Both,27,Age-standardized,294,All causes,108,High body-mass index,3,Rate,2012,1047.5631962267726,1742.1006042718234,509.9311527722205
1,All Population,2,DALYs (Disability-Adjusted Life Years),24,Marshall Islands,3,Both,27,Age-standardized,294,All causes,108,High body-mass index,3,Rate,2015,8421.412960859992,11809.120711609463,4582.460984575291
1,All Population,2,DALYs (Disability-Adjusted Life Years),11,Indonesia,3,Both,27,Age-standardized,294,All causes,108,High body-mass index,3,Rate,2012,1206.206091898111,1861.7790783516152,589.8702982161302
1,All Population,2,DALYs (Disability-Adjusted Life Years),23,Kiribati,3,Both,27,Age-standardized,294,All causes,108,High body-mass index,3,Rate,2012,4354.367976740624,6154.746949515766,2264.442186207556
1,All Population,2,DALYs (Disability-Adjusted Life Years),28,Solomon Islands,3,Both,27,Age-standardized,294,All causes,108,High body-mass index,3,Rate,2015,5769.776180638224,8296.151226348838,2719.9463807668
1,All Population,2,DALYs (Disability-Adjusted Life Years),15,Myanmar,3,Both,27,Age-standardized,294,All causes,108,High body-mass index,3,Rate,2012,1252.9123888552522,1916.340351810847,615.5703098221209
1,All Population,2,DALYs (Disability-Adjusted Life Years),27,Samoa,3,Both,27,Age-standardized,294,All causes,108,High body-mass index,3,Rate,2012,4763.830760386565,6683.728358489455,2499.347345126311
1,All Population,2,DALYs (Disability-Adjusted Life Years),19,Timor-Leste,3,Both,27,Age-standardized,294,All causes,108,High body-mass index,3,Rate,2012,506.7793367001961,799.6910170650041,259.2456501613576
1,All Population,2,DALYs (Disability-Adjusted Life Years),6,China,3,Both,27,Age-standardized,294,All causes,108,High body-mass index,3,Rate,2015,705.9012016983928,1097.615238424661,314.7589739643528
1,All Population,2,DALYs (Disability-Adjusted Life Years),10,Cambodia,3,Both,27,Age-standardized,294,All causes,108,High body-mass index,3,Rate,2015,787.5200109033332,1204.204115668709,365.23193412584294
1,All Population,2,DALYs (Disability-Adjusted Life Years),13,Malaysia,3,Both,27,Age-standardized,294,All causes,108,High body-mass index,3,Rate,2015,1376.4235475819435,2190.2222749117577,606.102331469461
1,All Population,2,DALYs (Disability-Adjusted Life Years),14,Maldives,3,Both,27,Age-standardized,294,All causes,108,High body-mass index,3,Rate,2015,1266.8997863973884,1936.3380742298805,613.0118349276033
1,All Population,2,DALYs (Disability-Adjusted Life Years),18,Thailand,3,Both,27,Age-standardized,294,All causes,108,High body-mass index,3,Rate,2015,1011.5998353948222,1532.0478510249,436.3201562690425
1,All Population,2,DALYs (Disability-Adjusted Life Years),17,Sri Lanka,3,Both,27,Age-standardized,294,All causes,108,High body-mass index,3,Rate,2015,1380.558853682877,2131.0576508545964,639.8671606553902
1,All Population,2,DALYs (Disability-Adjusted Life Years),22,Fiji,3,Both,27,Age-standardized,294,All causes,108,High body-mass index,3,Rate,2015,7653.363416944804,10541.163115092082,3916.537206406754
1,All Population,2,DALYs (Disability-Adjusted Life Years),26,Papua New Guinea,3,Both,27,Age-standardized,294,All causes,108,High body-mass index,3,Rate,2015,2892.522493986687,4337.774149221636,1441.2254774740145
1,All Population,2,DALYs (Disability-Adjusted Life Years),25,Micronesia (Federated States of),3,Both,27,Age-standardized,294,All causes,108,High body-mass index,3,Rate,2015,7626.870004506309,10593.583324339806,4075.6557356212193
1,All Population,2,DALYs (Disability-Adjusted Life Years),29,Tonga,3,Both,27,Age-standardized,294,All causes,108,High body-mass index,3,Rate,2015,5496.4264093879765,7499.0313751929825,2840.1849022359706
1,All Population,2,DALYs (Disability-Adjusted Life Years),81,Germany,3,Both,27,Age-standardized,294,All causes,108,High body-mass index,3,Rate,2012,1353.4253475982002,2047.36210991644,560.4766305000658
1,All Population,2,DALYs (Disability-Adjusted Life Years),30,Vanuatu,3,Both,27,Age-standardized,294,All causes,108,High body-mass index,3,Rate,2015,3931.122301997546,5758.27284058884,1961.9673238519067
1,All Population,2,DALYs (Disability-Adjusted Life Years),69,Singapore,3,Both,27,Age-standardized,294,All causes,108,High body-mass index,3,Rate,2012,825.5340271485525,1281.6386664863971,359.7908327826118
1,All Population,2,DALYs (Disability-Adjusted Life Years),77,Cyprus,3,Both,27,Age-standardized,294,All causes,108,High body-mass index,3,Rate,2012,1618.3911421170997,2543.8743835101304,705.1667454476693
1,All Population,2,DALYs (Disability-Adjusted Life Years),66,Brunei Darussalam,3,Both,27,Age-standardized,294,All causes,108,High body-mass index,3,Rate,2015,2208.983957050761,3310.313118834814,1016.2914368452422
1,All Population,2,DALYs (Disability-Adjusted Life Years),74,Andorra,3,Both,27,Age-standardized,294,All causes,108,High body-mass index,3,Rate,2015,981.893872427521,1603.6185126217972,391.9005407640802
1,All Population,2,DALYs (Disability-Adjusted Life Years),78,Denmark,3,Both,27,Age-standardized,294,All causes,108,High body-mass index,3,Rate,2015,1006.7321377242515,1568.58809388398,394.67088425372725
1,All Population,2,DALYs (Disability-Adjusted Life Years),82,Greece,3,Both,27,Age-standardized,294,All causes,108,High body-mass index,3,Rate,2015,1449.900929088213,2184.1957208572708,624.0566333485907
1,All Population,2,DALYs (Disability-Adjusted Life Years),85,Israel,3,Both,27,Age-standardized,294,All causes,108,High body-mass index,3,Rate,2015,1293.3785278276202,1949.4369678119467,550.6864355368078
1,All Population,2,DALYs (Disability-Adjusted Life Years),89,Netherlands,3,Both,27,Age-standardized,294,All causes,108,High body-mass index,3,Rate,2015,982.9029629233123,1533.1107278259901,380.54135832749694
1,All Population,2,DALYs (Disability-Adjusted Life Years),93,Sweden,3,Both,27,Age-standardized,294,All causes,108,High body-mass index,3,Rate,2015,1026.8735419055897,1579.3137040512797,434.66133176636214
1,All Population,2,DALYs (Disability-Adjusted Life Years),97,Argentina,3,Both,27,Age-standardized,294,All causes,108,High body-mass index,3,Rate,2015,1888.9655936298705,2804.2222897133092,872.2068654082933
1,All Population,2,DALYs (Disability-Adjusted Life Years),67,Japan,3,Both,27,Age-standardized,294,All causes,108,High body-mass index,3,Rate,2015,629.4648841616844,1045.161170636898,240.55973010745393
1,All Population,2,DALYs (Disability-Adjusted Life Years),68,Republic of Korea,3,Both,27,Age-standardized,294,All causes,108,High body-mass index,3,Rate,2015,677.5606656856286,1077.1139236466424,272.5182365604757
1,All Population,2,DALYs (Disability-Adjusted Life Years),101,Canada,3,Both,27,Age-standardized,294,All causes,108,High body-mass index,3,Rate,2015,1160.3450008942227,1789.8908618397747,480.77115012589235
1,All Population,2,DALYs (Disability-Adjusted Life Years),72,New Zealand,3,Both,27,Age-standardized,294,All causes,108,High body-mass index,3,Rate,2015,1529.551951193287,2374.6914694589227,630.9022311363707
1,All Population,2,DALYs (Disability-Adjusted Life Years),71,Australia,3,Both,27,Age-standardized,294,All causes,108,High body-mass index,3,Rate,2015,1217.5560607422412,1925.4962929970313,486.2797498707188
1,All Population,2,DALYs (Disability-Adjusted Life Years),105,Antigua and Barbuda,3,Both,27,Age-standardized,294,All causes,108,High body-mass index,3,Rate,2015,2525.6831396220605,3569.0179018162016,1378.2215203150122
1,All Population,2,DALYs (Disability-Adjusted Life Years),76,Belgium,3,Both,27,Age-standardized,294,All causes,108,High body-mass index,3,Rate,2015,1013.0618655677198,1585.410564318723,399.3134406950906
1,All Population,2,DALYs (Disability-Adjusted Life Years),75,Austria,3,Both,27,Age-standardized,294,All causes,108,High body-mass index,3,Rate,2015,1200.6718584333726,1835.6360163991021,522.4046404441348
1,All Population,2,DALYs (Disability-Adjusted Life Years),79,Finland,3,Both,27,Age-standardized,294,All causes,108,High body-mass index,3,Rate,2015,1310.3145996257772,1991.0816858839962,562.7768770493684
1,All Population,2,DALYs (Disability-Adjusted Life Years),109,Cuba,3,Both,27,Age-standardized,294,All causes,108,High body-mass index,3,Rate,2015,1576.848323228619,2374.643093501024,762.4371970188711
1,All Population,2,DALYs (Disability-Adjusted Life Years),80,France,3,Both,27,Age-standardized,294,All causes,108,High body-mass index,3,Rate,2015,975.459009357306,1543.7156644555853,374.77719321624426
1,All Population,2,DALYs (Disability-Adjusted Life Years),112,Grenada,3,Both,27,Age-standardized,294,All causes,108,High body-mass index,3,Rate,2015,2674.6721985286376,3814.5035935870255,1445.5066591978525
1,All Population,2,DALYs (Disability-Adjusted Life Years),83,Iceland,3,Both,27,Age-standardized,294,All causes,108,High body-mass index,3,Rate,2015,1095.4601245794156,1832.0631059868208,419.41384474291266
1,All Population,2,DALYs (Disability-Adjusted Life Years),84,Ireland,3,Both,27,Age-standardized,294,All causes,108,High body-mass index,3,Rate,2015,1111.3406490250677,1754.883015971995,436.45919717940666
1,All Population,2,DALYs (Disability-Adjusted Life Years),86,Italy,3,Both,27,Age-standardized,294,All causes,108,High body-mass index,3,Rate,2015,1118.1055718752518,1728.2353438943003,486.2916604353937
1,All Population,2,DALYs (Disability-Adjusted Life Years),87,Luxembourg,3,Both,27,Age-standardized,294,All causes,108,High body-mass index,3,Rate,2015,1067.7153964386084,1645.5361021248525,431.20626633445823
1,All Population,2,DALYs (Disability-Adjusted Life Years),116,Saint Lucia,3,Both,27,Age-standardized,294,All causes,108,High body-mass index,3,Rate,2015,2625.95589097512,3623.603960273995,1373.3464606310206
1,All Population,2,DALYs (Disability-Adjusted Life Years),115,Jamaica,3,Both,27,Age-standardized,294,All causes,108,High body-mass index,3,Rate,2012,1979.3916623383545,2940.682165014655,1024.8322436585686
1,All Population,2,DALYs (Disability-Adjusted Life Years),90,Norway,3,Both,27,Age-standardized,294,All causes,108,High body-mass index,3,Rate,2015,949.0446209432334,1526.2222982414478,374.2212131049143
1,All Population,2,DALYs (Disability-Adjusted Life Years),108,Belize,3,Both,27,Age-standardized,294,All causes,108,High body-mass index,3,Rate,2012,2857.7344866760563,4020.5766183970036,1552.2581795612189
1,All Population,2,DALYs (Disability-Adjusted Life Years),92,Spain,3,Both,27,Age-standardized,294,All causes,108,High body-mass index,3,Rate,2012,1198.4919783848884,1807.9744013689885,477.97959237525953
1,All Population,2,DALYs (Disability-Adjusted Life Years),91,Portugal,3,Both,27,Age-standardized,294,All causes,108,High body-mass index,3,Rate,2015,1277.753027333081,1967.0774913024436,522.1407712726607
1,All Population,2,DALYs (Disability-Adjusted Life Years),88,Malta,3,Both,27,Age-standardized,294,All causes,108,High body-mass index,3,Rate,2012,1360.5280218898558,2196.4536618650773,547.9665858988702
1,All Population,2,DALYs (Disability-Adjusted Life Years),95,United Kingdom,3,Both,27,Age-standardized,294,All causes,108,High body-mass index,3,Rate,2015,1303.8478316548747,2100.9413050897883,520.5342209995304
1,All Population,2,DALYs (Disability-Adjusted Life Years),94,Switzerland,3,Both,27,Age-standardized,294,All causes,108,High body-mass index,3,Rate,2015,954.771119266122,1503.3800445174336,375.2324605372847
1,All Population,2,DALYs (Disability-Adjusted Life Years),99,Uruguay,3,Both,27,Age-standardized,294,All causes,108,High body-mass index,3,Rate,2015,1574.451501477185,2400.454947137193,689.1366815033649
1,All Population,2,DALYs (Disability-Adjusted Life Years),127,El Salvador,3,Both,27,Age-standardized,294,All causes,108,High body-mass index,3,Rate,2012,2363.9530887550422,3311.202915158115,1195.9395301834006
1,All Population,2,DALYs (Disability-Adjusted Life Years),128,Guatemala,3,Both,27,Age-standardized,294,All causes,108,High body-mass index,3,Rate,2015,2718.5469096142842,3818.141235989845,1416.2794623638267
1,All Population,2,DALYs (Disability-Adjusted Life Years),98,Chile,3,Both,27,Age-standardized,294,All causes,108,High body-mass index,3,Rate,2015,1587.8135474933624,2432.3580625740715,718.6556709488248
1,All Population,2,DALYs (Disability-Adjusted Life Years),119,Trinidad and Tobago,3,Both,27,Age-standardized,294,All causes,108,High body-mass index,3,Rate,2012,3700.219199766131,5256.492351113613,1887.603144914764
1,All Population,2,DALYs (Disability-Adjusted Life Years),132,Panama,3,Both,27,Age-standardized,294,All causes,108,High body-mass index,3,Rate,2015,1933.6471550865208,2835.7207227566482,971.756227348587
1,All Population,2,DALYs (Disability-Adjusted Life Years),131,Nicaragua,3,Both,27,Age-standardized,294,All causes,108,High body-mass index,3,Rate,2012,2229.9502381612097,3171.0318354876713,1190.156935470009
1,All Population,2,DALYs (Disability-Adjusted Life Years),123,Peru,3,Both,27,Age-standardized,294,All causes,108,High body-mass index,3,Rate,2012,1167.2725555772824,1725.8737403618034,533.8648775197686
1,All Population,2,DALYs (Disability-Adjusted Life Years),102,United States of America,3,Both,27,Age-standardized,294,All causes,108,High body-mass index,3,Rate,2015,2127.3790610024316,3113.528664563323,1037.876784571326
1,All Population,2,DALYs (Disability-Adjusted Life Years),136,Paraguay,3,Both,27,Age-standardized,294,All causes,108,High body-mass index,3,Rate,2015,2577.1097149384545,3598.0488108286204,1319.0330493738084
1,All Population,2,DALYs (Disability-Adjusted Life Years),139,Algeria,3,Both,27,Age-standardized,294,All causes,108,High body-mass index,3,Rate,2015,2579.133029155466,3658.109738335942,1326.403440383085
1,All Population,2,DALYs (Disability-Adjusted Life Years),106,Bahamas,3,Both,27,Age-standardized,294,All causes,108,High body-mass index,3,Rate,2015,3677.803633971265,4906.426324076266,2291.6258303693903
1,All Population,2,DALYs (Disability-Adjusted Life Years),107,Barbados,3,Both,27,Age-standardized,294,All causes,108,High body-mass index,3,Rate,2015,2605.319996593949,3610.866946233536,1359.0676042687242
1,All Population,2,DALYs (Disability-Adjusted Life Years),135,Brazil,3,Both,27,Age-standardized,294,All causes,108,High body-mass index,3,Rate,2012,1833.4721284549476,2686.8637623294185,880.5509915570532
1,All Population,2,DALYs (Disability-Adjusted Life Years),143,Iraq,3,Both,27,Age-standardized,294,All causes,108,High body-mass index,3,Rate,2015,4074.52827307874,5852.804202244282,2044.0045103552095
1,All Population,2,DALYs (Disability-Adjusted Life Years),110,Dominica,3,Both,27,Age-standardized,294,All causes,108,High body-mass index,3,Rate,2015,3094.457293453758,4327.673990756986,1770.633759561276
1,All Population,2,DALYs (Disability-Adjusted Life Years),142,Iran (Islamic Republic of),3,Both,27,Age-standardized,294,All causes,108,High body-mass index,3,Rate,2012,2166.333344820454,3132.3355477319737,1073.486177925527
1,All Population,2,DALYs (Disability-Adjusted Life Years),147,Libya,3,Both,27,Age-standardized,294,All causes,108,High body-mass index,3,Rate,2015,3609.9541775822286,5140.954908354327,1875.4036276767936
1,All Population,2,DALYs (Disability-Adjusted Life Years),111,Dominican Republic,3,Both,27,Age-standardized,294,All causes,108,High body-mass index,3,Rate,2015,2250.566001929291,3236.0762712326364,1160.4982498437507
1,All Population,2,DALYs (Disability-Adjusted Life Years),151,Qatar,3,Both,27,Age-standardized,294,All causes,108,High body-mass index,3,Rate,2015,2804.585758471635,4022.191122861836,1311.718535419585
1,All Population,2,DALYs (Disability-Adjusted Life Years),146,Lebanon,3,Both,27,Age-standardized,294,All causes,108,High body-mass index,3,Rate,2012,2028.0083212026193,3036.684385823598,911.9077395084645
1,All Population,2,DALYs (Disability-Adjusted Life Years),113,Guyana,3,Both,27,Age-standardized,294,All causes,108,High body-mass index,3,Rate,2015,3993.2345812929116,5486.603126020559,2324.0030669766734
1,All Population,2,DALYs (Disability-Adjusted Life Years),114,Haiti,3,Both,27,Age-standardized,294,All causes,108,High body-mass index,3,Rate,2015,2044.7110081577416,3018.821290174655,966.4398600428808
1,All Population,2,DALYs (Disability-Adjusted Life Years),117,Saint Vincent and the Grenadines,3,Both,27,Age-standardized,294,All causes,108,High body-mass index,3,Rate,2015,2598.258949526519,3783.573922672051,1434.235200034101
1,All Population,2,DALYs (Disability-Adjusted Life Years),118,Suriname,3,Both,27,Age-standardized,294,All causes,108,High body-mass index,3,Rate,2015,2372.698168103239,3473.2948169872193,1216.688797131892
1,All Population,2,DALYs (Disability-Adjusted Life Years),122,Ecuador,3,Both,27,Age-standardized,294,All causes,108,High body-mass index,3,Rate,2015,1880.566843586771,2661.757064272639,1033.6799135546478
1,All Population,2,DALYs (Disability-Adjusted Life Years),121,Bolivia (Plurinational State of),3,Both,27,Age-standardized,294,All causes,108,High body-mass index,3,Rate,2015,2447.759991373274,3472.443821313809,1273.2310170255528
1,All Population,2,DALYs (Disability-Adjusted Life Years),125,Colombia,3,Both,27,Age-standardized,294,All causes,108,High body-mass index,3,Rate,2015,1398.4847288587027,2074.602546555525,644.850883514549
1,All Population,2,DALYs (Disability-Adjusted Life Years),155,Türkiye,3,Both,27,Age-standardized,294,All causes,108,High body-mass index,3,Rate,2015,2541.9064159606883,3602.2255669467304,1217.9125417960786
1,All Population,2,DALYs (Disability-Adjusted Life Years),126,Costa Rica,3,Both,27,Age-standardized,294,All causes,108,High body-mass index,3,Rate,2015,1760.6527051130943,2500.9446531150734,855.6493846086688
1,All Population,2,DALYs (Disability-Adjusted Life Years),129,Honduras,3,Both,27,Age-standardized,294,All causes,108,High body-mass index,3,Rate,2015,1839.0376487780804,2696.8363875720906,922.4174490180637
1,All Population,2,DALYs (Disability-Adjusted Life Years),130,Mexico,3,Both,27,Age-standardized,294,All causes,108,High body-mass index,3,Rate,2015,3148.8197880446155,4300.035393247146,1706.2071044165502
1,All Population,2,DALYs (Disability-Adjusted Life Years),133,Venezuela (Bolivarian Republic of),3,Both,27,Age-standardized,294,All causes,108,High body-mass index,3,Rate,2015,2628.2964664327274,3819.8691190263144,1421.4675014643763
1,All Population,2,DALYs (Disability-Adjusted Life Years),163,India,3,Both,27,Age-standardized,294,All causes,108,High body-mass index,3,Rate,2015,1068.7522242461419,1607.6445375100566,517.3683254356515
1,All Population,2,DALYs (Disability-Adjusted Life Years),170,Congo,3,Both,27,Age-standardized,294,All causes,108,High body-mass index,3,Rate,2015,1853.494951114506,2816.3147116789455,1048.3112907449192
1,All Population,2,DALYs (Disability-Adjusted Life Years),141,Egypt,3,Both,27,Age-standardized,294,All causes,108,High body-mass index,3,Rate,2015,6192.137715888117,8569.8780340769,3339.7377330353943
1,All Population,2,DALYs (Disability-Adjusted Life Years),140,Bahrain,3,Both,27,Age-standardized,294,All causes,108,High body-mass index,3,Rate,2015,3676.409858619705,5269.476129421298,1775.9224390355892
1,All Population,2,DALYs (Disability-Adjusted Life Years),144,Jordan,3,Both,27,Age-standardized,294,All causes,108,High body-mass index,3,Rate,2015,3577.1800613184137,4919.8922160537795,1957.8983050080528
1,All Population,2,DALYs (Disability-Adjusted Life Years),145,Kuwait,3,Both,27,Age-standardized,294,All causes,108,High body-mass index,3,Rate,2015,3303.560711626082,4739.15204233424,1653.2415702266476
1,All Population,2,DALYs (Disability-Adjusted Life Years),149,Palestine,3,Both,27,Age-standardized,294,All causes,108,High body-mass index,3,Rate,2015,3700.9399735762017,5151.105393274612,1909.2335524371808
1,All Population,2,DALYs (Disability-Adjusted Life Years),178,Eritrea,3,Both,27,Age-standardized,294,All causes,108,High body-mass index,3,Rate,2015,862.1922637708241,1387.1167003574765,424.2422193246236
1,All Population,2,DALYs (Disability-Adjusted Life Years),148,Morocco,3,Both,27,Age-standardized,294,All causes,108,High body-mass index,3,Rate,2015,3051.342159261881,4367.608341718336,1610.0653242174035
1,All Population,2,DALYs (Disability-Adjusted Life Years),154,Tunisia,3,Both,27,Age-standardized,294,All causes,108,High body-mass index,3,Rate,2012,2371.7701951192753,3571.002727662474,1084.3133278574412
1,All Population,2,DALYs (Disability-Adjusted Life Years),153,Syrian Arab Republic,3,Both,27,Age-standardized,294,All causes,108,High body-mass index,3,Rate,2015,3674.7459200544827,5315.255617038057,1846.9946742402346
1,All Population,2,DALYs (Disability-Adjusted Life Years),152,Saudi Arabia,3,Both,27,Age-standardized,294,All causes,108,High body-mass index,3,Rate,2015,4304.168100998537,5912.418684013817,2459.6482483148193
1,All Population,2,DALYs (Disability-Adjusted Life Years),150,Oman,3,Both,27,Age-standardized,294,All causes,108,High body-mass index,3,Rate,2012,3304.2116751901344,4737.745514819163,1786.6841348973858
1,All Population,2,DALYs (Disability-Adjusted Life Years),186,Seychelles,3,Both,27,Age-standardized,294,All causes,108,High body-mass index,3,Rate,2015,2032.705535100145,2918.8347524567926,1215.3505488008252
1,All Population,2,DALYs (Disability-Adjusted Life Years),156,United Arab Emirates,3,Both,27,Age-standardized,294,All causes,108,High body-mass index,3,Rate,2015,2404.9725027558434,3556.9208866963036,1092.666150046169
1,All Population,2,DALYs (Disability-Adjusted Life Years),157,Yemen,3,Both,27,Age-standardized,294,All causes,108,High body-mass index,3,Rate,2015,1869.139514864824,2755.9183407177975,927.2023685353506
1,All Population,2,DALYs (Disability-Adjusted Life Years),173,Gabon,3,Both,27,Age-standardized,294,All causes,108,High body-mass index,3,Rate,2012,2569.6910250234164,3742.5626843627683,1424.7042806387078
1,All Population,2,DALYs (Disability-Adjusted Life Years),177,Djibouti,3,Both,27,Age-standardized,294,All causes,108,High body-mass index,3,Rate,2012,659.3046641797603,1050.895134683031,304.17668930407024
1,All Population,2,DALYs (Disability-Adjusted Life Years),181,Madagascar,3,Both,27,Age-standardized,294,All causes,108,High body-mass index,3,Rate,2012,943.7506198181978,1440.6306818381352,487.67899270064396
1,All Population,2,DALYs (Disability-Adjusted Life Years),160,Afghanistan,3,Both,27,Age-standardized,294,All causes,108,High body-mass index,3,Rate,2015,2736.8092601656494,4035.0910019887338,1376.0442375111386
1,All Population,2,DALYs (Disability-Adjusted Life Years),191,Zambia,3,Both,27,Age-standardized,294,All causes,108,High body-mass index,3,Rate,2015,1777.4626028824591,2502.949019387592,964.8562914960968
1,All Population,2,DALYs (Disability-Adjusted Life Years),161,Bangladesh,3,Both,27,Age-standardized,294,All causes,108,High body-mass index,3,Rate,2015,1084.0300691308387,1682.3995468798828,517.0380396851025
1,All Population,2,DALYs (Disability-Adjusted Life Years),165,Pakistan,3,Both,27,Age-standardized,294,All causes,108,High body-mass index,3,Rate,2012,1646.6350238250604,2568.2569664124285,830.8049381676435
1,All Population,2,DALYs (Disability-Adjusted Life Years),194,Lesotho,3,Both,27,Age-standardized,294,All causes,108,High body-mass index,3,Rate,2015,2638.582173840882,3804.1636019549464,1249.4853858735294
1,All Population,2,DALYs (Disability-Adjusted Life Years),164,Nepal,3,Both,27,Age-standardized,294,All causes,108,High body-mass index,3,Rate,2015,920.1867940644521,1486.806944137027,432.19204768045455
1,All Population,2,DALYs (Disability-Adjusted Life Years),198,Zimbabwe,3,Both,27,Age-standardized,294,All causes,108,High body-mass index,3,Rate,2015,1895.3673151511314,2989.10764620669,967.2723044897209
1,All Population,2,DALYs (Disability-Adjusted Life Years),185,Rwanda,3,Both,27,Age-standardized,294,All causes,108,High body-mass index,3,Rate,2012,810.801265839455,1275.5946012616314,432.22891955515917
1,All Population,2,DALYs (Disability-Adjusted Life Years),162,Bhutan,3,Both,27,Age-standardized,294,All causes,108,High body-mass index,3,Rate,2012,1636.7543846193682,2466.083734099106,812.3963900461016
1,All Population,2,DALYs (Disability-Adjusted Life Years),190,Uganda,3,Both,27,Age-standardized,294,All causes,108,High body-mass index,3,Rate,2012,1068.7651932794809,1648.5097200634277,574.4766881896504
1,All Population,2,DALYs (Disability-Adjusted Life Years),171,Democratic Republic of the Congo,3,Both,27,Age-standardized,294,All causes,108,High body-mass index,3,Rate,2015,2131.4440860297054,3324.062045853287,1164.8025991481024
1,All Population,2,DALYs (Disability-Adjusted Life Years),168,Angola,3,Both,27,Age-standardized,294,All causes,108,High body-mass index,3,Rate,2015,1621.263402090482,2522.2000739949226,863.4392778395013
1,All Population,2,DALYs (Disability-Adjusted Life Years),197,Eswatini,3,Both,27,Age-standardized,294,All causes,108,High body-mass index,3,Rate,2012,3632.649553772732,5235.535657058785,2034.6990577340248
1,All Population,2,DALYs (Disability-Adjusted Life Years),172,Equatorial Guinea,3,Both,27,Age-standardized,294,All causes,108,High body-mass index,3,Rate,2015,2318.598037795806,3459.2903721424095,1198.52203806175
1,All Population,2,DALYs (Disability-Adjusted Life Years),169,Central African Republic,3,Both,27,Age-standardized,294,All causes,108,High body-mass index,3,Rate,2012,1816.6449067730302,3092.3430958658687,940.375123883779
1,All Population,2,DALYs (Disability-Adjusted Life Years),209,Guinea-Bissau,3,Both,27,Age-standardized,294,All causes,108,High body-mass index,3,Rate,2012,1757.3907915619518,2754.267591273385,902.2868395365622
1,All Population,2,DALYs (Disability-Adjusted Life Years),206,Gambia,3,Both,27,Age-standardized,294,All causes,108,High body-mass index,3,Rate,2015,1432.1321007762228,2120.601727947029,682.9128370747128
1,All Population,2,DALYs (Disability-Adjusted Life Years),176,Comoros,3,Both,27,Age-standardized,294,All causes,108,High body-mass index,3,Rate,2015,948.0252398854144,1442.5273219110854,459.2730197993874
1,All Population,2,DALYs (Disability-Adjusted Life Years),213,Niger,3,Both,27,Age-standardized,294,All causes,108,High body-mass index,3,Rate,2012,930.0118222599291,1453.4272791365568,437.08014379437753
1,All Population,2,DALYs (Disability-Adjusted Life Years),210,Liberia,3,Both,27,Age-standardized,294,All causes,108,High body-mass index,3,Rate,2015,2278.115395457454,3327.7808827207523,1144.589409227536
1,All Population,2,DALYs (Disability-Adjusted Life Years),175,Burundi,3,Both,27,Age-standardized,294,All causes,108,High body-mass index,3,Rate,2015,699.0650836471542,1059.6863011773137,333.8299074246575
1,All Population,2,DALYs (Disability-Adjusted Life Years),182,Malawi,3,Both,27,Age-standardized,294,All causes,108,High body-mass index,3,Rate,2015,1314.263382799676,1994.5448028389449,672.7428485484502
1,All Population,2,DALYs (Disability-Adjusted Life Years),180,Kenya,3,Both,27,Age-standardized,294,All causes,108,High body-mass index,3,Rate,2015,1004.2281690911905,1516.224576383798,517.9542813557832
1,All Population,2,DALYs (Disability-Adjusted Life Years),201,Burkina Faso,3,Both,27,Age-standardized,294,All causes,108,High body-mass index,3,Rate,2012,688.616241626983,1067.5600021897003,330.76802604888985
1,All Population,2,DALYs (Disability-Adjusted Life Years),179,Ethiopia,3,Both,27,Age-standardized,294,All causes,108,High body-mass index,3,Rate,2015,609.8222894487196,909.8393356320371,309.5478784765824
1,All Population,2,DALYs (Disability-Adjusted Life Years),193,Botswana,3,Both,27,Age-standardized,294,All causes,108,High body-mass index,3,Rate,2012,1737.729873206789,2757.0748616980786,862.9889636517152
1,All Population,2,DALYs (Disability-Adjusted Life Years),214,Nigeria,3,Both,27,Age-standardized,294,All causes,108,High body-mass index,3,Rate,2015,1812.1205587694583,2712.7178936455234,939.5146692741488
1,All Population,2,DALYs (Disability-Adjusted Life Years),184,Mozambique,3,Both,27,Age-standardized,294,All causes,108,High body-mass index,3,Rate,2015,854.3030695432226,1286.4958717527513,417.0190592095077
1,All Population,2,DALYs (Disability-Adjusted Life Years),187,Somalia,3,Both,27,Age-standardized,294,All causes,108,High body-mass index,3,Rate,2015,725.9498645544293,1142.829098266828,333.2779295753667
1,All Population,2,DALYs (Disability-Adjusted Life Years),183,Mauritius,3,Both,27,Age-standardized,294,All causes,108,High body-mass index,3,Rate,2015,3411.4905657316403,4910.955059550312,1779.8999459850195
1,All Population,2,DALYs (Disability-Adjusted Life Years),189,United Republic of Tanzania,3,Both,27,Age-standardized,294,All causes,108,High body-mass index,3,Rate,2015,1203.9461908879928,1781.5020705359104,644.9508679957517
1,All Population,2,DALYs (Disability-Adjusted Life Years),218,Togo,3,Both,27,Age-standardized,294,All causes,108,High body-mass index,3,Rate,2015,1481.150463965087,2249.7183563707126,788.2719369628197
1,All Population,2,DALYs (Disability-Adjusted Life Years),195,Namibia,3,Both,27,Age-standardized,294,All causes,108,High body-mass index,3,Rate,2015,1939.7269307342349,2852.645205855908,995.0324441063854
1,All Population,2,DALYs (Disability-Adjusted Life Years),202,Cameroon,3,Both,27,Age-standardized,294,All causes,108,High body-mass index,3,Rate,2015,2485.027818170276,3632.7401994485335,1309.5860063209425
1,All Population,2,DALYs (Disability-Adjusted Life Years),196,South Africa,3,Both,27,Age-standardized,294,All causes,108,High body-mass index,3,Rate,2015,3506.660635506991,4948.612827696261,1905.4943530813264
1,All Population,2,DALYs (Disability-Adjusted Life Years),200,Benin,3,Both,27,Age-standardized,294,All causes,108,High body-mass index,3,Rate,2015,1370.3398845905306,2139.552924690823,689.5516808559576
1,All Population,2,DALYs (Disability-Adjusted Life Years),203,Cabo Verde,3,Both,27,Age-standardized,294,All causes,108,High body-mass index,3,Rate,2015,1383.4722305919636,2050.332899904177,699.7799474479816
1,All Population,2,DALYs (Disability-Adjusted Life Years),204,Chad,3,Both,27,Age-standardized,294,All causes,108,High body-mass index,3,Rate,2015,1838.7859893372793,2819.1548567542413,995.2107497049806
1,All Population,2,DALYs (Disability-Adjusted Life Years),305,Bermuda,3,Both,27,Age-standardized,294,All causes,108,High body-mass index,3,Rate,2015,1375.9517060920057,2077.0459154651717,640.6175758572787
1,All Population,2,DALYs (Disability-Adjusted Life Years),207,Ghana,3,Both,27,Age-standardized,294,All causes,108,High body-mass index,3,Rate,2015,1975.2779735867234,3003.6723574288512,1027.427733912056
1,All Population,2,DALYs (Disability-Adjusted Life Years),208,Guinea,3,Both,27,Age-standardized,294,All causes,108,High body-mass index,3,Rate,2015,1382.1952025897392,2082.6975595644985,678.0914388562445
1,All Population,2,DALYs (Disability-Adjusted Life Years),374,Niue,3,Both,27,Age-standardized,294,All causes,108,High body-mass index,3,Rate,2015,5898.117327081567,8131.3650258536445,3124.006073224805
1,All Population,2,DALYs (Disability-Adjusted Life Years),212,Mauritania,3,Both,27,Age-standardized,294,All causes,108,High body-mass index,3,Rate,2015,2268.5420222609832,3327.645444612338,1199.5630359856964
1,All Population,2,DALYs (Disability-Adjusted Life Years),211,Mali,3,Both,27,Age-standardized,294,All causes,108,High body-mass index,3,Rate,2015,1741.831344687385,2588.0091421395014,923.8548120934212
1,All Population,2,DALYs (Disability-Adjusted Life Years),216,Senegal,3,Both,27,Age-standardized,294,All causes,108,High body-mass index,3,Rate,2015,1281.616278440766,1975.620677505626,641.461417549442
1,All Population,2,DALYs (Disability-Adjusted Life Years),215,Sao Tome and Principe,3,Both,27,Age-standardized,294,All causes,108,High body-mass index,3,Rate,2015,1641.8481624304707,2485.6888030449268,817.467382089699
1,All Population,2,DALYs (Disability-Adjusted Life Years),393,Saint Kitts and Nevis,3,Both,27,Age-standardized,294,All causes,108,High body-mass index,3,Rate,2015,2619.054159546123,3769.23426297072,1429.1266708278924
1,All Population,2,DALYs (Disability-Adjusted Life Years),416,Tuvalu,3,Both,27,Age-standardized,294,All causes,108,High body-mass index,3,Rate,2015,7693.900178971352,10626.898232500655,4145.507333527119
1,All Population,2,DALYs (Disability-Adjusted Life Years),435,South Sudan,3,Both,27,Age-standardized,294,All causes,108,High body-mass index,3,Rate,2015,1043.068019616267,1568.2287211983514,539.7382988517513
1,All Population,2,DALYs (Disability-Adjusted Life Years),416,Tuvalu,3,Both,27,Age-standardized,294,All causes,108,High body-mass index,3,Rate,2012,7400.40617788564,10456.807412234955,3930.6096494723915
1,All Population,2,DALYs (Disability-Adjusted Life Years),385,Puerto Rico,3,Both,27,Age-standardized,294,All causes,108,High body-mass index,3,Rate,2012,2552.414743878548,3491.5038843763527,1336.1600338883309
1,All Population,2,DALYs (Disability-Adjusted Life Years),351,Guam,3,Both,27,Age-standardized,294,All causes,108,High body-mass index,3,Rate,2012,2715.5360404260305,3833.3777504021186,1410.872118344023
1,All Population,2,DALYs (Disability-Adjusted Life Years),435,South Sudan,3,Both,27,Age-standardized,294,All causes,108,High body-mass index,3,Rate,2012,940.4470927725998,1469.3463298729575,486.3158915409988
1,All Population,2,DALYs (Disability-Adjusted Life Years),320,Cook Islands,3,Both,27,Age-standardized,294,All causes,108,High body-mass index,3,Rate,2015,6430.022293330899,8401.710687973646,3692.329398469591
1,All Population,2,DALYs (Disability-Adjusted Life Years),349,Greenland,3,Both,27,Age-standardized,294,All causes,108,High body-mass index,3,Rate,2015,2034.7013217943233,3166.90835534738,922.2773215944211
1,All Population,2,DALYs (Disability-Adjusted Life Years),369,Nauru,3,Both,27,Age-standardized,294,All causes,108,High body-mass index,3,Rate,2012,11866.022391281365,16326.734307023073,6261.017671846936
1,All Population,2,DALYs (Disability-Adjusted Life Years),522,Sudan,3,Both,27,Age-standardized,294,All causes,108,High body-mass index,3,Rate,2015,2719.2021539980406,3987.32972888447,1390.5668618361976
1,All Population,2,DALYs (Disability-Adjusted Life Years),367,Monaco,3,Both,27,Age-standardized,294,All causes,108,High body-mass index,3,Rate,2015,1359.8670566699498,2220.3325008538372,531.5087279807051
1,All Population,2,DALYs (Disability-Adjusted Life Years),217,Sierra Leone,3,Both,27,Age-standardized,294,All causes,108,High body-mass index,3,Rate,2012,1258.710760208702,1916.4263608865008,664.3680046030657
1,All Population,2,DALYs (Disability-Adjusted Life Years),380,Palau,3,Both,27,Age-standardized,294,All causes,108,High body-mass index,3,Rate,2015,4754.242790270664,6934.956014453628,2325.322032695188
1,All Population,2,DALYs (Disability-Adjusted Life Years),376,Northern Mariana Islands,3,Both,27,Age-standardized,294,All causes,108,High body-mass index,3,Rate,2015,4364.037541942446,6180.269742857381,2233.989255352519
1,All Population,2,DALYs (Disability-Adjusted Life Years),396,San Marino,3,Both,27,Age-standardized,294,All causes,108,High body-mass index,3,Rate,2015,896.3923569599837,1510.4430967205074,338.89614761272964
1,All Population,2,DALYs (Disability-Adjusted Life Years),422,United States Virgin Islands,3,Both,27,Age-standardized,294,All causes,108,High body-mass index,3,Rate,2015,2501.7176498903254,3501.4625871219264,1387.989687614706
1,All Population,2,DALYs (Disability-Adjusted Life Years),8,Taiwan,3,Both,27,Age-standardized,294,All causes,108,High body-mass index,3,Rate,2016,1166.8460705239536,1809.6963678496627,522.1115093229291
1,All Population,2,DALYs (Disability-Adjusted Life Years),16,Philippines,3,Both,27,Age-standardized,294,All causes,108,High body-mass index,3,Rate,2016,1635.9557869617295,2422.3079261640883,840.6241161561426
1,All Population,2,DALYs (Disability-Adjusted Life Years),12,Lao People's Democratic Republic,3,Both,27,Age-standardized,294,All causes,108,High body-mass index,3,Rate,2016,1178.9210146410305,1755.7445198540609,614.4816744026543
1,All Population,2,DALYs (Disability-Adjusted Life Years),20,Viet Nam,3,Both,27,Age-standardized,294,All causes,108,High body-mass index,3,Rate,2016,559.8324965701678,861.4496233258056,279.8873762953094
1,All Population,2,DALYs (Disability-Adjusted Life Years),24,Marshall Islands,3,Both,27,Age-standardized,294,All causes,108,High body-mass index,3,Rate,2016,8442.502352732092,11806.72123305558,4597.189323698966
1,All Population,2,DALYs (Disability-Adjusted Life Years),28,Solomon Islands,3,Both,27,Age-standardized,294,All causes,108,High body-mass index,3,Rate,2016,5678.479646931808,8140.802541922066,2668.5670696568445
1,All Population,2,DALYs (Disability-Adjusted Life Years),11,Indonesia,3,Both,27,Age-standardized,294,All causes,108,High body-mass index,3,Rate,2014,1243.8606192640837,1915.3018067855464,607.4023729124392
1,All Population,2,DALYs (Disability-Adjusted Life Years),15,Myanmar,3,Both,27,Age-standardized,294,All causes,108,High body-mass index,3,Rate,2014,1329.622706084372,2020.3234177131244,663.6418350883629
1,All Population,2,DALYs (Disability-Adjusted Life Years),7,Democratic People's Republic of Korea,3,Both,27,Age-standardized,294,All causes,108,High body-mass index,3,Rate,2014,1099.4058513555747,1783.3135759678964,521.9459844056771
1,All Population,2,DALYs (Disability-Adjusted Life Years),27,Samoa,3,Both,27,Age-standardized,294,All causes,108,High body-mass index,3,Rate,2014,4850.2014381399285,6781.604963101468,2554.285822906908
1,All Population,2,DALYs (Disability-Adjusted Life Years),19,Timor-Leste,3,Both,27,Age-standardized,294,All causes,108,High body-mass index,3,Rate,2014,539.3927510277279,850.1662216832751,270.92394122551127
1,All Population,2,DALYs (Disability-Adjusted Life Years),23,Kiribati,3,Both,27,Age-standardized,294,All causes,108,High body-mass index,3,Rate,2014,4372.479886974412,6206.318510582954,2322.132235633582
1,All Population,2,DALYs (Disability-Adjusted Life Years),66,Brunei Darussalam,3,Both,27,Age-standardized,294,All causes,108,High body-mass index,3,Rate,2016,2209.9916696974456,3300.6658534159974,1019.4748807513351
1,All Population,2,DALYs (Disability-Adjusted Life Years),6,China,3,Both,27,Age-standardized,294,All causes,108,High body-mass index,3,Rate,2016,727.715339896714,1134.156043064796,324.58438751230165
1,All Population,2,DALYs (Disability-Adjusted Life Years),10,Cambodia,3,Both,27,Age-standardized,294,All causes,108,High body-mass index,3,Rate,2016,805.3968595250669,1217.452994396436,380.40733500762025
1,All Population,2,DALYs (Disability-Adjusted Life Years),13,Malaysia,3,Both,27,Age-standardized,294,All causes,108,High body-mass index,3,Rate,2016,1401.8792810911862,2238.606277755462,616.1757984510141
1,All Population,2,DALYs (Disability-Adjusted Life Years),17,Sri Lanka,3,Both,27,Age-standardized,294,All causes,108,High body-mass index,3,Rate,2016,1386.61607996014,2126.863654913052,640.4417019938992
1,All Population,2,DALYs (Disability-Adjusted Life Years),69,Singapore,3,Both,27,Age-standardized,294,All causes,108,High body-mass index,3,Rate,2014,823.5712732204232,1251.4570657129495,369.7285777028935
1,All Population,2,DALYs (Disability-Adjusted Life Years),14,Maldives,3,Both,27,Age-standardized,294,All causes,108,High body-mass index,3,Rate,2016,1271.420613803713,1923.1426048195929,611.9047276205418
1,All Population,2,DALYs (Disability-Adjusted Life Years),18,Thailand,3,Both,27,Age-standardized,294,All causes,108,High body-mass index,3,Rate,2016,1031.8593677697195,1597.2149915983418,444.73853632803764
1,All Population,2,DALYs (Disability-Adjusted Life Years),74,Andorra,3,Both,27,Age-standardized,294,All causes,108,High body-mass index,3,Rate,2016,986.4830082991934,1616.820763697541,392.6562866351834
1,All Population,2,DALYs (Disability-Adjusted Life Years),78,Denmark,3,Both,27,Age-standardized,294,All causes,108,High body-mass index,3,Rate,2016,1008.9315842872815,1597.5791441574734,397.08401628429124
1,All Population,2,DALYs (Disability-Adjusted Life Years),26,Papua New Guinea,3,Both,27,Age-standardized,294,All causes,108,High body-mass index,3,Rate,2016,2838.2047817410853,4224.413957593763,1417.3840683327674
1,All Population,2,DALYs (Disability-Adjusted Life Years),22,Fiji,3,Both,27,Age-standardized,294,All causes,108,High body-mass index,3,Rate,2016,7654.219849559474,10541.520038580296,3909.402085739193
1,All Population,2,DALYs (Disability-Adjusted Life Years),85,Israel,3,Both,27,Age-standardized,294,All causes,108,High body-mass index,3,Rate,2016,1278.0174252277889,1936.106509118811,542.1986467081064
1,All Population,2,DALYs (Disability-Adjusted Life Years),82,Greece,3,Both,27,Age-standardized,294,All causes,108,High body-mass index,3,Rate,2016,1445.9639136955045,2180.0097429265475,615.6482131718896
1,All Population,2,DALYs (Disability-Adjusted Life Years),29,Tonga,3,Both,27,Age-standardized,294,All causes,108,High body-mass index,3,Rate,2016,5529.947537273368,7549.201211019049,2848.1714639655715
1,All Population,2,DALYs (Disability-Adjusted Life Years),25,Micronesia (Federated States of),3,Both,27,Age-standardized,294,All causes,108,High body-mass index,3,Rate,2016,7635.174344272325,10455.027723042162,4074.920774283787
1,All Population,2,DALYs (Disability-Adjusted Life Years),89,Netherlands,3,Both,27,Age-standardized,294,All causes,108,High body-mass index,3,Rate,2016,985.0862014515585,1545.7413507611823,381.50074979780123
1,All Population,2,DALYs (Disability-Adjusted Life Years),30,Vanuatu,3,Both,27,Age-standardized,294,All causes,108,High body-mass index,3,Rate,2016,3949.5613963712053,5756.401899459229,1977.5249815189543
1,All Population,2,DALYs (Disability-Adjusted Life Years),93,Sweden,3,Both,27,Age-standardized,294,All causes,108,High body-mass index,3,Rate,2016,1032.8328836981302,1617.9837649037281,440.846488278596
1,All Population,2,DALYs (Disability-Adjusted Life Years),97,Argentina,3,Both,27,Age-standardized,294,All causes,108,High body-mass index,3,Rate,2016,1928.8229273148713,2871.753655767299,899.2575535990602
1,All Population,2,DALYs (Disability-Adjusted Life Years),101,Canada,3,Both,27,Age-standardized,294,All causes,108,High body-mass index,3,Rate,2016,1163.2367390380562,1808.3489748785826,484.38850331193686
1,All Population,2,DALYs (Disability-Adjusted Life Years),105,Antigua and Barbuda,3,Both,27,Age-standardized,294,All causes,108,High body-mass index,3,Rate,2016,2573.922188892865,3652.222759645533,1418.3971806214788
1,All Population,2,DALYs (Disability-Adjusted Life Years),109,Cuba,3,Both,27,Age-standardized,294,All causes,108,High body-mass index,3,Rate,2016,1601.385373519524,2374.700464931868,784.0341294839509
1,All Population,2,DALYs (Disability-Adjusted Life Years),112,Grenada,3,Both,27,Age-standardized,294,All causes,108,High body-mass index,3,Rate,2016,2680.8695887350927,3788.8538033657433,1441.7533296498113
1,All Population,2,DALYs (Disability-Adjusted Life Years),116,Saint Lucia,3,Both,27,Age-standardized,294,All causes,108,High body-mass index,3,Rate,2016,2640.4662506082323,3622.68576328082,1387.3949563901017
1,All Population,2,DALYs (Disability-Adjusted Life Years),92,Spain,3,Both,27,Age-standardized,294,All causes,108,High body-mass index,3,Rate,2014,1178.1507553579165,1782.9210131130708,472.847329712773
1,All Population,2,DALYs (Disability-Adjusted Life Years),77,Cyprus,3,Both,27,Age-standardized,294,All causes,108,High body-mass index,3,Rate,2014,1589.0416997809962,2473.3368411934134,685.7399667169394
1,All Population,2,DALYs (Disability-Adjusted Life Years),81,Germany,3,Both,27,Age-standardized,294,All causes,108,High body-mass index,3,Rate,2014,1333.0169336605484,2038.0535453533687,555.9870738258018
1,All Population,2,DALYs (Disability-Adjusted Life Years),115,Jamaica,3,Both,27,Age-standardized,294,All causes,108,High body-mass index,3,Rate,2014,2120.6182030251503,3184.6749551472967,1131.529450476031
1,All Population,2,DALYs (Disability-Adjusted Life Years),108,Belize,3,Both,27,Age-standardized,294,All causes,108,High body-mass index,3,Rate,2014,2933.3992228483608,4139.195279372815,1630.30186508082
1,All Population,2,DALYs (Disability-Adjusted Life Years),88,Malta,3,Both,27,Age-standardized,294,All causes,108,High body-mass index,3,Rate,2014,1326.7022178259188,2116.8443587005017,542.998641848972
1,All Population,2,DALYs (Disability-Adjusted Life Years),68,Republic of Korea,3,Both,27,Age-standardized,294,All causes,108,High body-mass index,3,Rate,2016,672.3770807786831,1082.051852230886,271.22649409285134
1,All Population,2,DALYs (Disability-Adjusted Life Years),119,Trinidad and Tobago,3,Both,27,Age-standardized,294,All causes,108,High body-mass index,3,Rate,2014,3806.48284522243,5393.818090926254,1974.1622144743662
1,All Population,2,DALYs (Disability-Adjusted Life Years),71,Australia,3,Both,27,Age-standardized,294,All causes,108,High body-mass index,3,Rate,2016,1207.9267481217078,1935.2077447836896,477.650665112629
1,All Population,2,DALYs (Disability-Adjusted Life Years),67,Japan,3,Both,27,Age-standardized,294,All causes,108,High body-mass index,3,Rate,2016,632.8658479238766,1048.4495074562333,243.3655727518339
1,All Population,2,DALYs (Disability-Adjusted Life Years),132,Panama,3,Both,27,Age-standardized,294,All causes,108,High body-mass index,3,Rate,2016,1954.1967084976152,2867.7145943017636,989.8347126930815
1,All Population,2,DALYs (Disability-Adjusted Life Years),128,Guatemala,3,Both,27,Age-standardized,294,All causes,108,High body-mass index,3,Rate,2016,2751.261784102533,3847.421479334574,1449.6976150027003
1,All Population,2,DALYs (Disability-Adjusted Life Years),72,New Zealand,3,Both,27,Age-standardized,294,All causes,108,High body-mass index,3,Rate,2016,1538.0036801094673,2406.277499112301,634.8882967831482
1,All Population,2,DALYs (Disability-Adjusted Life Years),136,Paraguay,3,Both,27,Age-standardized,294,All causes,108,High body-mass index,3,Rate,2016,2635.2935552832123,3674.4531385115256,1351.3470835745302
1,All Population,2,DALYs (Disability-Adjusted Life Years),76,Belgium,3,Both,27,Age-standardized,294,All causes,108,High body-mass index,3,Rate,2016,1001.9635648075428,1588.5094675275893,392.47183112985715
1,All Population,2,DALYs (Disability-Adjusted Life Years),75,Austria,3,Both,27,Age-standardized,294,All causes,108,High body-mass index,3,Rate,2016,1180.3408261304962,1828.1908660976978,514.761132559799
1,All Population,2,DALYs (Disability-Adjusted Life Years),80,France,3,Both,27,Age-standardized,294,All causes,108,High body-mass index,3,Rate,2016,970.3289919721636,1529.922012160444,372.87448163653215
1,All Population,2,DALYs (Disability-Adjusted Life Years),139,Algeria,3,Both,27,Age-standardized,294,All causes,108,High body-mass index,3,Rate,2016,2615.6927562055216,3713.333768182191,1352.9668154534627
1,All Population,2,DALYs (Disability-Adjusted Life Years),79,Finland,3,Both,27,Age-standardized,294,All causes,108,High body-mass index,3,Rate,2016,1313.726277265087,1985.0328721110707,570.9269655060684
1,All Population,2,DALYs (Disability-Adjusted Life Years),84,Ireland,3,Both,27,Age-standardized,294,All causes,108,High body-mass index,3,Rate,2016,1108.6492495675877,1770.4964772265064,437.31517113193604
1,All Population,2,DALYs (Disability-Adjusted Life Years),143,Iraq,3,Both,27,Age-standardized,294,All causes,108,High body-mass index,3,Rate,2016,4084.164509141024,5840.08572151824,2047.1838033646306
1,All Population,2,DALYs (Disability-Adjusted Life Years),83,Iceland,3,Both,27,Age-standardized,294,All causes,108,High body-mass index,3,Rate,2016,1086.0054747307008,1812.5454206283857,413.9423589282578
1,All Population,2,DALYs (Disability-Adjusted Life Years),87,Luxembourg,3,Both,27,Age-standardized,294,All causes,108,High body-mass index,3,Rate,2016,1057.5778839988293,1644.9613995628674,426.9212930209337
1,All Population,2,DALYs (Disability-Adjusted Life Years),86,Italy,3,Both,27,Age-standardized,294,All causes,108,High body-mass index,3,Rate,2016,1089.122913263408,1698.4269166520226,476.5037138335492
1,All Population,2,DALYs (Disability-Adjusted Life Years),147,Libya,3,Both,27,Age-standardized,294,All causes,108,High body-mass index,3,Rate,2016,3628.689061872865,5156.196827375887,1880.3368301500127
1,All Population,2,DALYs (Disability-Adjusted Life Years),91,Portugal,3,Both,27,Age-standardized,294,All causes,108,High body-mass index,3,Rate,2016,1279.3402862923992,1981.812871812128,520.0623675516099
1,All Population,2,DALYs (Disability-Adjusted Life Years),90,Norway,3,Both,27,Age-standardized,294,All causes,108,High body-mass index,3,Rate,2016,942.940458037656,1538.828339281033,370.14833439003894
1,All Population,2,DALYs (Disability-Adjusted Life Years),151,Qatar,3,Both,27,Age-standardized,294,All causes,108,High body-mass index,3,Rate,2016,2764.1607977619556,3938.5913883791977,1292.0126593001612
1,All Population,2,DALYs (Disability-Adjusted Life Years),95,United Kingdom,3,Both,27,Age-standardized,294,All causes,108,High body-mass index,3,Rate,2016,1307.7794309194057,2112.0747558415665,527.9700594420183
1,All Population,2,DALYs (Disability-Adjusted Life Years),94,Switzerland,3,Both,27,Age-standardized,294,All causes,108,High body-mass index,3,Rate,2016,942.5320683263304,1485.3626328648127,369.0007290686967
1,All Population,2,DALYs (Disability-Adjusted Life Years),155,Türkiye,3,Both,27,Age-standardized,294,All causes,108,High body-mass index,3,Rate,2016,2566.561203568752,3650.491739121441,1232.3570919131425
1,All Population,2,DALYs (Disability-Adjusted Life Years),99,Uruguay,3,Both,27,Age-standardized,294,All causes,108,High body-mass index,3,Rate,2016,1596.762573996131,2426.025576424467,699.2874961313129
1,All Population,2,DALYs (Disability-Adjusted Life Years),98,Chile,3,Both,27,Age-standardized,294,All causes,108,High body-mass index,3,Rate,2016,1570.507669618204,2398.798836132615,709.1014858715117
1,All Population,2,DALYs (Disability-Adjusted Life Years),131,Nicaragua,3,Both,27,Age-standardized,294,All causes,108,High body-mass index,3,Rate,2014,2321.8041138338417,3220.7279032376273,1238.3371320021165
1,All Population,2,DALYs (Disability-Adjusted Life Years),150,Oman,3,Both,27,Age-standardized,294,All causes,108,High body-mass index,3,Rate,2014,3349.596061925353,4742.959560313376,1819.587166706832
1,All Population,2,DALYs (Disability-Adjusted Life Years),102,United States of America,3,Both,27,Age-standardized,294,All causes,108,High body-mass index,3,Rate,2016,2148.6786414678418,3139.1161375165566,1054.319707653355
1,All Population,2,DALYs (Disability-Adjusted Life Years),135,Brazil,3,Both,27,Age-standardized,294,All causes,108,High body-mass index,3,Rate,2014,1806.031353921578,2632.6880246121204,856.069350731684
1,All Population,2,DALYs (Disability-Adjusted Life Years),142,Iran (Islamic Republic of),3,Both,27,Age-standardized,294,All causes,108,High body-mass index,3,Rate,2014,2238.3794925512007,3226.1504271050894,1096.1739207890596
1,All Population,2,DALYs (Disability-Adjusted Life Years),163,India,3,Both,27,Age-standardized,294,All causes,108,High body-mass index,3,Rate,2016,1097.9518890476745,1672.282805078521,526.7388174744493
1,All Population,2,DALYs (Disability-Adjusted Life Years),154,Tunisia,3,Both,27,Age-standardized,294,All causes,108,High body-mass index,3,Rate,2014,2400.729724102375,3584.5537965719495,1101.4422552630297
1,All Population,2,DALYs (Disability-Adjusted Life Years),106,Bahamas,3,Both,27,Age-standardized,294,All causes,108,High body-mass index,3,Rate,2016,3717.529742150556,4963.683963024638,2311.659762561719
1,All Population,2,DALYs (Disability-Adjusted Life Years),107,Barbados,3,Both,27,Age-standardized,294,All causes,108,High body-mass index,3,Rate,2016,2641.6721025749443,3678.801082365649,1377.869678652
1,All Population,2,DALYs (Disability-Adjusted Life Years),110,Dominica,3,Both,27,Age-standardized,294,All causes,108,High body-mass index,3,Rate,2016,3126.0722194797668,4343.177302735668,1767.964119232074
1,All Population,2,DALYs (Disability-Adjusted Life Years),111,Dominican Republic,3,Both,27,Age-standardized,294,All causes,108,High body-mass index,3,Rate,2016,2325.913688919867,3380.006167248037,1207.1477145158392
1,All Population,2,DALYs (Disability-Adjusted Life Years),146,Lebanon,3,Both,27,Age-standardized,294,All causes,108,High body-mass index,3,Rate,2014,2136.3385720064166,3158.7717147496787,967.3734930934539
1,All Population,2,DALYs (Disability-Adjusted Life Years),113,Guyana,3,Both,27,Age-standardized,294,All causes,108,High body-mass index,3,Rate,2016,3926.0179067588697,5385.564498928787,2293.7443517112524
1,All Population,2,DALYs (Disability-Adjusted Life Years),123,Peru,3,Both,27,Age-standardized,294,All causes,108,High body-mass index,3,Rate,2014,1144.6400125034522,1707.9228689524161,516.6704758091096
1,All Population,2,DALYs (Disability-Adjusted Life Years),117,Saint Vincent and the Grenadines,3,Both,27,Age-standardized,294,All causes,108,High body-mass index,3,Rate,2016,2623.734996087385,3843.5191725379473,1448.365944039032
1,All Population,2,DALYs (Disability-Adjusted Life Years),170,Congo,3,Both,27,Age-standardized,294,All causes,108,High body-mass index,3,Rate,2016,1880.600928415355,2773.6678476054667,1047.9783248773422
1,All Population,2,DALYs (Disability-Adjusted Life Years),127,El Salvador,3,Both,27,Age-standardized,294,All causes,108,High body-mass index,3,Rate,2014,2527.6982712401577,3499.131558450795,1318.6497179736398
1,All Population,2,DALYs (Disability-Adjusted Life Years),114,Haiti,3,Both,27,Age-standardized,294,All causes,108,High body-mass index,3,Rate,2016,2091.1803755020183,3086.902872715295,970.5501994440789
1,All Population,2,DALYs (Disability-Adjusted Life Years),118,Suriname,3,Both,27,Age-standardized,294,All causes,108,High body-mass index,3,Rate,2016,2399.857643710331,3522.4526116705056,1231.941454067594
1,All Population,2,DALYs (Disability-Adjusted Life Years),122,Ecuador,3,Both,27,Age-standardized,294,All causes,108,High body-mass index,3,Rate,2016,1860.6025770097106,2630.0139024456735,988.8661229089414
1,All Population,2,DALYs (Disability-Adjusted Life Years),178,Eritrea,3,Both,27,Age-standardized,294,All causes,108,High body-mass index,3,Rate,2016,884.7438967697371,1392.3654901057423,440.22123285007484
1,All Population,2,DALYs (Disability-Adjusted Life Years),165,Pakistan,3,Both,27,Age-standardized,294,All causes,108,High body-mass index,3,Rate,2014,1734.2568171957441,2645.9018935142385,857.781581998509
1,All Population,2,DALYs (Disability-Adjusted Life Years),121,Bolivia (Plurinational State of),3,Both,27,Age-standardized,294,All causes,108,High body-mass index,3,Rate,2016,2470.2234614121953,3512.2372525395936,1280.261747202183
1,All Population,2,DALYs (Disability-Adjusted Life Years),182,Malawi,3,Both,27,Age-standardized,294,All causes,108,High body-mass index,3,Rate,2016,1333.3157079853756,2007.5212347506358,687.8677072518067
1,All Population,2,DALYs (Disability-Adjusted Life Years),125,Colombia,3,Both,27,Age-standardized,294,All causes,108,High body-mass index,3,Rate,2016,1409.754835652181,2101.7955793610295,647.8542762414993
1,All Population,2,DALYs (Disability-Adjusted Life Years),126,Costa Rica,3,Both,27,Age-standardized,294,All causes,108,High body-mass index,3,Rate,2016,1792.7078891289764,2548.2886520703955,872.7611656178261
1,All Population,2,DALYs (Disability-Adjusted Life Years),186,Seychelles,3,Both,27,Age-standardized,294,All causes,108,High body-mass index,3,Rate,2016,2024.4601374250274,2863.8845606949308,1200.7959558292807
1,All Population,2,DALYs (Disability-Adjusted Life Years),162,Bhutan,3,Both,27,Age-standardized,294,All causes,108,High body-mass index,3,Rate,2014,1657.265441730584,2493.205552357921,808.8062828513149
1,All Population,2,DALYs (Disability-Adjusted Life Years),129,Honduras,3,Both,27,Age-standardized,294,All causes,108,High body-mass index,3,Rate,2016,1832.970333661375,2668.5521647821906,926.2987979147646
1,All Population,2,DALYs (Disability-Adjusted Life Years),191,Zambia,3,Both,27,Age-standardized,294,All causes,108,High body-mass index,3,Rate,2016,1815.392180621525,2554.669552756438,985.4778729861384
1,All Population,2,DALYs (Disability-Adjusted Life Years),133,Venezuela (Bolivarian Republic of),3,Both,27,Age-standardized,294,All causes,108,High body-mass index,3,Rate,2016,2684.6019716748187,3870.053114854908,1437.2048827776903
1,All Population,2,DALYs (Disability-Adjusted Life Years),130,Mexico,3,Both,27,Age-standardized,294,All causes,108,High body-mass index,3,Rate,2016,3213.244778505743,4398.687940438881,1740.0593946823062
1,All Population,2,DALYs (Disability-Adjusted Life Years),194,Lesotho,3,Both,27,Age-standardized,294,All causes,108,High body-mass index,3,Rate,2016,2624.5748259262296,3817.9419558683107,1252.7178343842183
1,All Population,2,DALYs (Disability-Adjusted Life Years),198,Zimbabwe,3,Both,27,Age-standardized,294,All causes,108,High body-mass index,3,Rate,2016,1908.7602779724557,2981.5182297195415,976.23801938034
1,All Population,2,DALYs (Disability-Adjusted Life Years),140,Bahrain,3,Both,27,Age-standardized,294,All causes,108,High body-mass index,3,Rate,2016,3693.9726738104064,5264.799292485592,1776.8768911880388
1,All Population,2,DALYs (Disability-Adjusted Life Years),141,Egypt,3,Both,27,Age-standardized,294,All causes,108,High body-mass index,3,Rate,2016,6038.337124502855,8280.507569789159,3290.1934040856027
1,All Population,2,DALYs (Disability-Adjusted Life Years),202,Cameroon,3,Both,27,Age-standardized,294,All causes,108,High body-mass index,3,Rate,2016,2472.6405102234844,3616.3545199565688,1314.26478439075
1,All Population,2,DALYs (Disability-Adjusted Life Years),144,Jordan,3,Both,27,Age-standardized,294,All causes,108,High body-mass index,3,Rate,2016,3524.7916115141907,4841.6447979442455,1928.7887044740426
1,All Population,2,DALYs (Disability-Adjusted Life Years),206,Gambia,3,Both,27,Age-standardized,294,All causes,108,High body-mass index,3,Rate,2016,1509.9824325048542,2255.132272868962,719.3141014040108
1,All Population,2,DALYs (Disability-Adjusted Life Years),213,Niger,3,Both,27,Age-standardized,294,All causes,108,High body-mass index,3,Rate,2014,934.7088426079118,1455.0373469417189,438.4226450750962
1,All Population,2,DALYs (Disability-Adjusted Life Years),145,Kuwait,3,Both,27,Age-standardized,294,All causes,108,High body-mass index,3,Rate,2016,3408.439145604348,4880.976736276481,1714.1888309533772
1,All Population,2,DALYs (Disability-Adjusted Life Years),197,Eswatini,3,Both,27,Age-standardized,294,All causes,108,High body-mass index,3,Rate,2014,3376.641285743055,4833.430851798777,1863.169792279318
1,All Population,2,DALYs (Disability-Adjusted Life Years),201,Burkina Faso,3,Both,27,Age-standardized,294,All causes,108,High body-mass index,3,Rate,2014,705.6599400615584,1095.2793295767592,332.7213377422791
1,All Population,2,DALYs (Disability-Adjusted Life Years),190,Uganda,3,Both,27,Age-standardized,294,All causes,108,High body-mass index,3,Rate,2014,1108.6116130529765,1735.0973904613854,576.0216788051562
1,All Population,2,DALYs (Disability-Adjusted Life Years),193,Botswana,3,Both,27,Age-standardized,294,All causes,108,High body-mass index,3,Rate,2014,1756.1832904748585,2752.0715085265797,864.3774286734351
1,All Population,2,DALYs (Disability-Adjusted Life Years),177,Djibouti,3,Both,27,Age-standardized,294,All causes,108,High body-mass index,3,Rate,2014,672.0530360391228,1070.8460935978273,305.11109677234833
1,All Population,2,DALYs (Disability-Adjusted Life Years),173,Gabon,3,Both,27,Age-standardized,294,All causes,108,High body-mass index,3,Rate,2014,2689.9812587821507,3834.108878426606,1526.5889707706415
1,All Population,2,DALYs (Disability-Adjusted Life Years),214,Nigeria,3,Both,27,Age-standardized,294,All causes,108,High body-mass index,3,Rate,2016,1807.461514058493,2700.3068813021105,951.3234319778078
1,All Population,2,DALYs (Disability-Adjusted Life Years),210,Liberia,3,Both,27,Age-standardized,294,All causes,108,High body-mass index,3,Rate,2016,2267.4851613102155,3266.597263206169,1138.8784601157147
1,All Population,2,DALYs (Disability-Adjusted Life Years),149,Palestine,3,Both,27,Age-standardized,294,All causes,108,High body-mass index,3,Rate,2016,3703.944558513691,5151.365277187939,1914.0037770873416
1,All Population,2,DALYs (Disability-Adjusted Life Years),148,Morocco,3,Both,27,Age-standardized,294,All causes,108,High body-mass index,3,Rate,2016,3081.962800166291,4410.434036115045,1627.457980550172
1,All Population,2,DALYs (Disability-Adjusted Life Years),153,Syrian Arab Republic,3,Both,27,Age-standardized,294,All causes,108,High body-mass index,3,Rate,2016,3701.6889279785028,5391.92307047949,1870.3816051604122
1,All Population,2,DALYs (Disability-Adjusted Life Years),169,Central African Republic,3,Both,27,Age-standardized,294,All causes,108,High body-mass index,3,Rate,2014,1887.413067297749,3178.0892850631853,1025.5885554668157
1,All Population,2,DALYs (Disability-Adjusted Life Years),218,Togo,3,Both,27,Age-standardized,294,All causes,108,High body-mass index,3,Rate,2016,1518.8761845931742,2328.076438543948,807.8102461097355
1,All Population,2,DALYs (Disability-Adjusted Life Years),152,Saudi Arabia,3,Both,27,Age-standardized,294,All causes,108,High body-mass index,3,Rate,2016,4292.343552290638,5857.47669184282,2435.208060704874
1,All Population,2,DALYs (Disability-Adjusted Life Years),181,Madagascar,3,Both,27,Age-standardized,294,All causes,108,High body-mass index,3,Rate,2014,963.9603781331657,1428.8738643970003,490.6608953550163
1,All Population,2,DALYs (Disability-Adjusted Life Years),156,United Arab Emirates,3,Both,27,Age-standardized,294,All causes,108,High body-mass index,3,Rate,2016,2377.358698208814,3496.0847648331987,1100.5718289550862
1,All Population,2,DALYs (Disability-Adjusted Life Years),157,Yemen,3,Both,27,Age-standardized,294,All causes,108,High body-mass index,3,Rate,2016,1883.237740422428,2783.662728115458,935.1833869647268
1,All Population,2,DALYs (Disability-Adjusted Life Years),161,Bangladesh,3,Both,27,Age-standardized,294,All causes,108,High body-mass index,3,Rate,2016,1109.4359934255924,1749.6234265325538,535.233870970943
1,All Population,2,DALYs (Disability-Adjusted Life Years),160,Afghanistan,3,Both,27,Age-standardized,294,All causes,108,High body-mass index,3,Rate,2016,2740.616832898681,4042.082042779746,1366.4001153007628
1,All Population,2,DALYs (Disability-Adjusted Life Years),185,Rwanda,3,Both,27,Age-standardized,294,All causes,108,High body-mass index,3,Rate,2014,860.1126826193038,1328.393352954768,456.8742391145557
1,All Population,2,DALYs (Disability-Adjusted Life Years),209,Guinea-Bissau,3,Both,27,Age-standardized,294,All causes,108,High body-mass index,3,Rate,2014,1779.6386149865405,2818.5081527919824,919.9679076600229
1,All Population,2,DALYs (Disability-Adjusted Life Years),168,Angola,3,Both,27,Age-standardized,294,All causes,108,High body-mass index,3,Rate,2016,1629.9844979126312,2498.6417836847204,854.4609176688842
1,All Population,2,DALYs (Disability-Adjusted Life Years),217,Sierra Leone,3,Both,27,Age-standardized,294,All causes,108,High body-mass index,3,Rate,2014,1300.036320670587,1997.6581512503333,693.2630457968651
1,All Population,2,DALYs (Disability-Adjusted Life Years),172,Equatorial Guinea,3,Both,27,Age-standardized,294,All causes,108,High body-mass index,3,Rate,2016,2352.8297075823466,3471.48141904815,1205.3319263977155
1,All Population,2,DALYs (Disability-Adjusted Life Years),351,Guam,3,Both,27,Age-standardized,294,All causes,108,High body-mass index,3,Rate,2014,2867.7693767088194,4052.1774608394326,1543.3672995648428
1,All Population,2,DALYs (Disability-Adjusted Life Years),164,Nepal,3,Both,27,Age-standardized,294,All causes,108,High body-mass index,3,Rate,2016,942.6463908820172,1501.2121959812328,441.2704535060716
1,All Population,2,DALYs (Disability-Adjusted Life Years),175,Burundi,3,Both,27,Age-standardized,294,All causes,108,High body-mass index,3,Rate,2016,712.3245861244151,1114.088637647285,347.9952322807149
1,All Population,2,DALYs (Disability-Adjusted Life Years),176,Comoros,3,Both,27,Age-standardized,294,All causes,108,High body-mass index,3,Rate,2016,960.8274987260477,1457.4383249117302,468.07589817642327
1,All Population,2,DALYs (Disability-Adjusted Life Years),305,Bermuda,3,Both,27,Age-standardized,294,All causes,108,High body-mass index,3,Rate,2016,1378.3778429931733,2087.4284287947025,639.5178862239349
1,All Population,2,DALYs (Disability-Adjusted Life Years),171,Democratic Republic of the Congo,3,Both,27,Age-standardized,294,All causes,108,High body-mass index,3,Rate,2016,2166.5507611738467,3346.7781568928494,1201.0106628505182
1,All Population,2,DALYs (Disability-Adjusted Life Years),179,Ethiopia,3,Both,27,Age-standardized,294,All causes,108,High body-mass index,3,Rate,2016,623.0206830110981,911.2810578016281,312.3936126903211
1,All Population,2,DALYs (Disability-Adjusted Life Years),416,Tuvalu,3,Both,27,Age-standardized,294,All causes,108,High body-mass index,3,Rate,2014,7612.367083369355,10570.259240471509,4087.8378024696613
1,All Population,2,DALYs (Disability-Adjusted Life Years),180,Kenya,3,Both,27,Age-standardized,294,All causes,108,High body-mass index,3,Rate,2016,1019.0794622793105,1515.2617993790634,526.2668788273985
1,All Population,2,DALYs (Disability-Adjusted Life Years),184,Mozambique,3,Both,27,Age-standardized,294,All causes,108,High body-mass index,3,Rate,2016,862.1611223165476,1312.7860319624858,429.6046121779419
1,All Population,2,DALYs (Disability-Adjusted Life Years),374,Niue,3,Both,27,Age-standardized,294,All causes,108,High body-mass index,3,Rate,2016,5899.112276679544,8141.93326571567,3108.5570657512812
1,All Population,2,DALYs (Disability-Adjusted Life Years),369,Nauru,3,Both,27,Age-standardized,294,All causes,108,High body-mass index,3,Rate,2014,11816.269045732482,16193.412662336386,6342.425141646099
1,All Population,2,DALYs (Disability-Adjusted Life Years),393,Saint Kitts and Nevis,3,Both,27,Age-standardized,294,All causes,108,High body-mass index,3,Rate,2016,2635.371021405234,3817.3322312822706,1427.5744912044588
1,All Population,2,DALYs (Disability-Adjusted Life Years),187,Somalia,3,Both,27,Age-standardized,294,All causes,108,High body-mass index,3,Rate,2016,732.783883005826,1162.8205338922112,333.85044412521296
1,All Population,2,DALYs (Disability-Adjusted Life Years),416,Tuvalu,3,Both,27,Age-standardized,294,All causes,108,High body-mass index,3,Rate,2016,7742.404813250574,10684.576367273392,4152.873001315226
1,All Population,2,DALYs (Disability-Adjusted Life Years),435,South Sudan,3,Both,27,Age-standardized,294,All causes,108,High body-mass index,3,Rate,2014,1002.2905610456991,1501.6778893218755,517.5298908678557
1,All Population,2,DALYs (Disability-Adjusted Life Years),183,Mauritius,3,Both,27,Age-standardized,294,All causes,108,High body-mass index,3,Rate,2016,3414.2860378190817,4917.561286366435,1811.5097495996304
1,All Population,2,DALYs (Disability-Adjusted Life Years),189,United Republic of Tanzania,3,Both,27,Age-standardized,294,All causes,108,High body-mass index,3,Rate,2016,1203.8408168689773,1767.1463194669282,648.3929694594576
1,All Population,2,DALYs (Disability-Adjusted Life Years),385,Puerto Rico,3,Both,27,Age-standardized,294,All causes,108,High body-mass index,3,Rate,2014,2488.669043847182,3425.688714455616,1297.4296518858866
1,All Population,2,DALYs (Disability-Adjusted Life Years),435,South Sudan,3,Both,27,Age-standardized,294,All causes,108,High body-mass index,3,Rate,2016,1072.757763816948,1647.3239439496963,563.1255586362231
1,All Population,2,DALYs (Disability-Adjusted Life Years),196,South Africa,3,Both,27,Age-standardized,294,All causes,108,High body-mass index,3,Rate,2016,3460.3334871622706,4821.819617819864,1907.4992032115845
1,All Population,2,DALYs (Disability-Adjusted Life Years),208,Guinea,3,Both,27,Age-standardized,294,All causes,108,High body-mass index,3,Rate,2016,1392.1435172153488,2116.5103689873126,682.989815073917
1,All Population,2,DALYs (Disability-Adjusted Life Years),200,Benin,3,Both,27,Age-standardized,294,All causes,108,High body-mass index,3,Rate,2016,1369.1733284943157,2100.060650276022,678.2766966281135
1,All Population,2,DALYs (Disability-Adjusted Life Years),204,Chad,3,Both,27,Age-standardized,294,All causes,108,High body-mass index,3,Rate,2016,1839.5158769280242,2787.9813561022193,983.8000390623198
1,All Population,2,DALYs (Disability-Adjusted Life Years),195,Namibia,3,Both,27,Age-standardized,294,All causes,108,High body-mass index,3,Rate,2016,1953.3377060569103,2875.6992762127948,1001.1889449290516
1,All Population,2,DALYs (Disability-Adjusted Life Years),203,Cabo Verde,3,Both,27,Age-standardized,294,All causes,108,High body-mass index,3,Rate,2016,1410.223288651643,2090.588261073035,706.159013937777
1,All Population,2,DALYs (Disability-Adjusted Life Years),215,Sao Tome and Principe,3,Both,27,Age-standardized,294,All causes,108,High body-mass index,3,Rate,2016,1664.5181612673005,2509.509534101144,823.1077680685669
1,All Population,2,DALYs (Disability-Adjusted Life Years),212,Mauritania,3,Both,27,Age-standardized,294,All causes,108,High body-mass index,3,Rate,2016,2219.2447304856564,3249.9609174893517,1178.0024474647744
1,All Population,2,DALYs (Disability-Adjusted Life Years),207,Ghana,3,Both,27,Age-standardized,294,All causes,108,High body-mass index,3,Rate,2016,2012.9635700087047,3044.417846016515,1061.868629235618
1,All Population,2,DALYs (Disability-Adjusted Life Years),211,Mali,3,Both,27,Age-standardized,294,All causes,108,High body-mass index,3,Rate,2016,1761.6456338696476,2598.5563106882278,937.1495435580373
1,All Population,2,DALYs (Disability-Adjusted Life Years),216,Senegal,3,Both,27,Age-standardized,294,All causes,108,High body-mass index,3,Rate,2016,1317.2306914570775,2027.725774010744,659.4307965229558
1,All Population,2,DALYs (Disability-Adjusted Life Years),522,Sudan,3,Both,27,Age-standardized,294,All causes,108,High body-mass index,3,Rate,2016,2734.118607445611,3979.419761131572,1421.9575798400626
1,All Population,2,DALYs (Disability-Adjusted Life Years),367,Monaco,3,Both,27,Age-standardized,294,All causes,108,High body-mass index,3,Rate,2016,1335.7859329892924,2175.2322003397917,508.2467734672466
1,All Population,2,DALYs (Disability-Adjusted Life Years),380,Palau,3,Both,27,Age-standardized,294,All causes,108,High body-mass index,3,Rate,2016,4734.29812216152,6903.954132051618,2302.440525201642
1,All Population,2,DALYs (Disability-Adjusted Life Years),349,Greenland,3,Both,27,Age-standardized,294,All causes,108,High body-mass index,3,Rate,2016,2006.0415258012529,3120.8968856723,898.4600527755626
1,All Population,2,DALYs (Disability-Adjusted Life Years),11,Indonesia,3,Both,27,Age-standardized,294,All causes,108,High body-mass index,3,Rate,2015,1265.9847656883842,1904.9612319111463,614.1311067591095
1,All Population,2,DALYs (Disability-Adjusted Life Years),376,Northern Mariana Islands,3,Both,27,Age-standardized,294,All causes,108,High body-mass index,3,Rate,2016,4340.559798739747,6153.454612483722,2223.2570319677575
1,All Population,2,DALYs (Disability-Adjusted Life Years),320,Cook Islands,3,Both,27,Age-standardized,294,All causes,108,High body-mass index,3,Rate,2016,6394.960693258317,8356.16931369242,3681.128045518616
1,All Population,2,DALYs (Disability-Adjusted Life Years),396,San Marino,3,Both,27,Age-standardized,294,All causes,108,High body-mass index,3,Rate,2016,897.6067193908174,1511.7527839530248,338.5402708236913
1,All Population,2,DALYs (Disability-Adjusted Life Years),422,United States Virgin Islands,3,Both,27,Age-standardized,294,All causes,108,High body-mass index,3,Rate,2016,2494.1930695042633,3460.7857438709866,1377.306067709169
1,All Population,2,DALYs (Disability-Adjusted Life Years),27,Samoa,3,Both,27,Age-standardized,294,All causes,108,High body-mass index,3,Rate,2015,4870.137597327397,6808.8543108454705,2559.0590945598524
1,All Population,2,DALYs (Disability-Adjusted Life Years),7,Democratic People's Republic of Korea,3,Both,27,Age-standardized,294,All causes,108,High body-mass index,3,Rate,2015,1123.2684890233363,1820.3499491763207,527.3545812431759
1,All Population,2,DALYs (Disability-Adjusted Life Years),8,Taiwan,3,Both,27,Age-standardized,294,All causes,108,High body-mass index,3,Rate,2017,1164.3388528899798,1814.065906655403,512.678277565735
1,All Population,2,DALYs (Disability-Adjusted Life Years),15,Myanmar,3,Both,27,Age-standardized,294,All causes,108,High body-mass index,3,Rate,2015,1352.9891641969273,2061.085530585751,671.0503652722971
1,All Population,2,DALYs (Disability-Adjusted Life Years),12,Lao People's Democratic Republic,3,Both,27,Age-standardized,294,All causes,108,High body-mass index,3,Rate,2017,1203.386157364096,1837.206990664778,622.4924227647218
1,All Population,2,DALYs (Disability-Adjusted Life Years),16,Philippines,3,Both,27,Age-standardized,294,All causes,108,High body-mass index,3,Rate,2017,1638.8863733896374,2493.157592243874,852.3026976837634
1,All Population,2,DALYs (Disability-Adjusted Life Years),19,Timor-Leste,3,Both,27,Age-standardized,294,All causes,108,High body-mass index,3,Rate,2015,558.1456564672076,863.419063806263,276.34447907413653
1,All Population,2,DALYs (Disability-Adjusted Life Years),23,Kiribati,3,Both,27,Age-standardized,294,All causes,108,High body-mass index,3,Rate,2015,4378.413289195026,6224.615808554449,2303.1888924604937
1,All Population,2,DALYs (Disability-Adjusted Life Years),24,Marshall Islands,3,Both,27,Age-standardized,294,All causes,108,High body-mass index,3,Rate,2017,8460.345709085765,11768.443463202182,4644.116403965184
1,All Population,2,DALYs (Disability-Adjusted Life Years),20,Viet Nam,3,Both,27,Age-standardized,294,All causes,108,High body-mass index,3,Rate,2017,577.4130913005657,885.7704749193003,290.2739225526274
1,All Population,2,DALYs (Disability-Adjusted Life Years),28,Solomon Islands,3,Both,27,Age-standardized,294,All causes,108,High body-mass index,3,Rate,2017,5805.7346688122625,8373.193670912438,2729.6891025363893
1,All Population,2,DALYs (Disability-Adjusted Life Years),66,Brunei Darussalam,3,Both,27,Age-standardized,294,All causes,108,High body-mass index,3,Rate,2017,2200.6098811136835,3287.72111310033,1018.6864783315788
1,All Population,2,DALYs (Disability-Adjusted Life Years),10,Cambodia,3,Both,27,Age-standardized,294,All causes,108,High body-mass index,3,Rate,2017,814.0236597792618,1244.1258214373697,392.6016426818028
1,All Population,2,DALYs (Disability-Adjusted Life Years),6,China,3,Both,27,Age-standardized,294,All causes,108,High body-mass index,3,Rate,2017,747.2754398077151,1157.6564668541105,333.76675448081403
1,All Population,2,DALYs (Disability-Adjusted Life Years),13,Malaysia,3,Both,27,Age-standardized,294,All causes,108,High body-mass index,3,Rate,2017,1426.8902255693138,2264.621514994732,636.2659084147568
1,All Population,2,DALYs (Disability-Adjusted Life Years),74,Andorra,3,Both,27,Age-standardized,294,All causes,108,High body-mass index,3,Rate,2017,991.7875920389063,1639.6253285666899,390.88392372625515
1,All Population,2,DALYs (Disability-Adjusted Life Years),14,Maldives,3,Both,27,Age-standardized,294,All causes,108,High body-mass index,3,Rate,2017,1280.4563051495902,1953.650923821363,626.0203485910434
1,All Population,2,DALYs (Disability-Adjusted Life Years),17,Sri Lanka,3,Both,27,Age-standardized,294,All causes,108,High body-mass index,3,Rate,2017,1407.7242654907427,2158.6791784934653,654.8502955702556
1,All Population,2,DALYs (Disability-Adjusted Life Years),18,Thailand,3,Both,27,Age-standardized,294,All causes,108,High body-mass index,3,Rate,2017,1019.5561284153449,1552.3177801649103,434.54112711197763
1,All Population,2,DALYs (Disability-Adjusted Life Years),78,Denmark,3,Both,27,Age-standardized,294,All causes,108,High body-mass index,3,Rate,2017,1005.5899238248372,1620.2038951265235,396.8958962415548
1,All Population,2,DALYs (Disability-Adjusted Life Years),22,Fiji,3,Both,27,Age-standardized,294,All causes,108,High body-mass index,3,Rate,2017,7652.8951731346815,10599.29521666967,3898.5343008646505
1,All Population,2,DALYs (Disability-Adjusted Life Years),82,Greece,3,Both,27,Age-standardized,294,All causes,108,High body-mass index,3,Rate,2017,1459.3996683031264,2229.455122821452,622.6354436494418
1,All Population,2,DALYs (Disability-Adjusted Life Years),25,Micronesia (Federated States of),3,Both,27,Age-standardized,294,All causes,108,High body-mass index,3,Rate,2017,7626.818760556895,10410.671323165547,4086.1493320242366
1,All Population,2,DALYs (Disability-Adjusted Life Years),85,Israel,3,Both,27,Age-standardized,294,All causes,108,High body-mass index,3,Rate,2017,1262.6243621583612,1925.1197976894782,530.7825939648358
1,All Population,2,DALYs (Disability-Adjusted Life Years),26,Papua New Guinea,3,Both,27,Age-standardized,294,All causes,108,High body-mass index,3,Rate,2017,2839.33329202934,4221.05801219383,1360.3185651618014
1,All Population,2,DALYs (Disability-Adjusted Life Years),89,Netherlands,3,Both,27,Age-standardized,294,All causes,108,High body-mass index,3,Rate,2017,980.4897894153431,1542.5604915787476,378.7799735017348
1,All Population,2,DALYs (Disability-Adjusted Life Years),29,Tonga,3,Both,27,Age-standardized,294,All causes,108,High body-mass index,3,Rate,2017,5559.259918737621,7586.848874581238,2864.837824698331
1,All Population,2,DALYs (Disability-Adjusted Life Years),30,Vanuatu,3,Both,27,Age-standardized,294,All causes,108,High body-mass index,3,Rate,2017,3963.520052142824,5745.164811021363,1998.5842987943786
1,All Population,2,DALYs (Disability-Adjusted Life Years),93,Sweden,3,Both,27,Age-standardized,294,All causes,108,High body-mass index,3,Rate,2017,1040.1076990187578,1645.636634838608,449.3967458493028
1,All Population,2,DALYs (Disability-Adjusted Life Years),97,Argentina,3,Both,27,Age-standardized,294,All causes,108,High body-mass index,3,Rate,2017,1890.5456986479594,2820.9100959838443,882.2106332993707
1,All Population,2,DALYs (Disability-Adjusted Life Years),77,Cyprus,3,Both,27,Age-standardized,294,All causes,108,High body-mass index,3,Rate,2015,1585.0514614508475,2462.04142475515,683.6146109965515
1,All Population,2,DALYs (Disability-Adjusted Life Years),108,Belize,3,Both,27,Age-standardized,294,All causes,108,High body-mass index,3,Rate,2015,2988.2265690468494,4196.1634241089205,1673.3029726106754
1,All Population,2,DALYs (Disability-Adjusted Life Years),101,Canada,3,Both,27,Age-standardized,294,All causes,108,High body-mass index,3,Rate,2017,1165.1686929906002,1829.8109199935027,487.34145464125135
1,All Population,2,DALYs (Disability-Adjusted Life Years),92,Spain,3,Both,27,Age-standardized,294,All causes,108,High body-mass index,3,Rate,2015,1189.3660569389256,1815.5302910886787,478.1571666615899
1,All Population,2,DALYs (Disability-Adjusted Life Years),81,Germany,3,Both,27,Age-standardized,294,All causes,108,High body-mass index,3,Rate,2015,1351.2332992741722,2067.6450838797005,568.4280266075763
1,All Population,2,DALYs (Disability-Adjusted Life Years),69,Singapore,3,Both,27,Age-standardized,294,All causes,108,High body-mass index,3,Rate,2015,824.3887134991774,1248.274434335141,372.7750424765476
1,All Population,2,DALYs (Disability-Adjusted Life Years),115,Jamaica,3,Both,27,Age-standardized,294,All causes,108,High body-mass index,3,Rate,2015,2192.891400725842,3250.6095716088626,1181.22147459374
1,All Population,2,DALYs (Disability-Adjusted Life Years),88,Malta,3,Both,27,Age-standardized,294,All causes,108,High body-mass index,3,Rate,2015,1326.3180742171935,2107.7027073018244,543.9719210098887
1,All Population,2,DALYs (Disability-Adjusted Life Years),105,Antigua and Barbuda,3,Both,27,Age-standardized,294,All causes,108,High body-mass index,3,Rate,2017,2585.017372593379,3722.237945749204,1448.0708970306334
1,All Population,2,DALYs (Disability-Adjusted Life Years),119,Trinidad and Tobago,3,Both,27,Age-standardized,294,All causes,108,High body-mass index,3,Rate,2015,3858.75925865197,5448.402423156772,1996.31589365575
1,All Population,2,DALYs (Disability-Adjusted Life Years),112,Grenada,3,Both,27,Age-standardized,294,All causes,108,High body-mass index,3,Rate,2017,2679.615447644079,3785.239820647789,1429.7649598387072
1,All Population,2,DALYs (Disability-Adjusted Life Years),109,Cuba,3,Both,27,Age-standardized,294,All causes,108,High body-mass index,3,Rate,2017,1648.1076907090605,2493.3525103420056,809.9099822202622
1,All Population,2,DALYs (Disability-Adjusted Life Years),131,Nicaragua,3,Both,27,Age-standardized,294,All causes,108,High body-mass index,3,Rate,2015,2346.5867752323047,3220.1347054694274,1262.925157756882
1,All Population,2,DALYs (Disability-Adjusted Life Years),116,Saint Lucia,3,Both,27,Age-standardized,294,All causes,108,High body-mass index,3,Rate,2017,2624.5559673420075,3646.5362065473523,1368.087100682159
1,All Population,2,DALYs (Disability-Adjusted Life Years),135,Brazil,3,Both,27,Age-standardized,294,All causes,108,High body-mass index,3,Rate,2015,1815.1108108366755,2662.6412281850116,859.6250588941716
1,All Population,2,DALYs (Disability-Adjusted Life Years),128,Guatemala,3,Both,27,Age-standardized,294,All causes,108,High body-mass index,3,Rate,2017,2801.787775928687,3909.489434625987,1475.792543444899
1,All Population,2,DALYs (Disability-Adjusted Life Years),67,Japan,3,Both,27,Age-standardized,294,All causes,108,High body-mass index,3,Rate,2017,639.4783962047336,1054.4488010363839,249.51859020751797
1,All Population,2,DALYs (Disability-Adjusted Life Years),154,Tunisia,3,Both,27,Age-standardized,294,All causes,108,High body-mass index,3,Rate,2015,2413.618973519258,3592.1784599619045,1112.6824937975064
1,All Population,2,DALYs (Disability-Adjusted Life Years),132,Panama,3,Both,27,Age-standardized,294,All causes,108,High body-mass index,3,Rate,2017,1992.6506666237954,2922.5589286401596,1022.6804430132697
1,All Population,2,DALYs (Disability-Adjusted Life Years),71,Australia,3,Both,27,Age-standardized,294,All causes,108,High body-mass index,3,Rate,2017,1199.123494186644,1935.9586576343474,471.3262292495401
1,All Population,2,DALYs (Disability-Adjusted Life Years),75,Austria,3,Both,27,Age-standardized,294,All causes,108,High body-mass index,3,Rate,2017,1161.7763386684057,1819.5823820411322,502.19194127466767
1,All Population,2,DALYs (Disability-Adjusted Life Years),68,Republic of Korea,3,Both,27,Age-standardized,294,All causes,108,High body-mass index,3,Rate,2017,667.1515672460857,1081.409603759078,268.42109495299775
1,All Population,2,DALYs (Disability-Adjusted Life Years),79,Finland,3,Both,27,Age-standardized,294,All causes,108,High body-mass index,3,Rate,2017,1316.2564419433247,1979.9464487399212,583.7442158405238
1,All Population,2,DALYs (Disability-Adjusted Life Years),72,New Zealand,3,Both,27,Age-standardized,294,All causes,108,High body-mass index,3,Rate,2017,1557.4839867831306,2427.2293004495377,642.2289381039187
1,All Population,2,DALYs (Disability-Adjusted Life Years),136,Paraguay,3,Both,27,Age-standardized,294,All causes,108,High body-mass index,3,Rate,2017,2627.5125574534227,3671.5155817411637,1350.6255296189006
1,All Population,2,DALYs (Disability-Adjusted Life Years),139,Algeria,3,Both,27,Age-standardized,294,All causes,108,High body-mass index,3,Rate,2017,2666.142046979045,3784.614760374312,1383.1305196731967
1,All Population,2,DALYs (Disability-Adjusted Life Years),76,Belgium,3,Both,27,Age-standardized,294,All causes,108,High body-mass index,3,Rate,2017,992.0109861550224,1592.6725075603172,385.9241287760916
1,All Population,2,DALYs (Disability-Adjusted Life Years),123,Peru,3,Both,27,Age-standardized,294,All causes,108,High body-mass index,3,Rate,2015,1139.5394655610357,1711.3286340418442,525.5525928779501
1,All Population,2,DALYs (Disability-Adjusted Life Years),142,Iran (Islamic Republic of),3,Both,27,Age-standardized,294,All causes,108,High body-mass index,3,Rate,2015,2286.210495927393,3298.307709867971,1113.3424962243241
1,All Population,2,DALYs (Disability-Adjusted Life Years),80,France,3,Both,27,Age-standardized,294,All causes,108,High body-mass index,3,Rate,2017,966.7754499051796,1533.368888809579,370.3154992873264
1,All Population,2,DALYs (Disability-Adjusted Life Years),83,Iceland,3,Both,27,Age-standardized,294,All causes,108,High body-mass index,3,Rate,2017,1084.4811760508153,1794.8492601082867,412.287112000332
1,All Population,2,DALYs (Disability-Adjusted Life Years),86,Italy,3,Both,27,Age-standardized,294,All causes,108,High body-mass index,3,Rate,2017,1095.722440402009,1721.6637802265768,481.24350908343047
1,All Population,2,DALYs (Disability-Adjusted Life Years),143,Iraq,3,Both,27,Age-standardized,294,All causes,108,High body-mass index,3,Rate,2017,4107.305156680726,5870.550640707281,2063.055040609816
1,All Population,2,DALYs (Disability-Adjusted Life Years),127,El Salvador,3,Both,27,Age-standardized,294,All causes,108,High body-mass index,3,Rate,2015,2610.017290306453,3612.222665528948,1390.5206853794884
1,All Population,2,DALYs (Disability-Adjusted Life Years),84,Ireland,3,Both,27,Age-standardized,294,All causes,108,High body-mass index,3,Rate,2017,1101.9465806393166,1762.3499340974597,431.93579209999945
1,All Population,2,DALYs (Disability-Adjusted Life Years),147,Libya,3,Both,27,Age-standardized,294,All causes,108,High body-mass index,3,Rate,2017,3656.412518859991,5182.635802661189,1886.9257541801128
1,All Population,2,DALYs (Disability-Adjusted Life Years),87,Luxembourg,3,Both,27,Age-standardized,294,All causes,108,High body-mass index,3,Rate,2017,1052.4892828889417,1648.658779924078,424.8624645474369
1,All Population,2,DALYs (Disability-Adjusted Life Years),91,Portugal,3,Both,27,Age-standardized,294,All causes,108,High body-mass index,3,Rate,2017,1267.5887720225169,1975.3456142447856,515.339786610154
1,All Population,2,DALYs (Disability-Adjusted Life Years),151,Qatar,3,Both,27,Age-standardized,294,All causes,108,High body-mass index,3,Rate,2017,2766.808220902276,3962.711627759101,1295.6963338133226
1,All Population,2,DALYs (Disability-Adjusted Life Years),90,Norway,3,Both,27,Age-standardized,294,All causes,108,High body-mass index,3,Rate,2017,931.9134648908769,1541.5087570228022,365.92140492462346
1,All Population,2,DALYs (Disability-Adjusted Life Years),150,Oman,3,Both,27,Age-standardized,294,All causes,108,High body-mass index,3,Rate,2015,3410.587516617627,4795.84294109014,1840.2616460185122
1,All Population,2,DALYs (Disability-Adjusted Life Years),94,Switzerland,3,Both,27,Age-standardized,294,All causes,108,High body-mass index,3,Rate,2017,932.8192943990612,1470.9880205481481,365.17760841025694
1,All Population,2,DALYs (Disability-Adjusted Life Years),165,Pakistan,3,Both,27,Age-standardized,294,All causes,108,High body-mass index,3,Rate,2015,1755.8290433129077,2701.877234875744,861.0710213082292
1,All Population,2,DALYs (Disability-Adjusted Life Years),146,Lebanon,3,Both,27,Age-standardized,294,All causes,108,High body-mass index,3,Rate,2015,2113.7981076858623,3114.844149290546,954.674063154649
1,All Population,2,DALYs (Disability-Adjusted Life Years),95,United Kingdom,3,Both,27,Age-standardized,294,All causes,108,High body-mass index,3,Rate,2017,1309.2430855901505,2112.457408364875,532.9935399572938
1,All Population,2,DALYs (Disability-Adjusted Life Years),155,Türkiye,3,Both,27,Age-standardized,294,All causes,108,High body-mass index,3,Rate,2017,2552.4774523514357,3625.65570124517,1232.7947020805227
1,All Population,2,DALYs (Disability-Adjusted Life Years),98,Chile,3,Both,27,Age-standardized,294,All causes,108,High body-mass index,3,Rate,2017,1546.9779532433129,2368.1599206900746,694.4401405275372
1,All Population,2,DALYs (Disability-Adjusted Life Years),162,Bhutan,3,Both,27,Age-standardized,294,All causes,108,High body-mass index,3,Rate,2015,1672.6545591999636,2498.820961307024,811.6098283378979
1,All Population,2,DALYs (Disability-Adjusted Life Years),190,Uganda,3,Both,27,Age-standardized,294,All causes,108,High body-mass index,3,Rate,2015,1121.6740233352987,1767.0131803846825,578.7149299735245
1,All Population,2,DALYs (Disability-Adjusted Life Years),177,Djibouti,3,Both,27,Age-standardized,294,All causes,108,High body-mass index,3,Rate,2015,698.0498172145616,1086.53439269753,321.8498575387302
1,All Population,2,DALYs (Disability-Adjusted Life Years),99,Uruguay,3,Both,27,Age-standardized,294,All causes,108,High body-mass index,3,Rate,2017,1591.9379987938207,2424.756603999096,701.0519240940489
1,All Population,2,DALYs (Disability-Adjusted Life Years),107,Barbados,3,Both,27,Age-standardized,294,All causes,108,High body-mass index,3,Rate,2017,2678.2874198044055,3735.093432188289,1399.8704844150147
1,All Population,2,DALYs (Disability-Adjusted Life Years),102,United States of America,3,Both,27,Age-standardized,294,All causes,108,High body-mass index,3,Rate,2017,2169.49782043111,3163.650103497157,1066.9862802124555
1,All Population,2,DALYs (Disability-Adjusted Life Years),106,Bahamas,3,Both,27,Age-standardized,294,All causes,108,High body-mass index,3,Rate,2017,3733.133611440361,4995.035782504803,2306.859385639718
1,All Population,2,DALYs (Disability-Adjusted Life Years),111,Dominican Republic,3,Both,27,Age-standardized,294,All causes,108,High body-mass index,3,Rate,2017,2386.4888833970253,3479.747658189157,1236.6487112636673
1,All Population,2,DALYs (Disability-Adjusted Life Years),197,Eswatini,3,Both,27,Age-standardized,294,All causes,108,High body-mass index,3,Rate,2015,3247.1377848968723,4600.920349619863,1835.6752486629387
1,All Population,2,DALYs (Disability-Adjusted Life Years),169,Central African Republic,3,Both,27,Age-standardized,294,All causes,108,High body-mass index,3,Rate,2015,1940.2732841603245,3199.3842005295805,1057.1489599328854
1,All Population,2,DALYs (Disability-Adjusted Life Years),114,Haiti,3,Both,27,Age-standardized,294,All causes,108,High body-mass index,3,Rate,2017,2136.585948428655,3153.3847527908174,1011.5830176492427
1,All Population,2,DALYs (Disability-Adjusted Life Years),163,India,3,Both,27,Age-standardized,294,All causes,108,High body-mass index,3,Rate,2017,1114.9239245814042,1677.4313384755746,536.7339467278806
1,All Population,2,DALYs (Disability-Adjusted Life Years),113,Guyana,3,Both,27,Age-standardized,294,All causes,108,High body-mass index,3,Rate,2017,3800.917423724571,5198.936357495905,2181.639938408348
1,All Population,2,DALYs (Disability-Adjusted Life Years),170,Congo,3,Both,27,Age-standardized,294,All causes,108,High body-mass index,3,Rate,2017,1898.9710827617644,2787.5264746083185,1083.5462049373407
1,All Population,2,DALYs (Disability-Adjusted Life Years),185,Rwanda,3,Both,27,Age-standardized,294,All causes,108,High body-mass index,3,Rate,2015,877.4597725508825,1348.1148194759985,460.0950096240225
1,All Population,2,DALYs (Disability-Adjusted Life Years),118,Suriname,3,Both,27,Age-standardized,294,All causes,108,High body-mass index,3,Rate,2017,2427.332310608186,3624.1872622981973,1250.2108024170757
1,All Population,2,DALYs (Disability-Adjusted Life Years),121,Bolivia (Plurinational State of),3,Both,27,Age-standardized,294,All causes,108,High body-mass index,3,Rate,2017,2481.1668845113486,3492.763237833686,1287.516557385906
1,All Population,2,DALYs (Disability-Adjusted Life Years),181,Madagascar,3,Both,27,Age-standardized,294,All causes,108,High body-mass index,3,Rate,2015,983.2297059767002,1452.2364462211763,490.20497610381034
1,All Population,2,DALYs (Disability-Adjusted Life Years),110,Dominica,3,Both,27,Age-standardized,294,All causes,108,High body-mass index,3,Rate,2017,3156.2038552722174,4420.778760363639,1776.8169593335215
1,All Population,2,DALYs (Disability-Adjusted Life Years),122,Ecuador,3,Both,27,Age-standardized,294,All causes,108,High body-mass index,3,Rate,2017,1844.2860214589405,2606.378227933236,963.8813468005211
1,All Population,2,DALYs (Disability-Adjusted Life Years),178,Eritrea,3,Both,27,Age-standardized,294,All causes,108,High body-mass index,3,Rate,2017,909.80360258883,1426.2123480262528,456.32365773228145
1,All Population,2,DALYs (Disability-Adjusted Life Years),117,Saint Vincent and the Grenadines,3,Both,27,Age-standardized,294,All causes,108,High body-mass index,3,Rate,2017,2648.5099213608178,3862.470408324467,1471.5070835875904
1,All Population,2,DALYs (Disability-Adjusted Life Years),213,Niger,3,Both,27,Age-standardized,294,All causes,108,High body-mass index,3,Rate,2015,972.4470315270246,1523.243783279912,469.1532768361168
1,All Population,2,DALYs (Disability-Adjusted Life Years),125,Colombia,3,Both,27,Age-standardized,294,All causes,108,High body-mass index,3,Rate,2017,1428.2834235415723,2138.6117865059723,657.934359043346
1,All Population,2,DALYs (Disability-Adjusted Life Years),182,Malawi,3,Both,27,Age-standardized,294,All causes,108,High body-mass index,3,Rate,2017,1353.9526543314964,2017.9303550091188,714.118526924614
1,All Population,2,DALYs (Disability-Adjusted Life Years),126,Costa Rica,3,Both,27,Age-standardized,294,All causes,108,High body-mass index,3,Rate,2017,1828.0363350402115,2608.0961522185685,894.3087121512153
1,All Population,2,DALYs (Disability-Adjusted Life Years),201,Burkina Faso,3,Both,27,Age-standardized,294,All causes,108,High body-mass index,3,Rate,2015,739.6702683184068,1141.822768097501,349.4832444031769
1,All Population,2,DALYs (Disability-Adjusted Life Years),129,Honduras,3,Both,27,Age-standardized,294,All causes,108,High body-mass index,3,Rate,2017,1840.1191468494806,2706.5105157249327,932.7895813217503
1,All Population,2,DALYs (Disability-Adjusted Life Years),186,Seychelles,3,Both,27,Age-standardized,294,All causes,108,High body-mass index,3,Rate,2017,2001.2257726063874,2840.8399221119757,1188.0919863383072
1,All Population,2,DALYs (Disability-Adjusted Life Years),130,Mexico,3,Both,27,Age-standardized,294,All causes,108,High body-mass index,3,Rate,2017,3244.073354974924,4456.177353924503,1758.8354958327723
1,All Population,2,DALYs (Disability-Adjusted Life Years),205,Côte d'Ivoire,3,Both,27,Age-standardized,294,All causes,108,High body-mass index,3,Rate,2015,1399.8562504781462,2061.672429755664,743.3528262036656
1,All Population,2,DALYs (Disability-Adjusted Life Years),191,Zambia,3,Both,27,Age-standardized,294,All causes,108,High body-mass index,3,Rate,2017,1847.427283318748,2587.7505304231554,1011.6249910995117
1,All Population,2,DALYs (Disability-Adjusted Life Years),194,Lesotho,3,Both,27,Age-standardized,294,All causes,108,High body-mass index,3,Rate,2017,2604.387237104618,3806.650792324709,1280.6976791501654
1,All Population,2,DALYs (Disability-Adjusted Life Years),173,Gabon,3,Both,27,Age-standardized,294,All causes,108,High body-mass index,3,Rate,2015,2734.981782525808,3907.9045572415052,1535.5340788467106
1,All Population,2,DALYs (Disability-Adjusted Life Years),193,Botswana,3,Both,27,Age-standardized,294,All causes,108,High body-mass index,3,Rate,2015,1783.5022319289085,2731.785526974309,889.2773193600813
1,All Population,2,DALYs (Disability-Adjusted Life Years),198,Zimbabwe,3,Both,27,Age-standardized,294,All causes,108,High body-mass index,3,Rate,2017,1878.3094209146093,2903.680771603009,995.7701708089545
1,All Population,2,DALYs (Disability-Adjusted Life Years),217,Sierra Leone,3,Both,27,Age-standardized,294,All causes,108,High body-mass index,3,Rate,2015,1352.0401856722067,2054.604573292937,695.1213797269744
1,All Population,2,DALYs (Disability-Adjusted Life Years),141,Egypt,3,Both,27,Age-standardized,294,All causes,108,High body-mass index,3,Rate,2017,5914.985320157799,8217.930724655573,3217.015045637402
1,All Population,2,DALYs (Disability-Adjusted Life Years),149,Palestine,3,Both,27,Age-standardized,294,All causes,108,High body-mass index,3,Rate,2017,3719.4375100969783,5171.313721245427,1945.8000610091751
1,All Population,2,DALYs (Disability-Adjusted Life Years),144,Jordan,3,Both,27,Age-standardized,294,All causes,108,High body-mass index,3,Rate,2017,3482.7543254165803,4800.450145949088,1906.1435438147385
1,All Population,2,DALYs (Disability-Adjusted Life Years),206,Gambia,3,Both,27,Age-standardized,294,All causes,108,High body-mass index,3,Rate,2017,1644.6988795931784,2429.2853759294776,792.4454653257317
1,All Population,2,DALYs (Disability-Adjusted Life Years),133,Venezuela (Bolivarian Republic of),3,Both,27,Age-standardized,294,All causes,108,High body-mass index,3,Rate,2017,2732.1782632494783,3918.142753131075,1453.6098705092948
1,All Population,2,DALYs (Disability-Adjusted Life Years),140,Bahrain,3,Both,27,Age-standardized,294,All causes,108,High body-mass index,3,Rate,2017,3691.226881708154,5275.917709669918,1775.3686893275237
1,All Population,2,DALYs (Disability-Adjusted Life Years),148,Morocco,3,Both,27,Age-standardized,294,All causes,108,High body-mass index,3,Rate,2017,3122.8702197654884,4454.096028937513,1635.3995913505462
1,All Population,2,DALYs (Disability-Adjusted Life Years),209,Guinea-Bissau,3,Both,27,Age-standardized,294,All causes,108,High body-mass index,3,Rate,2015,1842.885966180878,2891.0594384695796,947.2601525345763
1,All Population,2,DALYs (Disability-Adjusted Life Years),351,Guam,3,Both,27,Age-standardized,294,All causes,108,High body-mass index,3,Rate,2015,2918.7301555415756,4127.803647422439,1582.8639572054644
1,All Population,2,DALYs (Disability-Adjusted Life Years),153,Syrian Arab Republic,3,Both,27,Age-standardized,294,All causes,108,High body-mass index,3,Rate,2017,3734.331324369105,5419.766306202503,1887.621710891441
1,All Population,2,DALYs (Disability-Adjusted Life Years),202,Cameroon,3,Both,27,Age-standardized,294,All causes,108,High body-mass index,3,Rate,2017,2489.8605113319777,3659.183823402793,1320.4908292425357
1,All Population,2,DALYs (Disability-Adjusted Life Years),145,Kuwait,3,Both,27,Age-standardized,294,All causes,108,High body-mass index,3,Rate,2017,3445.0586104678237,4902.643151157545,1736.8450368168901
1,All Population,2,DALYs (Disability-Adjusted Life Years),210,Liberia,3,Both,27,Age-standardized,294,All causes,108,High body-mass index,3,Rate,2017,2262.1265056806415,3258.0661076928836,1143.168153776905
1,All Population,2,DALYs (Disability-Adjusted Life Years),156,United Arab Emirates,3,Both,27,Age-standardized,294,All causes,108,High body-mass index,3,Rate,2017,2371.1778510046124,3469.3047807295584,1106.3420965884861
1,All Population,2,DALYs (Disability-Adjusted Life Years),298,American Samoa,3,Both,27,Age-standardized,294,All causes,108,High body-mass index,3,Rate,2015,5919.199046043088,8024.464538201034,3132.3134093339145
1,All Population,2,DALYs (Disability-Adjusted Life Years),152,Saudi Arabia,3,Both,27,Age-standardized,294,All causes,108,High body-mass index,3,Rate,2017,4366.807542622363,5959.316343645784,2462.619679058743
1,All Population,2,DALYs (Disability-Adjusted Life Years),157,Yemen,3,Both,27,Age-standardized,294,All causes,108,High body-mass index,3,Rate,2017,1916.5738410801239,2828.597995024621,950.2690134950085
1,All Population,2,DALYs (Disability-Adjusted Life Years),214,Nigeria,3,Both,27,Age-standardized,294,All causes,108,High body-mass index,3,Rate,2017,1812.8752561878607,2681.4359590923073,962.3138917638073
1,All Population,2,DALYs (Disability-Adjusted Life Years),218,Togo,3,Both,27,Age-standardized,294,All causes,108,High body-mass index,3,Rate,2017,1585.9704807473413,2464.3720604497125,842.9260496973603
1,All Population,2,DALYs (Disability-Adjusted Life Years),369,Nauru,3,Both,27,Age-standardized,294,All causes,108,High body-mass index,3,Rate,2015,11803.334639714501,16108.589420819897,6422.18363647403
1,All Population,2,DALYs (Disability-Adjusted Life Years),160,Afghanistan,3,Both,27,Age-standardized,294,All causes,108,High body-mass index,3,Rate,2017,2745.541124311541,4040.9711182742476,1379.0034367479225
1,All Population,2,DALYs (Disability-Adjusted Life Years),385,Puerto Rico,3,Both,27,Age-standardized,294,All causes,108,High body-mass index,3,Rate,2015,2428.656575376173,3351.9008165205732,1263.1212700395834
1,All Population,2,DALYs (Disability-Adjusted Life Years),164,Nepal,3,Both,27,Age-standardized,294,All causes,108,High body-mass index,3,Rate,2017,955.5226660492584,1522.30344781004,447.47748734573804
1,All Population,2,DALYs (Disability-Adjusted Life Years),171,Democratic Republic of the Congo,3,Both,27,Age-standardized,294,All causes,108,High body-mass index,3,Rate,2017,2201.565582207757,3355.6727894105384,1250.8457829702547
1,All Population,2,DALYs (Disability-Adjusted Life Years),172,Equatorial Guinea,3,Both,27,Age-standardized,294,All causes,108,High body-mass index,3,Rate,2017,2460.141674685045,3594.281972098332,1318.0008546971426
1,All Population,2,DALYs (Disability-Adjusted Life Years),161,Bangladesh,3,Both,27,Age-standardized,294,All causes,108,High body-mass index,3,Rate,2017,1131.9879224691988,1794.4717508805247,555.7745203922185
1,All Population,2,DALYs (Disability-Adjusted Life Years),168,Angola,3,Both,27,Age-standardized,294,All causes,108,High body-mass index,3,Rate,2017,1648.83726924135,2506.3243572801716,872.6480797422912
1,All Population,2,DALYs (Disability-Adjusted Life Years),175,Burundi,3,Both,27,Age-standardized,294,All causes,108,High body-mass index,3,Rate,2017,730.07951150272,1152.5662100126979,361.2289837190857
1,All Population,2,DALYs (Disability-Adjusted Life Years),179,Ethiopia,3,Both,27,Age-standardized,294,All causes,108,High body-mass index,3,Rate,2017,638.4073558146282,938.927349739838,321.94760939123427
1,All Population,2,DALYs (Disability-Adjusted Life Years),176,Comoros,3,Both,27,Age-standardized,294,All causes,108,High body-mass index,3,Rate,2017,969.0764081437925,1460.5326680836565,479.34081571512024
1,All Population,2,DALYs (Disability-Adjusted Life Years),305,Bermuda,3,Both,27,Age-standardized,294,All causes,108,High body-mass index,3,Rate,2017,1380.044735548691,2124.0897348904837,641.0129118937919
1,All Population,2,DALYs (Disability-Adjusted Life Years),374,Niue,3,Both,27,Age-standardized,294,All causes,108,High body-mass index,3,Rate,2017,5909.529156250204,8111.868832070568,3098.1527191404875
1,All Population,2,DALYs (Disability-Adjusted Life Years),180,Kenya,3,Both,27,Age-standardized,294,All causes,108,High body-mass index,3,Rate,2017,1032.7223188938417,1523.9001170244298,541.6415556639832
1,All Population,2,DALYs (Disability-Adjusted Life Years),183,Mauritius,3,Both,27,Age-standardized,294,All causes,108,High body-mass index,3,Rate,2017,3377.8040479524025,4856.45772756042,1802.557597334049
1,All Population,2,DALYs (Disability-Adjusted Life Years),393,Saint Kitts and Nevis,3,Both,27,Age-standardized,294,All causes,108,High body-mass index,3,Rate,2017,2641.8863309159474,3868.921858744109,1410.3475128852162
1,All Population,2,DALYs (Disability-Adjusted Life Years),416,Tuvalu,3,Both,27,Age-standardized,294,All causes,108,High body-mass index,3,Rate,2017,7790.057817719397,10781.721550436116,4181.209302090167
1,All Population,2,DALYs (Disability-Adjusted Life Years),184,Mozambique,3,Both,27,Age-standardized,294,All causes,108,High body-mass index,3,Rate,2017,874.6880065876627,1338.6445808419705,445.9702291591031
1,All Population,2,DALYs (Disability-Adjusted Life Years),189,United Republic of Tanzania,3,Both,27,Age-standardized,294,All causes,108,High body-mass index,3,Rate,2017,1202.6947133901187,1769.5732436977366,636.4604512692433
1,All Population,2,DALYs (Disability-Adjusted Life Years),187,Somalia,3,Both,27,Age-standardized,294,All causes,108,High body-mass index,3,Rate,2017,739.5484485311126,1170.2936465389282,349.8136901729157
1,All Population,2,DALYs (Disability-Adjusted Life Years),435,South Sudan,3,Both,27,Age-standardized,294,All causes,108,High body-mass index,3,Rate,2017,1097.687287008613,1691.0705000515816,586.113987780493
1,All Population,2,DALYs (Disability-Adjusted Life Years),196,South Africa,3,Both,27,Age-standardized,294,All causes,108,High body-mass index,3,Rate,2017,3372.5799553043043,4734.000512930341,1839.1280521138938
1,All Population,2,DALYs (Disability-Adjusted Life Years),195,Namibia,3,Both,27,Age-standardized,294,All causes,108,High body-mass index,3,Rate,2017,1952.177435203745,2897.082790556255,1012.9683964113824
1,All Population,2,DALYs (Disability-Adjusted Life Years),200,Benin,3,Both,27,Age-standardized,294,All causes,108,High body-mass index,3,Rate,2017,1383.9544195131705,2109.504530092947,698.0439591093829
1,All Population,2,DALYs (Disability-Adjusted Life Years),203,Cabo Verde,3,Both,27,Age-standardized,294,All causes,108,High body-mass index,3,Rate,2017,1443.0110114623578,2141.443971120248,721.357097240672
1,All Population,2,DALYs (Disability-Adjusted Life Years),204,Chad,3,Both,27,Age-standardized,294,All causes,108,High body-mass index,3,Rate,2017,1843.534485697023,2785.734576093127,985.7261854423953
1,All Population,2,DALYs (Disability-Adjusted Life Years),208,Guinea,3,Both,27,Age-standardized,294,All causes,108,High body-mass index,3,Rate,2017,1406.8520566698282,2153.427554023598,690.3974620391921
1,All Population,2,DALYs (Disability-Adjusted Life Years),207,Ghana,3,Both,27,Age-standardized,294,All causes,108,High body-mass index,3,Rate,2017,2051.849697603428,3003.1649427597904,1072.753537337681
1,All Population,2,DALYs (Disability-Adjusted Life Years),211,Mali,3,Both,27,Age-standardized,294,All causes,108,High body-mass index,3,Rate,2017,1793.5750455967598,2639.171657204782,957.269005618387
1,All Population,2,DALYs (Disability-Adjusted Life Years),212,Mauritania,3,Both,27,Age-standardized,294,All causes,108,High body-mass index,3,Rate,2017,2310.4872286874315,3358.8926547864053,1235.6273097315313
1,All Population,2,DALYs (Disability-Adjusted Life Years),215,Sao Tome and Principe,3,Both,27,Age-standardized,294,All causes,108,High body-mass index,3,Rate,2017,1671.613602858549,2485.4001934409303,829.8004124091167
1,All Population,2,DALYs (Disability-Adjusted Life Years),413,Tokelau,3,Both,27,Age-standardized,294,All causes,108,High body-mass index,3,Rate,2015,4933.2169396161635,6813.340474033514,2622.0679308909203
1,All Population,2,DALYs (Disability-Adjusted Life Years),216,Senegal,3,Both,27,Age-standardized,294,All causes,108,High body-mass index,3,Rate,2017,1328.2948916516416,2030.0790411987741,675.3221248304245
1,All Population,2,DALYs (Disability-Adjusted Life Years),349,Greenland,3,Both,27,Age-standardized,294,All causes,108,High body-mass index,3,Rate,2017,1981.648434897949,3082.44924007548,883.1485663156341
1,All Population,2,DALYs (Disability-Adjusted Life Years),522,Sudan,3,Both,27,Age-standardized,294,All causes,108,High body-mass index,3,Rate,2017,2788.6467936371814,4097.754699438166,1429.2554790834267
1,All Population,2,DALYs (Disability-Adjusted Life Years),320,Cook Islands,3,Both,27,Age-standardized,294,All causes,108,High body-mass index,3,Rate,2017,6333.827446140539,8291.516236346079,3648.6454173125057
1,All Population,2,DALYs (Disability-Adjusted Life Years),376,Northern Mariana Islands,3,Both,27,Age-standardized,294,All causes,108,High body-mass index,3,Rate,2017,4296.976501251074,6066.564690023852,2181.783721452258
1,All Population,2,DALYs (Disability-Adjusted Life Years),367,Monaco,3,Both,27,Age-standardized,294,All causes,108,High body-mass index,3,Rate,2017,1313.6954033416034,2156.530571074095,502.47571421096393
1,All Population,2,DALYs (Disability-Adjusted Life Years),396,San Marino,3,Both,27,Age-standardized,294,All causes,108,High body-mass index,3,Rate,2017,898.884248270925,1485.8672160996468,340.8015561774226
1,All Population,2,DALYs (Disability-Adjusted Life Years),422,United States Virgin Islands,3,Both,27,Age-standardized,294,All causes,108,High body-mass index,3,Rate,2017,2492.3421937372277,3459.9532162349933,1382.986398414517
1,All Population,2,DALYs (Disability-Adjusted Life Years),380,Palau,3,Both,27,Age-standardized,294,All causes,108,High body-mass index,3,Rate,2017,4722.880348407042,6822.366668243032,2307.797143900006
1,All Population,2,DALYs (Disability-Adjusted Life Years),15,Myanmar,3,Both,27,Age-standardized,294,All causes,108,High body-mass index,3,Rate,2016,1381.0529674292536,2102.7438101867315,696.7322849801564
1,All Population,2,DALYs (Disability-Adjusted Life Years),19,Timor-Leste,3,Both,27,Age-standardized,294,All causes,108,High body-mass index,3,Rate,2016,576.8057624318149,888.410401786238,285.14910479088604
1,All Population,2,DALYs (Disability-Adjusted Life Years),7,Democratic People's Republic of Korea,3,Both,27,Age-standardized,294,All causes,108,High body-mass index,3,Rate,2016,1147.922462324184,1863.0955535413882,533.462324589712
1,All Population,2,DALYs (Disability-Adjusted Life Years),11,Indonesia,3,Both,27,Age-standardized,294,All causes,108,High body-mass index,3,Rate,2016,1281.9214514602643,1911.8404669993727,621.8477115735719
1,All Population,2,DALYs (Disability-Adjusted Life Years),8,Taiwan,3,Both,27,Age-standardized,294,All causes,108,High body-mass index,3,Rate,2018,1164.8902009315204,1823.8806583272776,509.6777885809075
1,All Population,2,DALYs (Disability-Adjusted Life Years),12,Lao People's Democratic Republic,3,Both,27,Age-standardized,294,All causes,108,High body-mass index,3,Rate,2018,1227.0891450711442,1866.6617656827846,641.9987221231924
1,All Population,2,DALYs (Disability-Adjusted Life Years),16,Philippines,3,Both,27,Age-standardized,294,All causes,108,High body-mass index,3,Rate,2018,1650.5911385068318,2484.0081406842455,844.2761109068242
1,All Population,2,DALYs (Disability-Adjusted Life Years),28,Solomon Islands,3,Both,27,Age-standardized,294,All causes,108,High body-mass index,3,Rate,2018,5913.873781328981,8601.210299406543,2766.8038651731117
1,All Population,2,DALYs (Disability-Adjusted Life Years),20,Viet Nam,3,Both,27,Age-standardized,294,All causes,108,High body-mass index,3,Rate,2018,595.6149995144887,901.0342764220026,294.4935051354829
1,All Population,2,DALYs (Disability-Adjusted Life Years),24,Marshall Islands,3,Both,27,Age-standardized,294,All causes,108,High body-mass index,3,Rate,2018,8443.408528466927,11802.403336928714,4678.811707461793
1,All Population,2,DALYs (Disability-Adjusted Life Years),23,Kiribati,3,Both,27,Age-standardized,294,All causes,108,High body-mass index,3,Rate,2016,4383.973482653031,6229.792907100941,2280.669106043086
1,All Population,2,DALYs (Disability-Adjusted Life Years),27,Samoa,3,Both,27,Age-standardized,294,All causes,108,High body-mass index,3,Rate,2016,4889.870947437985,6791.2353320613665,2556.2714335469977
1,All Population,2,DALYs (Disability-Adjusted Life Years),66,Brunei Darussalam,3,Both,27,Age-standardized,294,All causes,108,High body-mass index,3,Rate,2018,2189.387810973706,3284.580160289996,1019.8368402825333
1,All Population,2,DALYs (Disability-Adjusted Life Years),77,Cyprus,3,Both,27,Age-standardized,294,All causes,108,High body-mass index,3,Rate,2016,1575.4152869723187,2439.5137126845148,683.0573218626664
1,All Population,2,DALYs (Disability-Adjusted Life Years),81,Germany,3,Both,27,Age-standardized,294,All causes,108,High body-mass index,3,Rate,2016,1333.205495147071,2067.862829892528,557.8310607559108
1,All Population,2,DALYs (Disability-Adjusted Life Years),69,Singapore,3,Both,27,Age-standardized,294,All causes,108,High body-mass index,3,Rate,2016,822.0533343523861,1243.5109209295758,372.86603727471777
1,All Population,2,DALYs (Disability-Adjusted Life Years),10,Cambodia,3,Both,27,Age-standardized,294,All causes,108,High body-mass index,3,Rate,2018,832.2974243888539,1278.5274171921822,400.9458578292357
1,All Population,2,DALYs (Disability-Adjusted Life Years),6,China,3,Both,27,Age-standardized,294,All causes,108,High body-mass index,3,Rate,2018,750.1006273532589,1174.2954372771123,333.40497834530686
1,All Population,2,DALYs (Disability-Adjusted Life Years),13,Malaysia,3,Both,27,Age-standardized,294,All causes,108,High body-mass index,3,Rate,2018,1441.6311055993167,2294.1712043597418,644.5908439516375
1,All Population,2,DALYs (Disability-Adjusted Life Years),14,Maldives,3,Both,27,Age-standardized,294,All causes,108,High body-mass index,3,Rate,2018,1284.1093993459208,1956.6250712893984,630.9784934746768
1,All Population,2,DALYs (Disability-Adjusted Life Years),18,Thailand,3,Both,27,Age-standardized,294,All causes,108,High body-mass index,3,Rate,2018,1024.1557488191515,1574.275003381704,435.53756523563703
1,All Population,2,DALYs (Disability-Adjusted Life Years),78,Denmark,3,Both,27,Age-standardized,294,All causes,108,High body-mass index,3,Rate,2018,1006.2104039594348,1638.211403707128,396.72561012179295
1,All Population,2,DALYs (Disability-Adjusted Life Years),74,Andorra,3,Both,27,Age-standardized,294,All causes,108,High body-mass index,3,Rate,2018,997.0343049625111,1641.3828175169328,393.90663872196916
1,All Population,2,DALYs (Disability-Adjusted Life Years),82,Greece,3,Both,27,Age-standardized,294,All causes,108,High body-mass index,3,Rate,2018,1448.158745138551,2224.199491603519,614.8604397499759
1,All Population,2,DALYs (Disability-Adjusted Life Years),88,Malta,3,Both,27,Age-standardized,294,All causes,108,High body-mass index,3,Rate,2016,1314.8309245318421,2100.1137135403574,539.0576496560038
1,All Population,2,DALYs (Disability-Adjusted Life Years),22,Fiji,3,Both,27,Age-standardized,294,All causes,108,High body-mass index,3,Rate,2018,7649.850813430485,10560.944305610576,3889.378208557076
1,All Population,2,DALYs (Disability-Adjusted Life Years),17,Sri Lanka,3,Both,27,Age-standardized,294,All causes,108,High body-mass index,3,Rate,2018,1421.5983045778785,2155.2151342312754,673.9413631159125
1,All Population,2,DALYs (Disability-Adjusted Life Years),26,Papua New Guinea,3,Both,27,Age-standardized,294,All causes,108,High body-mass index,3,Rate,2018,2833.5651376933406,4230.602480928032,1376.5578655270954
1,All Population,2,DALYs (Disability-Adjusted Life Years),25,Micronesia (Federated States of),3,Both,27,Age-standardized,294,All causes,108,High body-mass index,3,Rate,2018,7624.942744368349,10386.482575763273,4043.2119657490052
1,All Population,2,DALYs (Disability-Adjusted Life Years),85,Israel,3,Both,27,Age-standardized,294,All causes,108,High body-mass index,3,Rate,2018,1250.5468063345854,1921.8438397736688,521.5125725374726
1,All Population,2,DALYs (Disability-Adjusted Life Years),89,Netherlands,3,Both,27,Age-standardized,294,All causes,108,High body-mass index,3,Rate,2018,983.6551287247794,1538.1382919705156,379.09933132729446
1,All Population,2,DALYs (Disability-Adjusted Life Years),30,Vanuatu,3,Both,27,Age-standardized,294,All causes,108,High body-mass index,3,Rate,2018,3983.591424218241,5774.4000245014995,2035.9112446312
1,All Population,2,DALYs (Disability-Adjusted Life Years),119,Trinidad and Tobago,3,Both,27,Age-standardized,294,All causes,108,High body-mass index,3,Rate,2016,3937.023060908939,5514.023676119286,2035.8886105082158
1,All Population,2,DALYs (Disability-Adjusted Life Years),29,Tonga,3,Both,27,Age-standardized,294,All causes,108,High body-mass index,3,Rate,2018,5568.187036711599,7585.19924471879,2874.112463409666
1,All Population,2,DALYs (Disability-Adjusted Life Years),93,Sweden,3,Both,27,Age-standardized,294,All causes,108,High body-mass index,3,Rate,2018,1038.9098274124028,1662.9496307409945,449.10191543970495
1,All Population,2,DALYs (Disability-Adjusted Life Years),97,Argentina,3,Both,27,Age-standardized,294,All causes,108,High body-mass index,3,Rate,2018,1887.028486939935,2803.306556744556,886.8715854332978
1,All Population,2,DALYs (Disability-Adjusted Life Years),123,Peru,3,Both,27,Age-standardized,294,All causes,108,High body-mass index,3,Rate,2016,1171.514949570539,1745.4968423144608,546.8000158120923
1,All Population,2,DALYs (Disability-Adjusted Life Years),105,Antigua and Barbuda,3,Both,27,Age-standardized,294,All causes,108,High body-mass index,3,Rate,2018,2600.9854808960563,3675.3556142101434,1478.8811995853625
1,All Population,2,DALYs (Disability-Adjusted Life Years),92,Spain,3,Both,27,Age-standardized,294,All causes,108,High body-mass index,3,Rate,2016,1177.2600810269414,1806.6136477370542,472.72965311900526
1,All Population,2,DALYs (Disability-Adjusted Life Years),109,Cuba,3,Both,27,Age-standardized,294,All causes,108,High body-mass index,3,Rate,2018,1668.6038168338575,2532.376450085575,828.6964063623406
1,All Population,2,DALYs (Disability-Adjusted Life Years),112,Grenada,3,Both,27,Age-standardized,294,All causes,108,High body-mass index,3,Rate,2018,2740.531740837938,3834.1180652534244,1476.2399730113495
1,All Population,2,DALYs (Disability-Adjusted Life Years),101,Canada,3,Both,27,Age-standardized,294,All causes,108,High body-mass index,3,Rate,2018,1167.269343764076,1839.3077666141958,490.1128880886552
1,All Population,2,DALYs (Disability-Adjusted Life Years),115,Jamaica,3,Both,27,Age-standardized,294,All causes,108,High body-mass index,3,Rate,2016,2261.664550519895,3405.691489649989,1191.7852118779651
1,All Population,2,DALYs (Disability-Adjusted Life Years),135,Brazil,3,Both,27,Age-standardized,294,All causes,108,High body-mass index,3,Rate,2016,1837.3246655032756,2693.1768117267916,875.1557630501684
1,All Population,2,DALYs (Disability-Adjusted Life Years),116,Saint Lucia,3,Both,27,Age-standardized,294,All causes,108,High body-mass index,3,Rate,2018,2603.874443730329,3610.16904269797,1367.7910618070068
1,All Population,2,DALYs (Disability-Adjusted Life Years),142,Iran (Islamic Republic of),3,Both,27,Age-standardized,294,All causes,108,High body-mass index,3,Rate,2016,2311.66296468786,3346.8583520461,1121.2677818368788
1,All Population,2,DALYs (Disability-Adjusted Life Years),108,Belize,3,Both,27,Age-standardized,294,All causes,108,High body-mass index,3,Rate,2016,3035.3855270428753,4240.5024470519,1683.5519261143356
1,All Population,2,DALYs (Disability-Adjusted Life Years),146,Lebanon,3,Both,27,Age-standardized,294,All causes,108,High body-mass index,3,Rate,2016,2043.6180190775433,3027.249929808714,920.5043178004255
1,All Population,2,DALYs (Disability-Adjusted Life Years),67,Japan,3,Both,27,Age-standardized,294,All causes,108,High body-mass index,3,Rate,2018,641.9908022440382,1066.2954587794402,254.29526036458884
1,All Population,2,DALYs (Disability-Adjusted Life Years),68,Republic of Korea,3,Both,27,Age-standardized,294,All causes,108,High body-mass index,3,Rate,2018,668.6217329210448,1083.9879246915,271.3328151426125
1,All Population,2,DALYs (Disability-Adjusted Life Years),131,Nicaragua,3,Both,27,Age-standardized,294,All causes,108,High body-mass index,3,Rate,2016,2381.3089713369313,3244.8222140961575,1280.094075273501
1,All Population,2,DALYs (Disability-Adjusted Life Years),127,El Salvador,3,Both,27,Age-standardized,294,All causes,108,High body-mass index,3,Rate,2016,2613.803370561613,3635.2805366464236,1404.3304500418521
1,All Population,2,DALYs (Disability-Adjusted Life Years),71,Australia,3,Both,27,Age-standardized,294,All causes,108,High body-mass index,3,Rate,2018,1196.0812686001327,1943.8821739740806,470.76825673911145
1,All Population,2,DALYs (Disability-Adjusted Life Years),75,Austria,3,Both,27,Age-standardized,294,All causes,108,High body-mass index,3,Rate,2018,1150.7838470946929,1814.71948208454,494.068524365204
1,All Population,2,DALYs (Disability-Adjusted Life Years),128,Guatemala,3,Both,27,Age-standardized,294,All causes,108,High body-mass index,3,Rate,2018,2850.884621384408,3924.8579093797275,1482.2073553985238
1,All Population,2,DALYs (Disability-Adjusted Life Years),72,New Zealand,3,Both,27,Age-standardized,294,All causes,108,High body-mass index,3,Rate,2018,1572.1655893629754,2430.685557070816,654.972078020645
1,All Population,2,DALYs (Disability-Adjusted Life Years),132,Panama,3,Both,27,Age-standardized,294,All causes,108,High body-mass index,3,Rate,2018,2019.529396419986,2967.3556666309464,1041.9757295754298
1,All Population,2,DALYs (Disability-Adjusted Life Years),136,Paraguay,3,Both,27,Age-standardized,294,All causes,108,High body-mass index,3,Rate,2018,2662.8235594646376,3750.633349138169,1388.2798580596386
1,All Population,2,DALYs (Disability-Adjusted Life Years),79,Finland,3,Both,27,Age-standardized,294,All causes,108,High body-mass index,3,Rate,2018,1314.2161877304184,1997.0578998156848,592.1636539354821
1,All Population,2,DALYs (Disability-Adjusted Life Years),76,Belgium,3,Both,27,Age-standardized,294,All causes,108,High body-mass index,3,Rate,2018,983.8804593522141,1589.8543853186939,375.49334000112566
1,All Population,2,DALYs (Disability-Adjusted Life Years),139,Algeria,3,Both,27,Age-standardized,294,All causes,108,High body-mass index,3,Rate,2018,2717.3066345694842,3862.983970237753,1404.6943940508236
1,All Population,2,DALYs (Disability-Adjusted Life Years),83,Iceland,3,Both,27,Age-standardized,294,All causes,108,High body-mass index,3,Rate,2018,1084.2579175078292,1786.4180027119455,415.7872834215535
1,All Population,2,DALYs (Disability-Adjusted Life Years),147,Libya,3,Both,27,Age-standardized,294,All causes,108,High body-mass index,3,Rate,2018,3713.761882566672,5258.236678921944,1910.5522037291346
1,All Population,2,DALYs (Disability-Adjusted Life Years),86,Italy,3,Both,27,Age-standardized,294,All causes,108,High body-mass index,3,Rate,2018,1083.6764254705656,1714.0403337317307,470.1376223751826
1,All Population,2,DALYs (Disability-Adjusted Life Years),143,Iraq,3,Both,27,Age-standardized,294,All causes,108,High body-mass index,3,Rate,2018,4173.446418218901,5958.980623865247,2081.454959959586
1,All Population,2,DALYs (Disability-Adjusted Life Years),80,France,3,Both,27,Age-standardized,294,All causes,108,High body-mass index,3,Rate,2018,962.6300092150988,1542.4324657278953,369.0289437370316
1,All Population,2,DALYs (Disability-Adjusted Life Years),150,Oman,3,Both,27,Age-standardized,294,All causes,108,High body-mass index,3,Rate,2016,3421.6177980176726,4772.832043843823,1832.908592279656
1,All Population,2,DALYs (Disability-Adjusted Life Years),87,Luxembourg,3,Both,27,Age-standardized,294,All causes,108,High body-mass index,3,Rate,2018,1038.4553943136625,1640.2416693353482,415.45157937147167
1,All Population,2,DALYs (Disability-Adjusted Life Years),151,Qatar,3,Both,27,Age-standardized,294,All causes,108,High body-mass index,3,Rate,2018,2784.658222129496,3967.7171491575887,1298.2976217727683
1,All Population,2,DALYs (Disability-Adjusted Life Years),90,Norway,3,Both,27,Age-standardized,294,All causes,108,High body-mass index,3,Rate,2018,920.185605749172,1513.5032372927221,359.21380377284777
1,All Population,2,DALYs (Disability-Adjusted Life Years),165,Pakistan,3,Both,27,Age-standardized,294,All causes,108,High body-mass index,3,Rate,2016,1779.4638638165231,2719.486895200527,874.8331110042224
1,All Population,2,DALYs (Disability-Adjusted Life Years),162,Bhutan,3,Both,27,Age-standardized,294,All causes,108,High body-mass index,3,Rate,2016,1688.086614290939,2509.9258376520374,837.0337942056125
1,All Population,2,DALYs (Disability-Adjusted Life Years),84,Ireland,3,Both,27,Age-standardized,294,All causes,108,High body-mass index,3,Rate,2018,1099.3435118856341,1772.1495818608698,430.7633566225079
1,All Population,2,DALYs (Disability-Adjusted Life Years),95,United Kingdom,3,Both,27,Age-standardized,294,All causes,108,High body-mass index,3,Rate,2018,1312.150242883093,2095.8859501624356,539.6954371940674
1,All Population,2,DALYs (Disability-Adjusted Life Years),155,Türkiye,3,Both,27,Age-standardized,294,All causes,108,High body-mass index,3,Rate,2018,2525.457840204095,3551.0743697655994,1208.3639749958454
1,All Population,2,DALYs (Disability-Adjusted Life Years),99,Uruguay,3,Both,27,Age-standardized,294,All causes,108,High body-mass index,3,Rate,2018,1581.181065470503,2412.3143699502893,693.5715670280513
1,All Population,2,DALYs (Disability-Adjusted Life Years),94,Switzerland,3,Both,27,Age-standardized,294,All causes,108,High body-mass index,3,Rate,2018,922.2360550067161,1459.704274295499,360.82310811796157
1,All Population,2,DALYs (Disability-Adjusted Life Years),102,United States of America,3,Both,27,Age-standardized,294,All causes,108,High body-mass index,3,Rate,2018,2178.941026258218,3171.9146358476323,1069.5056385793478
1,All Population,2,DALYs (Disability-Adjusted Life Years),154,Tunisia,3,Both,27,Age-standardized,294,All causes,108,High body-mass index,3,Rate,2016,2419.8165991858577,3602.871495766696,1114.6609480138115
1,All Population,2,DALYs (Disability-Adjusted Life Years),181,Madagascar,3,Both,27,Age-standardized,294,All causes,108,High body-mass index,3,Rate,2016,1005.6576301121296,1536.0215971815528,504.69833036528576
1,All Population,2,DALYs (Disability-Adjusted Life Years),91,Portugal,3,Both,27,Age-standardized,294,All causes,108,High body-mass index,3,Rate,2018,1269.8670644343194,1963.979398504192,515.0717140138152
1,All Population,2,DALYs (Disability-Adjusted Life Years),169,Central African Republic,3,Both,27,Age-standardized,294,All causes,108,High body-mass index,3,Rate,2016,1972.0649158537703,3250.9308627344503,1059.3217053454869
1,All Population,2,DALYs (Disability-Adjusted Life Years),163,India,3,Both,27,Age-standardized,294,All causes,108,High body-mass index,3,Rate,2018,1125.7857541172264,1712.2370679809612,542.1543072132982
1,All Population,2,DALYs (Disability-Adjusted Life Years),98,Chile,3,Both,27,Age-standardized,294,All causes,108,High body-mass index,3,Rate,2018,1500.9205439309058,2312.5628612156174,669.34446328764
1,All Population,2,DALYs (Disability-Adjusted Life Years),106,Bahamas,3,Both,27,Age-standardized,294,All causes,108,High body-mass index,3,Rate,2018,3755.2768832718216,5057.085320655215,2325.3079529960937
1,All Population,2,DALYs (Disability-Adjusted Life Years),185,Rwanda,3,Both,27,Age-standardized,294,All causes,108,High body-mass index,3,Rate,2016,889.4068646280813,1377.3966022142185,470.59065167648595
1,All Population,2,DALYs (Disability-Adjusted Life Years),170,Congo,3,Both,27,Age-standardized,294,All causes,108,High body-mass index,3,Rate,2018,1921.4159277817778,2831.6793600147525,1075.110028940605
1,All Population,2,DALYs (Disability-Adjusted Life Years),110,Dominica,3,Both,27,Age-standardized,294,All causes,108,High body-mass index,3,Rate,2018,3170.677540676514,4445.232913434764,1780.77145821769
1,All Population,2,DALYs (Disability-Adjusted Life Years),113,Guyana,3,Both,27,Age-standardized,294,All causes,108,High body-mass index,3,Rate,2018,3745.216277779956,5101.139009478593,2136.4224860607123
1,All Population,2,DALYs (Disability-Adjusted Life Years),111,Dominican Republic,3,Both,27,Age-standardized,294,All causes,108,High body-mass index,3,Rate,2018,2451.6135172696795,3604.1456386022364,1278.7819664383312
1,All Population,2,DALYs (Disability-Adjusted Life Years),201,Burkina Faso,3,Both,27,Age-standardized,294,All causes,108,High body-mass index,3,Rate,2016,751.987991175546,1158.6443915463021,365.184739301136
1,All Population,2,DALYs (Disability-Adjusted Life Years),193,Botswana,3,Both,27,Age-standardized,294,All causes,108,High body-mass index,3,Rate,2016,1797.8771200187382,2740.509830364661,906.7176266701067
1,All Population,2,DALYs (Disability-Adjusted Life Years),173,Gabon,3,Both,27,Age-standardized,294,All causes,108,High body-mass index,3,Rate,2016,2728.894819391005,3914.211233462605,1525.2280502361846
1,All Population,2,DALYs (Disability-Adjusted Life Years),107,Barbados,3,Both,27,Age-standardized,294,All causes,108,High body-mass index,3,Rate,2018,2718.192437776218,3798.844806326715,1424.3194547700798
1,All Population,2,DALYs (Disability-Adjusted Life Years),117,Saint Vincent and the Grenadines,3,Both,27,Age-standardized,294,All causes,108,High body-mass index,3,Rate,2018,2701.7248167554967,3925.145702524958,1506.6675928155134
1,All Population,2,DALYs (Disability-Adjusted Life Years),118,Suriname,3,Both,27,Age-standardized,294,All causes,108,High body-mass index,3,Rate,2018,2456.8161836213408,3648.154279004499,1254.9188827892515
1,All Population,2,DALYs (Disability-Adjusted Life Years),114,Haiti,3,Both,27,Age-standardized,294,All causes,108,High body-mass index,3,Rate,2018,2199.636087853284,3265.188331074556,1061.9479410684185
1,All Population,2,DALYs (Disability-Adjusted Life Years),177,Djibouti,3,Both,27,Age-standardized,294,All causes,108,High body-mass index,3,Rate,2016,709.0194266848249,1103.028907972818,332.46004866597497
1,All Population,2,DALYs (Disability-Adjusted Life Years),205,Côte d'Ivoire,3,Both,27,Age-standardized,294,All causes,108,High body-mass index,3,Rate,2016,1426.4549938286702,2050.7943321569824,750.6351140154387
1,All Population,2,DALYs (Disability-Adjusted Life Years),121,Bolivia (Plurinational State of),3,Both,27,Age-standardized,294,All causes,108,High body-mass index,3,Rate,2018,2504.1475909580395,3519.1595668653686,1315.3829508963042
1,All Population,2,DALYs (Disability-Adjusted Life Years),178,Eritrea,3,Both,27,Age-standardized,294,All causes,108,High body-mass index,3,Rate,2018,935.4901725156326,1446.3508240987107,473.52144936443864
1,All Population,2,DALYs (Disability-Adjusted Life Years),122,Ecuador,3,Both,27,Age-standardized,294,All causes,108,High body-mass index,3,Rate,2018,1831.225494818291,2600.8837716621897,949.597398933184
1,All Population,2,DALYs (Disability-Adjusted Life Years),217,Sierra Leone,3,Both,27,Age-standardized,294,All causes,108,High body-mass index,3,Rate,2016,1365.867641509908,2092.47548451833,692.5433455507314
1,All Population,2,DALYs (Disability-Adjusted Life Years),190,Uganda,3,Both,27,Age-standardized,294,All causes,108,High body-mass index,3,Rate,2016,1127.5172133425463,1775.5505561805076,594.2457217897437
1,All Population,2,DALYs (Disability-Adjusted Life Years),209,Guinea-Bissau,3,Both,27,Age-standardized,294,All causes,108,High body-mass index,3,Rate,2016,1885.6992706293963,2974.9132629329397,959.0700165256505
1,All Population,2,DALYs (Disability-Adjusted Life Years),197,Eswatini,3,Both,27,Age-standardized,294,All causes,108,High body-mass index,3,Rate,2016,3161.650597232201,4437.139813112717,1774.926305526823
1,All Population,2,DALYs (Disability-Adjusted Life Years),125,Colombia,3,Both,27,Age-standardized,294,All causes,108,High body-mass index,3,Rate,2018,1460.4969093678317,2169.8018109411214,676.9985503862578
1,All Population,2,DALYs (Disability-Adjusted Life Years),129,Honduras,3,Both,27,Age-standardized,294,All causes,108,High body-mass index,3,Rate,2018,1852.581023354437,2737.1228045813823,957.8689316504983
1,All Population,2,DALYs (Disability-Adjusted Life Years),182,Malawi,3,Both,27,Age-standardized,294,All causes,108,High body-mass index,3,Rate,2018,1389.39876584563,2070.8607497921193,737.521967926621
1,All Population,2,DALYs (Disability-Adjusted Life Years),130,Mexico,3,Both,27,Age-standardized,294,All causes,108,High body-mass index,3,Rate,2018,3270.6966467359357,4505.619661900274,1787.7956772058137
1,All Population,2,DALYs (Disability-Adjusted Life Years),191,Zambia,3,Both,27,Age-standardized,294,All causes,108,High body-mass index,3,Rate,2018,1860.8262609192225,2615.178793318672,1025.6040389874659
1,All Population,2,DALYs (Disability-Adjusted Life Years),186,Seychelles,3,Both,27,Age-standardized,294,All causes,108,High body-mass index,3,Rate,2018,1967.4258264726993,2824.2081363460793,1143.0779598184056
1,All Population,2,DALYs (Disability-Adjusted Life Years),194,Lesotho,3,Both,27,Age-standardized,294,All causes,108,High body-mass index,3,Rate,2018,2604.461600245215,3800.077760417971,1297.3039691842973
1,All Population,2,DALYs (Disability-Adjusted Life Years),198,Zimbabwe,3,Both,27,Age-standardized,294,All causes,108,High body-mass index,3,Rate,2018,1883.053751440158,2888.8678808096083,1014.6755627505289
1,All Population,2,DALYs (Disability-Adjusted Life Years),133,Venezuela (Bolivarian Republic of),3,Both,27,Age-standardized,294,All causes,108,High body-mass index,3,Rate,2018,2783.092344812875,3971.893053172618,1493.6036467805934
1,All Population,2,DALYs (Disability-Adjusted Life Years),213,Niger,3,Both,27,Age-standardized,294,All causes,108,High body-mass index,3,Rate,2016,982.980048370761,1534.7718192692328,483.2543092825445
1,All Population,2,DALYs (Disability-Adjusted Life Years),126,Costa Rica,3,Both,27,Age-standardized,294,All causes,108,High body-mass index,3,Rate,2018,1844.0827366998424,2658.4364875931506,912.8138983291042
1,All Population,2,DALYs (Disability-Adjusted Life Years),141,Egypt,3,Both,27,Age-standardized,294,All causes,108,High body-mass index,3,Rate,2018,5963.053233290458,8272.249088531045,3269.632978737698
1,All Population,2,DALYs (Disability-Adjusted Life Years),145,Kuwait,3,Both,27,Age-standardized,294,All causes,108,High body-mass index,3,Rate,2018,3453.7696129519795,4897.201460452571,1730.0875015836548
1,All Population,2,DALYs (Disability-Adjusted Life Years),140,Bahrain,3,Both,27,Age-standardized,294,All causes,108,High body-mass index,3,Rate,2018,3671.7485242358252,5218.439137906493,1779.1568340084164
1,All Population,2,DALYs (Disability-Adjusted Life Years),202,Cameroon,3,Both,27,Age-standardized,294,All causes,108,High body-mass index,3,Rate,2018,2521.860154357864,3706.820155872632,1341.4985146747476
1,All Population,2,DALYs (Disability-Adjusted Life Years),148,Morocco,3,Both,27,Age-standardized,294,All causes,108,High body-mass index,3,Rate,2018,3178.2926046375946,4502.239860848378,1652.190643094563
1,All Population,2,DALYs (Disability-Adjusted Life Years),210,Liberia,3,Both,27,Age-standardized,294,All causes,108,High body-mass index,3,Rate,2018,2294.018005627719,3283.185128257942,1189.6394231961478
1,All Population,2,DALYs (Disability-Adjusted Life Years),206,Gambia,3,Both,27,Age-standardized,294,All causes,108,High body-mass index,3,Rate,2018,1642.7857940460178,2432.501427307814,790.3002656992176
1,All Population,2,DALYs (Disability-Adjusted Life Years),369,Nauru,3,Both,27,Age-standardized,294,All causes,108,High body-mass index,3,Rate,2016,11795.770065921399,16050.050634793917,6448.769351287674
1,All Population,2,DALYs (Disability-Adjusted Life Years),153,Syrian Arab Republic,3,Both,27,Age-standardized,294,All causes,108,High body-mass index,3,Rate,2018,3754.963055119302,5436.59760949001,1901.9252564164306
1,All Population,2,DALYs (Disability-Adjusted Life Years),149,Palestine,3,Both,27,Age-standardized,294,All causes,108,High body-mass index,3,Rate,2018,3741.091855436435,5194.822188455369,1959.8015099449483
1,All Population,2,DALYs (Disability-Adjusted Life Years),157,Yemen,3,Both,27,Age-standardized,294,All causes,108,High body-mass index,3,Rate,2018,1946.5572266499885,2895.5781616064673,960.4965237682288
1,All Population,2,DALYs (Disability-Adjusted Life Years),152,Saudi Arabia,3,Both,27,Age-standardized,294,All causes,108,High body-mass index,3,Rate,2018,4452.012106477381,6047.577971327848,2481.949261780803
1,All Population,2,DALYs (Disability-Adjusted Life Years),144,Jordan,3,Both,27,Age-standardized,294,All causes,108,High body-mass index,3,Rate,2018,3448.9579446886873,4774.898243222154,1898.322460298333
1,All Population,2,DALYs (Disability-Adjusted Life Years),214,Nigeria,3,Both,27,Age-standardized,294,All causes,108,High body-mass index,3,Rate,2018,1801.059372417293,2696.951109365217,958.2517361024903
1,All Population,2,DALYs (Disability-Adjusted Life Years),160,Afghanistan,3,Both,27,Age-standardized,294,All causes,108,High body-mass index,3,Rate,2018,2765.980170244697,4044.6691640645795,1361.0095695568211
1,All Population,2,DALYs (Disability-Adjusted Life Years),156,United Arab Emirates,3,Both,27,Age-standardized,294,All causes,108,High body-mass index,3,Rate,2018,2371.4331391645173,3482.837473586183,1122.3173725523006
1,All Population,2,DALYs (Disability-Adjusted Life Years),218,Togo,3,Both,27,Age-standardized,294,All causes,108,High body-mass index,3,Rate,2018,1615.7270556417043,2431.341201121232,852.3488340869222
1,All Population,2,DALYs (Disability-Adjusted Life Years),298,American Samoa,3,Both,27,Age-standardized,294,All causes,108,High body-mass index,3,Rate,2016,5898.047405855336,8006.340115367466,3118.0118411046187
1,All Population,2,DALYs (Disability-Adjusted Life Years),413,Tokelau,3,Both,27,Age-standardized,294,All causes,108,High body-mass index,3,Rate,2016,4925.163588941701,6775.605722476949,2612.645162213693
1,All Population,2,DALYs (Disability-Adjusted Life Years),164,Nepal,3,Both,27,Age-standardized,294,All causes,108,High body-mass index,3,Rate,2018,973.4664450076824,1521.4046342501506,453.8624072985591
1,All Population,2,DALYs (Disability-Adjusted Life Years),161,Bangladesh,3,Both,27,Age-standardized,294,All causes,108,High body-mass index,3,Rate,2018,1157.2686376524784,1851.7739498392673,578.5391236258022
1,All Population,2,DALYs (Disability-Adjusted Life Years),385,Puerto Rico,3,Both,27,Age-standardized,294,All causes,108,High body-mass index,3,Rate,2016,2430.9397301103463,3361.637411550557,1274.4888640343286
1,All Population,2,DALYs (Disability-Adjusted Life Years),171,Democratic Republic of the Congo,3,Both,27,Age-standardized,294,All causes,108,High body-mass index,3,Rate,2018,2247.9880429519353,3354.0927224825978,1276.6960801827597
1,All Population,2,DALYs (Disability-Adjusted Life Years),168,Angola,3,Both,27,Age-standardized,294,All causes,108,High body-mass index,3,Rate,2018,1672.5840721493073,2512.6270279338073,886.23057222459
1,All Population,2,DALYs (Disability-Adjusted Life Years),305,Bermuda,3,Both,27,Age-standardized,294,All causes,108,High body-mass index,3,Rate,2018,1398.1520434444642,2145.6911614072546,647.1314544159751
1,All Population,2,DALYs (Disability-Adjusted Life Years),351,Guam,3,Both,27,Age-standardized,294,All causes,108,High body-mass index,3,Rate,2016,2999.1124828211414,4204.357243582629,1655.0541838757513
1,All Population,2,DALYs (Disability-Adjusted Life Years),176,Comoros,3,Both,27,Age-standardized,294,All causes,108,High body-mass index,3,Rate,2018,965.2706740037722,1474.0588515806614,481.23996467121617
1,All Population,2,DALYs (Disability-Adjusted Life Years),180,Kenya,3,Both,27,Age-standardized,294,All causes,108,High body-mass index,3,Rate,2018,1048.0796402344579,1555.6430625630926,558.4840463382743
1,All Population,2,DALYs (Disability-Adjusted Life Years),175,Burundi,3,Both,27,Age-standardized,294,All causes,108,High body-mass index,3,Rate,2018,742.5722211107875,1178.4936195364635,367.5313892452313
1,All Population,2,DALYs (Disability-Adjusted Life Years),172,Equatorial Guinea,3,Both,27,Age-standardized,294,All causes,108,High body-mass index,3,Rate,2018,2518.2915878498998,3676.841384906368,1384.1349556491919
1,All Population,2,DALYs (Disability-Adjusted Life Years),374,Niue,3,Both,27,Age-standardized,294,All causes,108,High body-mass index,3,Rate,2018,5914.0666249572705,8086.229651166429,3111.107742214141
1,All Population,2,DALYs (Disability-Adjusted Life Years),183,Mauritius,3,Both,27,Age-standardized,294,All causes,108,High body-mass index,3,Rate,2018,3391.0888216956114,4880.135068361317,1789.8349117197704
1,All Population,2,DALYs (Disability-Adjusted Life Years),187,Somalia,3,Both,27,Age-standardized,294,All causes,108,High body-mass index,3,Rate,2018,748.8773042635456,1210.7014677643108,353.75468804951464
1,All Population,2,DALYs (Disability-Adjusted Life Years),393,Saint Kitts and Nevis,3,Both,27,Age-standardized,294,All causes,108,High body-mass index,3,Rate,2018,2653.2984596997685,3881.4853947938486,1409.5457857948466
1,All Population,2,DALYs (Disability-Adjusted Life Years),416,Tuvalu,3,Both,27,Age-standardized,294,All causes,108,High body-mass index,3,Rate,2018,7833.343061502782,10779.377360896782,4204.633253923025
1,All Population,2,DALYs (Disability-Adjusted Life Years),435,South Sudan,3,Both,27,Age-standardized,294,All causes,108,High body-mass index,3,Rate,2018,1133.974325014591,1706.7476806310794,629.2462619098153
1,All Population,2,DALYs (Disability-Adjusted Life Years),195,Namibia,3,Both,27,Age-standardized,294,All causes,108,High body-mass index,3,Rate,2018,1968.4027730433852,2908.3328378899714,1049.0853412641836
1,All Population,2,DALYs (Disability-Adjusted Life Years),179,Ethiopia,3,Both,27,Age-standardized,294,All causes,108,High body-mass index,3,Rate,2018,656.1774245442954,970.1504474247351,335.60009759291125
1,All Population,2,DALYs (Disability-Adjusted Life Years),184,Mozambique,3,Both,27,Age-standardized,294,All causes,108,High body-mass index,3,Rate,2018,891.3217177218806,1364.6138190451043,461.1805617507024
1,All Population,2,DALYs (Disability-Adjusted Life Years),207,Ghana,3,Both,27,Age-standardized,294,All causes,108,High body-mass index,3,Rate,2018,2096.5187769591707,3083.5781961745074,1099.1347041092722
1,All Population,2,DALYs (Disability-Adjusted Life Years),189,United Republic of Tanzania,3,Both,27,Age-standardized,294,All causes,108,High body-mass index,3,Rate,2018,1201.2620927846772,1787.9500878875638,633.2619809615841
1,All Population,2,DALYs (Disability-Adjusted Life Years),200,Benin,3,Both,27,Age-standardized,294,All causes,108,High body-mass index,3,Rate,2018,1388.721788313461,2114.3706973489757,708.1204940415575
1,All Population,2,DALYs (Disability-Adjusted Life Years),204,Chad,3,Both,27,Age-standardized,294,All causes,108,High body-mass index,3,Rate,2018,1856.8005089067353,2861.0601133334285,980.0147855968216
1,All Population,2,DALYs (Disability-Adjusted Life Years),196,South Africa,3,Both,27,Age-standardized,294,All causes,108,High body-mass index,3,Rate,2018,3332.4988031791145,4704.048301427412,1831.9418409194884
1,All Population,2,DALYs (Disability-Adjusted Life Years),203,Cabo Verde,3,Both,27,Age-standardized,294,All causes,108,High body-mass index,3,Rate,2018,1493.6422506176978,2200.949448665793,742.1915198398711
1,All Population,2,DALYs (Disability-Adjusted Life Years),216,Senegal,3,Both,27,Age-standardized,294,All causes,108,High body-mass index,3,Rate,2018,1311.0412357386488,2000.1715973148853,665.7011974615449
1,All Population,2,DALYs (Disability-Adjusted Life Years),208,Guinea,3,Both,27,Age-standardized,294,All causes,108,High body-mass index,3,Rate,2018,1426.0922677241163,2137.071272824683,699.1149163343546
1,All Population,2,DALYs (Disability-Adjusted Life Years),211,Mali,3,Both,27,Age-standardized,294,All causes,108,High body-mass index,3,Rate,2018,1804.6008531453858,2653.5686168000316,976.677257682838
1,All Population,2,DALYs (Disability-Adjusted Life Years),212,Mauritania,3,Both,27,Age-standardized,294,All causes,108,High body-mass index,3,Rate,2018,2308.4191644593707,3405.682800754717,1243.507452447834
1,All Population,2,DALYs (Disability-Adjusted Life Years),215,Sao Tome and Principe,3,Both,27,Age-standardized,294,All causes,108,High body-mass index,3,Rate,2018,1683.0223643031932,2487.4145280210305,841.8259539545578
1,All Population,2,DALYs (Disability-Adjusted Life Years),349,Greenland,3,Both,27,Age-standardized,294,All causes,108,High body-mass index,3,Rate,2018,1954.2840883762915,3023.235541497504,872.9209138901829
1,All Population,2,DALYs (Disability-Adjusted Life Years),522,Sudan,3,Both,27,Age-standardized,294,All causes,108,High body-mass index,3,Rate,2018,2826.4221886412242,4117.388470827072,1466.1556788919893
1,All Population,2,DALYs (Disability-Adjusted Life Years),320,Cook Islands,3,Both,27,Age-standardized,294,All causes,108,High body-mass index,3,Rate,2018,6283.403304410852,8241.493013425808,3631.518832488058
1,All Population,2,DALYs (Disability-Adjusted Life Years),7,Democratic People's Republic of Korea,3,Both,27,Age-standardized,294,All causes,108,High body-mass index,3,Rate,2017,1173.573183288462,1892.3420744981206,553.0286738783245
1,All Population,2,DALYs (Disability-Adjusted Life Years),19,Timor-Leste,3,Both,27,Age-standardized,294,All causes,108,High body-mass index,3,Rate,2017,595.0635413820913,948.2782259882964,294.1096116603261
1,All Population,2,DALYs (Disability-Adjusted Life Years),396,San Marino,3,Both,27,Age-standardized,294,All causes,108,High body-mass index,3,Rate,2018,897.5647937606957,1475.4205909751165,336.2052504178785
1,All Population,2,DALYs (Disability-Adjusted Life Years),11,Indonesia,3,Both,27,Age-standardized,294,All causes,108,High body-mass index,3,Rate,2017,1298.3712262238384,1992.2485514017546,631.5498631580617
1,All Population,2,DALYs (Disability-Adjusted Life Years),23,Kiribati,3,Both,27,Age-standardized,294,All causes,108,High body-mass index,3,Rate,2017,4387.648709073607,6202.52945266314,2266.0358461063292
1,All Population,2,DALYs (Disability-Adjusted Life Years),367,Monaco,3,Both,27,Age-standardized,294,All causes,108,High body-mass index,3,Rate,2018,1294.667202512383,2092.031449943585,497.9452752575734
1,All Population,2,DALYs (Disability-Adjusted Life Years),422,United States Virgin Islands,3,Both,27,Age-standardized,294,All causes,108,High body-mass index,3,Rate,2018,2500.6689109488457,3472.1997086983333,1406.4691469463348
1,All Population,2,DALYs (Disability-Adjusted Life Years),376,Northern Mariana Islands,3,Both,27,Age-standardized,294,All causes,108,High body-mass index,3,Rate,2018,4281.8656104525035,6069.685145045383,2164.2190992127857
1,All Population,2,DALYs (Disability-Adjusted Life Years),380,Palau,3,Both,27,Age-standardized,294,All causes,108,High body-mass index,3,Rate,2018,4703.379438414258,6752.262719620153,2299.8364699603003
1,All Population,2,DALYs (Disability-Adjusted Life Years),15,Myanmar,3,Both,27,Age-standardized,294,All causes,108,High body-mass index,3,Rate,2017,1403.8921351099336,2111.045984681041,724.2759806709267
1,All Population,2,DALYs (Disability-Adjusted Life Years),12,Lao People's Democratic Republic,3,Both,27,Age-standardized,294,All causes,108,High body-mass index,3,Rate,2019,1254.9946547738919,1895.6622709950038,664.9630448483001
1,All Population,2,DALYs (Disability-Adjusted Life Years),8,Taiwan,3,Both,27,Age-standardized,294,All causes,108,High body-mass index,3,Rate,2019,1167.7730802973076,1848.808527559595,512.3320315648573
1,All Population,2,DALYs (Disability-Adjusted Life Years),16,Philippines,3,Both,27,Age-standardized,294,All causes,108,High body-mass index,3,Rate,2019,1669.8632251125678,2473.2463037086623,855.2901742707592
1,All Population,2,DALYs (Disability-Adjusted Life Years),20,Viet Nam,3,Both,27,Age-standardized,294,All causes,108,High body-mass index,3,Rate,2019,613.5718527086609,938.036318868625,309.3525628848307
1,All Population,2,DALYs (Disability-Adjusted Life Years),27,Samoa,3,Both,27,Age-standardized,294,All causes,108,High body-mass index,3,Rate,2017,4901.2477714920105,6774.70731087742,2574.7266160404665
1,All Population,2,DALYs (Disability-Adjusted Life Years),24,Marshall Islands,3,Both,27,Age-standardized,294,All causes,108,High body-mass index,3,Rate,2019,8421.189346352707,11868.26353179782,4689.028532847832
1,All Population,2,DALYs (Disability-Adjusted Life Years),28,Solomon Islands,3,Both,27,Age-standardized,294,All causes,108,High body-mass index,3,Rate,2019,6037.756355844944,8836.371198485293,2823.80758037854
1,All Population,2,DALYs (Disability-Adjusted Life Years),81,Germany,3,Both,27,Age-standardized,294,All causes,108,High body-mass index,3,Rate,2017,1323.419838194033,2063.879697596408,555.1727046143606
1,All Population,2,DALYs (Disability-Adjusted Life Years),69,Singapore,3,Both,27,Age-standardized,294,All causes,108,High body-mass index,3,Rate,2017,822.9730396109519,1259.4536192941512,371.26593384681814
1,All Population,2,DALYs (Disability-Adjusted Life Years),88,Malta,3,Both,27,Age-standardized,294,All causes,108,High body-mass index,3,Rate,2017,1319.4734615250986,2104.5846569777796,537.8357787531402
1,All Population,2,DALYs (Disability-Adjusted Life Years),92,Spain,3,Both,27,Age-standardized,294,All causes,108,High body-mass index,3,Rate,2017,1177.8796583060123,1830.7905756975913,475.4636932565652
1,All Population,2,DALYs (Disability-Adjusted Life Years),77,Cyprus,3,Both,27,Age-standardized,294,All causes,108,High body-mass index,3,Rate,2017,1578.5924894545033,2457.0782485826094,683.0164782561907
1,All Population,2,DALYs (Disability-Adjusted Life Years),13,Malaysia,3,Both,27,Age-standardized,294,All causes,108,High body-mass index,3,Rate,2019,1435.0972813607798,2302.4456613927246,646.2872298115738
1,All Population,2,DALYs (Disability-Adjusted Life Years),6,China,3,Both,27,Age-standardized,294,All causes,108,High body-mass index,3,Rate,2019,746.4231220616554,1184.0616971285408,333.7555544728784
1,All Population,2,DALYs (Disability-Adjusted Life Years),10,Cambodia,3,Both,27,Age-standardized,294,All causes,108,High body-mass index,3,Rate,2019,850.680497048095,1299.671848881047,420.42651473030185
1,All Population,2,DALYs (Disability-Adjusted Life Years),66,Brunei Darussalam,3,Both,27,Age-standardized,294,All causes,108,High body-mass index,3,Rate,2019,2191.7584435633057,3257.6411621167867,1032.1466041283857
1,All Population,2,DALYs (Disability-Adjusted Life Years),74,Andorra,3,Both,27,Age-standardized,294,All causes,108,High body-mass index,3,Rate,2019,1001.0109734047044,1636.4413150927535,398.1782522094758
1,All Population,2,DALYs (Disability-Adjusted Life Years),18,Thailand,3,Both,27,Age-standardized,294,All causes,108,High body-mass index,3,Rate,2019,1052.9142052968457,1643.8462949099855,435.81633038120265
1,All Population,2,DALYs (Disability-Adjusted Life Years),22,Fiji,3,Both,27,Age-standardized,294,All causes,108,High body-mass index,3,Rate,2019,7700.20206532936,10570.766169798444,3949.2034998791232
1,All Population,2,DALYs (Disability-Adjusted Life Years),25,Micronesia (Federated States of),3,Both,27,Age-standardized,294,All causes,108,High body-mass index,3,Rate,2019,7610.276008163756,10294.126994053677,4045.6191633697513
1,All Population,2,DALYs (Disability-Adjusted Life Years),17,Sri Lanka,3,Both,27,Age-standardized,294,All causes,108,High body-mass index,3,Rate,2019,1418.465296214504,2192.450230409544,675.0736617977485
1,All Population,2,DALYs (Disability-Adjusted Life Years),78,Denmark,3,Both,27,Age-standardized,294,All causes,108,High body-mass index,3,Rate,2019,1002.2964559799852,1638.2013367931343,391.9200315885758
1,All Population,2,DALYs (Disability-Adjusted Life Years),14,Maldives,3,Both,27,Age-standardized,294,All causes,108,High body-mass index,3,Rate,2019,1287.1975829735788,1955.6412842915122,629.4872457074666
1,All Population,2,DALYs (Disability-Adjusted Life Years),30,Vanuatu,3,Both,27,Age-standardized,294,All causes,108,High body-mass index,3,Rate,2019,3997.9648499482596,5805.496050672043,2072.610237726624
1,All Population,2,DALYs (Disability-Adjusted Life Years),82,Greece,3,Both,27,Age-standardized,294,All causes,108,High body-mass index,3,Rate,2019,1457.6151299445585,2230.132736624427,616.4674735777204
1,All Population,2,DALYs (Disability-Adjusted Life Years),26,Papua New Guinea,3,Both,27,Age-standardized,294,All causes,108,High body-mass index,3,Rate,2019,2890.5643563720573,4274.949331510915,1412.4144080170677
1,All Population,2,DALYs (Disability-Adjusted Life Years),85,Israel,3,Both,27,Age-standardized,294,All causes,108,High body-mass index,3,Rate,2019,1247.919096323576,1919.0109842605302,519.4108547571427
1,All Population,2,DALYs (Disability-Adjusted Life Years),29,Tonga,3,Both,27,Age-standardized,294,All causes,108,High body-mass index,3,Rate,2019,5573.455697379125,7606.930652438417,2872.391290382175
1,All Population,2,DALYs (Disability-Adjusted Life Years),93,Sweden,3,Both,27,Age-standardized,294,All causes,108,High body-mass index,3,Rate,2019,1035.2687594346287,1669.4040244556359,445.1621653422668
1,All Population,2,DALYs (Disability-Adjusted Life Years),89,Netherlands,3,Both,27,Age-standardized,294,All causes,108,High body-mass index,3,Rate,2019,980.3513854885116,1525.4569209340234,377.89612471106693
1,All Population,2,DALYs (Disability-Adjusted Life Years),97,Argentina,3,Both,27,Age-standardized,294,All causes,108,High body-mass index,3,Rate,2019,1878.4323196055636,2803.80848814137,883.8097686288941
1,All Population,2,DALYs (Disability-Adjusted Life Years),67,Japan,3,Both,27,Age-standardized,294,All causes,108,High body-mass index,3,Rate,2019,644.6302013655401,1065.889767465901,257.78113718258265
1,All Population,2,DALYs (Disability-Adjusted Life Years),101,Canada,3,Both,27,Age-standardized,294,All causes,108,High body-mass index,3,Rate,2019,1171.3906420400692,1852.8318609287285,493.3885155021036
1,All Population,2,DALYs (Disability-Adjusted Life Years),71,Australia,3,Both,27,Age-standardized,294,All causes,108,High body-mass index,3,Rate,2019,1207.5610290261834,1973.4653526576592,476.33184503763385
1,All Population,2,DALYs (Disability-Adjusted Life Years),68,Republic of Korea,3,Both,27,Age-standardized,294,All causes,108,High body-mass index,3,Rate,2019,665.5000761372951,1075.4747643477992,266.5082350108233
1,All Population,2,DALYs (Disability-Adjusted Life Years),72,New Zealand,3,Both,27,Age-standardized,294,All causes,108,High body-mass index,3,Rate,2019,1571.8143473641949,2418.8343132899486,653.1758742740136
1,All Population,2,DALYs (Disability-Adjusted Life Years),76,Belgium,3,Both,27,Age-standardized,294,All causes,108,High body-mass index,3,Rate,2019,974.8838821640094,1589.0662018059832,367.2261196485511
1,All Population,2,DALYs (Disability-Adjusted Life Years),105,Antigua and Barbuda,3,Both,27,Age-standardized,294,All causes,108,High body-mass index,3,Rate,2019,2635.91570434898,3699.7414992225877,1489.4113857508737
1,All Population,2,DALYs (Disability-Adjusted Life Years),75,Austria,3,Both,27,Age-standardized,294,All causes,108,High body-mass index,3,Rate,2019,1131.1870386328949,1808.5608294167284,485.62374482147277
1,All Population,2,DALYs (Disability-Adjusted Life Years),80,France,3,Both,27,Age-standardized,294,All causes,108,High body-mass index,3,Rate,2019,961.4200821580703,1540.9080365599164,364.38646684310504
1,All Population,2,DALYs (Disability-Adjusted Life Years),109,Cuba,3,Both,27,Age-standardized,294,All causes,108,High body-mass index,3,Rate,2019,1702.432652888506,2563.2473407984803,855.423796261422
1,All Population,2,DALYs (Disability-Adjusted Life Years),83,Iceland,3,Both,27,Age-standardized,294,All causes,108,High body-mass index,3,Rate,2019,1079.8913949783387,1769.4939955113107,412.93431262767854
1,All Population,2,DALYs (Disability-Adjusted Life Years),79,Finland,3,Both,27,Age-standardized,294,All causes,108,High body-mass index,3,Rate,2019,1319.477629465432,2001.0286665119286,596.8798959988796
1,All Population,2,DALYs (Disability-Adjusted Life Years),112,Grenada,3,Both,27,Age-standardized,294,All causes,108,High body-mass index,3,Rate,2019,2766.6994795492906,3915.2070203778353,1507.758613607551
1,All Population,2,DALYs (Disability-Adjusted Life Years),84,Ireland,3,Both,27,Age-standardized,294,All causes,108,High body-mass index,3,Rate,2019,1099.1196820738376,1769.763025929973,422.56602860147837
1,All Population,2,DALYs (Disability-Adjusted Life Years),115,Jamaica,3,Both,27,Age-standardized,294,All causes,108,High body-mass index,3,Rate,2017,2307.739255208735,3476.374278856081,1253.4478011128854
1,All Population,2,DALYs (Disability-Adjusted Life Years),123,Peru,3,Both,27,Age-standardized,294,All causes,108,High body-mass index,3,Rate,2017,1243.0057658402088,1845.3653666165123,592.961119528618
1,All Population,2,DALYs (Disability-Adjusted Life Years),108,Belize,3,Both,27,Age-standardized,294,All causes,108,High body-mass index,3,Rate,2017,3072.6629170945,4278.9998686991585,1691.0828722500632
1,All Population,2,DALYs (Disability-Adjusted Life Years),116,Saint Lucia,3,Both,27,Age-standardized,294,All causes,108,High body-mass index,3,Rate,2019,2603.747285844722,3602.0654475033957,1377.9042212486559
1,All Population,2,DALYs (Disability-Adjusted Life Years),87,Luxembourg,3,Both,27,Age-standardized,294,All causes,108,High body-mass index,3,Rate,2019,1025.5680484446202,1611.9955091087459,411.3163170840089
1,All Population,2,DALYs (Disability-Adjusted Life Years),90,Norway,3,Both,27,Age-standardized,294,All causes,108,High body-mass index,3,Rate,2019,913.5213670844472,1493.2894218330985,356.0364608693694
1,All Population,2,DALYs (Disability-Adjusted Life Years),91,Portugal,3,Both,27,Age-standardized,294,All causes,108,High body-mass index,3,Rate,2019,1263.664213309172,1968.642027865895,514.2021277447041
1,All Population,2,DALYs (Disability-Adjusted Life Years),86,Italy,3,Both,27,Age-standardized,294,All causes,108,High body-mass index,3,Rate,2019,1086.65525280697,1727.1916578458365,465.4712780082488
1,All Population,2,DALYs (Disability-Adjusted Life Years),119,Trinidad and Tobago,3,Both,27,Age-standardized,294,All causes,108,High body-mass index,3,Rate,2017,3961.4682777088456,5568.310634362919,2057.8066154380813
1,All Population,2,DALYs (Disability-Adjusted Life Years),94,Switzerland,3,Both,27,Age-standardized,294,All causes,108,High body-mass index,3,Rate,2019,917.0996424136213,1453.3934838371738,360.49868662693456
1,All Population,2,DALYs (Disability-Adjusted Life Years),132,Panama,3,Both,27,Age-standardized,294,All causes,108,High body-mass index,3,Rate,2019,2075.0510392995106,3040.448176314909,1061.926161295612
1,All Population,2,DALYs (Disability-Adjusted Life Years),128,Guatemala,3,Both,27,Age-standardized,294,All causes,108,High body-mass index,3,Rate,2019,2939.4344346809667,4061.617908150904,1544.7621118282361
1,All Population,2,DALYs (Disability-Adjusted Life Years),99,Uruguay,3,Both,27,Age-standardized,294,All causes,108,High body-mass index,3,Rate,2019,1559.6610477074437,2386.1739728402536,676.8753847991702
1,All Population,2,DALYs (Disability-Adjusted Life Years),95,United Kingdom,3,Both,27,Age-standardized,294,All causes,108,High body-mass index,3,Rate,2019,1307.206446442884,2068.5538487529784,538.9655217629686
1,All Population,2,DALYs (Disability-Adjusted Life Years),98,Chile,3,Both,27,Age-standardized,294,All causes,108,High body-mass index,3,Rate,2019,1494.9867972588113,2302.4584448917676,659.4461294412843
1,All Population,2,DALYs (Disability-Adjusted Life Years),102,United States of America,3,Both,27,Age-standardized,294,All causes,108,High body-mass index,3,Rate,2019,2180.5346909798463,3157.3833609243484,1071.7486143466547
1,All Population,2,DALYs (Disability-Adjusted Life Years),136,Paraguay,3,Both,27,Age-standardized,294,All causes,108,High body-mass index,3,Rate,2019,2712.807628214682,3838.3473346134374,1419.9684073150213
1,All Population,2,DALYs (Disability-Adjusted Life Years),106,Bahamas,3,Both,27,Age-standardized,294,All causes,108,High body-mass index,3,Rate,2019,3912.8088335378334,5255.570813337281,2406.116835403904
1,All Population,2,DALYs (Disability-Adjusted Life Years),107,Barbados,3,Both,27,Age-standardized,294,All causes,108,High body-mass index,3,Rate,2019,2769.5276547911917,3898.7609540949265,1478.3360636422294
1,All Population,2,DALYs (Disability-Adjusted Life Years),139,Algeria,3,Both,27,Age-standardized,294,All causes,108,High body-mass index,3,Rate,2019,2765.344737216586,3951.039716982452,1445.5692660471432
1,All Population,2,DALYs (Disability-Adjusted Life Years),110,Dominica,3,Both,27,Age-standardized,294,All causes,108,High body-mass index,3,Rate,2019,3200.3507790905965,4512.4152260155615,1818.0690357609615
1,All Population,2,DALYs (Disability-Adjusted Life Years),111,Dominican Republic,3,Both,27,Age-standardized,294,All causes,108,High body-mass index,3,Rate,2019,2520.2445884610106,3717.7028525102824,1326.9796306884493
1,All Population,2,DALYs (Disability-Adjusted Life Years),143,Iraq,3,Both,27,Age-standardized,294,All causes,108,High body-mass index,3,Rate,2019,4253.464720421769,6120.743124633169,2119.989047948283
1,All Population,2,DALYs (Disability-Adjusted Life Years),113,Guyana,3,Both,27,Age-standardized,294,All causes,108,High body-mass index,3,Rate,2019,3869.5730323898683,5335.402082035782,2182.1128600768207
1,All Population,2,DALYs (Disability-Adjusted Life Years),114,Haiti,3,Both,27,Age-standardized,294,All causes,108,High body-mass index,3,Rate,2019,2252.5610561920316,3313.6626367881445,1114.4806123274338
1,All Population,2,DALYs (Disability-Adjusted Life Years),147,Libya,3,Both,27,Age-standardized,294,All causes,108,High body-mass index,3,Rate,2019,3746.052737458319,5316.729662701825,1928.5958053739141
1,All Population,2,DALYs (Disability-Adjusted Life Years),117,Saint Vincent and the Grenadines,3,Both,27,Age-standardized,294,All causes,108,High body-mass index,3,Rate,2019,2754.1562309618275,4012.4222382224366,1553.9108645223507
1,All Population,2,DALYs (Disability-Adjusted Life Years),146,Lebanon,3,Both,27,Age-standardized,294,All causes,108,High body-mass index,3,Rate,2017,2034.76218254618,3012.5158088997036,912.6070696815689
1,All Population,2,DALYs (Disability-Adjusted Life Years),151,Qatar,3,Both,27,Age-standardized,294,All causes,108,High body-mass index,3,Rate,2019,2813.6278228213273,3970.7435497883234,1305.6752571813865
1,All Population,2,DALYs (Disability-Adjusted Life Years),127,El Salvador,3,Both,27,Age-standardized,294,All causes,108,High body-mass index,3,Rate,2017,2663.56124325745,3737.49713069468,1438.1112785401447
1,All Population,2,DALYs (Disability-Adjusted Life Years),131,Nicaragua,3,Both,27,Age-standardized,294,All causes,108,High body-mass index,3,Rate,2017,2398.2229699854147,3288.7796432411783,1288.878241098801
1,All Population,2,DALYs (Disability-Adjusted Life Years),150,Oman,3,Both,27,Age-standardized,294,All causes,108,High body-mass index,3,Rate,2017,3420.061248705144,4793.272589721563,1843.4900732693673
1,All Population,2,DALYs (Disability-Adjusted Life Years),122,Ecuador,3,Both,27,Age-standardized,294,All causes,108,High body-mass index,3,Rate,2019,1867.4308234436849,2642.8389585433224,972.0360383400831
1,All Population,2,DALYs (Disability-Adjusted Life Years),121,Bolivia (Plurinational State of),3,Both,27,Age-standardized,294,All causes,108,High body-mass index,3,Rate,2019,2517.002083947551,3509.8643312387658,1337.011918306776
1,All Population,2,DALYs (Disability-Adjusted Life Years),118,Suriname,3,Both,27,Age-standardized,294,All causes,108,High body-mass index,3,Rate,2019,2486.2479026567776,3701.937820197193,1278.4889639688465
1,All Population,2,DALYs (Disability-Adjusted Life Years),126,Costa Rica,3,Both,27,Age-standardized,294,All causes,108,High body-mass index,3,Rate,2019,1891.2618916539034,2700.227013013325,950.9111843098491
1,All Population,2,DALYs (Disability-Adjusted Life Years),142,Iran (Islamic Republic of),3,Both,27,Age-standardized,294,All causes,108,High body-mass index,3,Rate,2017,2319.170207285156,3359.5289632227923,1118.5761693415172
1,All Population,2,DALYs (Disability-Adjusted Life Years),125,Colombia,3,Both,27,Age-standardized,294,All causes,108,High body-mass index,3,Rate,2019,1468.9411460328477,2180.6499874018073,674.4144530806798
1,All Population,2,DALYs (Disability-Adjusted Life Years),162,Bhutan,3,Both,27,Age-standardized,294,All causes,108,High body-mass index,3,Rate,2017,1697.6270777972456,2517.2044660615506,841.0072416706851
1,All Population,2,DALYs (Disability-Adjusted Life Years),129,Honduras,3,Both,27,Age-standardized,294,All causes,108,High body-mass index,3,Rate,2019,1863.0146377728047,2765.2092326877228,979.7877240241323
1,All Population,2,DALYs (Disability-Adjusted Life Years),155,Türkiye,3,Both,27,Age-standardized,294,All causes,108,High body-mass index,3,Rate,2019,2535.1587886975544,3589.163728220348,1222.8071722809525
1,All Population,2,DALYs (Disability-Adjusted Life Years),169,Central African Republic,3,Both,27,Age-standardized,294,All causes,108,High body-mass index,3,Rate,2017,2008.4121221093678,3290.3730624552168,1062.8824488257746
1,All Population,2,DALYs (Disability-Adjusted Life Years),135,Brazil,3,Both,27,Age-standardized,294,All causes,108,High body-mass index,3,Rate,2017,1834.9844131828652,2675.1472832719837,874.5434968836306
1,All Population,2,DALYs (Disability-Adjusted Life Years),130,Mexico,3,Both,27,Age-standardized,294,All causes,108,High body-mass index,3,Rate,2019,3304.296527323397,4535.434002119311,1817.4769197025298
1,All Population,2,DALYs (Disability-Adjusted Life Years),154,Tunisia,3,Both,27,Age-standardized,294,All causes,108,High body-mass index,3,Rate,2017,2438.8968603557446,3635.8721863324695,1127.9426082756338
1,All Population,2,DALYs (Disability-Adjusted Life Years),133,Venezuela (Bolivarian Republic of),3,Both,27,Age-standardized,294,All causes,108,High body-mass index,3,Rate,2019,2851.1334725418856,4069.0394178060988,1547.8871840748513
1,All Population,2,DALYs (Disability-Adjusted Life Years),163,India,3,Both,27,Age-standardized,294,All causes,108,High body-mass index,3,Rate,2019,1116.7037461542516,1667.5965897645779,530.8583550766259
1,All Population,2,DALYs (Disability-Adjusted Life Years),173,Gabon,3,Both,27,Age-standardized,294,All causes,108,High body-mass index,3,Rate,2017,2718.6242648875623,3847.363606915001,1535.3206013022836
1,All Population,2,DALYs (Disability-Adjusted Life Years),165,Pakistan,3,Both,27,Age-standardized,294,All causes,108,High body-mass index,3,Rate,2017,1791.7865022136791,2732.217340495829,892.6584054100512
1,All Population,2,DALYs (Disability-Adjusted Life Years),140,Bahrain,3,Both,27,Age-standardized,294,All causes,108,High body-mass index,3,Rate,2019,3691.348057003759,5315.874433353762,1795.361033074363
1,All Population,2,DALYs (Disability-Adjusted Life Years),170,Congo,3,Both,27,Age-standardized,294,All causes,108,High body-mass index,3,Rate,2019,1972.6610627219236,2926.6958297575266,1080.985593856722
1,All Population,2,DALYs (Disability-Adjusted Life Years),178,Eritrea,3,Both,27,Age-standardized,294,All causes,108,High body-mass index,3,Rate,2019,955.1803995923726,1488.61215275782,488.49942289482027
1,All Population,2,DALYs (Disability-Adjusted Life Years),144,Jordan,3,Both,27,Age-standardized,294,All causes,108,High body-mass index,3,Rate,2019,3429.068011236255,4757.699533249646,1885.8736353473532
1,All Population,2,DALYs (Disability-Adjusted Life Years),185,Rwanda,3,Both,27,Age-standardized,294,All causes,108,High body-mass index,3,Rate,2017,910.4882880189904,1411.681686031736,477.9795457935421
1,All Population,2,DALYs (Disability-Adjusted Life Years),145,Kuwait,3,Both,27,Age-standardized,294,All causes,108,High body-mass index,3,Rate,2019,3479.3228766382445,4899.652127728865,1745.5185666878908
1,All Population,2,DALYs (Disability-Adjusted Life Years),148,Morocco,3,Both,27,Age-standardized,294,All causes,108,High body-mass index,3,Rate,2019,3235.4803709723524,4562.603971327875,1706.3188858110846
1,All Population,2,DALYs (Disability-Adjusted Life Years),193,Botswana,3,Both,27,Age-standardized,294,All causes,108,High body-mass index,3,Rate,2017,1800.1304771280757,2695.9296873088597,908.2659099857875
1,All Population,2,DALYs (Disability-Adjusted Life Years),141,Egypt,3,Both,27,Age-standardized,294,All causes,108,High body-mass index,3,Rate,2019,5936.1534410104705,8144.018230323628,3319.2707724758825
1,All Population,2,DALYs (Disability-Adjusted Life Years),182,Malawi,3,Both,27,Age-standardized,294,All causes,108,High body-mass index,3,Rate,2019,1421.6693019341858,2108.0236315977463,762.8850595224029
1,All Population,2,DALYs (Disability-Adjusted Life Years),186,Seychelles,3,Both,27,Age-standardized,294,All causes,108,High body-mass index,3,Rate,2019,1933.009986423112,2757.7177389877124,1143.5142960357507
1,All Population,2,DALYs (Disability-Adjusted Life Years),190,Uganda,3,Both,27,Age-standardized,294,All causes,108,High body-mass index,3,Rate,2017,1135.3514233570827,1718.5075145850044,602.0731358121162
1,All Population,2,DALYs (Disability-Adjusted Life Years),152,Saudi Arabia,3,Both,27,Age-standardized,294,All causes,108,High body-mass index,3,Rate,2019,4587.218471974978,6254.824911666652,2574.761957269478
1,All Population,2,DALYs (Disability-Adjusted Life Years),205,Côte d'Ivoire,3,Both,27,Age-standardized,294,All causes,108,High body-mass index,3,Rate,2017,1443.6960666349366,2078.228083172062,757.6209967796859
1,All Population,2,DALYs (Disability-Adjusted Life Years),177,Djibouti,3,Both,27,Age-standardized,294,All causes,108,High body-mass index,3,Rate,2017,734.4978838154939,1142.758977329088,341.6701984615046
1,All Population,2,DALYs (Disability-Adjusted Life Years),149,Palestine,3,Both,27,Age-standardized,294,All causes,108,High body-mass index,3,Rate,2019,3783.9298750762473,5253.068187896245,1985.3301835622904
1,All Population,2,DALYs (Disability-Adjusted Life Years),156,United Arab Emirates,3,Both,27,Age-standardized,294,All causes,108,High body-mass index,3,Rate,2019,2392.079336901124,3510.7892604017657,1134.3532696500433
1,All Population,2,DALYs (Disability-Adjusted Life Years),191,Zambia,3,Both,27,Age-standardized,294,All causes,108,High body-mass index,3,Rate,2019,1890.020295382509,2652.797084033688,1042.2844497504739
1,All Population,2,DALYs (Disability-Adjusted Life Years),157,Yemen,3,Both,27,Age-standardized,294,All causes,108,High body-mass index,3,Rate,2019,2020.1815254282571,3011.880276075688,1010.2887358532847
1,All Population,2,DALYs (Disability-Adjusted Life Years),153,Syrian Arab Republic,3,Both,27,Age-standardized,294,All causes,108,High body-mass index,3,Rate,2019,3784.3793726907443,5458.078923156266,1951.8714315825491
1,All Population,2,DALYs (Disability-Adjusted Life Years),160,Afghanistan,3,Both,27,Age-standardized,294,All causes,108,High body-mass index,3,Rate,2019,2776.510666884983,4099.843064420559,1382.2897875042433
1,All Population,2,DALYs (Disability-Adjusted Life Years),209,Guinea-Bissau,3,Both,27,Age-standardized,294,All causes,108,High body-mass index,3,Rate,2017,1923.7254178046924,3048.42155833112,988.9881847217647
1,All Population,2,DALYs (Disability-Adjusted Life Years),181,Madagascar,3,Both,27,Age-standardized,294,All causes,108,High body-mass index,3,Rate,2017,1020.3560829450897,1570.5644567299903,514.889494236669
1,All Population,2,DALYs (Disability-Adjusted Life Years),161,Bangladesh,3,Both,27,Age-standardized,294,All causes,108,High body-mass index,3,Rate,2019,1176.9955562458963,1845.4603790253218,597.5687735637532
1,All Population,2,DALYs (Disability-Adjusted Life Years),197,Eswatini,3,Both,27,Age-standardized,294,All causes,108,High body-mass index,3,Rate,2017,3145.3526094689564,4447.678467547078,1795.823076197852
1,All Population,2,DALYs (Disability-Adjusted Life Years),194,Lesotho,3,Both,27,Age-standardized,294,All causes,108,High body-mass index,3,Rate,2019,2604.0452744916893,3823.3401089049353,1304.4368605848756
1,All Population,2,DALYs (Disability-Adjusted Life Years),164,Nepal,3,Both,27,Age-standardized,294,All causes,108,High body-mass index,3,Rate,2019,989.4495104793295,1544.0257707335854,468.6856533272659
1,All Population,2,DALYs (Disability-Adjusted Life Years),168,Angola,3,Both,27,Age-standardized,294,All causes,108,High body-mass index,3,Rate,2019,1701.2084666295796,2505.3947833883276,914.1634530470278
1,All Population,2,DALYs (Disability-Adjusted Life Years),198,Zimbabwe,3,Both,27,Age-standardized,294,All causes,108,High body-mass index,3,Rate,2019,1884.3021645727085,2864.215080317012,1008.4733211825255
1,All Population,2,DALYs (Disability-Adjusted Life Years),171,Democratic Republic of the Congo,3,Both,27,Age-standardized,294,All causes,108,High body-mass index,3,Rate,2019,2290.886617935463,3418.3245612860737,1322.545910639727
1,All Population,2,DALYs (Disability-Adjusted Life Years),175,Burundi,3,Both,27,Age-standardized,294,All causes,108,High body-mass index,3,Rate,2019,762.0436654816033,1192.3427591042241,379.54363362762814
1,All Population,2,DALYs (Disability-Adjusted Life Years),172,Equatorial Guinea,3,Both,27,Age-standardized,294,All causes,108,High body-mass index,3,Rate,2019,2555.601768238069,3674.269471231634,1421.790578593451
1,All Population,2,DALYs (Disability-Adjusted Life Years),206,Gambia,3,Both,27,Age-standardized,294,All causes,108,High body-mass index,3,Rate,2019,1725.839056214759,2565.691371777382,849.2504906977076
1,All Population,2,DALYs (Disability-Adjusted Life Years),202,Cameroon,3,Both,27,Age-standardized,294,All causes,108,High body-mass index,3,Rate,2019,2535.846927343944,3710.230747776145,1348.3711895681483
1,All Population,2,DALYs (Disability-Adjusted Life Years),201,Burkina Faso,3,Both,27,Age-standardized,294,All causes,108,High body-mass index,3,Rate,2017,761.1295674702894,1156.73883306413,377.78288741396454
1,All Population,2,DALYs (Disability-Adjusted Life Years),213,Niger,3,Both,27,Age-standardized,294,All causes,108,High body-mass index,3,Rate,2017,994.5232076835226,1559.3359005053533,479.9717146797987
1,All Population,2,DALYs (Disability-Adjusted Life Years),176,Comoros,3,Both,27,Age-standardized,294,All causes,108,High body-mass index,3,Rate,2019,985.8545047918469,1490.0884326162839,496.9687559179199
1,All Population,2,DALYs (Disability-Adjusted Life Years),180,Kenya,3,Both,27,Age-standardized,294,All causes,108,High body-mass index,3,Rate,2019,1061.0749531226884,1561.6207227048649,575.3580888031014
1,All Population,2,DALYs (Disability-Adjusted Life Years),179,Ethiopia,3,Both,27,Age-standardized,294,All causes,108,High body-mass index,3,Rate,2019,675.0246279420742,1010.0019762843688,346.71234035558524
1,All Population,2,DALYs (Disability-Adjusted Life Years),183,Mauritius,3,Both,27,Age-standardized,294,All causes,108,High body-mass index,3,Rate,2019,3385.4502706595395,4930.672064662529,1775.2758247609197
1,All Population,2,DALYs (Disability-Adjusted Life Years),214,Nigeria,3,Both,27,Age-standardized,294,All causes,108,High body-mass index,3,Rate,2019,1792.4743114978537,2621.6010288613347,966.376129536381
1,All Population,2,DALYs (Disability-Adjusted Life Years),218,Togo,3,Both,27,Age-standardized,294,All causes,108,High body-mass index,3,Rate,2019,1645.0822929520284,2450.086807909641,864.4259264218331
1,All Population,2,DALYs (Disability-Adjusted Life Years),217,Sierra Leone,3,Both,27,Age-standardized,294,All causes,108,High body-mass index,3,Rate,2017,1397.6451612873288,2104.034583855851,703.0889747979597
1,All Population,2,DALYs (Disability-Adjusted Life Years),184,Mozambique,3,Both,27,Age-standardized,294,All causes,108,High body-mass index,3,Rate,2019,919.9088660752053,1409.1764387521857,464.55116149628236
1,All Population,2,DALYs (Disability-Adjusted Life Years),210,Liberia,3,Both,27,Age-standardized,294,All causes,108,High body-mass index,3,Rate,2019,2345.7707980587797,3310.3011500878824,1243.528511580478
1,All Population,2,DALYs (Disability-Adjusted Life Years),298,American Samoa,3,Both,27,Age-standardized,294,All causes,108,High body-mass index,3,Rate,2017,5843.292114523417,7996.82949198595,3076.604487001059
1,All Population,2,DALYs (Disability-Adjusted Life Years),187,Somalia,3,Both,27,Age-standardized,294,All causes,108,High body-mass index,3,Rate,2019,758.4308042587907,1211.7369726821098,361.41479449565225
1,All Population,2,DALYs (Disability-Adjusted Life Years),189,United Republic of Tanzania,3,Both,27,Age-standardized,294,All causes,108,High body-mass index,3,Rate,2019,1196.9605166124948,1782.1454592601585,616.9153357106112
1,All Population,2,DALYs (Disability-Adjusted Life Years),195,Namibia,3,Both,27,Age-standardized,294,All causes,108,High body-mass index,3,Rate,2019,2006.9016421890615,2968.310884781038,1080.8344459679763
1,All Population,2,DALYs (Disability-Adjusted Life Years),385,Puerto Rico,3,Both,27,Age-standardized,294,All causes,108,High body-mass index,3,Rate,2017,2457.299407425829,3406.9323608842897,1295.0346859587348
1,All Population,2,DALYs (Disability-Adjusted Life Years),351,Guam,3,Both,27,Age-standardized,294,All causes,108,High body-mass index,3,Rate,2017,2964.4142377079143,4155.514578523184,1609.2115949163158
1,All Population,2,DALYs (Disability-Adjusted Life Years),196,South Africa,3,Both,27,Age-standardized,294,All causes,108,High body-mass index,3,Rate,2019,3227.181949596911,4542.889117663433,1788.5576214104158
1,All Population,2,DALYs (Disability-Adjusted Life Years),369,Nauru,3,Both,27,Age-standardized,294,All causes,108,High body-mass index,3,Rate,2017,11780.448359499442,15953.375443936953,6490.2191630764955
1,All Population,2,DALYs (Disability-Adjusted Life Years),413,Tokelau,3,Both,27,Age-standardized,294,All causes,108,High body-mass index,3,Rate,2017,4915.207087788101,6707.81462141729,2599.7925008259604
1,All Population,2,DALYs (Disability-Adjusted Life Years),204,Chad,3,Both,27,Age-standardized,294,All causes,108,High body-mass index,3,Rate,2019,1868.9422958598466,2904.384460182344,996.4269872862603
1,All Population,2,DALYs (Disability-Adjusted Life Years),305,Bermuda,3,Both,27,Age-standardized,294,All causes,108,High body-mass index,3,Rate,2019,1420.5374866005552,2172.5771737349082,652.3957940700526
1,All Population,2,DALYs (Disability-Adjusted Life Years),374,Niue,3,Both,27,Age-standardized,294,All causes,108,High body-mass index,3,Rate,2019,5923.987118216821,8048.693672567828,3098.8505909078563
1,All Population,2,DALYs (Disability-Adjusted Life Years),211,Mali,3,Both,27,Age-standardized,294,All causes,108,High body-mass index,3,Rate,2019,1799.6160691097139,2633.0855823985694,976.8539944013511
1,All Population,2,DALYs (Disability-Adjusted Life Years),200,Benin,3,Both,27,Age-standardized,294,All causes,108,High body-mass index,3,Rate,2019,1419.6460690309282,2134.5909379176774,737.1899688748093
1,All Population,2,DALYs (Disability-Adjusted Life Years),203,Cabo Verde,3,Both,27,Age-standardized,294,All causes,108,High body-mass index,3,Rate,2019,1518.249251663877,2234.5577383288946,748.3567252214373
1,All Population,2,DALYs (Disability-Adjusted Life Years),215,Sao Tome and Principe,3,Both,27,Age-standardized,294,All causes,108,High body-mass index,3,Rate,2019,1705.0309054675122,2504.005778817762,839.1808382509066
1,All Population,2,DALYs (Disability-Adjusted Life Years),208,Guinea,3,Both,27,Age-standardized,294,All causes,108,High body-mass index,3,Rate,2019,1452.5315272689402,2175.5832214163506,718.2900070124651
1,All Population,2,DALYs (Disability-Adjusted Life Years),212,Mauritania,3,Both,27,Age-standardized,294,All causes,108,High body-mass index,3,Rate,2019,2411.6878369760198,3519.6655112767194,1337.465705212482
1,All Population,2,DALYs (Disability-Adjusted Life Years),207,Ghana,3,Both,27,Age-standardized,294,All causes,108,High body-mass index,3,Rate,2019,2138.501949132475,3152.325726280582,1113.7031597118369
1,All Population,2,DALYs (Disability-Adjusted Life Years),416,Tuvalu,3,Both,27,Age-standardized,294,All causes,108,High body-mass index,3,Rate,2019,7852.212473771662,10783.277244703637,4216.279276592491
1,All Population,2,DALYs (Disability-Adjusted Life Years),393,Saint Kitts and Nevis,3,Both,27,Age-standardized,294,All causes,108,High body-mass index,3,Rate,2019,2679.69343354739,3895.931015128237,1422.9722751388842
1,All Population,2,DALYs (Disability-Adjusted Life Years),216,Senegal,3,Both,27,Age-standardized,294,All causes,108,High body-mass index,3,Rate,2019,1376.3974142423237,2095.8557285035054,705.4054828128848
1,All Population,2,DALYs (Disability-Adjusted Life Years),435,South Sudan,3,Both,27,Age-standardized,294,All causes,108,High body-mass index,3,Rate,2019,1162.6697231294147,1769.8770794440013,647.6494670861903
1,All Population,2,DALYs (Disability-Adjusted Life Years),320,Cook Islands,3,Both,27,Age-standardized,294,All causes,108,High body-mass index,3,Rate,2019,6253.588078667478,8234.737740881028,3633.427033366126
1,All Population,2,DALYs (Disability-Adjusted Life Years),522,Sudan,3,Both,27,Age-standardized,294,All causes,108,High body-mass index,3,Rate,2019,2866.480475918478,4132.221081794936,1514.9109219866307
1,All Population,2,DALYs (Disability-Adjusted Life Years),367,Monaco,3,Both,27,Age-standardized,294,All causes,108,High body-mass index,3,Rate,2019,1279.0526696321856,2106.0650959197105,496.1503416350011
1,All Population,2,DALYs (Disability-Adjusted Life Years),349,Greenland,3,Both,27,Age-standardized,294,All causes,108,High body-mass index,3,Rate,2019,1918.9091847693744,3008.1186447513064,859.719015875013
1,All Population,2,DALYs (Disability-Adjusted Life Years),380,Palau,3,Both,27,Age-standardized,294,All causes,108,High body-mass index,3,Rate,2019,4753.524296581659,6785.066294024422,2332.717413555788
1,All Population,2,DALYs (Disability-Adjusted Life Years),376,Northern Mariana Islands,3,Both,27,Age-standardized,294,All causes,108,High body-mass index,3,Rate,2019,4261.966915688038,6041.228899639327,2166.1418841218024
1,All Population,2,DALYs (Disability-Adjusted Life Years),396,San Marino,3,Both,27,Age-standardized,294,All causes,108,High body-mass index,3,Rate,2019,897.6735104964081,1490.093092545907,339.89443998088205
1,All Population,2,DALYs (Disability-Adjusted Life Years),422,United States Virgin Islands,3,Both,27,Age-standardized,294,All causes,108,High body-mass index,3,Rate,2019,2529.937339027475,3477.1012894121004,1454.2338451093099
1,All Population,2,DALYs (Disability-Adjusted Life Years),7,Democratic People's Republic of Korea,3,Both,27,Age-standardized,294,All causes,108,High body-mass index,3,Rate,2018,1199.7150541836772,1897.8222697648887,588.1895311883123
1,All Population,2,DALYs (Disability-Adjusted Life Years),15,Myanmar,3,Both,27,Age-standardized,294,All causes,108,High body-mass index,3,Rate,2018,1431.8592294294795,2231.96580574751,749.261064367662
1,All Population,2,DALYs (Disability-Adjusted Life Years),11,Indonesia,3,Both,27,Age-standardized,294,All causes,108,High body-mass index,3,Rate,2018,1317.3724765266695,2015.5484862979067,644.9619590953218
1,All Population,2,DALYs (Disability-Adjusted Life Years),6,China,3,Both,27,Age-standardized,294,All causes,108,High body-mass index,3,Rate,2020,746.2175854523762,1190.6282954589904,332.9298826058839
1,All Population,2,DALYs (Disability-Adjusted Life Years),10,Cambodia,3,Both,27,Age-standardized,294,All causes,108,High body-mass index,3,Rate,2020,866.4040173132926,1362.5795676841865,439.269162705248
1,All Population,2,DALYs (Disability-Adjusted Life Years),8,Taiwan,3,Both,27,Age-standardized,294,All causes,108,High body-mass index,3,Rate,2020,1165.401563753077,1845.8349203451594,515.6313231560437
1,All Population,2,DALYs (Disability-Adjusted Life Years),12,Lao People's Democratic Republic,3,Both,27,Age-standardized,294,All causes,108,High body-mass index,3,Rate,2020,1283.873838537926,1937.447609003955,695.3573676906532
1,All Population,2,DALYs (Disability-Adjusted Life Years),16,Philippines,3,Both,27,Age-standardized,294,All causes,108,High body-mass index,3,Rate,2020,1637.7395721148223,2425.4002129105133,845.7859328219782
1,All Population,2,DALYs (Disability-Adjusted Life Years),13,Malaysia,3,Both,27,Age-standardized,294,All causes,108,High body-mass index,3,Rate,2020,1424.5023617479956,2302.733555625629,643.9732115868326
1,All Population,2,DALYs (Disability-Adjusted Life Years),14,Maldives,3,Both,27,Age-standardized,294,All causes,108,High body-mass index,3,Rate,2020,1281.9393769282124,1968.144403815712,634.4115738798298
1,All Population,2,DALYs (Disability-Adjusted Life Years),17,Sri Lanka,3,Both,27,Age-standardized,294,All causes,108,High body-mass index,3,Rate,2020,1358.9787631187103,2106.61449236883,648.1789646369394
1,All Population,2,DALYs (Disability-Adjusted Life Years),20,Viet Nam,3,Both,27,Age-standardized,294,All causes,108,High body-mass index,3,Rate,2020,627.5957816938239,952.8491135316481,332.50537434596595
1,All Population,2,DALYs (Disability-Adjusted Life Years),22,Fiji,3,Both,27,Age-standardized,294,All causes,108,High body-mass index,3,Rate,2020,7705.549454055246,10536.099385988646,3968.167866405693
1,All Population,2,DALYs (Disability-Adjusted Life Years),18,Thailand,3,Both,27,Age-standardized,294,All causes,108,High body-mass index,3,Rate,2020,1071.6669605458314,1670.1917237654638,456.966848742961
1,All Population,2,DALYs (Disability-Adjusted Life Years),24,Marshall Islands,3,Both,27,Age-standardized,294,All causes,108,High body-mass index,3,Rate,2020,8452.908703674524,11804.879903411664,4762.526101334298
1,All Population,2,DALYs (Disability-Adjusted Life Years),26,Papua New Guinea,3,Both,27,Age-standardized,294,All causes,108,High body-mass index,3,Rate,2020,2845.081364690912,4210.816960202645,1395.2244277671668
1,All Population,2,DALYs (Disability-Adjusted Life Years),28,Solomon Islands,3,Both,27,Age-standardized,294,All causes,108,High body-mass index,3,Rate,2020,6138.7553846928595,8984.917255937355,2870.8106664119478
1,All Population,2,DALYs (Disability-Adjusted Life Years),25,Micronesia (Federated States of),3,Both,27,Age-standardized,294,All causes,108,High body-mass index,3,Rate,2020,7702.403462280562,10424.55728374463,4131.450308863567
1,All Population,2,DALYs (Disability-Adjusted Life Years),29,Tonga,3,Both,27,Age-standardized,294,All causes,108,High body-mass index,3,Rate,2020,5641.9377322185655,7768.007126053673,2946.600129216137
1,All Population,2,DALYs (Disability-Adjusted Life Years),30,Vanuatu,3,Both,27,Age-standardized,294,All causes,108,High body-mass index,3,Rate,2020,4011.95708003455,5817.986091670981,2097.6235658958444
1,All Population,2,DALYs (Disability-Adjusted Life Years),66,Brunei Darussalam,3,Both,27,Age-standardized,294,All causes,108,High body-mass index,3,Rate,2020,2199.6864110444203,3281.1932057181166,1042.3893718597683
1,All Population,2,DALYs (Disability-Adjusted Life Years),23,Kiribati,3,Both,27,Age-standardized,294,All causes,108,High body-mass index,3,Rate,2018,4463.54046211138,6285.640185064999,2304.074934305709
1,All Population,2,DALYs (Disability-Adjusted Life Years),74,Andorra,3,Both,27,Age-standardized,294,All causes,108,High body-mass index,3,Rate,2020,1003.416614373016,1636.6647465018293,402.70286737577675
1,All Population,2,DALYs (Disability-Adjusted Life Years),78,Denmark,3,Both,27,Age-standardized,294,All causes,108,High body-mass index,3,Rate,2020,994.6700320044321,1628.5279583375473,384.56657417229565
1,All Population,2,DALYs (Disability-Adjusted Life Years),82,Greece,3,Both,27,Age-standardized,294,All causes,108,High body-mass index,3,Rate,2020,1472.7466013598453,2241.3959761566894,622.3312401343346
1,All Population,2,DALYs (Disability-Adjusted Life Years),85,Israel,3,Both,27,Age-standardized,294,All causes,108,High body-mass index,3,Rate,2020,1236.1831642675493,1903.3644770262727,507.5121654963482
1,All Population,2,DALYs (Disability-Adjusted Life Years),19,Timor-Leste,3,Both,27,Age-standardized,294,All causes,108,High body-mass index,3,Rate,2018,614.2873086633062,992.266943258331,306.7325770832583
1,All Population,2,DALYs (Disability-Adjusted Life Years),27,Samoa,3,Both,27,Age-standardized,294,All causes,108,High body-mass index,3,Rate,2018,4912.178900482907,6784.8537424673395,2576.2783632225087
1,All Population,2,DALYs (Disability-Adjusted Life Years),69,Singapore,3,Both,27,Age-standardized,294,All causes,108,High body-mass index,3,Rate,2018,817.1920885087748,1246.3156078048567,370.3661523481972
1,All Population,2,DALYs (Disability-Adjusted Life Years),89,Netherlands,3,Both,27,Age-standardized,294,All causes,108,High body-mass index,3,Rate,2020,977.1478578569664,1537.6348735839274,374.2729356129974
1,All Population,2,DALYs (Disability-Adjusted Life Years),93,Sweden,3,Both,27,Age-standardized,294,All causes,108,High body-mass index,3,Rate,2020,1047.1099723029463,1685.6911302616893,446.886106513906
1,All Population,2,DALYs (Disability-Adjusted Life Years),97,Argentina,3,Both,27,Age-standardized,294,All causes,108,High body-mass index,3,Rate,2020,1850.0892490576591,2758.4553921697084,871.4110216959862
1,All Population,2,DALYs (Disability-Adjusted Life Years),101,Canada,3,Both,27,Age-standardized,294,All causes,108,High body-mass index,3,Rate,2020,1195.0577308953034,1885.307466081182,504.0798004481305
1,All Population,2,DALYs (Disability-Adjusted Life Years),68,Republic of Korea,3,Both,27,Age-standardized,294,All causes,108,High body-mass index,3,Rate,2020,669.0165537400648,1074.8922807729614,264.51579928669184
1,All Population,2,DALYs (Disability-Adjusted Life Years),67,Japan,3,Both,27,Age-standardized,294,All causes,108,High body-mass index,3,Rate,2020,647.3625637363397,1065.798192277601,261.09564278896465
1,All Population,2,DALYs (Disability-Adjusted Life Years),71,Australia,3,Both,27,Age-standardized,294,All causes,108,High body-mass index,3,Rate,2020,1188.2573303401366,1948.2642459143408,467.24621010528654
1,All Population,2,DALYs (Disability-Adjusted Life Years),72,New Zealand,3,Both,27,Age-standardized,294,All causes,108,High body-mass index,3,Rate,2020,1559.0779108622132,2396.316605268721,642.5315098793297
1,All Population,2,DALYs (Disability-Adjusted Life Years),105,Antigua and Barbuda,3,Both,27,Age-standardized,294,All causes,108,High body-mass index,3,Rate,2020,2650.024237073176,3719.3422888176433,1484.6608199620835
1,All Population,2,DALYs (Disability-Adjusted Life Years),75,Austria,3,Both,27,Age-standardized,294,All causes,108,High body-mass index,3,Rate,2020,1131.634726377289,1802.1619762880546,484.35969213523197
1,All Population,2,DALYs (Disability-Adjusted Life Years),76,Belgium,3,Both,27,Age-standardized,294,All causes,108,High body-mass index,3,Rate,2020,971.9262433753461,1587.1946422330254,364.9048939404357
1,All Population,2,DALYs (Disability-Adjusted Life Years),79,Finland,3,Both,27,Age-standardized,294,All causes,108,High body-mass index,3,Rate,2020,1329.9293538152333,2022.2259179873633,601.8414875913791
1,All Population,2,DALYs (Disability-Adjusted Life Years),109,Cuba,3,Both,27,Age-standardized,294,All causes,108,High body-mass index,3,Rate,2020,1759.167871900669,2627.9587449847886,879.5824993900293
1,All Population,2,DALYs (Disability-Adjusted Life Years),83,Iceland,3,Both,27,Age-standardized,294,All causes,108,High body-mass index,3,Rate,2020,1075.402234603603,1748.3188519249186,415.1009472018391
1,All Population,2,DALYs (Disability-Adjusted Life Years),112,Grenada,3,Both,27,Age-standardized,294,All causes,108,High body-mass index,3,Rate,2020,2858.763562046002,4050.981267693336,1545.1011176576012
1,All Population,2,DALYs (Disability-Adjusted Life Years),80,France,3,Both,27,Age-standardized,294,All causes,108,High body-mass index,3,Rate,2020,960.3050959962171,1532.3054963144878,362.17093687791123
1,All Population,2,DALYs (Disability-Adjusted Life Years),84,Ireland,3,Both,27,Age-standardized,294,All causes,108,High body-mass index,3,Rate,2020,1090.3895584307602,1759.4266305433055,416.55792660737114
1,All Population,2,DALYs (Disability-Adjusted Life Years),116,Saint Lucia,3,Both,27,Age-standardized,294,All causes,108,High body-mass index,3,Rate,2020,2641.321909775617,3642.3725942417827,1438.2241529891176
1,All Population,2,DALYs (Disability-Adjusted Life Years),87,Luxembourg,3,Both,27,Age-standardized,294,All causes,108,High body-mass index,3,Rate,2020,1012.4160536411697,1586.9136196653585,402.6099883980767
1,All Population,2,DALYs (Disability-Adjusted Life Years),86,Italy,3,Both,27,Age-standardized,294,All causes,108,High body-mass index,3,Rate,2020,1090.5885309493221,1734.3388720859145,462.0406644751114
1,All Population,2,DALYs (Disability-Adjusted Life Years),90,Norway,3,Both,27,Age-standardized,294,All causes,108,High body-mass index,3,Rate,2020,913.1650321033123,1477.057050775114,356.57323320220854
1,All Population,2,DALYs (Disability-Adjusted Life Years),91,Portugal,3,Both,27,Age-standardized,294,All causes,108,High body-mass index,3,Rate,2020,1260.2782204576501,1977.9429089220157,514.1864613588219
1,All Population,2,DALYs (Disability-Adjusted Life Years),92,Spain,3,Both,27,Age-standardized,294,All causes,108,High body-mass index,3,Rate,2018,1186.816394413649,1859.8679922917822,478.85980583367666
1,All Population,2,DALYs (Disability-Adjusted Life Years),94,Switzerland,3,Both,27,Age-standardized,294,All causes,108,High body-mass index,3,Rate,2020,909.1499327617468,1444.7865250400112,358.05886512444386
1,All Population,2,DALYs (Disability-Adjusted Life Years),95,United Kingdom,3,Both,27,Age-standardized,294,All causes,108,High body-mass index,3,Rate,2020,1330.2518430347202,2092.4953667442264,555.3534438240052
1,All Population,2,DALYs (Disability-Adjusted Life Years),128,Guatemala,3,Both,27,Age-standardized,294,All causes,108,High body-mass index,3,Rate,2020,3020.42305704824,4161.087347383817,1621.549118755077
1,All Population,2,DALYs (Disability-Adjusted Life Years),99,Uruguay,3,Both,27,Age-standardized,294,All causes,108,High body-mass index,3,Rate,2020,1523.7025349546077,2344.267391678007,653.2711438810117
1,All Population,2,DALYs (Disability-Adjusted Life Years),98,Chile,3,Both,27,Age-standardized,294,All causes,108,High body-mass index,3,Rate,2020,1473.1395396713076,2260.3583494207614,650.063068680937
1,All Population,2,DALYs (Disability-Adjusted Life Years),102,United States of America,3,Both,27,Age-standardized,294,All causes,108,High body-mass index,3,Rate,2020,2233.5997221658367,3231.2386884158022,1103.3351826154083
1,All Population,2,DALYs (Disability-Adjusted Life Years),77,Cyprus,3,Both,27,Age-standardized,294,All causes,108,High body-mass index,3,Rate,2018,1580.3397686651886,2504.604471013583,682.7602306204989
1,All Population,2,DALYs (Disability-Adjusted Life Years),108,Belize,3,Both,27,Age-standardized,294,All causes,108,High body-mass index,3,Rate,2018,3100.7825809945434,4279.236686136323,1685.6442577616492
1,All Population,2,DALYs (Disability-Adjusted Life Years),132,Panama,3,Both,27,Age-standardized,294,All causes,108,High body-mass index,3,Rate,2020,2090.723325208291,3063.3993567298626,1064.4404559165177
1,All Population,2,DALYs (Disability-Adjusted Life Years),136,Paraguay,3,Both,27,Age-standardized,294,All causes,108,High body-mass index,3,Rate,2020,2729.757369504135,3906.6194116331694,1434.1263797075776
1,All Population,2,DALYs (Disability-Adjusted Life Years),107,Barbados,3,Both,27,Age-standardized,294,All causes,108,High body-mass index,3,Rate,2020,2827.1528851171174,3957.749219492286,1521.506024906583
1,All Population,2,DALYs (Disability-Adjusted Life Years),139,Algeria,3,Both,27,Age-standardized,294,All causes,108,High body-mass index,3,Rate,2020,2739.720901697478,3917.0804607738155,1454.707211674767
1,All Population,2,DALYs (Disability-Adjusted Life Years),81,Germany,3,Both,27,Age-standardized,294,All causes,108,High body-mass index,3,Rate,2018,1320.914231592863,2074.5935235217476,551.7265726438327
1,All Population,2,DALYs (Disability-Adjusted Life Years),106,Bahamas,3,Both,27,Age-standardized,294,All causes,108,High body-mass index,3,Rate,2020,3945.430527502787,5294.174515152849,2423.0320770923254
1,All Population,2,DALYs (Disability-Adjusted Life Years),110,Dominica,3,Both,27,Age-standardized,294,All causes,108,High body-mass index,3,Rate,2020,3248.504467312773,4598.842893498569,1857.5940810125612
1,All Population,2,DALYs (Disability-Adjusted Life Years),111,Dominican Republic,3,Both,27,Age-standardized,294,All causes,108,High body-mass index,3,Rate,2020,2641.1003184288516,3883.81609243073,1403.6478655851836
1,All Population,2,DALYs (Disability-Adjusted Life Years),143,Iraq,3,Both,27,Age-standardized,294,All causes,108,High body-mass index,3,Rate,2020,4298.808380291853,6138.216394101762,2163.227192667192
1,All Population,2,DALYs (Disability-Adjusted Life Years),114,Haiti,3,Both,27,Age-standardized,294,All causes,108,High body-mass index,3,Rate,2020,2305.6960266435776,3453.7081579101,1133.5031370687154
1,All Population,2,DALYs (Disability-Adjusted Life Years),113,Guyana,3,Both,27,Age-standardized,294,All causes,108,High body-mass index,3,Rate,2020,3811.5594932063777,5270.005961012493,2219.761988247649
1,All Population,2,DALYs (Disability-Adjusted Life Years),147,Libya,3,Both,27,Age-standardized,294,All causes,108,High body-mass index,3,Rate,2020,3887.41291936048,5544.242717870458,2017.5348826744978
1,All Population,2,DALYs (Disability-Adjusted Life Years),117,Saint Vincent and the Grenadines,3,Both,27,Age-standardized,294,All causes,108,High body-mass index,3,Rate,2020,2799.3336956731177,4055.768843309054,1585.0737692707305
1,All Population,2,DALYs (Disability-Adjusted Life Years),151,Qatar,3,Both,27,Age-standardized,294,All causes,108,High body-mass index,3,Rate,2020,2786.8486941588076,3960.300242876745,1313.5058665092565
1,All Population,2,DALYs (Disability-Adjusted Life Years),122,Ecuador,3,Both,27,Age-standardized,294,All causes,108,High body-mass index,3,Rate,2020,1910.4163473693484,2708.4307964436457,1006.76288709033
1,All Population,2,DALYs (Disability-Adjusted Life Years),118,Suriname,3,Both,27,Age-standardized,294,All causes,108,High body-mass index,3,Rate,2020,2507.8479628048576,3705.365341581622,1270.9804488894204
1,All Population,2,DALYs (Disability-Adjusted Life Years),121,Bolivia (Plurinational State of),3,Both,27,Age-standardized,294,All causes,108,High body-mass index,3,Rate,2020,2862.1759811574907,3984.42885223229,1594.5705431881338
1,All Population,2,DALYs (Disability-Adjusted Life Years),115,Jamaica,3,Both,27,Age-standardized,294,All causes,108,High body-mass index,3,Rate,2018,2340.6976738906747,3527.6291761725365,1246.1046353680208
1,All Population,2,DALYs (Disability-Adjusted Life Years),155,Türkiye,3,Both,27,Age-standardized,294,All causes,108,High body-mass index,3,Rate,2020,2567.3928003531155,3632.3788289289096,1265.8868294460906
1,All Population,2,DALYs (Disability-Adjusted Life Years),125,Colombia,3,Both,27,Age-standardized,294,All causes,108,High body-mass index,3,Rate,2020,1487.5537513223119,2201.984123269,688.8193596380191
1,All Population,2,DALYs (Disability-Adjusted Life Years),88,Malta,3,Both,27,Age-standardized,294,All causes,108,High body-mass index,3,Rate,2018,1329.8150258727583,2107.7822427000497,542.6861677309928
1,All Population,2,DALYs (Disability-Adjusted Life Years),126,Costa Rica,3,Both,27,Age-standardized,294,All causes,108,High body-mass index,3,Rate,2020,1923.0558405740526,2752.9680972329784,974.5250626529785
1,All Population,2,DALYs (Disability-Adjusted Life Years),130,Mexico,3,Both,27,Age-standardized,294,All causes,108,High body-mass index,3,Rate,2020,3369.1874876009842,4627.612857162914,1870.1638386471493
1,All Population,2,DALYs (Disability-Adjusted Life Years),129,Honduras,3,Both,27,Age-standardized,294,All causes,108,High body-mass index,3,Rate,2020,1773.7439412112678,2634.7037400576933,905.6052019704684
1,All Population,2,DALYs (Disability-Adjusted Life Years),163,India,3,Both,27,Age-standardized,294,All causes,108,High body-mass index,3,Rate,2020,1123.3634046885927,1654.018711754884,531.8909455459162
1,All Population,2,DALYs (Disability-Adjusted Life Years),119,Trinidad and Tobago,3,Both,27,Age-standardized,294,All causes,108,High body-mass index,3,Rate,2018,3988.6075483625646,5592.324944647877,2070.3190498845197
1,All Population,2,DALYs (Disability-Adjusted Life Years),133,Venezuela (Bolivarian Republic of),3,Both,27,Age-standardized,294,All causes,108,High body-mass index,3,Rate,2020,2879.9722064862895,4147.482214569235,1563.491613667199
1,All Population,2,DALYs (Disability-Adjusted Life Years),127,El Salvador,3,Both,27,Age-standardized,294,All causes,108,High body-mass index,3,Rate,2018,2686.4226629484856,3748.3867243950294,1453.0685724721748
1,All Population,2,DALYs (Disability-Adjusted Life Years),123,Peru,3,Both,27,Age-standardized,294,All causes,108,High body-mass index,3,Rate,2018,1298.988610001338,1927.2783015760283,616.7350769815167
1,All Population,2,DALYs (Disability-Adjusted Life Years),131,Nicaragua,3,Both,27,Age-standardized,294,All causes,108,High body-mass index,3,Rate,2018,2451.241403714303,3332.2900900691684,1298.4041749926016
1,All Population,2,DALYs (Disability-Adjusted Life Years),170,Congo,3,Both,27,Age-standardized,294,All causes,108,High body-mass index,3,Rate,2020,1988.7088878996653,2929.927436562317,1090.6659014484744
1,All Population,2,DALYs (Disability-Adjusted Life Years),150,Oman,3,Both,27,Age-standardized,294,All causes,108,High body-mass index,3,Rate,2018,3385.4764948578004,4767.76958423184,1828.3949158767475
1,All Population,2,DALYs (Disability-Adjusted Life Years),140,Bahrain,3,Both,27,Age-standardized,294,All causes,108,High body-mass index,3,Rate,2020,3716.9147441466384,5405.6287583266,1786.4968319592035
1,All Population,2,DALYs (Disability-Adjusted Life Years),135,Brazil,3,Both,27,Age-standardized,294,All causes,108,High body-mass index,3,Rate,2018,1837.7356217013312,2691.9625664551068,875.2850171027022
1,All Population,2,DALYs (Disability-Adjusted Life Years),141,Egypt,3,Both,27,Age-standardized,294,All causes,108,High body-mass index,3,Rate,2020,5854.64165177507,8094.342695111247,3239.0761998742196
1,All Population,2,DALYs (Disability-Adjusted Life Years),144,Jordan,3,Both,27,Age-standardized,294,All causes,108,High body-mass index,3,Rate,2020,3404.6315784572616,4784.144891967822,1880.758408379614
1,All Population,2,DALYs (Disability-Adjusted Life Years),142,Iran (Islamic Republic of),3,Both,27,Age-standardized,294,All causes,108,High body-mass index,3,Rate,2018,2324.561476200385,3363.6811245536323,1130.4151901132639
1,All Population,2,DALYs (Disability-Adjusted Life Years),146,Lebanon,3,Both,27,Age-standardized,294,All causes,108,High body-mass index,3,Rate,2018,2139.9022273667497,3150.004094476933,979.817576030527
1,All Population,2,DALYs (Disability-Adjusted Life Years),145,Kuwait,3,Both,27,Age-standardized,294,All causes,108,High body-mass index,3,Rate,2020,3393.8398735856426,4781.8638287042495,1694.4464555339384
1,All Population,2,DALYs (Disability-Adjusted Life Years),178,Eritrea,3,Both,27,Age-standardized,294,All causes,108,High body-mass index,3,Rate,2020,965.4189188327564,1505.1132569269269,492.7000545604358
1,All Population,2,DALYs (Disability-Adjusted Life Years),149,Palestine,3,Both,27,Age-standardized,294,All causes,108,High body-mass index,3,Rate,2020,3717.2060176996843,5130.787486362976,1954.3708935078623
1,All Population,2,DALYs (Disability-Adjusted Life Years),153,Syrian Arab Republic,3,Both,27,Age-standardized,294,All causes,108,High body-mass index,3,Rate,2020,3705.8857150069693,5373.231867820789,1922.8250066948297
1,All Population,2,DALYs (Disability-Adjusted Life Years),182,Malawi,3,Both,27,Age-standardized,294,All causes,108,High body-mass index,3,Rate,2020,1427.8010781108828,2120.4221521836366,761.719843125053
1,All Population,2,DALYs (Disability-Adjusted Life Years),148,Morocco,3,Both,27,Age-standardized,294,All causes,108,High body-mass index,3,Rate,2020,3312.6241342722974,4675.613242514725,1750.9643478880555
1,All Population,2,DALYs (Disability-Adjusted Life Years),157,Yemen,3,Both,27,Age-standardized,294,All causes,108,High body-mass index,3,Rate,2020,2075.7708913967645,3122.346244994355,1033.5379153888055
1,All Population,2,DALYs (Disability-Adjusted Life Years),152,Saudi Arabia,3,Both,27,Age-standardized,294,All causes,108,High body-mass index,3,Rate,2020,4801.400420494041,6550.858406003664,2698.771866472641
1,All Population,2,DALYs (Disability-Adjusted Life Years),156,United Arab Emirates,3,Both,27,Age-standardized,294,All causes,108,High body-mass index,3,Rate,2020,2317.796795483105,3382.1016065968765,1087.2381390759058
1,All Population,2,DALYs (Disability-Adjusted Life Years),186,Seychelles,3,Both,27,Age-standardized,294,All causes,108,High body-mass index,3,Rate,2020,1891.1421911145258,2715.713707556573,1115.8237443865278
1,All Population,2,DALYs (Disability-Adjusted Life Years),191,Zambia,3,Both,27,Age-standardized,294,All causes,108,High body-mass index,3,Rate,2020,1926.745687768022,2705.611706400349,1087.8292084188515
1,All Population,2,DALYs (Disability-Adjusted Life Years),160,Afghanistan,3,Both,27,Age-standardized,294,All causes,108,High body-mass index,3,Rate,2020,2801.3626925942363,4101.027546372086,1367.6707418302444
1,All Population,2,DALYs (Disability-Adjusted Life Years),161,Bangladesh,3,Both,27,Age-standardized,294,All causes,108,High body-mass index,3,Rate,2020,1177.6698506428172,1831.6792300797651,600.0012069122779
1,All Population,2,DALYs (Disability-Adjusted Life Years),194,Lesotho,3,Both,27,Age-standardized,294,All causes,108,High body-mass index,3,Rate,2020,2529.023086191671,3725.862961377887,1294.819819467649
1,All Population,2,DALYs (Disability-Adjusted Life Years),164,Nepal,3,Both,27,Age-standardized,294,All causes,108,High body-mass index,3,Rate,2020,998.6697657178621,1553.196832212092,480.634862255326
1,All Population,2,DALYs (Disability-Adjusted Life Years),198,Zimbabwe,3,Both,27,Age-standardized,294,All causes,108,High body-mass index,3,Rate,2020,1835.0653685093293,2802.940123405622,980.0056159324524
1,All Population,2,DALYs (Disability-Adjusted Life Years),168,Angola,3,Both,27,Age-standardized,294,All causes,108,High body-mass index,3,Rate,2020,1715.039028039383,2546.4631490303386,973.6051513304242
1,All Population,2,DALYs (Disability-Adjusted Life Years),171,Democratic Republic of the Congo,3,Both,27,Age-standardized,294,All causes,108,High body-mass index,3,Rate,2020,2326.0330016365424,3420.8375646722843,1329.105963945911
1,All Population,2,DALYs (Disability-Adjusted Life Years),202,Cameroon,3,Both,27,Age-standardized,294,All causes,108,High body-mass index,3,Rate,2020,2520.344401324323,3651.4152137285773,1347.9774176410003
1,All Population,2,DALYs (Disability-Adjusted Life Years),172,Equatorial Guinea,3,Both,27,Age-standardized,294,All causes,108,High body-mass index,3,Rate,2020,2631.7755888550614,3771.0205808241,1451.1791092007293
1,All Population,2,DALYs (Disability-Adjusted Life Years),206,Gambia,3,Both,27,Age-standardized,294,All causes,108,High body-mass index,3,Rate,2020,1648.512977445613,2418.998145690874,808.90873701078
1,All Population,2,DALYs (Disability-Adjusted Life Years),175,Burundi,3,Both,27,Age-standardized,294,All causes,108,High body-mass index,3,Rate,2020,772.4753944487936,1229.0638381266515,389.20167023159127
1,All Population,2,DALYs (Disability-Adjusted Life Years),210,Liberia,3,Both,27,Age-standardized,294,All causes,108,High body-mass index,3,Rate,2020,2358.595836340385,3388.099258473812,1275.6619120424411
1,All Population,2,DALYs (Disability-Adjusted Life Years),176,Comoros,3,Both,27,Age-standardized,294,All causes,108,High body-mass index,3,Rate,2020,999.5822514002692,1518.7078306627902,491.7625468918154
1,All Population,2,DALYs (Disability-Adjusted Life Years),179,Ethiopia,3,Both,27,Age-standardized,294,All causes,108,High body-mass index,3,Rate,2020,668.6002499942489,1019.7985595355735,345.86212811873077
1,All Population,2,DALYs (Disability-Adjusted Life Years),180,Kenya,3,Both,27,Age-standardized,294,All causes,108,High body-mass index,3,Rate,2020,1102.62197351786,1612.5201493304533,601.2433260291609
1,All Population,2,DALYs (Disability-Adjusted Life Years),183,Mauritius,3,Both,27,Age-standardized,294,All causes,108,High body-mass index,3,Rate,2020,3387.9112730333977,4959.32498381094,1746.847208391848
1,All Population,2,DALYs (Disability-Adjusted Life Years),184,Mozambique,3,Both,27,Age-standardized,294,All causes,108,High body-mass index,3,Rate,2020,939.4440880536627,1416.6917641010793,476.7909029141745
1,All Population,2,DALYs (Disability-Adjusted Life Years),214,Nigeria,3,Both,27,Age-standardized,294,All causes,108,High body-mass index,3,Rate,2020,1798.6195965246754,2613.6833690368353,978.4049366428786
1,All Population,2,DALYs (Disability-Adjusted Life Years),218,Togo,3,Both,27,Age-standardized,294,All causes,108,High body-mass index,3,Rate,2020,1659.5582799647898,2433.3297575810666,866.0609993925179
1,All Population,2,DALYs (Disability-Adjusted Life Years),187,Somalia,3,Both,27,Age-standardized,294,All causes,108,High body-mass index,3,Rate,2020,751.6488014653642,1209.0420350749096,365.4743912595563
1,All Population,2,DALYs (Disability-Adjusted Life Years),189,United Republic of Tanzania,3,Both,27,Age-standardized,294,All causes,108,High body-mass index,3,Rate,2020,1201.354751002617,1736.2863474773865,629.919523006384
1,All Population,2,DALYs (Disability-Adjusted Life Years),177,Djibouti,3,Both,27,Age-standardized,294,All causes,108,High body-mass index,3,Rate,2018,734.6365152838902,1178.7556510084055,341.58943035475505
1,All Population,2,DALYs (Disability-Adjusted Life Years),154,Tunisia,3,Both,27,Age-standardized,294,All causes,108,High body-mass index,3,Rate,2018,2449.6660960104246,3652.2854368071553,1136.2217928089174
1,All Population,2,DALYs (Disability-Adjusted Life Years),173,Gabon,3,Both,27,Age-standardized,294,All causes,108,High body-mass index,3,Rate,2018,2714.940739606548,3848.4516246686994,1556.1653679535052
1,All Population,2,DALYs (Disability-Adjusted Life Years),197,Eswatini,3,Both,27,Age-standardized,294,All causes,108,High body-mass index,3,Rate,2018,3154.074908786279,4436.554853670196,1802.3882265028046
1,All Population,2,DALYs (Disability-Adjusted Life Years),190,Uganda,3,Both,27,Age-standardized,294,All causes,108,High body-mass index,3,Rate,2018,1143.87530052419,1740.7132036386306,610.15374791507
1,All Population,2,DALYs (Disability-Adjusted Life Years),165,Pakistan,3,Both,27,Age-standardized,294,All causes,108,High body-mass index,3,Rate,2018,1804.4063540106088,2726.4518665413148,905.5674971125096
1,All Population,2,DALYs (Disability-Adjusted Life Years),181,Madagascar,3,Both,27,Age-standardized,294,All causes,108,High body-mass index,3,Rate,2018,1042.7238651487164,1655.803724788204,533.7259961511554
1,All Population,2,DALYs (Disability-Adjusted Life Years),196,South Africa,3,Both,27,Age-standardized,294,All causes,108,High body-mass index,3,Rate,2020,2939.6913229254865,4137.411040813034,1629.8745182443404
1,All Population,2,DALYs (Disability-Adjusted Life Years),162,Bhutan,3,Both,27,Age-standardized,294,All causes,108,High body-mass index,3,Rate,2018,1709.2585441436072,2504.450924392424,865.5910962894991
1,All Population,2,DALYs (Disability-Adjusted Life Years),185,Rwanda,3,Both,27,Age-standardized,294,All causes,108,High body-mass index,3,Rate,2018,934.9554649884269,1452.3722415282255,486.2523181135383
1,All Population,2,DALYs (Disability-Adjusted Life Years),169,Central African Republic,3,Both,27,Age-standardized,294,All causes,108,High body-mass index,3,Rate,2018,2021.3015126804962,3312.439628408432,1069.9888231819082
1,All Population,2,DALYs (Disability-Adjusted Life Years),200,Benin,3,Both,27,Age-standardized,294,All causes,108,High body-mass index,3,Rate,2020,1439.0618354839467,2166.149574071363,735.1353309526328
1,All Population,2,DALYs (Disability-Adjusted Life Years),195,Namibia,3,Both,27,Age-standardized,294,All causes,108,High body-mass index,3,Rate,2020,1943.8694660317956,2849.4625340160446,1080.4379558220191
1,All Population,2,DALYs (Disability-Adjusted Life Years),203,Cabo Verde,3,Both,27,Age-standardized,294,All causes,108,High body-mass index,3,Rate,2020,1449.1673463423126,2154.828623447195,718.6811269807034
1,All Population,2,DALYs (Disability-Adjusted Life Years),204,Chad,3,Both,27,Age-standardized,294,All causes,108,High body-mass index,3,Rate,2020,1862.9906929953197,2858.826847698399,1000.4444203864374
1,All Population,2,DALYs (Disability-Adjusted Life Years),193,Botswana,3,Both,27,Age-standardized,294,All causes,108,High body-mass index,3,Rate,2018,1823.8035020251505,2731.9150163389813,927.1885621346711
1,All Population,2,DALYs (Disability-Adjusted Life Years),209,Guinea-Bissau,3,Both,27,Age-standardized,294,All causes,108,High body-mass index,3,Rate,2018,1945.2341113887464,3045.312093984242,1032.5663637085165
1,All Population,2,DALYs (Disability-Adjusted Life Years),305,Bermuda,3,Both,27,Age-standardized,294,All causes,108,High body-mass index,3,Rate,2020,1448.0563699496254,2194.124321427829,661.5207691208961
1,All Population,2,DALYs (Disability-Adjusted Life Years),207,Ghana,3,Both,27,Age-standardized,294,All causes,108,High body-mass index,3,Rate,2020,2182.1005237790155,3198.2471641000184,1137.6202555215095
1,All Population,2,DALYs (Disability-Adjusted Life Years),201,Burkina Faso,3,Both,27,Age-standardized,294,All causes,108,High body-mass index,3,Rate,2018,768.2137731748312,1181.6335850077555,382.9575223746784
1,All Population,2,DALYs (Disability-Adjusted Life Years),374,Niue,3,Both,27,Age-standardized,294,All causes,108,High body-mass index,3,Rate,2020,5621.743423348617,7699.142942811013,2941.955427367914
1,All Population,2,DALYs (Disability-Adjusted Life Years),213,Niger,3,Both,27,Age-standardized,294,All causes,108,High body-mass index,3,Rate,2018,1005.5152378037616,1557.832351593046,489.58205149853484
1,All Population,2,DALYs (Disability-Adjusted Life Years),208,Guinea,3,Both,27,Age-standardized,294,All causes,108,High body-mass index,3,Rate,2020,1460.7753320574454,2153.200450839122,738.5299836881675
1,All Population,2,DALYs (Disability-Adjusted Life Years),211,Mali,3,Both,27,Age-standardized,294,All causes,108,High body-mass index,3,Rate,2020,1736.5001198586308,2574.1098162058897,942.8196935798841
1,All Population,2,DALYs (Disability-Adjusted Life Years),205,Côte d'Ivoire,3,Both,27,Age-standardized,294,All causes,108,High body-mass index,3,Rate,2018,1458.0124822525675,2112.2738582659235,788.713224488263
1,All Population,2,DALYs (Disability-Adjusted Life Years),217,Sierra Leone,3,Both,27,Age-standardized,294,All causes,108,High body-mass index,3,Rate,2018,1426.4544245837355,2138.990083101121,731.5032228835469
1,All Population,2,DALYs (Disability-Adjusted Life Years),212,Mauritania,3,Both,27,Age-standardized,294,All causes,108,High body-mass index,3,Rate,2020,2318.4379244987417,3356.8763663909767,1325.53977537294
1,All Population,2,DALYs (Disability-Adjusted Life Years),393,Saint Kitts and Nevis,3,Both,27,Age-standardized,294,All causes,108,High body-mass index,3,Rate,2020,2757.736646478606,3966.435490339968,1469.907146929829
1,All Population,2,DALYs (Disability-Adjusted Life Years),216,Senegal,3,Both,27,Age-standardized,294,All causes,108,High body-mass index,3,Rate,2020,1307.3566587046905,1984.1568376281666,671.2320154781073
1,All Population,2,DALYs (Disability-Adjusted Life Years),215,Sao Tome and Principe,3,Both,27,Age-standardized,294,All causes,108,High body-mass index,3,Rate,2020,1761.8862540279883,2717.5449318561687,921.1831433997794
1,All Population,2,DALYs (Disability-Adjusted Life Years),416,Tuvalu,3,Both,27,Age-standardized,294,All causes,108,High body-mass index,3,Rate,2020,7960.989639037461,10937.86248798602,4263.090864521264
1,All Population,2,DALYs (Disability-Adjusted Life Years),435,South Sudan,3,Both,27,Age-standardized,294,All causes,108,High body-mass index,3,Rate,2020,1188.966611566331,1799.5394745049125,653.043170971617
1,All Population,2,DALYs (Disability-Adjusted Life Years),349,Greenland,3,Both,27,Age-standardized,294,All causes,108,High body-mass index,3,Rate,2020,1987.7258292271692,3072.7766667123915,881.0662322795235
1,All Population,2,DALYs (Disability-Adjusted Life Years),320,Cook Islands,3,Both,27,Age-standardized,294,All causes,108,High body-mass index,3,Rate,2020,6240.085515328923,8199.719523912392,3621.699926764649
1,All Population,2,DALYs (Disability-Adjusted Life Years),522,Sudan,3,Both,27,Age-standardized,294,All causes,108,High body-mass index,3,Rate,2020,2967.1299938700927,4255.188894680901,1569.265654408055
1,All Population,2,DALYs (Disability-Adjusted Life Years),367,Monaco,3,Both,27,Age-standardized,294,All causes,108,High body-mass index,3,Rate,2020,1279.4395916051187,2096.5088061205865,499.0865880393501
1,All Population,2,DALYs (Disability-Adjusted Life Years),376,Northern Mariana Islands,3,Both,27,Age-standardized,294,All causes,108,High body-mass index,3,Rate,2020,4335.333400820302,6176.306198560754,2194.610795154007
1,All Population,2,DALYs (Disability-Adjusted Life Years),380,Palau,3,Both,27,Age-standardized,294,All causes,108,High body-mass index,3,Rate,2020,4810.407556359786,6813.886632186407,2322.477090599171
1,All Population,2,DALYs (Disability-Adjusted Life Years),396,San Marino,3,Both,27,Age-standardized,294,All causes,108,High body-mass index,3,Rate,2020,886.2860256418179,1468.031126631048,350.72913222118615
1,All Population,2,DALYs (Disability-Adjusted Life Years),422,United States Virgin Islands,3,Both,27,Age-standardized,294,All causes,108,High body-mass index,3,Rate,2020,2521.7561628219314,3494.93213951422,1442.9331181758043
1,All Population,2,DALYs (Disability-Adjusted Life Years),298,American Samoa,3,Both,27,Age-standardized,294,All causes,108,High body-mass index,3,Rate,2018,5849.467628643277,7918.64433637198,3088.6082069671893
1,All Population,2,DALYs (Disability-Adjusted Life Years),351,Guam,3,Both,27,Age-standardized,294,All causes,108,High body-mass index,3,Rate,2018,2931.3627670586993,4130.798588176024,1552.828709410428
1,All Population,2,DALYs (Disability-Adjusted Life Years),369,Nauru,3,Both,27,Age-standardized,294,All causes,108,High body-mass index,3,Rate,2018,11742.943296732417,15887.798872135767,6471.043115089972
1,All Population,2,DALYs (Disability-Adjusted Life Years),413,Tokelau,3,Both,27,Age-standardized,294,All causes,108,High body-mass index,3,Rate,2018,4911.944683491745,6685.786576604555,2601.7546788247864
1,All Population,2,DALYs (Disability-Adjusted Life Years),385,Puerto Rico,3,Both,27,Age-standardized,294,All causes,108,High body-mass index,3,Rate,2018,2413.5544330497346,3342.8165877114684,1276.7472507779669
1,All Population,2,DALYs (Disability-Adjusted Life Years),8,Taiwan,3,Both,27,Age-standardized,294,All causes,108,High body-mass index,3,Rate,2021,1207.3062336679563,1894.562849326378,540.3566232764382
1,All Population,2,DALYs (Disability-Adjusted Life Years),12,Lao People's Democratic Republic,3,Both,27,Age-standardized,294,All causes,108,High body-mass index,3,Rate,2021,1295.3353803404298,1983.59271652618,710.0727872508413
1,All Population,2,DALYs (Disability-Adjusted Life Years),16,Philippines,3,Both,27,Age-standardized,294,All causes,108,High body-mass index,3,Rate,2021,1764.0789310964612,2655.591154201187,910.0005890950903
1,All Population,2,DALYs (Disability-Adjusted Life Years),20,Viet Nam,3,Both,27,Age-standardized,294,All causes,108,High body-mass index,3,Rate,2021,622.4043690123035,940.6845511711435,330.65489490031183
1,All Population,2,DALYs (Disability-Adjusted Life Years),24,Marshall Islands,3,Both,27,Age-standardized,294,All causes,108,High body-mass index,3,Rate,2021,8707.552727776036,12049.640832166075,5018.440223843647
1,All Population,2,DALYs (Disability-Adjusted Life Years),28,Solomon Islands,3,Both,27,Age-standardized,294,All causes,108,High body-mass index,3,Rate,2021,6165.544954764552,8944.692785193452,2879.024014711898
1,All Population,2,DALYs (Disability-Adjusted Life Years),6,China,3,Both,27,Age-standardized,294,All causes,108,High body-mass index,3,Rate,2021,763.433412363905,1208.3699916129297,344.10806627027375
1,All Population,2,DALYs (Disability-Adjusted Life Years),10,Cambodia,3,Both,27,Age-standardized,294,All causes,108,High body-mass index,3,Rate,2021,861.4600199159199,1392.0317934675584,447.09056592256036
1,All Population,2,DALYs (Disability-Adjusted Life Years),14,Maldives,3,Both,27,Age-standardized,294,All causes,108,High body-mass index,3,Rate,2021,1261.741850592039,1924.066131458868,618.6555747540212
1,All Population,2,DALYs (Disability-Adjusted Life Years),17,Sri Lanka,3,Both,27,Age-standardized,294,All causes,108,High body-mass index,3,Rate,2021,1335.5889521346312,2073.6443152619104,642.1663869988133
1,All Population,2,DALYs (Disability-Adjusted Life Years),13,Malaysia,3,Both,27,Age-standardized,294,All causes,108,High body-mass index,3,Rate,2021,1488.2019114820575,2335.5534851344332,665.2406185666168
1,All Population,2,DALYs (Disability-Adjusted Life Years),18,Thailand,3,Both,27,Age-standardized,294,All causes,108,High body-mass index,3,Rate,2021,1100.891527467524,1725.644842847862,470.0015634175038
1,All Population,2,DALYs (Disability-Adjusted Life Years),25,Micronesia (Federated States of),3,Both,27,Age-standardized,294,All causes,108,High body-mass index,3,Rate,2021,7947.796429058243,11035.541511663578,4319.580776153311
1,All Population,2,DALYs (Disability-Adjusted Life Years),22,Fiji,3,Both,27,Age-standardized,294,All causes,108,High body-mass index,3,Rate,2021,7853.133138446071,10731.283781564909,4044.2838662099557
1,All Population,2,DALYs (Disability-Adjusted Life Years),26,Papua New Guinea,3,Both,27,Age-standardized,294,All causes,108,High body-mass index,3,Rate,2021,2890.8245667738533,4248.370657456713,1385.871789281769
1,All Population,2,DALYs (Disability-Adjusted Life Years),30,Vanuatu,3,Both,27,Age-standardized,294,All causes,108,High body-mass index,3,Rate,2021,4030.0833881529275,5791.818059119283,2101.788325745029
1,All Population,2,DALYs (Disability-Adjusted Life Years),29,Tonga,3,Both,27,Age-standardized,294,All causes,108,High body-mass index,3,Rate,2021,5928.312851287773,8085.588581854414,3179.5566204293546
1,All Population,2,DALYs (Disability-Adjusted Life Years),66,Brunei Darussalam,3,Both,27,Age-standardized,294,All causes,108,High body-mass index,3,Rate,2021,2243.257855657251,3333.691462823618,1063.9824270750685
1,All Population,2,DALYs (Disability-Adjusted Life Years),11,Indonesia,3,Both,27,Age-standardized,294,All causes,108,High body-mass index,3,Rate,2019,1334.2365303580664,2001.0736781746464,653.9191717771583
1,All Population,2,DALYs (Disability-Adjusted Life Years),27,Samoa,3,Both,27,Age-standardized,294,All causes,108,High body-mass index,3,Rate,2019,5001.818871509123,6918.537658497433,2624.8148800789695
1,All Population,2,DALYs (Disability-Adjusted Life Years),74,Andorra,3,Both,27,Age-standardized,294,All causes,108,High body-mass index,3,Rate,2021,1012.139227944257,1651.7833414176207,409.1401220375901
1,All Population,2,DALYs (Disability-Adjusted Life Years),78,Denmark,3,Both,27,Age-standardized,294,All causes,108,High body-mass index,3,Rate,2021,1015.3329179633004,1658.2466772291396,392.95435287253565
1,All Population,2,DALYs (Disability-Adjusted Life Years),15,Myanmar,3,Both,27,Age-standardized,294,All causes,108,High body-mass index,3,Rate,2019,1464.2134740577155,2225.947081075275,751.6515296674328
1,All Population,2,DALYs (Disability-Adjusted Life Years),19,Timor-Leste,3,Both,27,Age-standardized,294,All causes,108,High body-mass index,3,Rate,2019,631.9628530610042,1013.4202767046849,324.25647545895265
1,All Population,2,DALYs (Disability-Adjusted Life Years),23,Kiribati,3,Both,27,Age-standardized,294,All causes,108,High body-mass index,3,Rate,2019,4399.554082313805,6194.090761106085,2268.8193048630014
1,All Population,2,DALYs (Disability-Adjusted Life Years),7,Democratic People's Republic of Korea,3,Both,27,Age-standardized,294,All causes,108,High body-mass index,3,Rate,2019,1226.349228926534,1920.9121039380457,601.6579114160012
1,All Population,2,DALYs (Disability-Adjusted Life Years),82,Greece,3,Both,27,Age-standardized,294,All causes,108,High body-mass index,3,Rate,2021,1499.999254030035,2288.705615186289,641.7164293523464
1,All Population,2,DALYs (Disability-Adjusted Life Years),69,Singapore,3,Both,27,Age-standardized,294,All causes,108,High body-mass index,3,Rate,2019,817.4125309688309,1275.2242324333358,369.7769041636441
1,All Population,2,DALYs (Disability-Adjusted Life Years),85,Israel,3,Both,27,Age-standardized,294,All causes,108,High body-mass index,3,Rate,2021,1223.5758082438583,1887.9437375295818,499.54684902195976
1,All Population,2,DALYs (Disability-Adjusted Life Years),89,Netherlands,3,Both,27,Age-standardized,294,All causes,108,High body-mass index,3,Rate,2021,991.1235382834726,1568.7886995014514,379.32561389989996
1,All Population,2,DALYs (Disability-Adjusted Life Years),93,Sweden,3,Both,27,Age-standardized,294,All causes,108,High body-mass index,3,Rate,2021,1044.8435482103575,1681.4035555925998,438.2931260649165
1,All Population,2,DALYs (Disability-Adjusted Life Years),68,Republic of Korea,3,Both,27,Age-standardized,294,All causes,108,High body-mass index,3,Rate,2021,671.2210239190256,1077.9813709069858,262.2880100472861
1,All Population,2,DALYs (Disability-Adjusted Life Years),67,Japan,3,Both,27,Age-standardized,294,All causes,108,High body-mass index,3,Rate,2021,652.3335073733462,1062.7206822739502,262.37118292593993
1,All Population,2,DALYs (Disability-Adjusted Life Years),101,Canada,3,Both,27,Age-standardized,294,All causes,108,High body-mass index,3,Rate,2021,1196.559526267992,1887.940028856509,505.6508419600824
1,All Population,2,DALYs (Disability-Adjusted Life Years),97,Argentina,3,Both,27,Age-standardized,294,All causes,108,High body-mass index,3,Rate,2021,1916.948993907672,2851.4232077581487,919.12424793784
1,All Population,2,DALYs (Disability-Adjusted Life Years),71,Australia,3,Both,27,Age-standardized,294,All causes,108,High body-mass index,3,Rate,2021,1197.87065739501,1941.2931644862342,471.0201388337285
1,All Population,2,DALYs (Disability-Adjusted Life Years),72,New Zealand,3,Both,27,Age-standardized,294,All causes,108,High body-mass index,3,Rate,2021,1582.1705162046208,2439.770310581087,653.0521481494271
1,All Population,2,DALYs (Disability-Adjusted Life Years),105,Antigua and Barbuda,3,Both,27,Age-standardized,294,All causes,108,High body-mass index,3,Rate,2021,2653.4525058426734,3715.765519837885,1509.199364935287
1,All Population,2,DALYs (Disability-Adjusted Life Years),75,Austria,3,Both,27,Age-standardized,294,All causes,108,High body-mass index,3,Rate,2021,1134.9575051027962,1815.8268990297165,483.05991806044744
1,All Population,2,DALYs (Disability-Adjusted Life Years),76,Belgium,3,Both,27,Age-standardized,294,All causes,108,High body-mass index,3,Rate,2021,982.2061703884416,1604.5657296170007,369.8831123519025
1,All Population,2,DALYs (Disability-Adjusted Life Years),109,Cuba,3,Both,27,Age-standardized,294,All causes,108,High body-mass index,3,Rate,2021,1907.6708518288706,2842.781395664144,952.8034728959711
1,All Population,2,DALYs (Disability-Adjusted Life Years),79,Finland,3,Both,27,Age-standardized,294,All causes,108,High body-mass index,3,Rate,2021,1347.2857384358795,2046.425668314449,608.5760295684859
1,All Population,2,DALYs (Disability-Adjusted Life Years),112,Grenada,3,Both,27,Age-standardized,294,All causes,108,High body-mass index,3,Rate,2021,2929.447396462102,4132.669849765173,1597.69998118603
1,All Population,2,DALYs (Disability-Adjusted Life Years),80,France,3,Both,27,Age-standardized,294,All causes,108,High body-mass index,3,Rate,2021,949.7641981202844,1506.6253135281686,354.74375136784516
1,All Population,2,DALYs (Disability-Adjusted Life Years),84,Ireland,3,Both,27,Age-standardized,294,All causes,108,High body-mass index,3,Rate,2021,1068.349911860422,1707.3597021814817,410.29576652464976
1,All Population,2,DALYs (Disability-Adjusted Life Years),83,Iceland,3,Both,27,Age-standardized,294,All causes,108,High body-mass index,3,Rate,2021,1075.7974070231246,1738.736079163259,417.5054925251363
1,All Population,2,DALYs (Disability-Adjusted Life Years),116,Saint Lucia,3,Both,27,Age-standardized,294,All causes,108,High body-mass index,3,Rate,2021,2692.228546528359,3721.784052644449,1521.594941879175
1,All Population,2,DALYs (Disability-Adjusted Life Years),87,Luxembourg,3,Both,27,Age-standardized,294,All causes,108,High body-mass index,3,Rate,2021,996.1448241506774,1568.4715655653822,395.96982084259537
1,All Population,2,DALYs (Disability-Adjusted Life Years),86,Italy,3,Both,27,Age-standardized,294,All causes,108,High body-mass index,3,Rate,2021,1092.0759418418368,1740.1523130140422,458.6829204969245
1,All Population,2,DALYs (Disability-Adjusted Life Years),90,Norway,3,Both,27,Age-standardized,294,All causes,108,High body-mass index,3,Rate,2021,922.2995248798403,1485.2039576725235,357.79012549124917
1,All Population,2,DALYs (Disability-Adjusted Life Years),91,Portugal,3,Both,27,Age-standardized,294,All causes,108,High body-mass index,3,Rate,2021,1240.1750891027689,1940.4381921983772,502.2377271177181
1,All Population,2,DALYs (Disability-Adjusted Life Years),115,Jamaica,3,Both,27,Age-standardized,294,All causes,108,High body-mass index,3,Rate,2019,2376.179896060253,3562.1156511136883,1250.7060457561563
1,All Population,2,DALYs (Disability-Adjusted Life Years),108,Belize,3,Both,27,Age-standardized,294,All causes,108,High body-mass index,3,Rate,2019,3133.577271910952,4325.81363655991,1682.1162893095127
1,All Population,2,DALYs (Disability-Adjusted Life Years),94,Switzerland,3,Both,27,Age-standardized,294,All causes,108,High body-mass index,3,Rate,2021,911.4580113493023,1465.237734568386,362.00113954272985
1,All Population,2,DALYs (Disability-Adjusted Life Years),95,United Kingdom,3,Both,27,Age-standardized,294,All causes,108,High body-mass index,3,Rate,2021,1339.0069916125804,2094.389491566065,560.0727498502376
1,All Population,2,DALYs (Disability-Adjusted Life Years),98,Chile,3,Both,27,Age-standardized,294,All causes,108,High body-mass index,3,Rate,2021,1480.7596643767133,2270.638532566542,649.2062440965486
1,All Population,2,DALYs (Disability-Adjusted Life Years),99,Uruguay,3,Both,27,Age-standardized,294,All causes,108,High body-mass index,3,Rate,2021,1565.245884844784,2395.5256380580263,673.927557187003
1,All Population,2,DALYs (Disability-Adjusted Life Years),128,Guatemala,3,Both,27,Age-standardized,294,All causes,108,High body-mass index,3,Rate,2021,3146.856679287105,4335.6141489023075,1698.598338699734
1,All Population,2,DALYs (Disability-Adjusted Life Years),132,Panama,3,Both,27,Age-standardized,294,All causes,108,High body-mass index,3,Rate,2021,2096.48773872712,3088.6273295954516,1052.758681631169
1,All Population,2,DALYs (Disability-Adjusted Life Years),102,United States of America,3,Both,27,Age-standardized,294,All causes,108,High body-mass index,3,Rate,2021,2253.1309676278333,3257.1086127536905,1117.781016569739
1,All Population,2,DALYs (Disability-Adjusted Life Years),77,Cyprus,3,Both,27,Age-standardized,294,All causes,108,High body-mass index,3,Rate,2019,1583.3099255392988,2443.3562065723163,695.8780626469038
1,All Population,2,DALYs (Disability-Adjusted Life Years),106,Bahamas,3,Both,27,Age-standardized,294,All causes,108,High body-mass index,3,Rate,2021,4546.755053450142,6035.731428273315,2858.0935402447326
1,All Population,2,DALYs (Disability-Adjusted Life Years),136,Paraguay,3,Both,27,Age-standardized,294,All causes,108,High body-mass index,3,Rate,2021,2771.0290365238798,3947.348500273571,1438.297715224123
1,All Population,2,DALYs (Disability-Adjusted Life Years),88,Malta,3,Both,27,Age-standardized,294,All causes,108,High body-mass index,3,Rate,2019,1341.4108967170905,2127.0760169643904,553.1931355135471
1,All Population,2,DALYs (Disability-Adjusted Life Years),107,Barbados,3,Both,27,Age-standardized,294,All causes,108,High body-mass index,3,Rate,2021,2878.84012925913,3999.785011695712,1544.50183475553
1,All Population,2,DALYs (Disability-Adjusted Life Years),139,Algeria,3,Both,27,Age-standardized,294,All causes,108,High body-mass index,3,Rate,2021,2767.034104757755,3961.7987147165004,1460.101455432793
1,All Population,2,DALYs (Disability-Adjusted Life Years),110,Dominica,3,Both,27,Age-standardized,294,All causes,108,High body-mass index,3,Rate,2021,3289.7726532885954,4658.110130179961,1857.598597022809
1,All Population,2,DALYs (Disability-Adjusted Life Years),111,Dominican Republic,3,Both,27,Age-standardized,294,All causes,108,High body-mass index,3,Rate,2021,2703.054446067845,3982.806177792302,1436.1031642792825
1,All Population,2,DALYs (Disability-Adjusted Life Years),81,Germany,3,Both,27,Age-standardized,294,All causes,108,High body-mass index,3,Rate,2019,1306.2225104887436,2063.036390819476,543.5581890577412
1,All Population,2,DALYs (Disability-Adjusted Life Years),119,Trinidad and Tobago,3,Both,27,Age-standardized,294,All causes,108,High body-mass index,3,Rate,2019,4045.045326911819,5653.7488715074915,2112.3422182016034
1,All Population,2,DALYs (Disability-Adjusted Life Years),113,Guyana,3,Both,27,Age-standardized,294,All causes,108,High body-mass index,3,Rate,2021,3958.6956492485983,5359.268796467305,2348.345166700032
1,All Population,2,DALYs (Disability-Adjusted Life Years),114,Haiti,3,Both,27,Age-standardized,294,All causes,108,High body-mass index,3,Rate,2021,2381.4188195833344,3529.3015196594765,1181.9303212676764
1,All Population,2,DALYs (Disability-Adjusted Life Years),143,Iraq,3,Both,27,Age-standardized,294,All causes,108,High body-mass index,3,Rate,2021,4343.428613628621,6225.817374037236,2203.9534589435516
1,All Population,2,DALYs (Disability-Adjusted Life Years),147,Libya,3,Both,27,Age-standardized,294,All causes,108,High body-mass index,3,Rate,2021,4186.864648051862,5971.256328679926,2175.5323150781674
1,All Population,2,DALYs (Disability-Adjusted Life Years),118,Suriname,3,Both,27,Age-standardized,294,All causes,108,High body-mass index,3,Rate,2021,2639.206588873843,3868.989936595363,1323.0288690679579
1,All Population,2,DALYs (Disability-Adjusted Life Years),92,Spain,3,Both,27,Age-standardized,294,All causes,108,High body-mass index,3,Rate,2019,1184.1375473070243,1865.9891251495121,475.8923338286214
1,All Population,2,DALYs (Disability-Adjusted Life Years),117,Saint Vincent and the Grenadines,3,Both,27,Age-standardized,294,All causes,108,High body-mass index,3,Rate,2021,2753.2062778107434,3924.929080858991,1567.5399818136502
1,All Population,2,DALYs (Disability-Adjusted Life Years),151,Qatar,3,Both,27,Age-standardized,294,All causes,108,High body-mass index,3,Rate,2021,2809.242769236803,3990.6508217547284,1353.1600715581098
1,All Population,2,DALYs (Disability-Adjusted Life Years),121,Bolivia (Plurinational State of),3,Both,27,Age-standardized,294,All causes,108,High body-mass index,3,Rate,2021,2784.3005108387097,3894.113001058673,1537.642324869781
1,All Population,2,DALYs (Disability-Adjusted Life Years),122,Ecuador,3,Both,27,Age-standardized,294,All causes,108,High body-mass index,3,Rate,2021,1916.7420389125487,2725.6107311684495,1015.3151582001004
1,All Population,2,DALYs (Disability-Adjusted Life Years),155,Türkiye,3,Both,27,Age-standardized,294,All causes,108,High body-mass index,3,Rate,2021,2611.6245926151664,3714.7309419109924,1297.70276386092
1,All Population,2,DALYs (Disability-Adjusted Life Years),125,Colombia,3,Both,27,Age-standardized,294,All causes,108,High body-mass index,3,Rate,2021,1531.7925775766466,2269.5504072183,713.659276165157
1,All Population,2,DALYs (Disability-Adjusted Life Years),126,Costa Rica,3,Both,27,Age-standardized,294,All causes,108,High body-mass index,3,Rate,2021,1997.6835314217262,2847.07920723573,1037.3443392214572
1,All Population,2,DALYs (Disability-Adjusted Life Years),130,Mexico,3,Both,27,Age-standardized,294,All causes,108,High body-mass index,3,Rate,2021,3445.7093624801773,4751.047130254636,1927.9493345529954
1,All Population,2,DALYs (Disability-Adjusted Life Years),129,Honduras,3,Both,27,Age-standardized,294,All causes,108,High body-mass index,3,Rate,2021,1816.5046796807214,2682.9859924942407,898.235588436622
1,All Population,2,DALYs (Disability-Adjusted Life Years),163,India,3,Both,27,Age-standardized,294,All causes,108,High body-mass index,3,Rate,2021,1218.0632812864242,1789.4329025333243,585.5057694953763
1,All Population,2,DALYs (Disability-Adjusted Life Years),133,Venezuela (Bolivarian Republic of),3,Both,27,Age-standardized,294,All causes,108,High body-mass index,3,Rate,2021,2966.292950089994,4265.856715001295,1601.5287826418041
1,All Population,2,DALYs (Disability-Adjusted Life Years),140,Bahrain,3,Both,27,Age-standardized,294,All causes,108,High body-mass index,3,Rate,2021,3734.0341171736313,5241.4525929774545,1763.1765639516318
1,All Population,2,DALYs (Disability-Adjusted Life Years),170,Congo,3,Both,27,Age-standardized,294,All causes,108,High body-mass index,3,Rate,2021,2028.583381746223,2957.629923604141,1125.0515394731171
1,All Population,2,DALYs (Disability-Adjusted Life Years),141,Egypt,3,Both,27,Age-standardized,294,All causes,108,High body-mass index,3,Rate,2021,6195.219588146957,8592.14840171474,3394.2814346829728
1,All Population,2,DALYs (Disability-Adjusted Life Years),145,Kuwait,3,Both,27,Age-standardized,294,All causes,108,High body-mass index,3,Rate,2021,3416.574942556728,4776.490372242414,1714.308660308797
1,All Population,2,DALYs (Disability-Adjusted Life Years),144,Jordan,3,Both,27,Age-standardized,294,All causes,108,High body-mass index,3,Rate,2021,3489.8790527009455,4934.072856149856,1967.6162513882955
1,All Population,2,DALYs (Disability-Adjusted Life Years),131,Nicaragua,3,Both,27,Age-standardized,294,All causes,108,High body-mass index,3,Rate,2019,2563.853848699428,3519.4674877657553,1364.6943640321458
1,All Population,2,DALYs (Disability-Adjusted Life Years),135,Brazil,3,Both,27,Age-standardized,294,All causes,108,High body-mass index,3,Rate,2019,1857.217876236835,2719.724319758042,887.0573282092554
1,All Population,2,DALYs (Disability-Adjusted Life Years),148,Morocco,3,Both,27,Age-standardized,294,All causes,108,High body-mass index,3,Rate,2021,3394.1723055459797,4851.335761206457,1832.2310616801187
1,All Population,2,DALYs (Disability-Adjusted Life Years),149,Palestine,3,Both,27,Age-standardized,294,All causes,108,High body-mass index,3,Rate,2021,3706.0301734960194,5109.936055678685,1958.5271570173709
1,All Population,2,DALYs (Disability-Adjusted Life Years),178,Eritrea,3,Both,27,Age-standardized,294,All causes,108,High body-mass index,3,Rate,2021,998.1655899080449,1558.591404406619,519.9077001208599
1,All Population,2,DALYs (Disability-Adjusted Life Years),182,Malawi,3,Both,27,Age-standardized,294,All causes,108,High body-mass index,3,Rate,2021,1579.1961788388212,2274.1052828968177,883.3255643168218
1,All Population,2,DALYs (Disability-Adjusted Life Years),152,Saudi Arabia,3,Both,27,Age-standardized,294,All causes,108,High body-mass index,3,Rate,2021,4920.097378305408,6709.178955384073,2772.7865091752924
1,All Population,2,DALYs (Disability-Adjusted Life Years),153,Syrian Arab Republic,3,Both,27,Age-standardized,294,All causes,108,High body-mass index,3,Rate,2021,3660.9998118310805,5346.425482416008,1887.2729069704642
1,All Population,2,DALYs (Disability-Adjusted Life Years),154,Tunisia,3,Both,27,Age-standardized,294,All causes,108,High body-mass index,3,Rate,2019,2456.3509866879012,3653.498914698198,1138.7693725296028
1,All Population,2,DALYs (Disability-Adjusted Life Years),186,Seychelles,3,Both,27,Age-standardized,294,All causes,108,High body-mass index,3,Rate,2021,1963.649464115493,2848.360362780755,1142.2139925495005
1,All Population,2,DALYs (Disability-Adjusted Life Years),123,Peru,3,Both,27,Age-standardized,294,All causes,108,High body-mass index,3,Rate,2019,1322.4513628356563,1965.8988051274216,632.1751571060184
1,All Population,2,DALYs (Disability-Adjusted Life Years),156,United Arab Emirates,3,Both,27,Age-standardized,294,All causes,108,High body-mass index,3,Rate,2021,2314.500998333658,3370.2008715157285,1060.9144894628437
1,All Population,2,DALYs (Disability-Adjusted Life Years),157,Yemen,3,Both,27,Age-standardized,294,All causes,108,High body-mass index,3,Rate,2021,2104.1418871599053,3142.7800678939334,1044.688658398219
1,All Population,2,DALYs (Disability-Adjusted Life Years),191,Zambia,3,Both,27,Age-standardized,294,All causes,108,High body-mass index,3,Rate,2021,2073.3681828717736,2921.884397202693,1197.4288553910596
1,All Population,2,DALYs (Disability-Adjusted Life Years),142,Iran (Islamic Republic of),3,Both,27,Age-standardized,294,All causes,108,High body-mass index,3,Rate,2019,2330.8403982121595,3382.567930205296,1144.8661163379768
1,All Population,2,DALYs (Disability-Adjusted Life Years),160,Afghanistan,3,Both,27,Age-standardized,294,All causes,108,High body-mass index,3,Rate,2021,2957.3288483578644,4306.10203072761,1449.5989482315988
1,All Population,2,DALYs (Disability-Adjusted Life Years),194,Lesotho,3,Both,27,Age-standardized,294,All causes,108,High body-mass index,3,Rate,2021,2531.3925742317183,3774.7775413413237,1285.3863043676063
1,All Population,2,DALYs (Disability-Adjusted Life Years),161,Bangladesh,3,Both,27,Age-standardized,294,All causes,108,High body-mass index,3,Rate,2021,1223.2794570787348,1889.3438151442804,625.4649775161053
1,All Population,2,DALYs (Disability-Adjusted Life Years),165,Pakistan,3,Both,27,Age-standardized,294,All causes,108,High body-mass index,3,Rate,2019,1816.1918884258253,2716.0279173666922,902.3014572748435
1,All Population,2,DALYs (Disability-Adjusted Life Years),164,Nepal,3,Both,27,Age-standardized,294,All causes,108,High body-mass index,3,Rate,2021,1043.6943750804642,1642.330092010803,500.4668304498396
1,All Population,2,DALYs (Disability-Adjusted Life Years),198,Zimbabwe,3,Both,27,Age-standardized,294,All causes,108,High body-mass index,3,Rate,2021,1932.5108310202645,2881.8004409057417,1033.476632227214
1,All Population,2,DALYs (Disability-Adjusted Life Years),127,El Salvador,3,Both,27,Age-standardized,294,All causes,108,High body-mass index,3,Rate,2019,2747.5488942937636,3848.1601228183977,1508.0297177325592
1,All Population,2,DALYs (Disability-Adjusted Life Years),168,Angola,3,Both,27,Age-standardized,294,All causes,108,High body-mass index,3,Rate,2021,1747.1817581594173,2612.393290371143,974.1894055813112
1,All Population,2,DALYs (Disability-Adjusted Life Years),162,Bhutan,3,Both,27,Age-standardized,294,All causes,108,High body-mass index,3,Rate,2019,1715.3627244285728,2536.1490918051854,894.6320239413691
1,All Population,2,DALYs (Disability-Adjusted Life Years),172,Equatorial Guinea,3,Both,27,Age-standardized,294,All causes,108,High body-mass index,3,Rate,2021,2759.8442544519166,3889.5730018486056,1552.9025962605085
1,All Population,2,DALYs (Disability-Adjusted Life Years),171,Democratic Republic of the Congo,3,Both,27,Age-standardized,294,All causes,108,High body-mass index,3,Rate,2021,2353.5540662265075,3442.6012396682822,1344.2860547294797
1,All Population,2,DALYs (Disability-Adjusted Life Years),146,Lebanon,3,Both,27,Age-standardized,294,All causes,108,High body-mass index,3,Rate,2019,2406.1406991153094,3496.3711511299866,1130.1047744832138
1,All Population,2,DALYs (Disability-Adjusted Life Years),202,Cameroon,3,Both,27,Age-standardized,294,All causes,108,High body-mass index,3,Rate,2021,2539.7488311916845,3645.378548372321,1350.6005021151675
1,All Population,2,DALYs (Disability-Adjusted Life Years),206,Gambia,3,Both,27,Age-standardized,294,All causes,108,High body-mass index,3,Rate,2021,1657.2528609379838,2402.113712810228,817.9710145930394
1,All Population,2,DALYs (Disability-Adjusted Life Years),176,Comoros,3,Both,27,Age-standardized,294,All causes,108,High body-mass index,3,Rate,2021,1052.8517401305357,1632.9058628038704,478.94926719705114
1,All Population,2,DALYs (Disability-Adjusted Life Years),150,Oman,3,Both,27,Age-standardized,294,All causes,108,High body-mass index,3,Rate,2019,3365.7317667219286,4723.912322139164,1825.013423330371
1,All Population,2,DALYs (Disability-Adjusted Life Years),177,Djibouti,3,Both,27,Age-standardized,294,All causes,108,High body-mass index,3,Rate,2019,753.6451648393784,1163.2941412953517,354.1447958510366
1,All Population,2,DALYs (Disability-Adjusted Life Years),175,Burundi,3,Both,27,Age-standardized,294,All causes,108,High body-mass index,3,Rate,2021,821.3464789265429,1286.6093635643717,420.55416161855334
1,All Population,2,DALYs (Disability-Adjusted Life Years),169,Central African Republic,3,Both,27,Age-standardized,294,All causes,108,High body-mass index,3,Rate,2019,2061.5134969747965,3345.4337509138704,1107.9584867393885
1,All Population,2,DALYs (Disability-Adjusted Life Years),210,Liberia,3,Both,27,Age-standardized,294,All causes,108,High body-mass index,3,Rate,2021,2481.497813090764,3555.1509954235753,1320.897776236972
1,All Population,2,DALYs (Disability-Adjusted Life Years),179,Ethiopia,3,Both,27,Age-standardized,294,All causes,108,High body-mass index,3,Rate,2021,693.0105458107065,1048.7645416088608,367.3367093433468
1,All Population,2,DALYs (Disability-Adjusted Life Years),180,Kenya,3,Both,27,Age-standardized,294,All causes,108,High body-mass index,3,Rate,2021,1176.5165136841654,1735.3101514453465,645.7107564672582
1,All Population,2,DALYs (Disability-Adjusted Life Years),183,Mauritius,3,Both,27,Age-standardized,294,All causes,108,High body-mass index,3,Rate,2021,3491.0031018078603,5118.798851977345,1790.6675024969397
1,All Population,2,DALYs (Disability-Adjusted Life Years),214,Nigeria,3,Both,27,Age-standardized,294,All causes,108,High body-mass index,3,Rate,2021,1826.9238318606267,2646.0368416323836,999.6156453685193
1,All Population,2,DALYs (Disability-Adjusted Life Years),184,Mozambique,3,Both,27,Age-standardized,294,All causes,108,High body-mass index,3,Rate,2021,992.3032150765093,1545.5581460088551,513.7954806213239
1,All Population,2,DALYs (Disability-Adjusted Life Years),187,Somalia,3,Both,27,Age-standardized,294,All causes,108,High body-mass index,3,Rate,2021,770.7360245195637,1240.5270524450668,383.8929937105169
1,All Population,2,DALYs (Disability-Adjusted Life Years),181,Madagascar,3,Both,27,Age-standardized,294,All causes,108,High body-mass index,3,Rate,2019,1061.2361325167321,1676.7984034096319,547.2120048170228
1,All Population,2,DALYs (Disability-Adjusted Life Years),189,United Republic of Tanzania,3,Both,27,Age-standardized,294,All causes,108,High body-mass index,3,Rate,2021,1269.1012358000364,1847.3614649600095,659.88856232691
1,All Population,2,DALYs (Disability-Adjusted Life Years),218,Togo,3,Both,27,Age-standardized,294,All causes,108,High body-mass index,3,Rate,2021,1703.4162262277036,2526.7968738681616,893.0614813726446
1,All Population,2,DALYs (Disability-Adjusted Life Years),185,Rwanda,3,Both,27,Age-standardized,294,All causes,108,High body-mass index,3,Rate,2019,969.1798029877942,1529.5919220927713,508.30617806394497
1,All Population,2,DALYs (Disability-Adjusted Life Years),173,Gabon,3,Both,27,Age-standardized,294,All causes,108,High body-mass index,3,Rate,2019,2728.96621053825,3899.8043917327154,1576.7290434008419
1,All Population,2,DALYs (Disability-Adjusted Life Years),195,Namibia,3,Both,27,Age-standardized,294,All causes,108,High body-mass index,3,Rate,2021,1886.9296279726568,2757.0734595015847,1021.0187125502595
1,All Population,2,DALYs (Disability-Adjusted Life Years),190,Uganda,3,Both,27,Age-standardized,294,All causes,108,High body-mass index,3,Rate,2019,1151.2582264260989,1757.3880858187756,626.0347669182045
1,All Population,2,DALYs (Disability-Adjusted Life Years),196,South Africa,3,Both,27,Age-standardized,294,All causes,108,High body-mass index,3,Rate,2021,2947.5124203077844,4130.761262875858,1634.0756724379457
1,All Population,2,DALYs (Disability-Adjusted Life Years),193,Botswana,3,Both,27,Age-standardized,294,All causes,108,High body-mass index,3,Rate,2019,1849.6439893929712,2762.0562930875008,950.1020533231682
1,All Population,2,DALYs (Disability-Adjusted Life Years),200,Benin,3,Both,27,Age-standardized,294,All causes,108,High body-mass index,3,Rate,2021,1447.5309094713934,2188.1115604756515,712.6306979566134
1,All Population,2,DALYs (Disability-Adjusted Life Years),197,Eswatini,3,Both,27,Age-standardized,294,All causes,108,High body-mass index,3,Rate,2019,3158.526374915725,4403.694700970496,1773.5003899405851
1,All Population,2,DALYs (Disability-Adjusted Life Years),305,Bermuda,3,Both,27,Age-standardized,294,All causes,108,High body-mass index,3,Rate,2021,1490.1263613132587,2242.6136428321165,684.0119011339092
1,All Population,2,DALYs (Disability-Adjusted Life Years),203,Cabo Verde,3,Both,27,Age-standardized,294,All causes,108,High body-mass index,3,Rate,2021,1440.3462776900521,2138.6184121976094,726.56803354817
1,All Population,2,DALYs (Disability-Adjusted Life Years),204,Chad,3,Both,27,Age-standardized,294,All causes,108,High body-mass index,3,Rate,2021,1874.261174779186,2909.2634506225777,1031.3361010487263
1,All Population,2,DALYs (Disability-Adjusted Life Years),207,Ghana,3,Both,27,Age-standardized,294,All causes,108,High body-mass index,3,Rate,2021,2224.229505500012,3246.679233309374,1163.2718371659046
1,All Population,2,DALYs (Disability-Adjusted Life Years),208,Guinea,3,Both,27,Age-standardized,294,All causes,108,High body-mass index,3,Rate,2021,1482.6442216548312,2227.2277016929647,757.8728031620484
1,All Population,2,DALYs (Disability-Adjusted Life Years),211,Mali,3,Both,27,Age-standardized,294,All causes,108,High body-mass index,3,Rate,2021,1762.0377688444432,2633.6537627135253,969.846201102963
1,All Population,2,DALYs (Disability-Adjusted Life Years),212,Mauritania,3,Both,27,Age-standardized,294,All causes,108,High body-mass index,3,Rate,2021,2400.864741627881,3446.9299780381234,1370.8259317618679
1,All Population,2,DALYs (Disability-Adjusted Life Years),374,Niue,3,Both,27,Age-standardized,294,All causes,108,High body-mass index,3,Rate,2021,5771.394468943551,7949.3995993092785,3000.2021494802257
1,All Population,2,DALYs (Disability-Adjusted Life Years),393,Saint Kitts and Nevis,3,Both,27,Age-standardized,294,All causes,108,High body-mass index,3,Rate,2021,2802.338781102249,4023.576410884372,1503.282100865761
1,All Population,2,DALYs (Disability-Adjusted Life Years),215,Sao Tome and Principe,3,Both,27,Age-standardized,294,All causes,108,High body-mass index,3,Rate,2021,1765.767939499643,2752.5944377135465,833.580949929569
1,All Population,2,DALYs (Disability-Adjusted Life Years),216,Senegal,3,Both,27,Age-standardized,294,All causes,108,High body-mass index,3,Rate,2021,1276.6924965321462,1930.7801648082618,644.7815201978152
1,All Population,2,DALYs (Disability-Adjusted Life Years),416,Tuvalu,3,Both,27,Age-standardized,294,All causes,108,High body-mass index,3,Rate,2021,8311.881152519954,11515.765652282744,4376.614965367905
1,All Population,2,DALYs (Disability-Adjusted Life Years),435,South Sudan,3,Both,27,Age-standardized,294,All causes,108,High body-mass index,3,Rate,2021,1213.1494918400008,1844.5133932063372,652.9090283741045
1,All Population,2,DALYs (Disability-Adjusted Life Years),213,Niger,3,Both,27,Age-standardized,294,All causes,108,High body-mass index,3,Rate,2019,1011.735740065848,1547.9589760405186,489.5933677500055
1,All Population,2,DALYs (Disability-Adjusted Life Years),351,Guam,3,Both,27,Age-standardized,294,All causes,108,High body-mass index,3,Rate,2019,2877.6423757797234,4144.670642895004,1459.891806077426
1,All Population,2,DALYs (Disability-Adjusted Life Years),201,Burkina Faso,3,Both,27,Age-standardized,294,All causes,108,High body-mass index,3,Rate,2019,773.8432025892948,1197.1433097263541,390.5988394298608
1,All Population,2,DALYs (Disability-Adjusted Life Years),369,Nauru,3,Both,27,Age-standardized,294,All causes,108,High body-mass index,3,Rate,2019,11708.533265522821,15799.593559552144,6392.667988582531
1,All Population,2,DALYs (Disability-Adjusted Life Years),217,Sierra Leone,3,Both,27,Age-standardized,294,All causes,108,High body-mass index,3,Rate,2019,1461.276063606211,2191.7025311455145,771.8353983793319
1,All Population,2,DALYs (Disability-Adjusted Life Years),320,Cook Islands,3,Both,27,Age-standardized,294,All causes,108,High body-mass index,3,Rate,2021,6360.122023347345,8237.856230638723,3825.3637966412084
1,All Population,2,DALYs (Disability-Adjusted Life Years),209,Guinea-Bissau,3,Both,27,Age-standardized,294,All causes,108,High body-mass index,3,Rate,2019,1997.1605119867615,3082.132664731517,1084.2122147814384
1,All Population,2,DALYs (Disability-Adjusted Life Years),349,Greenland,3,Both,27,Age-standardized,294,All causes,108,High body-mass index,3,Rate,2021,1975.876616620369,3056.305178968893,869.7855605147487
1,All Population,2,DALYs (Disability-Adjusted Life Years),522,Sudan,3,Both,27,Age-standardized,294,All causes,108,High body-mass index,3,Rate,2021,3023.7782972574205,4406.739289655162,1596.872323737305
1,All Population,2,DALYs (Disability-Adjusted Life Years),367,Monaco,3,Both,27,Age-standardized,294,All causes,108,High body-mass index,3,Rate,2021,1282.7509795417573,2118.8515030273456,482.9232951366761
1,All Population,2,DALYs (Disability-Adjusted Life Years),205,Côte d'Ivoire,3,Both,27,Age-standardized,294,All causes,108,High body-mass index,3,Rate,2019,1444.3159800447122,2079.8920507893217,784.78768901276
1,All Population,2,DALYs (Disability-Adjusted Life Years),413,Tokelau,3,Both,27,Age-standardized,294,All causes,108,High body-mass index,3,Rate,2019,4915.48093536533,6685.218596539504,2597.3219134986225
1,All Population,2,DALYs (Disability-Adjusted Life Years),380,Palau,3,Both,27,Age-standardized,294,All causes,108,High body-mass index,3,Rate,2021,4996.402211094042,7034.501551666692,2380.6592627325153
1,All Population,2,DALYs (Disability-Adjusted Life Years),376,Northern Mariana Islands,3,Both,27,Age-standardized,294,All causes,108,High body-mass index,3,Rate,2021,4458.9410749411845,6311.208866433262,2247.959482448833
1,All Population,2,DALYs (Disability-Adjusted Life Years),298,American Samoa,3,Both,27,Age-standardized,294,All causes,108,High body-mass index,3,Rate,2019,5848.833476442771,7970.4468722924585,3087.5728500607734
1,All Population,2,DALYs (Disability-Adjusted Life Years),396,San Marino,3,Both,27,Age-standardized,294,All causes,108,High body-mass index,3,Rate,2021,897.9114332031744,1494.1276308908232,348.40027036301444
1,All Population,2,DALYs (Disability-Adjusted Life Years),422,United States Virgin Islands,3,Both,27,Age-standardized,294,All causes,108,High body-mass index,3,Rate,2021,2632.9255052949393,3628.325684946233,1515.6841692677597
1,All Population,2,DALYs (Disability-Adjusted Life Years),385,Puerto Rico,3,Both,27,Age-standardized,294,All causes,108,High body-mass index,3,Rate,2019,2413.6813445772314,3340.0821194413234,1285.1736308266977
1,All Population,2,DALYs (Disability-Adjusted Life Years),8,Taiwan,3,Both,27,Age-standardized,294,All causes,108,High body-mass index,3,Rate,2022,1227.2704947054506,1914.5434444664613,556.4143321792983
1,All Population,2,DALYs (Disability-Adjusted Life Years),12,Lao People's Democratic Republic,3,Both,27,Age-standardized,294,All causes,108,High body-mass index,3,Rate,2022,1347.1904131394929,2077.510313105455,728.356033415313
1,All Population,2,DALYs (Disability-Adjusted Life Years),16,Philippines,3,Both,27,Age-standardized,294,All causes,108,High body-mass index,3,Rate,2022,1708.6154534288698,2607.026871830964,871.4907669616915
1,All Population,2,DALYs (Disability-Adjusted Life Years),20,Viet Nam,3,Both,27,Age-standardized,294,All causes,108,High body-mass index,3,Rate,2022,658.8133814434663,1000.2664159734553,347.19676545573446
1,All Population,2,DALYs (Disability-Adjusted Life Years),24,Marshall Islands,3,Both,27,Age-standardized,294,All causes,108,High body-mass index,3,Rate,2022,8477.342388030664,11808.301463217516,4916.308705757244
1,All Population,2,DALYs (Disability-Adjusted Life Years),28,Solomon Islands,3,Both,27,Age-standardized,294,All causes,108,High body-mass index,3,Rate,2022,6196.812778404625,9108.512589460322,2950.291729186901
1,All Population,2,DALYs (Disability-Adjusted Life Years),15,Myanmar,3,Both,27,Age-standardized,294,All causes,108,High body-mass index,3,Rate,2020,1496.5761700834016,2323.900301207234,754.1143311244775
1,All Population,2,DALYs (Disability-Adjusted Life Years),19,Timor-Leste,3,Both,27,Age-standardized,294,All causes,108,High body-mass index,3,Rate,2020,655.6034307295237,1047.4176130476603,337.80342692790856
1,All Population,2,DALYs (Disability-Adjusted Life Years),27,Samoa,3,Both,27,Age-standardized,294,All causes,108,High body-mass index,3,Rate,2020,4901.184996888674,6771.547613774507,2545.2818886193822
1,All Population,2,DALYs (Disability-Adjusted Life Years),7,Democratic People's Republic of Korea,3,Both,27,Age-standardized,294,All causes,108,High body-mass index,3,Rate,2020,1242.7678041354086,1927.72916223237,618.9683547193802
1,All Population,2,DALYs (Disability-Adjusted Life Years),10,Cambodia,3,Both,27,Age-standardized,294,All causes,108,High body-mass index,3,Rate,2022,915.8250215236591,1477.1542367698412,471.99776776336597
1,All Population,2,DALYs (Disability-Adjusted Life Years),6,China,3,Both,27,Age-standardized,294,All causes,108,High body-mass index,3,Rate,2022,779.529019524064,1244.4538625076952,351.7693635064509
1,All Population,2,DALYs (Disability-Adjusted Life Years),23,Kiribati,3,Both,27,Age-standardized,294,All causes,108,High body-mass index,3,Rate,2020,4363.5828862349845,6122.469131157253,2212.9985511316527
1,All Population,2,DALYs (Disability-Adjusted Life Years),66,Brunei Darussalam,3,Both,27,Age-standardized,294,All causes,108,High body-mass index,3,Rate,2022,2281.722666614573,3387.499520088104,1080.971769627804
1,All Population,2,DALYs (Disability-Adjusted Life Years),11,Indonesia,3,Both,27,Age-standardized,294,All causes,108,High body-mass index,3,Rate,2020,1359.0914805768423,2029.1238095544818,668.9987478203133
1,All Population,2,DALYs (Disability-Adjusted Life Years),74,Andorra,3,Both,27,Age-standardized,294,All causes,108,High body-mass index,3,Rate,2022,1026.4758882003316,1681.0798671878842,414.56143996486725
1,All Population,2,DALYs (Disability-Adjusted Life Years),78,Denmark,3,Both,27,Age-standardized,294,All causes,108,High body-mass index,3,Rate,2022,1023.1577247876992,1647.9099276923873,392.40352354539715
1,All Population,2,DALYs (Disability-Adjusted Life Years),14,Maldives,3,Both,27,Age-standardized,294,All causes,108,High body-mass index,3,Rate,2022,1289.121926244302,1998.9806715687057,643.059736033356
1,All Population,2,DALYs (Disability-Adjusted Life Years),18,Thailand,3,Both,27,Age-standardized,294,All causes,108,High body-mass index,3,Rate,2022,1150.114625564345,1765.4796375630951,492.2508678952882
1,All Population,2,DALYs (Disability-Adjusted Life Years),82,Greece,3,Both,27,Age-standardized,294,All causes,108,High body-mass index,3,Rate,2022,1499.1208496315712,2282.6082346646085,643.5317672393652
1,All Population,2,DALYs (Disability-Adjusted Life Years),13,Malaysia,3,Both,27,Age-standardized,294,All causes,108,High body-mass index,3,Rate,2022,1558.878922038525,2446.168815680497,688.4247518737707
1,All Population,2,DALYs (Disability-Adjusted Life Years),17,Sri Lanka,3,Both,27,Age-standardized,294,All causes,108,High body-mass index,3,Rate,2022,1553.3790192047152,2368.20802694425,761.8680044257242
1,All Population,2,DALYs (Disability-Adjusted Life Years),22,Fiji,3,Both,27,Age-standardized,294,All causes,108,High body-mass index,3,Rate,2022,7695.721971602899,10582.745197255304,4033.5830400445484
1,All Population,2,DALYs (Disability-Adjusted Life Years),25,Micronesia (Federated States of),3,Both,27,Age-standardized,294,All causes,108,High body-mass index,3,Rate,2022,7786.956728359038,10676.533404570071,4200.506045151416
1,All Population,2,DALYs (Disability-Adjusted Life Years),85,Israel,3,Both,27,Age-standardized,294,All causes,108,High body-mass index,3,Rate,2022,1227.9802297343276,1910.052054490512,504.1457625535972
1,All Population,2,DALYs (Disability-Adjusted Life Years),26,Papua New Guinea,3,Both,27,Age-standardized,294,All causes,108,High body-mass index,3,Rate,2022,2962.252612808456,4374.184513350742,1455.541050420234
1,All Population,2,DALYs (Disability-Adjusted Life Years),30,Vanuatu,3,Both,27,Age-standardized,294,All causes,108,High body-mass index,3,Rate,2022,4059.0437957532304,5823.329123156824,2154.2292704193087
1,All Population,2,DALYs (Disability-Adjusted Life Years),29,Tonga,3,Both,27,Age-standardized,294,All causes,108,High body-mass index,3,Rate,2022,5709.250524472094,7893.999328361048,2999.283379144242
1,All Population,2,DALYs (Disability-Adjusted Life Years),89,Netherlands,3,Both,27,Age-standardized,294,All causes,108,High body-mass index,3,Rate,2022,1003.7916766650194,1595.0963502059035,382.6580934118634
1,All Population,2,DALYs (Disability-Adjusted Life Years),93,Sweden,3,Both,27,Age-standardized,294,All causes,108,High body-mass index,3,Rate,2022,1058.6095319619728,1701.750095226498,436.52548936970214
1,All Population,2,DALYs (Disability-Adjusted Life Years),97,Argentina,3,Both,27,Age-standardized,294,All causes,108,High body-mass index,3,Rate,2022,2009.2909219467033,2964.1869649199994,964.3014480246143
1,All Population,2,DALYs (Disability-Adjusted Life Years),101,Canada,3,Both,27,Age-standardized,294,All causes,108,High body-mass index,3,Rate,2022,1202.3149558925838,1896.621118742678,507.97082743419065
1,All Population,2,DALYs (Disability-Adjusted Life Years),105,Antigua and Barbuda,3,Both,27,Age-standardized,294,All causes,108,High body-mass index,3,Rate,2022,2733.0062381656544,3767.813070656223,1584.116474378376
1,All Population,2,DALYs (Disability-Adjusted Life Years),109,Cuba,3,Both,27,Age-standardized,294,All causes,108,High body-mass index,3,Rate,2022,1749.6798813058288,2650.8331146954447,878.0497979845067
1,All Population,2,DALYs (Disability-Adjusted Life Years),77,Cyprus,3,Both,27,Age-standardized,294,All causes,108,High body-mass index,3,Rate,2020,1583.994170615447,2411.059776670222,705.3111598533734
1,All Population,2,DALYs (Disability-Adjusted Life Years),112,Grenada,3,Both,27,Age-standardized,294,All causes,108,High body-mass index,3,Rate,2022,3062.0167145097375,4330.972567779203,1666.8966114190703
1,All Population,2,DALYs (Disability-Adjusted Life Years),81,Germany,3,Both,27,Age-standardized,294,All causes,108,High body-mass index,3,Rate,2020,1309.4570091536482,2070.2202999844835,546.3546606236739
1,All Population,2,DALYs (Disability-Adjusted Life Years),116,Saint Lucia,3,Both,27,Age-standardized,294,All causes,108,High body-mass index,3,Rate,2022,2671.427640292318,3688.9498134684686,1462.413619293242
1,All Population,2,DALYs (Disability-Adjusted Life Years),88,Malta,3,Both,27,Age-standardized,294,All causes,108,High body-mass index,3,Rate,2020,1327.497798133474,2099.6142754227153,551.274695027382
1,All Population,2,DALYs (Disability-Adjusted Life Years),92,Spain,3,Both,27,Age-standardized,294,All causes,108,High body-mass index,3,Rate,2020,1189.7310419826729,1863.6578017704182,479.6537287611981
1,All Population,2,DALYs (Disability-Adjusted Life Years),69,Singapore,3,Both,27,Age-standardized,294,All causes,108,High body-mass index,3,Rate,2020,818.9958137162605,1255.0739823385088,373.64945515075976
1,All Population,2,DALYs (Disability-Adjusted Life Years),128,Guatemala,3,Both,27,Age-standardized,294,All causes,108,High body-mass index,3,Rate,2022,3122.274249541148,4323.173172119854,1694.9322151845686
1,All Population,2,DALYs (Disability-Adjusted Life Years),67,Japan,3,Both,27,Age-standardized,294,All causes,108,High body-mass index,3,Rate,2022,663.4262295545972,1089.6864647896007,266.7616304435379
1,All Population,2,DALYs (Disability-Adjusted Life Years),132,Panama,3,Both,27,Age-standardized,294,All causes,108,High body-mass index,3,Rate,2022,2100.746382453476,3070.148075009337,1057.8668345661722
1,All Population,2,DALYs (Disability-Adjusted Life Years),71,Australia,3,Both,27,Age-standardized,294,All causes,108,High body-mass index,3,Rate,2022,1214.8902555585,1964.560831739217,479.3961208024847
1,All Population,2,DALYs (Disability-Adjusted Life Years),68,Republic of Korea,3,Both,27,Age-standardized,294,All causes,108,High body-mass index,3,Rate,2022,688.0119074154019,1103.3005975568233,266.8746880869121
1,All Population,2,DALYs (Disability-Adjusted Life Years),72,New Zealand,3,Both,27,Age-standardized,294,All causes,108,High body-mass index,3,Rate,2022,1613.7110752072613,2487.757692751711,664.1167959815556
1,All Population,2,DALYs (Disability-Adjusted Life Years),76,Belgium,3,Both,27,Age-standardized,294,All causes,108,High body-mass index,3,Rate,2022,1003.8816402956769,1640.8887287836544,374.25498635831707
1,All Population,2,DALYs (Disability-Adjusted Life Years),75,Austria,3,Both,27,Age-standardized,294,All causes,108,High body-mass index,3,Rate,2022,1149.8583079969587,1837.5007915535828,487.7675928247511
1,All Population,2,DALYs (Disability-Adjusted Life Years),136,Paraguay,3,Both,27,Age-standardized,294,All causes,108,High body-mass index,3,Rate,2022,2760.6822711454233,3931.5860431858423,1453.0600707207432
1,All Population,2,DALYs (Disability-Adjusted Life Years),79,Finland,3,Both,27,Age-standardized,294,All causes,108,High body-mass index,3,Rate,2022,1348.10153106012,2062.565806926959,608.3921995430427
1,All Population,2,DALYs (Disability-Adjusted Life Years),139,Algeria,3,Both,27,Age-standardized,294,All causes,108,High body-mass index,3,Rate,2022,2871.026767833728,4150.179569267302,1507.1496835776677
1,All Population,2,DALYs (Disability-Adjusted Life Years),80,France,3,Both,27,Age-standardized,294,All causes,108,High body-mass index,3,Rate,2022,988.7996782140968,1555.643615792764,368.59285654783946
1,All Population,2,DALYs (Disability-Adjusted Life Years),83,Iceland,3,Both,27,Age-standardized,294,All causes,108,High body-mass index,3,Rate,2022,1114.821053398282,1796.7770021750741,437.9628521725928
1,All Population,2,DALYs (Disability-Adjusted Life Years),84,Ireland,3,Both,27,Age-standardized,294,All causes,108,High body-mass index,3,Rate,2022,1116.2019895814285,1765.8652569653616,430.48805620594925
1,All Population,2,DALYs (Disability-Adjusted Life Years),143,Iraq,3,Both,27,Age-standardized,294,All causes,108,High body-mass index,3,Rate,2022,4430.791028314053,6384.954056179757,2287.553513988213
1,All Population,2,DALYs (Disability-Adjusted Life Years),86,Italy,3,Both,27,Age-standardized,294,All causes,108,High body-mass index,3,Rate,2022,1101.8784784473098,1753.598955382656,459.9785525709202
1,All Population,2,DALYs (Disability-Adjusted Life Years),87,Luxembourg,3,Both,27,Age-standardized,294,All causes,108,High body-mass index,3,Rate,2022,998.3420353011271,1570.9746571381793,393.033051318471
1,All Population,2,DALYs (Disability-Adjusted Life Years),147,Libya,3,Both,27,Age-standardized,294,All causes,108,High body-mass index,3,Rate,2022,3940.440818958913,5659.617591899317,2084.140420880396
1,All Population,2,DALYs (Disability-Adjusted Life Years),90,Norway,3,Both,27,Age-standardized,294,All causes,108,High body-mass index,3,Rate,2022,928.855836636712,1495.8408875684243,358.4284127510111
1,All Population,2,DALYs (Disability-Adjusted Life Years),91,Portugal,3,Both,27,Age-standardized,294,All causes,108,High body-mass index,3,Rate,2022,1280.7112988536048,1996.5194653051649,521.7628143757191
1,All Population,2,DALYs (Disability-Adjusted Life Years),151,Qatar,3,Both,27,Age-standardized,294,All causes,108,High body-mass index,3,Rate,2022,2871.932297754795,4190.456419676357,1350.638605264317
1,All Population,2,DALYs (Disability-Adjusted Life Years),94,Switzerland,3,Both,27,Age-standardized,294,All causes,108,High body-mass index,3,Rate,2022,942.3984483453347,1520.2549156526927,378.0680921360959
1,All Population,2,DALYs (Disability-Adjusted Life Years),95,United Kingdom,3,Both,27,Age-standardized,294,All causes,108,High body-mass index,3,Rate,2022,1359.0831355990958,2124.6176903300952,569.3473157374692
1,All Population,2,DALYs (Disability-Adjusted Life Years),155,Türkiye,3,Both,27,Age-standardized,294,All causes,108,High body-mass index,3,Rate,2022,2624.0902373714484,3735.5197625509327,1305.4034478721921
1,All Population,2,DALYs (Disability-Adjusted Life Years),98,Chile,3,Both,27,Age-standardized,294,All causes,108,High body-mass index,3,Rate,2022,1531.1574467823004,2338.914143787554,673.7627786145722
1,All Population,2,DALYs (Disability-Adjusted Life Years),99,Uruguay,3,Both,27,Age-standardized,294,All causes,108,High body-mass index,3,Rate,2022,1706.966182379915,2594.9126965085065,754.4474153218607
1,All Population,2,DALYs (Disability-Adjusted Life Years),102,United States of America,3,Both,27,Age-standardized,294,All causes,108,High body-mass index,3,Rate,2022,2268.3772496072124,3284.065225019478,1124.1338878234035
1,All Population,2,DALYs (Disability-Adjusted Life Years),108,Belize,3,Both,27,Age-standardized,294,All causes,108,High body-mass index,3,Rate,2020,3074.7748982098788,4197.579348915345,1627.930980483419
1,All Population,2,DALYs (Disability-Adjusted Life Years),119,Trinidad and Tobago,3,Both,27,Age-standardized,294,All causes,108,High body-mass index,3,Rate,2020,4142.371313214081,5787.5516871022965,2153.0115004949257
1,All Population,2,DALYs (Disability-Adjusted Life Years),135,Brazil,3,Both,27,Age-standardized,294,All causes,108,High body-mass index,3,Rate,2020,1857.212611083669,2734.649172254679,885.0656389174037
1,All Population,2,DALYs (Disability-Adjusted Life Years),163,India,3,Both,27,Age-standardized,294,All causes,108,High body-mass index,3,Rate,2022,1178.7381815874203,1754.9443261671468,567.757028463657
1,All Population,2,DALYs (Disability-Adjusted Life Years),123,Peru,3,Both,27,Age-standardized,294,All causes,108,High body-mass index,3,Rate,2020,1330.4157287034925,1958.8069628980604,635.5983592963216
1,All Population,2,DALYs (Disability-Adjusted Life Years),115,Jamaica,3,Both,27,Age-standardized,294,All causes,108,High body-mass index,3,Rate,2020,2411.122100112689,3600.452889755534,1263.8583674640163
1,All Population,2,DALYs (Disability-Adjusted Life Years),106,Bahamas,3,Both,27,Age-standardized,294,All causes,108,High body-mass index,3,Rate,2022,3998.0928647161372,5347.073870943165,2434.392522556638
1,All Population,2,DALYs (Disability-Adjusted Life Years),127,El Salvador,3,Both,27,Age-standardized,294,All causes,108,High body-mass index,3,Rate,2020,2818.9044163589165,3993.5774409228893,1561.2708370925332
1,All Population,2,DALYs (Disability-Adjusted Life Years),110,Dominica,3,Both,27,Age-standardized,294,All causes,108,High body-mass index,3,Rate,2022,3293.3315845362877,4679.647683725825,1855.935668836559
1,All Population,2,DALYs (Disability-Adjusted Life Years),111,Dominican Republic,3,Both,27,Age-standardized,294,All causes,108,High body-mass index,3,Rate,2022,2730.238588812664,3988.7305463649845,1428.3141271311829
1,All Population,2,DALYs (Disability-Adjusted Life Years),107,Barbados,3,Both,27,Age-standardized,294,All causes,108,High body-mass index,3,Rate,2022,2907.3458754450753,4070.7363800456274,1540.4828630120417
1,All Population,2,DALYs (Disability-Adjusted Life Years),142,Iran (Islamic Republic of),3,Both,27,Age-standardized,294,All causes,108,High body-mass index,3,Rate,2020,2267.882847564567,3291.6513246265054,1115.2910956938101
1,All Population,2,DALYs (Disability-Adjusted Life Years),113,Guyana,3,Both,27,Age-standardized,294,All causes,108,High body-mass index,3,Rate,2022,4190.1852737973595,5762.576518296914,2437.210793453504
1,All Population,2,DALYs (Disability-Adjusted Life Years),170,Congo,3,Both,27,Age-standardized,294,All causes,108,High body-mass index,3,Rate,2022,2139.4294281747684,3154.7490452263237,1191.7202377876956
1,All Population,2,DALYs (Disability-Adjusted Life Years),118,Suriname,3,Both,27,Age-standardized,294,All causes,108,High body-mass index,3,Rate,2022,2530.1852409192898,3682.261272567721,1251.4858441886984
1,All Population,2,DALYs (Disability-Adjusted Life Years),146,Lebanon,3,Both,27,Age-standardized,294,All causes,108,High body-mass index,3,Rate,2020,2681.7224498488995,3889.269259588392,1292.3323990204929
1,All Population,2,DALYs (Disability-Adjusted Life Years),117,Saint Vincent and the Grenadines,3,Both,27,Age-standardized,294,All causes,108,High body-mass index,3,Rate,2022,2756.3290502744135,3942.1924925529856,1553.171414336909
1,All Population,2,DALYs (Disability-Adjusted Life Years),131,Nicaragua,3,Both,27,Age-standardized,294,All causes,108,High body-mass index,3,Rate,2020,2610.9912767743153,3621.863497363284,1408.3718310132535
1,All Population,2,DALYs (Disability-Adjusted Life Years),114,Haiti,3,Both,27,Age-standardized,294,All causes,108,High body-mass index,3,Rate,2022,2430.8262972778443,3615.2118812261997,1187.5495596163996
1,All Population,2,DALYs (Disability-Adjusted Life Years),162,Bhutan,3,Both,27,Age-standardized,294,All causes,108,High body-mass index,3,Rate,2020,1727.366487257373,2588.9245049604465,913.8590721298569
1,All Population,2,DALYs (Disability-Adjusted Life Years),178,Eritrea,3,Both,27,Age-standardized,294,All causes,108,High body-mass index,3,Rate,2022,1035.9289269367177,1600.0290370593414,559.708918557653
1,All Population,2,DALYs (Disability-Adjusted Life Years),122,Ecuador,3,Both,27,Age-standardized,294,All causes,108,High body-mass index,3,Rate,2022,1930.2482155870223,2710.09443017156,1026.3655703956595
1,All Population,2,DALYs (Disability-Adjusted Life Years),154,Tunisia,3,Both,27,Age-standardized,294,All causes,108,High body-mass index,3,Rate,2020,2270.084456469582,3347.669022678864,1059.5614203922125
1,All Population,2,DALYs (Disability-Adjusted Life Years),121,Bolivia (Plurinational State of),3,Both,27,Age-standardized,294,All causes,108,High body-mass index,3,Rate,2022,2571.0336891815614,3596.795725092152,1390.5788921105316
1,All Population,2,DALYs (Disability-Adjusted Life Years),125,Colombia,3,Both,27,Age-standardized,294,All causes,108,High body-mass index,3,Rate,2022,1537.2192889605558,2259.157233217034,707.9579554201954
1,All Population,2,DALYs (Disability-Adjusted Life Years),150,Oman,3,Both,27,Age-standardized,294,All causes,108,High body-mass index,3,Rate,2020,3396.911049564659,4736.766558173125,1866.0430979754383
1,All Population,2,DALYs (Disability-Adjusted Life Years),182,Malawi,3,Both,27,Age-standardized,294,All causes,108,High body-mass index,3,Rate,2022,1560.9054417105845,2318.0955327638376,850.8185997700122
1,All Population,2,DALYs (Disability-Adjusted Life Years),126,Costa Rica,3,Both,27,Age-standardized,294,All causes,108,High body-mass index,3,Rate,2022,2067.157670661796,2932.6473286728974,1074.9490226283124
1,All Population,2,DALYs (Disability-Adjusted Life Years),186,Seychelles,3,Both,27,Age-standardized,294,All causes,108,High body-mass index,3,Rate,2022,1944.4820676516326,2818.015018609025,1107.571981550736
1,All Population,2,DALYs (Disability-Adjusted Life Years),130,Mexico,3,Both,27,Age-standardized,294,All causes,108,High body-mass index,3,Rate,2022,3405.3831298756672,4685.068507626434,1888.967043676531
1,All Population,2,DALYs (Disability-Adjusted Life Years),129,Honduras,3,Both,27,Age-standardized,294,All causes,108,High body-mass index,3,Rate,2022,1872.9972376627688,2765.3410507537315,938.9813650732746
1,All Population,2,DALYs (Disability-Adjusted Life Years),133,Venezuela (Bolivarian Republic of),3,Both,27,Age-standardized,294,All causes,108,High body-mass index,3,Rate,2022,3081.57312971676,4420.565824035856,1656.8002110550449
1,All Population,2,DALYs (Disability-Adjusted Life Years),191,Zambia,3,Both,27,Age-standardized,294,All causes,108,High body-mass index,3,Rate,2022,2011.997564239166,2940.441727010044,1137.238311436781
1,All Population,2,DALYs (Disability-Adjusted Life Years),194,Lesotho,3,Both,27,Age-standardized,294,All causes,108,High body-mass index,3,Rate,2022,2746.4784814218274,4131.650962454397,1394.963628546345
1,All Population,2,DALYs (Disability-Adjusted Life Years),140,Bahrain,3,Both,27,Age-standardized,294,All causes,108,High body-mass index,3,Rate,2022,3767.813616643191,5341.5969234274435,1839.4595278106156
1,All Population,2,DALYs (Disability-Adjusted Life Years),141,Egypt,3,Both,27,Age-standardized,294,All causes,108,High body-mass index,3,Rate,2022,6699.135333757366,9232.920126738452,3846.6089285319435
1,All Population,2,DALYs (Disability-Adjusted Life Years),198,Zimbabwe,3,Both,27,Age-standardized,294,All causes,108,High body-mass index,3,Rate,2022,1868.287146097649,2842.040687864102,966.5836588613085
1,All Population,2,DALYs (Disability-Adjusted Life Years),144,Jordan,3,Both,27,Age-standardized,294,All causes,108,High body-mass index,3,Rate,2022,3361.063902303625,4641.619682211097,1864.5061707594775
1,All Population,2,DALYs (Disability-Adjusted Life Years),202,Cameroon,3,Both,27,Age-standardized,294,All causes,108,High body-mass index,3,Rate,2022,2611.592543714914,3852.243803734208,1374.504635624344
1,All Population,2,DALYs (Disability-Adjusted Life Years),145,Kuwait,3,Both,27,Age-standardized,294,All causes,108,High body-mass index,3,Rate,2022,3517.5333017433168,4861.313238657922,1776.7440110356047
1,All Population,2,DALYs (Disability-Adjusted Life Years),206,Gambia,3,Both,27,Age-standardized,294,All causes,108,High body-mass index,3,Rate,2022,1759.7514867363484,2566.826115398757,885.4768955092785
1,All Population,2,DALYs (Disability-Adjusted Life Years),148,Morocco,3,Both,27,Age-standardized,294,All causes,108,High body-mass index,3,Rate,2022,3418.7197198086105,4892.9427918214915,1849.2718552882864
1,All Population,2,DALYs (Disability-Adjusted Life Years),149,Palestine,3,Both,27,Age-standardized,294,All causes,108,High body-mass index,3,Rate,2022,3826.2651903629285,5357.394559234957,2032.8597828124978
1,All Population,2,DALYs (Disability-Adjusted Life Years),210,Liberia,3,Both,27,Age-standardized,294,All causes,108,High body-mass index,3,Rate,2022,2530.9155118153913,3596.3972359791983,1338.0427223612899
1,All Population,2,DALYs (Disability-Adjusted Life Years),152,Saudi Arabia,3,Both,27,Age-standardized,294,All causes,108,High body-mass index,3,Rate,2022,4965.078005640881,6749.469824766763,2802.6591151123366
1,All Population,2,DALYs (Disability-Adjusted Life Years),153,Syrian Arab Republic,3,Both,27,Age-standardized,294,All causes,108,High body-mass index,3,Rate,2022,3845.835476449822,5562.839326640388,1997.2410711150399
1,All Population,2,DALYs (Disability-Adjusted Life Years),214,Nigeria,3,Both,27,Age-standardized,294,All causes,108,High body-mass index,3,Rate,2022,1893.2282767892166,2758.8075470640442,1048.3308406254916
1,All Population,2,DALYs (Disability-Adjusted Life Years),157,Yemen,3,Both,27,Age-standardized,294,All causes,108,High body-mass index,3,Rate,2022,2164.028428796023,3221.8474014689173,1102.4567561523531
1,All Population,2,DALYs (Disability-Adjusted Life Years),156,United Arab Emirates,3,Both,27,Age-standardized,294,All causes,108,High body-mass index,3,Rate,2022,2394.7168552176613,3471.1304403528343,1093.2219230817793
1,All Population,2,DALYs (Disability-Adjusted Life Years),165,Pakistan,3,Both,27,Age-standardized,294,All causes,108,High body-mass index,3,Rate,2020,1858.428436790604,2753.1650603350117,917.0798246103203
1,All Population,2,DALYs (Disability-Adjusted Life Years),218,Togo,3,Both,27,Age-standardized,294,All causes,108,High body-mass index,3,Rate,2022,1790.1421739160785,2625.576564243329,927.8647862897667
1,All Population,2,DALYs (Disability-Adjusted Life Years),161,Bangladesh,3,Both,27,Age-standardized,294,All causes,108,High body-mass index,3,Rate,2022,1252.4429805907162,1905.6237934685437,648.5362882564074
1,All Population,2,DALYs (Disability-Adjusted Life Years),160,Afghanistan,3,Both,27,Age-standardized,294,All causes,108,High body-mass index,3,Rate,2022,2844.7114215864044,4288.741943985938,1411.3157809466782
1,All Population,2,DALYs (Disability-Adjusted Life Years),181,Madagascar,3,Both,27,Age-standardized,294,All causes,108,High body-mass index,3,Rate,2020,1056.7920042649232,1615.7943687134934,548.9585942856318
1,All Population,2,DALYs (Disability-Adjusted Life Years),169,Central African Republic,3,Both,27,Age-standardized,294,All causes,108,High body-mass index,3,Rate,2020,2097.9635301815997,3447.240973477754,1097.3297057567586
1,All Population,2,DALYs (Disability-Adjusted Life Years),164,Nepal,3,Both,27,Age-standardized,294,All causes,108,High body-mass index,3,Rate,2022,1070.4615422991387,1698.9667460264275,543.2755575518029
1,All Population,2,DALYs (Disability-Adjusted Life Years),190,Uganda,3,Both,27,Age-standardized,294,All causes,108,High body-mass index,3,Rate,2020,1146.3954588016275,1758.4169435520932,643.676888078119
1,All Population,2,DALYs (Disability-Adjusted Life Years),193,Botswana,3,Both,27,Age-standardized,294,All causes,108,High body-mass index,3,Rate,2020,1841.9465068125346,2714.3259367144146,951.882296151829
1,All Population,2,DALYs (Disability-Adjusted Life Years),205,Côte d'Ivoire,3,Both,27,Age-standardized,294,All causes,108,High body-mass index,3,Rate,2020,1460.0694930007664,2101.2954081256316,801.5749943107144
1,All Population,2,DALYs (Disability-Adjusted Life Years),185,Rwanda,3,Both,27,Age-standardized,294,All causes,108,High body-mass index,3,Rate,2020,996.5050380448058,1563.5059581729965,522.9760369150458
1,All Population,2,DALYs (Disability-Adjusted Life Years),168,Angola,3,Both,27,Age-standardized,294,All causes,108,High body-mass index,3,Rate,2022,1831.2449119751152,2772.5782168557707,1022.0389956716272
1,All Population,2,DALYs (Disability-Adjusted Life Years),209,Guinea-Bissau,3,Both,27,Age-standardized,294,All causes,108,High body-mass index,3,Rate,2020,1945.2833471954839,2975.274637821275,1076.8715027527314
1,All Population,2,DALYs (Disability-Adjusted Life Years),171,Democratic Republic of the Congo,3,Both,27,Age-standardized,294,All causes,108,High body-mass index,3,Rate,2022,2448.6709049894534,3561.2560528099434,1349.2754129561695
1,All Population,2,DALYs (Disability-Adjusted Life Years),173,Gabon,3,Both,27,Age-standardized,294,All causes,108,High body-mass index,3,Rate,2020,2728.969000584994,3915.9321306068946,1588.4776009261286
1,All Population,2,DALYs (Disability-Adjusted Life Years),197,Eswatini,3,Both,27,Age-standardized,294,All causes,108,High body-mass index,3,Rate,2020,3105.883946821181,4264.851492837257,1774.0071968205345
1,All Population,2,DALYs (Disability-Adjusted Life Years),172,Equatorial Guinea,3,Both,27,Age-standardized,294,All causes,108,High body-mass index,3,Rate,2022,2895.7439293780494,4083.37725083934,1607.4861531653828
1,All Population,2,DALYs (Disability-Adjusted Life Years),305,Bermuda,3,Both,27,Age-standardized,294,All causes,108,High body-mass index,3,Rate,2022,1536.9107442387815,2294.6639957004636,707.8041872894614
1,All Population,2,DALYs (Disability-Adjusted Life Years),175,Burundi,3,Both,27,Age-standardized,294,All causes,108,High body-mass index,3,Rate,2022,833.8394619687583,1333.927163284768,436.8268700587291
1,All Population,2,DALYs (Disability-Adjusted Life Years),176,Comoros,3,Both,27,Age-standardized,294,All causes,108,High body-mass index,3,Rate,2022,1027.1935450234532,1548.5335034921654,521.7997766356127
1,All Population,2,DALYs (Disability-Adjusted Life Years),179,Ethiopia,3,Both,27,Age-standardized,294,All causes,108,High body-mass index,3,Rate,2022,746.2114545272427,1148.6116295602783,409.5384934936391
1,All Population,2,DALYs (Disability-Adjusted Life Years),180,Kenya,3,Both,27,Age-standardized,294,All causes,108,High body-mass index,3,Rate,2022,1125.4299882703203,1676.98070028936,632.7423270880757
1,All Population,2,DALYs (Disability-Adjusted Life Years),201,Burkina Faso,3,Both,27,Age-standardized,294,All causes,108,High body-mass index,3,Rate,2020,757.6446287935016,1143.1980672424418,379.392527049576
1,All Population,2,DALYs (Disability-Adjusted Life Years),374,Niue,3,Both,27,Age-standardized,294,All causes,108,High body-mass index,3,Rate,2022,5917.125491338075,8143.8901819077755,3118.6281133403513
1,All Population,2,DALYs (Disability-Adjusted Life Years),217,Sierra Leone,3,Both,27,Age-standardized,294,All causes,108,High body-mass index,3,Rate,2020,1479.564858176886,2227.6012194309924,820.9955501451801
1,All Population,2,DALYs (Disability-Adjusted Life Years),183,Mauritius,3,Both,27,Age-standardized,294,All causes,108,High body-mass index,3,Rate,2022,3538.4715878690113,5206.922577118366,1810.5442193121805
1,All Population,2,DALYs (Disability-Adjusted Life Years),393,Saint Kitts and Nevis,3,Both,27,Age-standardized,294,All causes,108,High body-mass index,3,Rate,2022,2786.725714184332,3979.1706848232147,1480.4915260114751
1,All Population,2,DALYs (Disability-Adjusted Life Years),184,Mozambique,3,Both,27,Age-standardized,294,All causes,108,High body-mass index,3,Rate,2022,998.0156941440467,1563.1361979883418,526.2196965890986
1,All Population,2,DALYs (Disability-Adjusted Life Years),177,Djibouti,3,Both,27,Age-standardized,294,All causes,108,High body-mass index,3,Rate,2020,748.672583069173,1203.7985257895289,339.4187523998865
1,All Population,2,DALYs (Disability-Adjusted Life Years),187,Somalia,3,Both,27,Age-standardized,294,All causes,108,High body-mass index,3,Rate,2022,793.230906288745,1239.904512993408,399.6072317658747
1,All Population,2,DALYs (Disability-Adjusted Life Years),416,Tuvalu,3,Both,27,Age-standardized,294,All causes,108,High body-mass index,3,Rate,2022,8162.421665625256,11212.348946748467,4352.280993455744
1,All Population,2,DALYs (Disability-Adjusted Life Years),435,South Sudan,3,Both,27,Age-standardized,294,All causes,108,High body-mass index,3,Rate,2022,1292.7234470763422,1914.4821267587024,687.7719494636751
1,All Population,2,DALYs (Disability-Adjusted Life Years),189,United Republic of Tanzania,3,Both,27,Age-standardized,294,All causes,108,High body-mass index,3,Rate,2022,1190.8100404810214,1777.4316828582323,648.2377363342928
1,All Population,2,DALYs (Disability-Adjusted Life Years),195,Namibia,3,Both,27,Age-standardized,294,All causes,108,High body-mass index,3,Rate,2022,2034.0604768662067,2992.6049936331333,1142.3898447890324
1,All Population,2,DALYs (Disability-Adjusted Life Years),196,South Africa,3,Both,27,Age-standardized,294,All causes,108,High body-mass index,3,Rate,2022,3083.8124174484064,4320.346828528091,1738.8817533527147
1,All Population,2,DALYs (Disability-Adjusted Life Years),200,Benin,3,Both,27,Age-standardized,294,All causes,108,High body-mass index,3,Rate,2022,1479.9105850832036,2236.413732413518,744.6123244724373
1,All Population,2,DALYs (Disability-Adjusted Life Years),203,Cabo Verde,3,Both,27,Age-standardized,294,All causes,108,High body-mass index,3,Rate,2022,1557.7554537985247,2266.53084951477,797.9220117769984
1,All Population,2,DALYs (Disability-Adjusted Life Years),207,Ghana,3,Both,27,Age-standardized,294,All causes,108,High body-mass index,3,Rate,2022,2305.7644488172155,3339.8461936504564,1201.1915903264487
1,All Population,2,DALYs (Disability-Adjusted Life Years),204,Chad,3,Both,27,Age-standardized,294,All causes,108,High body-mass index,3,Rate,2022,1970.5306348876773,2966.029708275221,1118.4551718088687
1,All Population,2,DALYs (Disability-Adjusted Life Years),369,Nauru,3,Both,27,Age-standardized,294,All causes,108,High body-mass index,3,Rate,2020,11922.861280843737,16209.087863884291,6462.43446052777
1,All Population,2,DALYs (Disability-Adjusted Life Years),211,Mali,3,Both,27,Age-standardized,294,All causes,108,High body-mass index,3,Rate,2022,1844.106007600156,2777.082982306093,1037.2311418512525
1,All Population,2,DALYs (Disability-Adjusted Life Years),208,Guinea,3,Both,27,Age-standardized,294,All causes,108,High body-mass index,3,Rate,2022,1580.9958983688869,2414.595879208768,808.7885329366733
1,All Population,2,DALYs (Disability-Adjusted Life Years),413,Tokelau,3,Both,27,Age-standardized,294,All causes,108,High body-mass index,3,Rate,2020,4639.812740742458,6306.158004020709,2424.6606861635073
1,All Population,2,DALYs (Disability-Adjusted Life Years),212,Mauritania,3,Both,27,Age-standardized,294,All causes,108,High body-mass index,3,Rate,2022,2555.3194125800824,3701.3905166434297,1418.456059006876
1,All Population,2,DALYs (Disability-Adjusted Life Years),213,Niger,3,Both,27,Age-standardized,294,All causes,108,High body-mass index,3,Rate,2020,998.9041134032808,1577.889219365116,483.613404277185
1,All Population,2,DALYs (Disability-Adjusted Life Years),215,Sao Tome and Principe,3,Both,27,Age-standardized,294,All causes,108,High body-mass index,3,Rate,2022,1747.9628972435355,2643.887204216298,872.2861818802195
1,All Population,2,DALYs (Disability-Adjusted Life Years),216,Senegal,3,Both,27,Age-standardized,294,All causes,108,High body-mass index,3,Rate,2022,1434.3805668179298,2114.5127457021067,729.7905523132293
1,All Population,2,DALYs (Disability-Adjusted Life Years),385,Puerto Rico,3,Both,27,Age-standardized,294,All causes,108,High body-mass index,3,Rate,2020,2441.1089632543976,3369.0867922672674,1318.6407626915052
1,All Population,2,DALYs (Disability-Adjusted Life Years),298,American Samoa,3,Both,27,Age-standardized,294,All causes,108,High body-mass index,3,Rate,2020,5901.763061337299,8002.016689738908,3120.7743855272724
1,All Population,2,DALYs (Disability-Adjusted Life Years),351,Guam,3,Both,27,Age-standardized,294,All causes,108,High body-mass index,3,Rate,2020,2934.9454853385155,4208.05687053658,1499.811835301131
1,All Population,2,DALYs (Disability-Adjusted Life Years),320,Cook Islands,3,Both,27,Age-standardized,294,All causes,108,High body-mass index,3,Rate,2022,6213.43592353162,8145.08065721407,3701.5188012710696
1,All Population,2,DALYs (Disability-Adjusted Life Years),367,Monaco,3,Both,27,Age-standardized,294,All causes,108,High body-mass index,3,Rate,2022,1269.0766878299683,2069.089797219709,490.62830983574895
1,All Population,2,DALYs (Disability-Adjusted Life Years),349,Greenland,3,Both,27,Age-standardized,294,All causes,108,High body-mass index,3,Rate,2022,1866.3346870240234,2916.636044645836,824.333711051534
1,All Population,2,DALYs (Disability-Adjusted Life Years),522,Sudan,3,Both,27,Age-standardized,294,All causes,108,High body-mass index,3,Rate,2022,3078.2302283748227,4489.780103236482,1663.9902720583425
1,All Population,2,DALYs (Disability-Adjusted Life Years),376,Northern Mariana Islands,3,Both,27,Age-standardized,294,All causes,108,High body-mass index,3,Rate,2022,4298.294220371864,6133.980760193126,2159.3214070319896
1,All Population,2,DALYs (Disability-Adjusted Life Years),380,Palau,3,Both,27,Age-standardized,294,All causes,108,High body-mass index,3,Rate,2022,4752.956066337594,6781.533334058452,2304.488026571972
1,All Population,2,DALYs (Disability-Adjusted Life Years),396,San Marino,3,Both,27,Age-standardized,294,All causes,108,High body-mass index,3,Rate,2022,924.0588571674087,1535.1669115071263,358.6465074738637
1,All Population,2,DALYs (Disability-Adjusted Life Years),422,United States Virgin Islands,3,Both,27,Age-standardized,294,All causes,108,High body-mass index,3,Rate,2022,2720.5713183614507,3736.0782200438084,1595.2990717331484
1,All Population,2,DALYs (Disability-Adjusted Life Years),8,Taiwan,3,Both,27,Age-standardized,294,All causes,108,High body-mass index,3,Rate,2023,1275.3661438975223,1973.9832870536409,586.4952669686189
1,All Population,2,DALYs (Disability-Adjusted Life Years),12,Lao People's Democratic Republic,3,Both,27,Age-standardized,294,All causes,108,High body-mass index,3,Rate,2023,1367.8701442033762,2060.5064458812412,735.9544996094347
1,All Population,2,DALYs (Disability-Adjusted Life Years),19,Timor-Leste,3,Both,27,Age-standardized,294,All causes,108,High body-mass index,3,Rate,2021,670.817731988664,1052.4975627924534,342.86138567235355
1,All Population,2,DALYs (Disability-Adjusted Life Years),7,Democratic People's Republic of Korea,3,Both,27,Age-standardized,294,All causes,108,High body-mass index,3,Rate,2021,1279.8269626287565,2022.4558942496196,617.4773248716144
1,All Population,2,DALYs (Disability-Adjusted Life Years),16,Philippines,3,Both,27,Age-standardized,294,All causes,108,High body-mass index,3,Rate,2023,1679.7602359236503,2580.1551879798694,838.3850793464617
1,All Population,2,DALYs (Disability-Adjusted Life Years),23,Kiribati,3,Both,27,Age-standardized,294,All causes,108,High body-mass index,3,Rate,2021,4355.894318250567,6102.024184317446,2202.4623726936484
1,All Population,2,DALYs (Disability-Adjusted Life Years),11,Indonesia,3,Both,27,Age-standardized,294,All causes,108,High body-mass index,3,Rate,2021,1434.0649650839048,2148.697365074863,723.6182419772374
1,All Population,2,DALYs (Disability-Adjusted Life Years),20,Viet Nam,3,Both,27,Age-standardized,294,All causes,108,High body-mass index,3,Rate,2023,677.4156545528544,1032.7533853213342,360.3544816601894
1,All Population,2,DALYs (Disability-Adjusted Life Years),15,Myanmar,3,Both,27,Age-standardized,294,All causes,108,High body-mass index,3,Rate,2021,1563.5408343047184,2387.870124858861,809.2660891559431
1,All Population,2,DALYs (Disability-Adjusted Life Years),28,Solomon Islands,3,Both,27,Age-standardized,294,All causes,108,High body-mass index,3,Rate,2023,6144.569548251595,8946.988150576663,2929.9780142302725
1,All Population,2,DALYs (Disability-Adjusted Life Years),27,Samoa,3,Both,27,Age-standardized,294,All causes,108,High body-mass index,3,Rate,2021,4940.663732929629,6999.075241549825,2529.4062387385165
1,All Population,2,DALYs (Disability-Adjusted Life Years),24,Marshall Islands,3,Both,27,Age-standardized,294,All causes,108,High body-mass index,3,Rate,2023,8495.87700623939,11786.945929152153,5081.13057496377
1,All Population,2,DALYs (Disability-Adjusted Life Years),6,China,3,Both,27,Age-standardized,294,All causes,108,High body-mass index,3,Rate,2023,769.2607056904167,1202.113029691811,348.1221493158054
1,All Population,2,DALYs (Disability-Adjusted Life Years),10,Cambodia,3,Both,27,Age-standardized,294,All causes,108,High body-mass index,3,Rate,2023,945.4900667000554,1458.547946392868,476.97222063234153
1,All Population,2,DALYs (Disability-Adjusted Life Years),66,Brunei Darussalam,3,Both,27,Age-standardized,294,All causes,108,High body-mass index,3,Rate,2023,2281.150791543519,3376.4823449333544,1080.7380011609448
1,All Population,2,DALYs (Disability-Adjusted Life Years),14,Maldives,3,Both,27,Age-standardized,294,All causes,108,High body-mass index,3,Rate,2023,1313.6816622456954,1992.1878518209692,665.33844049507
1,All Population,2,DALYs (Disability-Adjusted Life Years),74,Andorra,3,Both,27,Age-standardized,294,All causes,108,High body-mass index,3,Rate,2023,1031.4329481131301,1694.7064599155456,415.2420308749837
1,All Population,2,DALYs (Disability-Adjusted Life Years),13,Malaysia,3,Both,27,Age-standardized,294,All causes,108,High body-mass index,3,Rate,2023,1487.813730256069,2291.6505643772057,666.2221162351467
1,All Population,2,DALYs (Disability-Adjusted Life Years),18,Thailand,3,Both,27,Age-standardized,294,All causes,108,High body-mass index,3,Rate,2023,1153.0219885171941,1806.0477576434755,489.89399710488635
1,All Population,2,DALYs (Disability-Adjusted Life Years),17,Sri Lanka,3,Both,27,Age-standardized,294,All causes,108,High body-mass index,3,Rate,2023,1570.9371706218358,2372.285793857982,783.5299006094988
1,All Population,2,DALYs (Disability-Adjusted Life Years),78,Denmark,3,Both,27,Age-standardized,294,All causes,108,High body-mass index,3,Rate,2023,1023.0508690483719,1653.2522042899625,390.2222388040434
1,All Population,2,DALYs (Disability-Adjusted Life Years),22,Fiji,3,Both,27,Age-standardized,294,All causes,108,High body-mass index,3,Rate,2023,7689.842536883684,10726.153985604837,4026.9457900171715
1,All Population,2,DALYs (Disability-Adjusted Life Years),82,Greece,3,Both,27,Age-standardized,294,All causes,108,High body-mass index,3,Rate,2023,1508.498010061312,2309.8186076842853,639.3144651933535
1,All Population,2,DALYs (Disability-Adjusted Life Years),25,Micronesia (Federated States of),3,Both,27,Age-standardized,294,All causes,108,High body-mass index,3,Rate,2023,7681.670120583102,10564.850749240686,4106.549451383883
1,All Population,2,DALYs (Disability-Adjusted Life Years),26,Papua New Guinea,3,Both,27,Age-standardized,294,All causes,108,High body-mass index,3,Rate,2023,2962.087112950148,4444.461735644352,1435.6190669585094
1,All Population,2,DALYs (Disability-Adjusted Life Years),88,Malta,3,Both,27,Age-standardized,294,All causes,108,High body-mass index,3,Rate,2021,1329.2120502546002,2109.798271872991,551.9389574544145
1,All Population,2,DALYs (Disability-Adjusted Life Years),85,Israel,3,Both,27,Age-standardized,294,All causes,108,High body-mass index,3,Rate,2023,1231.1578132510895,1883.1932133477399,501.89046100628
1,All Population,2,DALYs (Disability-Adjusted Life Years),81,Germany,3,Both,27,Age-standardized,294,All causes,108,High body-mass index,3,Rate,2021,1307.810334657737,2077.7798043716593,542.2736890413312
1,All Population,2,DALYs (Disability-Adjusted Life Years),69,Singapore,3,Both,27,Age-standardized,294,All causes,108,High body-mass index,3,Rate,2021,817.6302929440311,1265.3122635639866,367.9553333194614
1,All Population,2,DALYs (Disability-Adjusted Life Years),29,Tonga,3,Both,27,Age-standardized,294,All causes,108,High body-mass index,3,Rate,2023,5720.798192309264,7853.250769136327,3001.935586833957
1,All Population,2,DALYs (Disability-Adjusted Life Years),89,Netherlands,3,Both,27,Age-standardized,294,All causes,108,High body-mass index,3,Rate,2023,998.4522907088199,1591.3503702702592,375.86886714502083
1,All Population,2,DALYs (Disability-Adjusted Life Years),77,Cyprus,3,Both,27,Age-standardized,294,All causes,108,High body-mass index,3,Rate,2021,1586.782747204358,2414.200090043718,695.8054028698459
1,All Population,2,DALYs (Disability-Adjusted Life Years),30,Vanuatu,3,Both,27,Age-standardized,294,All causes,108,High body-mass index,3,Rate,2023,4081.130460260392,5836.8386396535525,2166.120267689965
1,All Population,2,DALYs (Disability-Adjusted Life Years),93,Sweden,3,Both,27,Age-standardized,294,All causes,108,High body-mass index,3,Rate,2023,1076.8920847339484,1709.19144079822,440.4564099109725
1,All Population,2,DALYs (Disability-Adjusted Life Years),97,Argentina,3,Both,27,Age-standardized,294,All causes,108,High body-mass index,3,Rate,2023,1873.3517391082282,2784.069907343296,886.6488026071866
1,All Population,2,DALYs (Disability-Adjusted Life Years),101,Canada,3,Both,27,Age-standardized,294,All causes,108,High body-mass index,3,Rate,2023,1213.6822325419241,1894.9431740803439,506.4108257471094
1,All Population,2,DALYs (Disability-Adjusted Life Years),105,Antigua and Barbuda,3,Both,27,Age-standardized,294,All causes,108,High body-mass index,3,Rate,2023,2787.0132970196255,3821.1065292166336,1581.2164847007482
1,All Population,2,DALYs (Disability-Adjusted Life Years),109,Cuba,3,Both,27,Age-standardized,294,All causes,108,High body-mass index,3,Rate,2023,1779.6146761735579,2617.809063937636,878.2878494868942
1,All Population,2,DALYs (Disability-Adjusted Life Years),112,Grenada,3,Both,27,Age-standardized,294,All causes,108,High body-mass index,3,Rate,2023,3060.5989646406524,4308.647212783019,1705.3835337662983
1,All Population,2,DALYs (Disability-Adjusted Life Years),116,Saint Lucia,3,Both,27,Age-standardized,294,All causes,108,High body-mass index,3,Rate,2023,2712.213435341175,3687.306532672338,1459.3964411534694
1,All Population,2,DALYs (Disability-Adjusted Life Years),92,Spain,3,Both,27,Age-standardized,294,All causes,108,High body-mass index,3,Rate,2021,1182.3214388845436,1856.4966513581603,476.4195958632654
1,All Population,2,DALYs (Disability-Adjusted Life Years),108,Belize,3,Both,27,Age-standardized,294,All causes,108,High body-mass index,3,Rate,2021,3085.783948219202,4241.19891154131,1662.80382025365
1,All Population,2,DALYs (Disability-Adjusted Life Years),123,Peru,3,Both,27,Age-standardized,294,All causes,108,High body-mass index,3,Rate,2021,1466.1857289315835,2157.0206915802014,715.2295629194887
1,All Population,2,DALYs (Disability-Adjusted Life Years),115,Jamaica,3,Both,27,Age-standardized,294,All causes,108,High body-mass index,3,Rate,2021,2420.5982091798537,3599.8922297073404,1292.1539948453071
1,All Population,2,DALYs (Disability-Adjusted Life Years),67,Japan,3,Both,27,Age-standardized,294,All causes,108,High body-mass index,3,Rate,2023,687.5939828843766,1141.6712728705152,276.90755462541335
1,All Population,2,DALYs (Disability-Adjusted Life Years),68,Republic of Korea,3,Both,27,Age-standardized,294,All causes,108,High body-mass index,3,Rate,2023,702.6639391903562,1124.4551501521296,270.08141400400376
1,All Population,2,DALYs (Disability-Adjusted Life Years),71,Australia,3,Both,27,Age-standardized,294,All causes,108,High body-mass index,3,Rate,2023,1201.9279090575926,1938.9179405651491,471.8913352126301
1,All Population,2,DALYs (Disability-Adjusted Life Years),128,Guatemala,3,Both,27,Age-standardized,294,All causes,108,High body-mass index,3,Rate,2023,3020.9992756236143,4200.295352643566,1666.1936802771088
1,All Population,2,DALYs (Disability-Adjusted Life Years),119,Trinidad and Tobago,3,Both,27,Age-standardized,294,All causes,108,High body-mass index,3,Rate,2021,4380.923364741204,6189.81764316741,2286.279624607499
1,All Population,2,DALYs (Disability-Adjusted Life Years),72,New Zealand,3,Both,27,Age-standardized,294,All causes,108,High body-mass index,3,Rate,2023,1647.4777654686084,2546.656710433288,681.3975627440036
1,All Population,2,DALYs (Disability-Adjusted Life Years),132,Panama,3,Both,27,Age-standardized,294,All causes,108,High body-mass index,3,Rate,2023,2108.8742519635157,3032.175253363014,1063.59207634633
1,All Population,2,DALYs (Disability-Adjusted Life Years),75,Austria,3,Both,27,Age-standardized,294,All causes,108,High body-mass index,3,Rate,2023,1135.334216170998,1804.6954747179975,476.19352328544244
1,All Population,2,DALYs (Disability-Adjusted Life Years),136,Paraguay,3,Both,27,Age-standardized,294,All causes,108,High body-mass index,3,Rate,2023,2791.1158893322313,3965.4862304358085,1485.8399521549713
1,All Population,2,DALYs (Disability-Adjusted Life Years),76,Belgium,3,Both,27,Age-standardized,294,All causes,108,High body-mass index,3,Rate,2023,992.838468546211,1605.1803793650342,366.94301084457146
1,All Population,2,DALYs (Disability-Adjusted Life Years),139,Algeria,3,Both,27,Age-standardized,294,All causes,108,High body-mass index,3,Rate,2023,2921.7391412815023,4260.699701566798,1520.151922351672
1,All Population,2,DALYs (Disability-Adjusted Life Years),79,Finland,3,Both,27,Age-standardized,294,All causes,108,High body-mass index,3,Rate,2023,1390.7811932711757,2118.961872190907,630.2388379600062
1,All Population,2,DALYs (Disability-Adjusted Life Years),80,France,3,Both,27,Age-standardized,294,All causes,108,High body-mass index,3,Rate,2023,1009.4755278471148,1590.1807399645327,375.5404999735508
1,All Population,2,DALYs (Disability-Adjusted Life Years),83,Iceland,3,Both,27,Age-standardized,294,All causes,108,High body-mass index,3,Rate,2023,1129.8550039126296,1802.8114864115628,446.44975698804853
1,All Population,2,DALYs (Disability-Adjusted Life Years),84,Ireland,3,Both,27,Age-standardized,294,All causes,108,High body-mass index,3,Rate,2023,1128.7385899753883,1791.7046990602103,436.23781013684885
1,All Population,2,DALYs (Disability-Adjusted Life Years),143,Iraq,3,Both,27,Age-standardized,294,All causes,108,High body-mass index,3,Rate,2023,4485.045701783134,6347.0197811475355,2289.061716474205
1,All Population,2,DALYs (Disability-Adjusted Life Years),86,Italy,3,Both,27,Age-standardized,294,All causes,108,High body-mass index,3,Rate,2023,1099.2955203576842,1753.071916581049,455.73010905833956
1,All Population,2,DALYs (Disability-Adjusted Life Years),87,Luxembourg,3,Both,27,Age-standardized,294,All causes,108,High body-mass index,3,Rate,2023,1023.4085171711758,1594.98030565893,402.6948205573042
1,All Population,2,DALYs (Disability-Adjusted Life Years),147,Libya,3,Both,27,Age-standardized,294,All causes,108,High body-mass index,3,Rate,2023,3978.661992444571,5746.003966318313,2135.422960695938
1,All Population,2,DALYs (Disability-Adjusted Life Years),90,Norway,3,Both,27,Age-standardized,294,All causes,108,High body-mass index,3,Rate,2023,949.3829858597909,1525.0685891073117,364.07436440520985
1,All Population,2,DALYs (Disability-Adjusted Life Years),91,Portugal,3,Both,27,Age-standardized,294,All causes,108,High body-mass index,3,Rate,2023,1291.4649469554417,2023.3491063033553,525.9503589903893
1,All Population,2,DALYs (Disability-Adjusted Life Years),151,Qatar,3,Both,27,Age-standardized,294,All causes,108,High body-mass index,3,Rate,2023,3012.0580596401,4229.03819522645,1452.247142533252
1,All Population,2,DALYs (Disability-Adjusted Life Years),94,Switzerland,3,Both,27,Age-standardized,294,All causes,108,High body-mass index,3,Rate,2023,912.8048916619695,1462.8513115597686,355.7381503367544
1,All Population,2,DALYs (Disability-Adjusted Life Years),95,United Kingdom,3,Both,27,Age-standardized,294,All causes,108,High body-mass index,3,Rate,2023,1396.7069597351995,2179.488318389456,588.967548288342
1,All Population,2,DALYs (Disability-Adjusted Life Years),155,Türkiye,3,Both,27,Age-standardized,294,All causes,108,High body-mass index,3,Rate,2023,2649.417008513975,3870.3796981757378,1308.3246173815778
1,All Population,2,DALYs (Disability-Adjusted Life Years),98,Chile,3,Both,27,Age-standardized,294,All causes,108,High body-mass index,3,Rate,2023,1520.0914436918013,2321.2823539102833,657.2916213719868
1,All Population,2,DALYs (Disability-Adjusted Life Years),99,Uruguay,3,Both,27,Age-standardized,294,All causes,108,High body-mass index,3,Rate,2023,1646.8701361647231,2500.648866698163,725.0793640500734
1,All Population,2,DALYs (Disability-Adjusted Life Years),146,Lebanon,3,Both,27,Age-standardized,294,All causes,108,High body-mass index,3,Rate,2021,2182.98922409496,3187.9523530327347,1025.0759172601809
1,All Population,2,DALYs (Disability-Adjusted Life Years),162,Bhutan,3,Both,27,Age-standardized,294,All causes,108,High body-mass index,3,Rate,2021,1761.005819275356,2666.51578256532,903.0761830297289
1,All Population,2,DALYs (Disability-Adjusted Life Years),127,El Salvador,3,Both,27,Age-standardized,294,All causes,108,High body-mass index,3,Rate,2021,2888.9167656776817,4072.096552584706,1572.9069940797583
1,All Population,2,DALYs (Disability-Adjusted Life Years),102,United States of America,3,Both,27,Age-standardized,294,All causes,108,High body-mass index,3,Rate,2023,2267.178239712594,3286.4112873536988,1121.2591119700658
1,All Population,2,DALYs (Disability-Adjusted Life Years),131,Nicaragua,3,Both,27,Age-standardized,294,All causes,108,High body-mass index,3,Rate,2021,2640.1712653885743,3653.8094962215746,1439.1371346869057
1,All Population,2,DALYs (Disability-Adjusted Life Years),150,Oman,3,Both,27,Age-standardized,294,All causes,108,High body-mass index,3,Rate,2021,3476.9274294803276,4871.412780406423,1937.6713242857873
1,All Population,2,DALYs (Disability-Adjusted Life Years),163,India,3,Both,27,Age-standardized,294,All causes,108,High body-mass index,3,Rate,2023,1180.149952963669,1770.8300308194137,572.8802388653729
1,All Population,2,DALYs (Disability-Adjusted Life Years),107,Barbados,3,Both,27,Age-standardized,294,All causes,108,High body-mass index,3,Rate,2023,2866.4717468966783,3967.78466617571,1517.4449418435288
1,All Population,2,DALYs (Disability-Adjusted Life Years),106,Bahamas,3,Both,27,Age-standardized,294,All causes,108,High body-mass index,3,Rate,2023,3864.355822052938,5166.646030572915,2353.9075528979115
1,All Population,2,DALYs (Disability-Adjusted Life Years),169,Central African Republic,3,Both,27,Age-standardized,294,All causes,108,High body-mass index,3,Rate,2021,2119.0442119972918,3542.589545569387,1112.7874631862937
1,All Population,2,DALYs (Disability-Adjusted Life Years),154,Tunisia,3,Both,27,Age-standardized,294,All causes,108,High body-mass index,3,Rate,2021,2188.597942899983,3232.85339043678,1016.0042315615004
1,All Population,2,DALYs (Disability-Adjusted Life Years),135,Brazil,3,Both,27,Age-standardized,294,All causes,108,High body-mass index,3,Rate,2021,1892.6426146698975,2804.4584914415063,904.3686434954593
1,All Population,2,DALYs (Disability-Adjusted Life Years),111,Dominican Republic,3,Both,27,Age-standardized,294,All causes,108,High body-mass index,3,Rate,2023,2753.7036308487113,3998.1585762261825,1404.119627591593
1,All Population,2,DALYs (Disability-Adjusted Life Years),110,Dominica,3,Both,27,Age-standardized,294,All causes,108,High body-mass index,3,Rate,2023,3305.5832412883083,4644.04921537512,1888.623260187997
1,All Population,2,DALYs (Disability-Adjusted Life Years),142,Iran (Islamic Republic of),3,Both,27,Age-standardized,294,All causes,108,High body-mass index,3,Rate,2021,2233.541579248885,3244.707877548468,1093.3374844872462
1,All Population,2,DALYs (Disability-Adjusted Life Years),170,Congo,3,Both,27,Age-standardized,294,All causes,108,High body-mass index,3,Rate,2023,2211.539955207854,3230.0380491086175,1220.7872274173833
1,All Population,2,DALYs (Disability-Adjusted Life Years),113,Guyana,3,Both,27,Age-standardized,294,All causes,108,High body-mass index,3,Rate,2023,4373.672367178066,5988.957575762074,2631.5185454386715
1,All Population,2,DALYs (Disability-Adjusted Life Years),114,Haiti,3,Both,27,Age-standardized,294,All causes,108,High body-mass index,3,Rate,2023,2476.471268528984,3594.9384429188212,1239.4668199071275
1,All Population,2,DALYs (Disability-Adjusted Life Years),117,Saint Vincent and the Grenadines,3,Both,27,Age-standardized,294,All causes,108,High body-mass index,3,Rate,2023,2784.688020480173,3915.328061003898,1575.8418488671912
1,All Population,2,DALYs (Disability-Adjusted Life Years),118,Suriname,3,Both,27,Age-standardized,294,All causes,108,High body-mass index,3,Rate,2023,2519.6248057023386,3704.510162867107,1225.4477273610084
1,All Population,2,DALYs (Disability-Adjusted Life Years),178,Eritrea,3,Both,27,Age-standardized,294,All causes,108,High body-mass index,3,Rate,2023,1064.7726879208478,1742.9829590626125,575.4836063558788
1,All Population,2,DALYs (Disability-Adjusted Life Years),165,Pakistan,3,Both,27,Age-standardized,294,All causes,108,High body-mass index,3,Rate,2021,1929.7976887496866,2919.18176622838,947.6063819728632
1,All Population,2,DALYs (Disability-Adjusted Life Years),122,Ecuador,3,Both,27,Age-standardized,294,All causes,108,High body-mass index,3,Rate,2023,1976.896846969835,2783.152710759331,1049.6776818619453
1,All Population,2,DALYs (Disability-Adjusted Life Years),121,Bolivia (Plurinational State of),3,Both,27,Age-standardized,294,All causes,108,High body-mass index,3,Rate,2023,2554.7669077137393,3585.7472612805295,1370.4775083684947
1,All Population,2,DALYs (Disability-Adjusted Life Years),125,Colombia,3,Both,27,Age-standardized,294,All causes,108,High body-mass index,3,Rate,2023,1545.414162670679,2274.136828393394,700.4538701651925
1,All Population,2,DALYs (Disability-Adjusted Life Years),182,Malawi,3,Both,27,Age-standardized,294,All causes,108,High body-mass index,3,Rate,2023,1618.6412705418752,2384.2801814277454,893.298776934862
1,All Population,2,DALYs (Disability-Adjusted Life Years),126,Costa Rica,3,Both,27,Age-standardized,294,All causes,108,High body-mass index,3,Rate,2023,2110.505538487465,3001.0922572812296,1098.5605702978346
1,All Population,2,DALYs (Disability-Adjusted Life Years),173,Gabon,3,Both,27,Age-standardized,294,All causes,108,High body-mass index,3,Rate,2021,2731.112342519424,3922.9728602378395,1598.4574019884408
1,All Population,2,DALYs (Disability-Adjusted Life Years),193,Botswana,3,Both,27,Age-standardized,294,All causes,108,High body-mass index,3,Rate,2021,1897.7336688392045,2787.1561779853437,1011.5891290387667
1,All Population,2,DALYs (Disability-Adjusted Life Years),185,Rwanda,3,Both,27,Age-standardized,294,All causes,108,High body-mass index,3,Rate,2021,1040.3454741255705,1627.1153542482934,554.4551833664642
1,All Population,2,DALYs (Disability-Adjusted Life Years),177,Djibouti,3,Both,27,Age-standardized,294,All causes,108,High body-mass index,3,Rate,2021,779.0941267229837,1284.9543808030908,347.7952417761126
1,All Population,2,DALYs (Disability-Adjusted Life Years),190,Uganda,3,Both,27,Age-standardized,294,All causes,108,High body-mass index,3,Rate,2021,1203.1715282839084,1840.4532220174526,700.2290203940817
1,All Population,2,DALYs (Disability-Adjusted Life Years),186,Seychelles,3,Both,27,Age-standardized,294,All causes,108,High body-mass index,3,Rate,2023,2086.706226036493,3022.660893898494,1201.1501232429625
1,All Population,2,DALYs (Disability-Adjusted Life Years),129,Honduras,3,Both,27,Age-standardized,294,All causes,108,High body-mass index,3,Rate,2023,1887.9682832788458,2810.589747469098,941.1280155716855
1,All Population,2,DALYs (Disability-Adjusted Life Years),133,Venezuela (Bolivarian Republic of),3,Both,27,Age-standardized,294,All causes,108,High body-mass index,3,Rate,2023,3109.712282275103,4479.298575843386,1635.5866862335818
1,All Population,2,DALYs (Disability-Adjusted Life Years),130,Mexico,3,Both,27,Age-standardized,294,All causes,108,High body-mass index,3,Rate,2023,3414.2484726780526,4698.950371170746,1886.2199934471635
1,All Population,2,DALYs (Disability-Adjusted Life Years),191,Zambia,3,Both,27,Age-standardized,294,All causes,108,High body-mass index,3,Rate,2023,2069.978325647672,3010.1329259812624,1167.569776469588
1,All Population,2,DALYs (Disability-Adjusted Life Years),194,Lesotho,3,Both,27,Age-standardized,294,All causes,108,High body-mass index,3,Rate,2023,2826.9724685499345,4174.827990273836,1371.3270855624821
1,All Population,2,DALYs (Disability-Adjusted Life Years),140,Bahrain,3,Both,27,Age-standardized,294,All causes,108,High body-mass index,3,Rate,2023,3838.4728388984095,5413.692030566668,1880.9091762185967
1,All Population,2,DALYs (Disability-Adjusted Life Years),209,Guinea-Bissau,3,Both,27,Age-standardized,294,All causes,108,High body-mass index,3,Rate,2021,1919.7962996556075,2945.304689163518,1021.9637773250762
1,All Population,2,DALYs (Disability-Adjusted Life Years),197,Eswatini,3,Both,27,Age-standardized,294,All causes,108,High body-mass index,3,Rate,2021,3179.68391618646,4385.251123090034,1815.3151424683087
1,All Population,2,DALYs (Disability-Adjusted Life Years),213,Niger,3,Both,27,Age-standardized,294,All causes,108,High body-mass index,3,Rate,2021,1002.626829472522,1601.588569224483,490.900905301976
1,All Population,2,DALYs (Disability-Adjusted Life Years),181,Madagascar,3,Both,27,Age-standardized,294,All causes,108,High body-mass index,3,Rate,2021,1092.7650686037382,1633.0867141280269,576.4069781415576
1,All Population,2,DALYs (Disability-Adjusted Life Years),205,Côte d'Ivoire,3,Both,27,Age-standardized,294,All causes,108,High body-mass index,3,Rate,2021,1450.3369973259025,2091.320346190975,782.806328902064
1,All Population,2,DALYs (Disability-Adjusted Life Years),198,Zimbabwe,3,Both,27,Age-standardized,294,All causes,108,High body-mass index,3,Rate,2023,1870.4634756199937,2837.7691583737846,965.5331321277961
1,All Population,2,DALYs (Disability-Adjusted Life Years),201,Burkina Faso,3,Both,27,Age-standardized,294,All causes,108,High body-mass index,3,Rate,2021,755.4593281242421,1140.6726524063981,382.2952920160124
1,All Population,2,DALYs (Disability-Adjusted Life Years),202,Cameroon,3,Both,27,Age-standardized,294,All causes,108,High body-mass index,3,Rate,2023,2684.274590149258,3885.213283309243,1429.9290466753134
1,All Population,2,DALYs (Disability-Adjusted Life Years),217,Sierra Leone,3,Both,27,Age-standardized,294,All causes,108,High body-mass index,3,Rate,2021,1515.6648091659902,2283.344247249409,850.8795525622033
1,All Population,2,DALYs (Disability-Adjusted Life Years),141,Egypt,3,Both,27,Age-standardized,294,All causes,108,High body-mass index,3,Rate,2023,6660.627114005155,9239.687154568424,3834.796763116775
1,All Population,2,DALYs (Disability-Adjusted Life Years),145,Kuwait,3,Both,27,Age-standardized,294,All causes,108,High body-mass index,3,Rate,2023,3461.5225522963465,4799.397513166802,1753.2721043426466
1,All Population,2,DALYs (Disability-Adjusted Life Years),144,Jordan,3,Both,27,Age-standardized,294,All causes,108,High body-mass index,3,Rate,2023,3335.729431796347,4646.461220162122,1854.7794389001363
1,All Population,2,DALYs (Disability-Adjusted Life Years),206,Gambia,3,Both,27,Age-standardized,294,All causes,108,High body-mass index,3,Rate,2023,1820.2829659549325,2652.158790625562,961.8257570952416
1,All Population,2,DALYs (Disability-Adjusted Life Years),149,Palestine,3,Both,27,Age-standardized,294,All causes,108,High body-mass index,3,Rate,2023,3900.1486876013,5451.629371903948,2080.3963442953855
1,All Population,2,DALYs (Disability-Adjusted Life Years),152,Saudi Arabia,3,Both,27,Age-standardized,294,All causes,108,High body-mass index,3,Rate,2023,4902.876278292854,6686.914370967486,2783.9252872764237
1,All Population,2,DALYs (Disability-Adjusted Life Years),210,Liberia,3,Both,27,Age-standardized,294,All causes,108,High body-mass index,3,Rate,2023,2600.3476197628474,3736.0723002839527,1433.5040393596391
1,All Population,2,DALYs (Disability-Adjusted Life Years),153,Syrian Arab Republic,3,Both,27,Age-standardized,294,All causes,108,High body-mass index,3,Rate,2023,3870.8024343879265,5548.2446957527845,2015.2034136373009
1,All Population,2,DALYs (Disability-Adjusted Life Years),214,Nigeria,3,Both,27,Age-standardized,294,All causes,108,High body-mass index,3,Rate,2023,1940.4435732436807,2859.7894335087503,1016.9798603981567
1,All Population,2,DALYs (Disability-Adjusted Life Years),157,Yemen,3,Both,27,Age-standardized,294,All causes,108,High body-mass index,3,Rate,2023,2217.2441779006563,3341.9997505226675,1093.1448540952802
1,All Population,2,DALYs (Disability-Adjusted Life Years),148,Morocco,3,Both,27,Age-standardized,294,All causes,108,High body-mass index,3,Rate,2023,3403.082087194967,4894.477006009149,1808.0972120308943
1,All Population,2,DALYs (Disability-Adjusted Life Years),156,United Arab Emirates,3,Both,27,Age-standardized,294,All causes,108,High body-mass index,3,Rate,2023,2480.2877322875097,3564.124874716088,1147.7031969935715
1,All Population,2,DALYs (Disability-Adjusted Life Years),218,Togo,3,Both,27,Age-standardized,294,All causes,108,High body-mass index,3,Rate,2023,1833.9612697631403,2660.955163830684,1016.456827191926
1,All Population,2,DALYs (Disability-Adjusted Life Years),161,Bangladesh,3,Both,27,Age-standardized,294,All causes,108,High body-mass index,3,Rate,2023,1287.689912126592,1979.916497057861,708.9330526128534
1,All Population,2,DALYs (Disability-Adjusted Life Years),160,Afghanistan,3,Both,27,Age-standardized,294,All causes,108,High body-mass index,3,Rate,2023,2863.964887264786,4362.924925288603,1459.9751673780936
1,All Population,2,DALYs (Disability-Adjusted Life Years),164,Nepal,3,Both,27,Age-standardized,294,All causes,108,High body-mass index,3,Rate,2023,1100.352923081044,1724.477892399061,535.9261187932971
1,All Population,2,DALYs (Disability-Adjusted Life Years),168,Angola,3,Both,27,Age-standardized,294,All causes,108,High body-mass index,3,Rate,2023,1898.8992066232283,2806.3092007913756,999.2017399190922
1,All Population,2,DALYs (Disability-Adjusted Life Years),171,Democratic Republic of the Congo,3,Both,27,Age-standardized,294,All causes,108,High body-mass index,3,Rate,2023,2493.5910241668207,3638.960442127618,1406.8280207501352
1,All Population,2,DALYs (Disability-Adjusted Life Years),172,Equatorial Guinea,3,Both,27,Age-standardized,294,All causes,108,High body-mass index,3,Rate,2023,3036.562519915208,4344.721748824772,1782.3326127406679
1,All Population,2,DALYs (Disability-Adjusted Life Years),320,Cook Islands,3,Both,27,Age-standardized,294,All causes,108,High body-mass index,3,Rate,2023,6193.500291998756,8104.064561904367,3651.8266796472362
1,All Population,2,DALYs (Disability-Adjusted Life Years),175,Burundi,3,Both,27,Age-standardized,294,All causes,108,High body-mass index,3,Rate,2023,869.022930346126,1425.4951381193505,466.19318580257783
1,All Population,2,DALYs (Disability-Adjusted Life Years),176,Comoros,3,Both,27,Age-standardized,294,All causes,108,High body-mass index,3,Rate,2023,1056.9640815384466,1627.2616127081449,526.199906813336
1,All Population,2,DALYs (Disability-Adjusted Life Years),179,Ethiopia,3,Both,27,Age-standardized,294,All causes,108,High body-mass index,3,Rate,2023,787.2132466263342,1225.1368258846735,437.6645489484369
1,All Population,2,DALYs (Disability-Adjusted Life Years),180,Kenya,3,Both,27,Age-standardized,294,All causes,108,High body-mass index,3,Rate,2023,1147.9717703780743,1705.6967960273957,653.0014749403107
1,All Population,2,DALYs (Disability-Adjusted Life Years),376,Northern Mariana Islands,3,Both,27,Age-standardized,294,All causes,108,High body-mass index,3,Rate,2023,4245.795983439698,6133.681100854052,2153.2439658937938
1,All Population,2,DALYs (Disability-Adjusted Life Years),183,Mauritius,3,Both,27,Age-standardized,294,All causes,108,High body-mass index,3,Rate,2023,3622.5215468449373,5257.954646082008,1854.6165198871895
1,All Population,2,DALYs (Disability-Adjusted Life Years),184,Mozambique,3,Both,27,Age-standardized,294,All causes,108,High body-mass index,3,Rate,2023,1022.1543455305033,1591.6316884641305,538.6352748655643
1,All Population,2,DALYs (Disability-Adjusted Life Years),187,Somalia,3,Both,27,Age-standardized,294,All causes,108,High body-mass index,3,Rate,2023,806.0093497922576,1269.7815518904292,394.621649828533
1,All Population,2,DALYs (Disability-Adjusted Life Years),189,United Republic of Tanzania,3,Both,27,Age-standardized,294,All causes,108,High body-mass index,3,Rate,2023,1238.1730094180682,1848.7953514589387,660.8460661372039
1,All Population,2,DALYs (Disability-Adjusted Life Years),396,San Marino,3,Both,27,Age-standardized,294,All causes,108,High body-mass index,3,Rate,2023,960.5526123163133,1579.7623982692598,373.2562980008253
1,All Population,2,DALYs (Disability-Adjusted Life Years),385,Puerto Rico,3,Both,27,Age-standardized,294,All causes,108,High body-mass index,3,Rate,2021,2438.327559784648,3351.2462525817714,1320.9371781069144
1,All Population,2,DALYs (Disability-Adjusted Life Years),298,American Samoa,3,Both,27,Age-standardized,294,All causes,108,High body-mass index,3,Rate,2021,6250.272620949256,8559.02559555048,3398.571317417333
1,All Population,2,DALYs (Disability-Adjusted Life Years),196,South Africa,3,Both,27,Age-standardized,294,All causes,108,High body-mass index,3,Rate,2023,3180.389752606539,4464.282802329764,1814.9246196244526
1,All Population,2,DALYs (Disability-Adjusted Life Years),195,Namibia,3,Both,27,Age-standardized,294,All causes,108,High body-mass index,3,Rate,2023,2097.093980703712,3078.9076722767004,1179.1335828557524
1,All Population,2,DALYs (Disability-Adjusted Life Years),200,Benin,3,Both,27,Age-standardized,294,All causes,108,High body-mass index,3,Rate,2023,1519.4178867418213,2272.2075920853817,758.7132816750141
1,All Population,2,DALYs (Disability-Adjusted Life Years),351,Guam,3,Both,27,Age-standardized,294,All causes,108,High body-mass index,3,Rate,2021,3000.647445677225,4276.898071763673,1531.2696801294437
1,All Population,2,DALYs (Disability-Adjusted Life Years),204,Chad,3,Both,27,Age-standardized,294,All causes,108,High body-mass index,3,Rate,2023,2013.977107786245,2995.838717792969,1159.5323744504315
1,All Population,2,DALYs (Disability-Adjusted Life Years),203,Cabo Verde,3,Both,27,Age-standardized,294,All causes,108,High body-mass index,3,Rate,2023,1609.6560944317737,2382.1273180310327,793.0777225387097
1,All Population,2,DALYs (Disability-Adjusted Life Years),369,Nauru,3,Both,27,Age-standardized,294,All causes,108,High body-mass index,3,Rate,2021,12756.34895687927,17673.110795358072,6793.469345927851
1,All Population,2,DALYs (Disability-Adjusted Life Years),208,Guinea,3,Both,27,Age-standardized,294,All causes,108,High body-mass index,3,Rate,2023,1614.9164052726376,2456.1941181300053,808.4312232158362
1,All Population,2,DALYs (Disability-Adjusted Life Years),207,Ghana,3,Both,27,Age-standardized,294,All causes,108,High body-mass index,3,Rate,2023,2337.48053543863,3516.8488910948827,1255.0606168341271
1,All Population,2,DALYs (Disability-Adjusted Life Years),413,Tokelau,3,Both,27,Age-standardized,294,All causes,108,High body-mass index,3,Rate,2021,4758.944308186438,6417.249613358666,2468.4186920872767
1,All Population,2,DALYs (Disability-Adjusted Life Years),211,Mali,3,Both,27,Age-standardized,294,All causes,108,High body-mass index,3,Rate,2023,1887.7375097097288,2769.370719379634,1046.8481747354167
1,All Population,2,DALYs (Disability-Adjusted Life Years),212,Mauritania,3,Both,27,Age-standardized,294,All causes,108,High body-mass index,3,Rate,2023,2637.70333815674,3819.0979876886668,1484.5454794961283
1,All Population,2,DALYs (Disability-Adjusted Life Years),215,Sao Tome and Principe,3,Both,27,Age-standardized,294,All causes,108,High body-mass index,3,Rate,2023,1777.107607540149,2594.7099848972357,924.5538528286639
1,All Population,2,DALYs (Disability-Adjusted Life Years),216,Senegal,3,Both,27,Age-standardized,294,All causes,108,High body-mass index,3,Rate,2023,1468.0220850478474,2204.886355089448,741.2133174232583
1,All Population,2,DALYs (Disability-Adjusted Life Years),349,Greenland,3,Both,27,Age-standardized,294,All causes,108,High body-mass index,3,Rate,2023,1805.6612524949633,2838.238021163293,794.6930895502486
1,All Population,2,DALYs (Disability-Adjusted Life Years),351,Guam,3,Both,27,Age-standardized,294,All causes,108,High body-mass index,3,Rate,2023,2945.6496595054964,4230.068481259131,1533.5524450981916
1,All Population,2,DALYs (Disability-Adjusted Life Years),298,American Samoa,3,Both,27,Age-standardized,294,All causes,108,High body-mass index,3,Rate,2023,5827.897741774185,7960.298669409287,3213.990365024451
1,All Population,2,DALYs (Disability-Adjusted Life Years),522,Sudan,3,Both,27,Age-standardized,294,All causes,108,High body-mass index,3,Rate,2023,3114.9066474161923,4603.4146674077365,1605.775816759775
1,All Population,2,DALYs (Disability-Adjusted Life Years),367,Monaco,3,Both,27,Age-standardized,294,All causes,108,High body-mass index,3,Rate,2023,1262.5199029293237,2097.496489800902,480.5954911598768
1,All Population,2,DALYs (Disability-Adjusted Life Years),369,Nauru,3,Both,27,Age-standardized,294,All causes,108,High body-mass index,3,Rate,2023,11861.319426147958,16135.67663801302,6351.710330520504
1,All Population,2,DALYs (Disability-Adjusted Life Years),380,Palau,3,Both,27,Age-standardized,294,All causes,108,High body-mass index,3,Rate,2023,4684.988123846696,6668.942177619393,2308.6341275476398
1,All Population,2,DALYs (Disability-Adjusted Life Years),413,Tokelau,3,Both,27,Age-standardized,294,All causes,108,High body-mass index,3,Rate,2023,4876.52230772199,6693.487782130754,2575.451545447699
1,All Population,2,DALYs (Disability-Adjusted Life Years),416,Tuvalu,3,Both,27,Age-standardized,294,All causes,108,High body-mass index,3,Rate,2023,8292.187559174885,11439.296997916439,4424.423537880899
1,All Population,2,DALYs (Disability-Adjusted Life Years),385,Puerto Rico,3,Both,27,Age-standardized,294,All causes,108,High body-mass index,3,Rate,2023,2445.7434781264205,3393.4039447531836,1328.0780733737975
1,All Population,2,DALYs (Disability-Adjusted Life Years),435,South Sudan,3,Both,27,Age-standardized,294,All causes,108,High body-mass index,3,Rate,2023,1337.3730628790263,1968.321215620085,720.5762132940773
1,All Population,2,DALYs (Disability-Adjusted Life Years),23,Kiribati,3,Both,27,Age-standardized,294,All causes,108,High body-mass index,3,Rate,2022,4359.536759394575,6092.800879128832,2186.2050078963734
1,All Population,2,DALYs (Disability-Adjusted Life Years),11,Indonesia,3,Both,27,Age-standardized,294,All causes,108,High body-mass index,3,Rate,2022,1381.7633278281096,2072.20025337255,692.5395165256991
1,All Population,2,DALYs (Disability-Adjusted Life Years),27,Samoa,3,Both,27,Age-standardized,294,All causes,108,High body-mass index,3,Rate,2022,5002.37966181395,6967.963553107072,2612.110107185704
1,All Population,2,DALYs (Disability-Adjusted Life Years),15,Myanmar,3,Both,27,Age-standardized,294,All causes,108,High body-mass index,3,Rate,2022,1576.63893381164,2426.450478698174,792.7864508106694
1,All Population,2,DALYs (Disability-Adjusted Life Years),7,Democratic People's Republic of Korea,3,Both,27,Age-standardized,294,All causes,108,High body-mass index,3,Rate,2022,1312.7357927738574,2077.8768178620144,640.3116437991918
1,All Population,2,DALYs (Disability-Adjusted Life Years),19,Timor-Leste,3,Both,27,Age-standardized,294,All causes,108,High body-mass index,3,Rate,2022,698.4451240054227,1128.5478071958812,358.1427609865147
1,All Population,2,DALYs (Disability-Adjusted Life Years),8,Taiwan,3,Both,27,Age-standardized,294,All causes,108,High body-mass index,3,Rate,2013,1124.7055876676898,1742.7700571721355,502.1529070569332
1,All Population,2,DALYs (Disability-Adjusted Life Years),12,Lao People's Democratic Republic,3,Both,27,Age-standardized,294,All causes,108,High body-mass index,3,Rate,2013,1092.7234486935863,1631.8610246053547,567.7342483054716
1,All Population,2,DALYs (Disability-Adjusted Life Years),16,Philippines,3,Both,27,Age-standardized,294,All causes,108,High body-mass index,3,Rate,2013,1530.1308418546282,2255.349733344655,793.895542904395
1,All Population,2,DALYs (Disability-Adjusted Life Years),20,Viet Nam,3,Both,27,Age-standardized,294,All causes,108,High body-mass index,3,Rate,2013,496.9646137067568,770.6601313040251,248.70399713376796
1,All Population,2,DALYs (Disability-Adjusted Life Years),24,Marshall Islands,3,Both,27,Age-standardized,294,All causes,108,High body-mass index,3,Rate,2013,8380.450717311694,11783.850608410821,4668.408123490414
1,All Population,2,DALYs (Disability-Adjusted Life Years),28,Solomon Islands,3,Both,27,Age-standardized,294,All causes,108,High body-mass index,3,Rate,2013,5555.2531357639145,8049.014050352214,2648.6753234945754
1,All Population,2,DALYs (Disability-Adjusted Life Years),69,Singapore,3,Both,27,Age-standardized,294,All causes,108,High body-mass index,3,Rate,2022,828.5777912685886,1283.4443038149584,371.5170684956223
1,All Population,2,DALYs (Disability-Adjusted Life Years),66,Brunei Darussalam,3,Both,27,Age-standardized,294,All causes,108,High body-mass index,3,Rate,2013,2174.341311982726,3282.1411073374356,1006.2350778638993
1,All Population,2,DALYs (Disability-Adjusted Life Years),92,Spain,3,Both,27,Age-standardized,294,All causes,108,High body-mass index,3,Rate,2022,1208.9346547944035,1895.358121746821,483.0598495238644
1,All Population,2,DALYs (Disability-Adjusted Life Years),6,China,3,Both,27,Age-standardized,294,All causes,108,High body-mass index,3,Rate,2013,688.6985154069574,1068.7074409233387,305.45723691582344
1,All Population,2,DALYs (Disability-Adjusted Life Years),77,Cyprus,3,Both,27,Age-standardized,294,All causes,108,High body-mass index,3,Rate,2022,1587.1815474127384,2482.590866427043,682.6814430173944
1,All Population,2,DALYs (Disability-Adjusted Life Years),10,Cambodia,3,Both,27,Age-standardized,294,All causes,108,High body-mass index,3,Rate,2013,760.3665703635253,1217.9958043494646,352.5617781285249
1,All Population,2,DALYs (Disability-Adjusted Life Years),14,Maldives,3,Both,27,Age-standardized,294,All causes,108,High body-mass index,3,Rate,2013,1267.1038899569955,1917.2482288862432,607.3393976630908
1,All Population,2,DALYs (Disability-Adjusted Life Years),13,Malaysia,3,Both,27,Age-standardized,294,All causes,108,High body-mass index,3,Rate,2013,1341.883672936575,2086.4842765386143,604.208543500945
1,All Population,2,DALYs (Disability-Adjusted Life Years),18,Thailand,3,Both,27,Age-standardized,294,All causes,108,High body-mass index,3,Rate,2013,976.2957807024129,1573.979866966229,433.7980413053348
1,All Population,2,DALYs (Disability-Adjusted Life Years),74,Andorra,3,Both,27,Age-standardized,294,All causes,108,High body-mass index,3,Rate,2013,974.4010908960284,1598.856663214581,390.6119212997297
1,All Population,2,DALYs (Disability-Adjusted Life Years),17,Sri Lanka,3,Both,27,Age-standardized,294,All causes,108,High body-mass index,3,Rate,2013,1352.2009429259365,2080.7627880571836,613.3907989481448
1,All Population,2,DALYs (Disability-Adjusted Life Years),88,Malta,3,Both,27,Age-standardized,294,All causes,108,High body-mass index,3,Rate,2022,1322.6474813571997,2084.117831821196,551.4263363400984
1,All Population,2,DALYs (Disability-Adjusted Life Years),78,Denmark,3,Both,27,Age-standardized,294,All causes,108,High body-mass index,3,Rate,2013,1019.4882177946274,1609.0530337532168,396.24590269906975
1,All Population,2,DALYs (Disability-Adjusted Life Years),115,Jamaica,3,Both,27,Age-standardized,294,All causes,108,High body-mass index,3,Rate,2022,2379.044910543114,3512.869239645405,1218.924069439528
1,All Population,2,DALYs (Disability-Adjusted Life Years),81,Germany,3,Both,27,Age-standardized,294,All causes,108,High body-mass index,3,Rate,2022,1306.5904761303748,2080.1905094284434,532.6502092381966
1,All Population,2,DALYs (Disability-Adjusted Life Years),22,Fiji,3,Both,27,Age-standardized,294,All causes,108,High body-mass index,3,Rate,2013,7566.107746186803,10449.207064756412,3820.5933236347073
1,All Population,2,DALYs (Disability-Adjusted Life Years),108,Belize,3,Both,27,Age-standardized,294,All causes,108,High body-mass index,3,Rate,2022,3086.34485552386,4244.2234771354915,1667.1625500962205
1,All Population,2,DALYs (Disability-Adjusted Life Years),119,Trinidad and Tobago,3,Both,27,Age-standardized,294,All causes,108,High body-mass index,3,Rate,2022,4317.761443483986,6070.382604321993,2259.3055578289186
1,All Population,2,DALYs (Disability-Adjusted Life Years),26,Papua New Guinea,3,Both,27,Age-standardized,294,All causes,108,High body-mass index,3,Rate,2013,2818.933056421999,4175.340848793498,1410.1058830976226
1,All Population,2,DALYs (Disability-Adjusted Life Years),25,Micronesia (Federated States of),3,Both,27,Age-standardized,294,All causes,108,High body-mass index,3,Rate,2013,7618.092297783105,10714.11623714683,4036.685961415541
1,All Population,2,DALYs (Disability-Adjusted Life Years),123,Peru,3,Both,27,Age-standardized,294,All causes,108,High body-mass index,3,Rate,2022,1459.165668415785,2113.1458136621336,721.2582268340793
1,All Population,2,DALYs (Disability-Adjusted Life Years),29,Tonga,3,Both,27,Age-standardized,294,All causes,108,High body-mass index,3,Rate,2013,5433.128089279448,7469.816946422817,2797.916242976768
1,All Population,2,DALYs (Disability-Adjusted Life Years),30,Vanuatu,3,Both,27,Age-standardized,294,All causes,108,High body-mass index,3,Rate,2013,3863.6477054525617,5699.3407165330445,1886.5505281822689
1,All Population,2,DALYs (Disability-Adjusted Life Years),85,Israel,3,Both,27,Age-standardized,294,All causes,108,High body-mass index,3,Rate,2013,1306.1294139817585,1964.3914882652255,544.9291529546017
1,All Population,2,DALYs (Disability-Adjusted Life Years),89,Netherlands,3,Both,27,Age-standardized,294,All causes,108,High body-mass index,3,Rate,2013,984.0400849637899,1524.1169327722007,377.7195447421953
1,All Population,2,DALYs (Disability-Adjusted Life Years),82,Greece,3,Both,27,Age-standardized,294,All causes,108,High body-mass index,3,Rate,2013,1470.951783356448,2194.844114902472,641.415002061918
1,All Population,2,DALYs (Disability-Adjusted Life Years),93,Sweden,3,Both,27,Age-standardized,294,All causes,108,High body-mass index,3,Rate,2013,1027.8780081699274,1560.2525873253587,427.1591750692236
1,All Population,2,DALYs (Disability-Adjusted Life Years),97,Argentina,3,Both,27,Age-standardized,294,All causes,108,High body-mass index,3,Rate,2013,1883.8015145945421,2798.5303105894886,867.391611670328
1,All Population,2,DALYs (Disability-Adjusted Life Years),67,Japan,3,Both,27,Age-standardized,294,All causes,108,High body-mass index,3,Rate,2013,626.5142602522852,1056.6071556660818,241.0099102785053
1,All Population,2,DALYs (Disability-Adjusted Life Years),68,Republic of Korea,3,Both,27,Age-standardized,294,All causes,108,High body-mass index,3,Rate,2013,690.7432541903639,1076.573479677991,278.09951983426635
1,All Population,2,DALYs (Disability-Adjusted Life Years),101,Canada,3,Both,27,Age-standardized,294,All causes,108,High body-mass index,3,Rate,2013,1158.0627517518183,1769.6039895088768,474.5506186808873
1,All Population,2,DALYs (Disability-Adjusted Life Years),71,Australia,3,Both,27,Age-standardized,294,All causes,108,High body-mass index,3,Rate,2013,1211.645323468913,1920.061637614159,473.4687710871942
1,All Population,2,DALYs (Disability-Adjusted Life Years),105,Antigua and Barbuda,3,Both,27,Age-standardized,294,All causes,108,High body-mass index,3,Rate,2013,2433.4160007387745,3493.4485108219906,1328.4431560593025
1,All Population,2,DALYs (Disability-Adjusted Life Years),72,New Zealand,3,Both,27,Age-standardized,294,All causes,108,High body-mass index,3,Rate,2013,1509.5996948706875,2340.998884335222,626.1737522018105
1,All Population,2,DALYs (Disability-Adjusted Life Years),76,Belgium,3,Both,27,Age-standardized,294,All causes,108,High body-mass index,3,Rate,2013,1038.2298239579827,1601.36071936194,408.9773207582039
1,All Population,2,DALYs (Disability-Adjusted Life Years),75,Austria,3,Both,27,Age-standardized,294,All causes,108,High body-mass index,3,Rate,2013,1201.9917205421466,1807.2798644165473,519.9678030432029
1,All Population,2,DALYs (Disability-Adjusted Life Years),109,Cuba,3,Both,27,Age-standardized,294,All causes,108,High body-mass index,3,Rate,2013,1525.6061208809215,2267.361432481732,748.800527233445
1,All Population,2,DALYs (Disability-Adjusted Life Years),80,France,3,Both,27,Age-standardized,294,All causes,108,High body-mass index,3,Rate,2013,973.2885730180137,1532.492475860028,373.9557907173624
1,All Population,2,DALYs (Disability-Adjusted Life Years),79,Finland,3,Both,27,Age-standardized,294,All causes,108,High body-mass index,3,Rate,2013,1306.7327783354397,2014.2155604353652,550.1688157633691
1,All Population,2,DALYs (Disability-Adjusted Life Years),112,Grenada,3,Both,27,Age-standardized,294,All causes,108,High body-mass index,3,Rate,2013,2618.851895521263,3723.0365748143436,1435.9301846213846
1,All Population,2,DALYs (Disability-Adjusted Life Years),83,Iceland,3,Both,27,Age-standardized,294,All causes,108,High body-mass index,3,Rate,2013,1088.0215677906003,1831.848305222853,407.0581828387947
1,All Population,2,DALYs (Disability-Adjusted Life Years),84,Ireland,3,Both,27,Age-standardized,294,All causes,108,High body-mass index,3,Rate,2013,1132.8297111276006,1779.5670742440855,443.0282783171791
1,All Population,2,DALYs (Disability-Adjusted Life Years),86,Italy,3,Both,27,Age-standardized,294,All causes,108,High body-mass index,3,Rate,2013,1124.839278878372,1742.9538036483707,483.34008820088775
1,All Population,2,DALYs (Disability-Adjusted Life Years),116,Saint Lucia,3,Both,27,Age-standardized,294,All causes,108,High body-mass index,3,Rate,2013,2531.5743607768322,3549.4776696111735,1333.0098412668037
1,All Population,2,DALYs (Disability-Adjusted Life Years),87,Luxembourg,3,Both,27,Age-standardized,294,All causes,108,High body-mass index,3,Rate,2013,1090.205001576998,1683.9347004525614,441.2745055122716
1,All Population,2,DALYs (Disability-Adjusted Life Years),131,Nicaragua,3,Both,27,Age-standardized,294,All causes,108,High body-mass index,3,Rate,2022,2496.1851640609657,3465.859175823584,1363.2418567815619
1,All Population,2,DALYs (Disability-Adjusted Life Years),127,El Salvador,3,Both,27,Age-standardized,294,All causes,108,High body-mass index,3,Rate,2022,2850.360777869439,3983.4331564986287,1511.1384762500252
1,All Population,2,DALYs (Disability-Adjusted Life Years),90,Norway,3,Both,27,Age-standardized,294,All causes,108,High body-mass index,3,Rate,2013,980.3866685553102,1542.9689505915799,385.5273854933794
1,All Population,2,DALYs (Disability-Adjusted Life Years),91,Portugal,3,Both,27,Age-standardized,294,All causes,108,High body-mass index,3,Rate,2013,1289.459276559673,2007.7364880657085,523.3405096486239
1,All Population,2,DALYs (Disability-Adjusted Life Years),150,Oman,3,Both,27,Age-standardized,294,All causes,108,High body-mass index,3,Rate,2022,3382.2884501381345,4755.477729172628,1812.091420924326
1,All Population,2,DALYs (Disability-Adjusted Life Years),94,Switzerland,3,Both,27,Age-standardized,294,All causes,108,High body-mass index,3,Rate,2013,963.6757338042949,1514.2970830612828,379.1806263392777
1,All Population,2,DALYs (Disability-Adjusted Life Years),95,United Kingdom,3,Both,27,Age-standardized,294,All causes,108,High body-mass index,3,Rate,2013,1295.4082493116584,2085.251151080477,512.131110027848
1,All Population,2,DALYs (Disability-Adjusted Life Years),154,Tunisia,3,Both,27,Age-standardized,294,All causes,108,High body-mass index,3,Rate,2022,2434.3335020282634,3604.8169540000704,1146.469397591487
1,All Population,2,DALYs (Disability-Adjusted Life Years),135,Brazil,3,Both,27,Age-standardized,294,All causes,108,High body-mass index,3,Rate,2022,1921.5841673470138,2856.764996612858,916.454778622154
1,All Population,2,DALYs (Disability-Adjusted Life Years),142,Iran (Islamic Republic of),3,Both,27,Age-standardized,294,All causes,108,High body-mass index,3,Rate,2022,2285.5846343543253,3331.888488640613,1119.187361527338
1,All Population,2,DALYs (Disability-Adjusted Life Years),99,Uruguay,3,Both,27,Age-standardized,294,All causes,108,High body-mass index,3,Rate,2013,1556.7991999691424,2366.0129520868204,672.7188211063553
1,All Population,2,DALYs (Disability-Adjusted Life Years),98,Chile,3,Both,27,Age-standardized,294,All causes,108,High body-mass index,3,Rate,2013,1578.086657989295,2421.2424909986917,709.3864472509963
1,All Population,2,DALYs (Disability-Adjusted Life Years),173,Gabon,3,Both,27,Age-standardized,294,All causes,108,High body-mass index,3,Rate,2022,2857.6861362317104,4111.613718821682,1688.282297250562
1,All Population,2,DALYs (Disability-Adjusted Life Years),102,United States of America,3,Both,27,Age-standardized,294,All causes,108,High body-mass index,3,Rate,2013,2085.3591239391667,3062.3835057467754,1003.4932990236082
1,All Population,2,DALYs (Disability-Adjusted Life Years),165,Pakistan,3,Both,27,Age-standardized,294,All causes,108,High body-mass index,3,Rate,2022,1855.3269090438012,2765.4155571567044,941.3712357712187
1,All Population,2,DALYs (Disability-Adjusted Life Years),128,Guatemala,3,Both,27,Age-standardized,294,All causes,108,High body-mass index,3,Rate,2013,2599.756315756559,3631.3430317603825,1380.44997216159
1,All Population,2,DALYs (Disability-Adjusted Life Years),132,Panama,3,Both,27,Age-standardized,294,All causes,108,High body-mass index,3,Rate,2013,1875.8967526120784,2758.1209839283806,942.7624839245759
1,All Population,2,DALYs (Disability-Adjusted Life Years),136,Paraguay,3,Both,27,Age-standardized,294,All causes,108,High body-mass index,3,Rate,2013,2514.3128450855447,3491.852468281791,1279.8418280133571
1,All Population,2,DALYs (Disability-Adjusted Life Years),146,Lebanon,3,Both,27,Age-standardized,294,All causes,108,High body-mass index,3,Rate,2022,2342.4484472535664,3388.5293386086964,1093.2618080537989
1,All Population,2,DALYs (Disability-Adjusted Life Years),139,Algeria,3,Both,27,Age-standardized,294,All causes,108,High body-mass index,3,Rate,2013,2473.904566917936,3534.39191568259,1268.9295123095271
1,All Population,2,DALYs (Disability-Adjusted Life Years),106,Bahamas,3,Both,27,Age-standardized,294,All causes,108,High body-mass index,3,Rate,2013,3536.306936799363,4756.771308747143,2197.150423300016
1,All Population,2,DALYs (Disability-Adjusted Life Years),107,Barbados,3,Both,27,Age-standardized,294,All causes,108,High body-mass index,3,Rate,2013,2536.3547867775346,3532.0820360881767,1320.995519917704
1,All Population,2,DALYs (Disability-Adjusted Life Years),143,Iraq,3,Both,27,Age-standardized,294,All causes,108,High body-mass index,3,Rate,2013,4002.4841132678853,5831.445960031122,1992.3115549427275
1,All Population,2,DALYs (Disability-Adjusted Life Years),113,Guyana,3,Both,27,Age-standardized,294,All causes,108,High body-mass index,3,Rate,2013,3942.4021752573717,5547.77506528811,2263.737441358161
1,All Population,2,DALYs (Disability-Adjusted Life Years),110,Dominica,3,Both,27,Age-standardized,294,All causes,108,High body-mass index,3,Rate,2013,3023.1059440076465,4263.736934859687,1708.338836251506
1,All Population,2,DALYs (Disability-Adjusted Life Years),111,Dominican Republic,3,Both,27,Age-standardized,294,All causes,108,High body-mass index,3,Rate,2013,2100.772828574221,3030.093385295444,1081.929049430644
1,All Population,2,DALYs (Disability-Adjusted Life Years),169,Central African Republic,3,Both,27,Age-standardized,294,All causes,108,High body-mass index,3,Rate,2022,2188.7032751913443,3537.283095591795,1188.2800604424247
1,All Population,2,DALYs (Disability-Adjusted Life Years),114,Haiti,3,Both,27,Age-standardized,294,All causes,108,High body-mass index,3,Rate,2013,1952.8392853032608,2971.7715393315875,920.3431243892638
1,All Population,2,DALYs (Disability-Adjusted Life Years),162,Bhutan,3,Both,27,Age-standardized,294,All causes,108,High body-mass index,3,Rate,2022,1788.0597773917546,2713.8052934657117,906.4511338753231
1,All Population,2,DALYs (Disability-Adjusted Life Years),147,Libya,3,Both,27,Age-standardized,294,All causes,108,High body-mass index,3,Rate,2013,3512.2009628053606,5051.146206133292,1830.6386375947598
1,All Population,2,DALYs (Disability-Adjusted Life Years),117,Saint Vincent and the Grenadines,3,Both,27,Age-standardized,294,All causes,108,High body-mass index,3,Rate,2013,2587.135835943868,3763.3950487986885,1415.9628256660708
1,All Population,2,DALYs (Disability-Adjusted Life Years),118,Suriname,3,Both,27,Age-standardized,294,All causes,108,High body-mass index,3,Rate,2013,2314.534229711415,3409.245801790757,1173.433889964416
1,All Population,2,DALYs (Disability-Adjusted Life Years),151,Qatar,3,Both,27,Age-standardized,294,All causes,108,High body-mass index,3,Rate,2013,2949.925313354335,4208.900547993851,1390.6413549214353
1,All Population,2,DALYs (Disability-Adjusted Life Years),155,Türkiye,3,Both,27,Age-standardized,294,All causes,108,High body-mass index,3,Rate,2013,2454.607991111244,3490.885049379102,1179.8195799395064
1,All Population,2,DALYs (Disability-Adjusted Life Years),122,Ecuador,3,Both,27,Age-standardized,294,All causes,108,High body-mass index,3,Rate,2013,2031.0161521734901,2834.708470752509,1168.8514429635086
1,All Population,2,DALYs (Disability-Adjusted Life Years),126,Costa Rica,3,Both,27,Age-standardized,294,All causes,108,High body-mass index,3,Rate,2013,1713.6740675334627,2466.5915911399497,826.0719150746463
1,All Population,2,DALYs (Disability-Adjusted Life Years),190,Uganda,3,Both,27,Age-standardized,294,All causes,108,High body-mass index,3,Rate,2022,1213.2792367486618,1860.1043547165384,676.9490322489481
1,All Population,2,DALYs (Disability-Adjusted Life Years),121,Bolivia (Plurinational State of),3,Both,27,Age-standardized,294,All causes,108,High body-mass index,3,Rate,2013,2406.9022040815444,3400.4340110042003,1266.9947684273682
1,All Population,2,DALYs (Disability-Adjusted Life Years),125,Colombia,3,Both,27,Age-standardized,294,All causes,108,High body-mass index,3,Rate,2013,1359.1297565861169,2011.3226927592282,625.4612373675858
1,All Population,2,DALYs (Disability-Adjusted Life Years),130,Mexico,3,Both,27,Age-standardized,294,All causes,108,High body-mass index,3,Rate,2013,3040.5416347266846,4148.155979868605,1619.7545856556053
1,All Population,2,DALYs (Disability-Adjusted Life Years),129,Honduras,3,Both,27,Age-standardized,294,All causes,108,High body-mass index,3,Rate,2013,1811.3610844307439,2676.70524506717,880.5099030782786
1,All Population,2,DALYs (Disability-Adjusted Life Years),133,Venezuela (Bolivarian Republic of),3,Both,27,Age-standardized,294,All causes,108,High body-mass index,3,Rate,2013,2504.0258354047965,3654.0203201288728,1347.0285136336552
1,All Population,2,DALYs (Disability-Adjusted Life Years),163,India,3,Both,27,Age-standardized,294,All causes,108,High body-mass index,3,Rate,2013,1013.5590655237285,1542.2761487967657,492.0248005535613
1,All Population,2,DALYs (Disability-Adjusted Life Years),177,Djibouti,3,Both,27,Age-standardized,294,All causes,108,High body-mass index,3,Rate,2022,806.8631253542754,1256.5873914604526,388.8322999052508
1,All Population,2,DALYs (Disability-Adjusted Life Years),197,Eswatini,3,Both,27,Age-standardized,294,All causes,108,High body-mass index,3,Rate,2022,3195.3490854836446,4416.095430542888,1778.70595771283
1,All Population,2,DALYs (Disability-Adjusted Life Years),185,Rwanda,3,Both,27,Age-standardized,294,All causes,108,High body-mass index,3,Rate,2022,1105.998021186143,1678.4605708336894,596.1143219231291
1,All Population,2,DALYs (Disability-Adjusted Life Years),181,Madagascar,3,Both,27,Age-standardized,294,All causes,108,High body-mass index,3,Rate,2022,1162.2556213540781,1693.9374619159591,627.4464936273333
1,All Population,2,DALYs (Disability-Adjusted Life Years),140,Bahrain,3,Both,27,Age-standardized,294,All causes,108,High body-mass index,3,Rate,2013,3707.3492936045186,5378.411338954996,1802.5833233684045
1,All Population,2,DALYs (Disability-Adjusted Life Years),170,Congo,3,Both,27,Age-standardized,294,All causes,108,High body-mass index,3,Rate,2013,1812.2875597401362,2753.3012945137166,1035.5615944153517
1,All Population,2,DALYs (Disability-Adjusted Life Years),141,Egypt,3,Both,27,Age-standardized,294,All causes,108,High body-mass index,3,Rate,2013,5897.176001861298,8195.908441952688,3152.8769356590174
1,All Population,2,DALYs (Disability-Adjusted Life Years),201,Burkina Faso,3,Both,27,Age-standardized,294,All causes,108,High body-mass index,3,Rate,2022,818.0518953007711,1200.694301296615,432.9942899797492
1,All Population,2,DALYs (Disability-Adjusted Life Years),144,Jordan,3,Both,27,Age-standardized,294,All causes,108,High body-mass index,3,Rate,2013,3724.2222223238286,5163.88159751333,2033.0934651667405
1,All Population,2,DALYs (Disability-Adjusted Life Years),145,Kuwait,3,Both,27,Age-standardized,294,All causes,108,High body-mass index,3,Rate,2013,3365.359181456272,4784.832505498219,1702.36543958221
1,All Population,2,DALYs (Disability-Adjusted Life Years),178,Eritrea,3,Both,27,Age-standardized,294,All causes,108,High body-mass index,3,Rate,2013,819.7883450859389,1338.040383924407,415.15456440019216
1,All Population,2,DALYs (Disability-Adjusted Life Years),148,Morocco,3,Both,27,Age-standardized,294,All causes,108,High body-mass index,3,Rate,2013,3006.5903116571426,4403.665955078943,1567.3907117578403
1,All Population,2,DALYs (Disability-Adjusted Life Years),193,Botswana,3,Both,27,Age-standardized,294,All causes,108,High body-mass index,3,Rate,2022,1906.205538008449,2812.7404199968273,1020.2227729827567
1,All Population,2,DALYs (Disability-Adjusted Life Years),149,Palestine,3,Both,27,Age-standardized,294,All causes,108,High body-mass index,3,Rate,2013,3679.3910682028045,5186.381482562835,1892.313395217047
1,All Population,2,DALYs (Disability-Adjusted Life Years),152,Saudi Arabia,3,Both,27,Age-standardized,294,All causes,108,High body-mass index,3,Rate,2013,4269.2473706242945,5829.263760629738,2425.495065321393
1,All Population,2,DALYs (Disability-Adjusted Life Years),153,Syrian Arab Republic,3,Both,27,Age-standardized,294,All causes,108,High body-mass index,3,Rate,2013,3608.152072276926,5228.288591748402,1797.9894189435554
1,All Population,2,DALYs (Disability-Adjusted Life Years),182,Malawi,3,Both,27,Age-standardized,294,All causes,108,High body-mass index,3,Rate,2013,1274.8391865868105,1956.9513712541518,659.6688905530824
1,All Population,2,DALYs (Disability-Adjusted Life Years),213,Niger,3,Both,27,Age-standardized,294,All causes,108,High body-mass index,3,Rate,2022,1045.2512809837074,1642.6990009448673,524.2208861189567
1,All Population,2,DALYs (Disability-Adjusted Life Years),205,Côte d'Ivoire,3,Both,27,Age-standardized,294,All causes,108,High body-mass index,3,Rate,2022,1532.346270359483,2190.421610158903,871.6598901419103
1,All Population,2,DALYs (Disability-Adjusted Life Years),186,Seychelles,3,Both,27,Age-standardized,294,All causes,108,High body-mass index,3,Rate,2013,2047.3340957318867,2910.646258234454,1222.4629550573432
1,All Population,2,DALYs (Disability-Adjusted Life Years),157,Yemen,3,Both,27,Age-standardized,294,All causes,108,High body-mass index,3,Rate,2013,1801.4290625441063,2637.7980063185055,900.2085399622998
1,All Population,2,DALYs (Disability-Adjusted Life Years),161,Bangladesh,3,Both,27,Age-standardized,294,All causes,108,High body-mass index,3,Rate,2013,1041.8496704773086,1602.5318721704314,497.67800118656464
1,All Population,2,DALYs (Disability-Adjusted Life Years),191,Zambia,3,Both,27,Age-standardized,294,All causes,108,High body-mass index,3,Rate,2013,1711.1539653819823,2503.31698544868,898.6593567358293
1,All Population,2,DALYs (Disability-Adjusted Life Years),156,United Arab Emirates,3,Both,27,Age-standardized,294,All causes,108,High body-mass index,3,Rate,2013,2432.941293812595,3603.7739821047644,1111.214584020344
1,All Population,2,DALYs (Disability-Adjusted Life Years),160,Afghanistan,3,Both,27,Age-standardized,294,All causes,108,High body-mass index,3,Rate,2013,2693.588027028754,4039.0539184682843,1326.226622586946
1,All Population,2,DALYs (Disability-Adjusted Life Years),194,Lesotho,3,Both,27,Age-standardized,294,All causes,108,High body-mass index,3,Rate,2013,2532.3070086171597,3640.713603278667,1208.8366955376239
1,All Population,2,DALYs (Disability-Adjusted Life Years),217,Sierra Leone,3,Both,27,Age-standardized,294,All causes,108,High body-mass index,3,Rate,2022,1571.0814785922921,2365.530983532306,884.1890006067667
1,All Population,2,DALYs (Disability-Adjusted Life Years),198,Zimbabwe,3,Both,27,Age-standardized,294,All causes,108,High body-mass index,3,Rate,2013,1921.5069321399315,3054.8650983195066,994.4180188354738
1,All Population,2,DALYs (Disability-Adjusted Life Years),168,Angola,3,Both,27,Age-standardized,294,All causes,108,High body-mass index,3,Rate,2013,1570.8798573381318,2463.6469479303564,840.5821219847801
1,All Population,2,DALYs (Disability-Adjusted Life Years),164,Nepal,3,Both,27,Age-standardized,294,All causes,108,High body-mass index,3,Rate,2013,888.5898443796324,1431.4289058725792,412.3769393742236
1,All Population,2,DALYs (Disability-Adjusted Life Years),172,Equatorial Guinea,3,Both,27,Age-standardized,294,All causes,108,High body-mass index,3,Rate,2013,2259.6061076121614,3398.853078345792,1183.7476488292368
1,All Population,2,DALYs (Disability-Adjusted Life Years),202,Cameroon,3,Both,27,Age-standardized,294,All causes,108,High body-mass index,3,Rate,2013,2420.5625452805552,3584.846918763998,1211.5420942355759
1,All Population,2,DALYs (Disability-Adjusted Life Years),298,American Samoa,3,Both,27,Age-standardized,294,All causes,108,High body-mass index,3,Rate,2022,5880.10115931791,8043.39212207483,3063.646688695498
1,All Population,2,DALYs (Disability-Adjusted Life Years),171,Democratic Republic of the Congo,3,Both,27,Age-standardized,294,All causes,108,High body-mass index,3,Rate,2013,2069.450375515437,3232.8057848704225,1095.9406449557853
1,All Population,2,DALYs (Disability-Adjusted Life Years),206,Gambia,3,Both,27,Age-standardized,294,All causes,108,High body-mass index,3,Rate,2013,1348.0858385185522,2025.9342518863612,660.2744775028732
1,All Population,2,DALYs (Disability-Adjusted Life Years),176,Comoros,3,Both,27,Age-standardized,294,All causes,108,High body-mass index,3,Rate,2013,892.0778619563026,1388.394447412091,428.3016577876839
1,All Population,2,DALYs (Disability-Adjusted Life Years),209,Guinea-Bissau,3,Both,27,Age-standardized,294,All causes,108,High body-mass index,3,Rate,2022,2046.4049943766893,3155.1383085414873,1109.0396343303967
1,All Population,2,DALYs (Disability-Adjusted Life Years),175,Burundi,3,Both,27,Age-standardized,294,All causes,108,High body-mass index,3,Rate,2013,660.5547382954279,1007.9065053946398,320.603830681314
1,All Population,2,DALYs (Disability-Adjusted Life Years),351,Guam,3,Both,27,Age-standardized,294,All causes,108,High body-mass index,3,Rate,2022,2964.2338612572808,4200.331406850418,1526.6263388563916
1,All Population,2,DALYs (Disability-Adjusted Life Years),210,Liberia,3,Both,27,Age-standardized,294,All causes,108,High body-mass index,3,Rate,2013,2261.631181830923,3330.549435465944,1152.2758326223677
1,All Population,2,DALYs (Disability-Adjusted Life Years),180,Kenya,3,Both,27,Age-standardized,294,All causes,108,High body-mass index,3,Rate,2013,972.2859299232639,1482.2802800554728,514.8328135474735
1,All Population,2,DALYs (Disability-Adjusted Life Years),179,Ethiopia,3,Both,27,Age-standardized,294,All causes,108,High body-mass index,3,Rate,2013,594.157831719994,896.6117844075586,308.80806319181056
1,All Population,2,DALYs (Disability-Adjusted Life Years),214,Nigeria,3,Both,27,Age-standardized,294,All causes,108,High body-mass index,3,Rate,2013,1713.570869781386,2543.301835948286,890.2540116454392
1,All Population,2,DALYs (Disability-Adjusted Life Years),184,Mozambique,3,Both,27,Age-standardized,294,All causes,108,High body-mass index,3,Rate,2013,848.4282424655939,1323.145414377965,406.69608091208454
1,All Population,2,DALYs (Disability-Adjusted Life Years),218,Togo,3,Both,27,Age-standardized,294,All causes,108,High body-mass index,3,Rate,2013,1408.6919414076124,2148.7331738461103,702.327048039483
1,All Population,2,DALYs (Disability-Adjusted Life Years),183,Mauritius,3,Both,27,Age-standardized,294,All causes,108,High body-mass index,3,Rate,2013,3399.2155296821084,4859.753123971455,1782.4178356636064
1,All Population,2,DALYs (Disability-Adjusted Life Years),187,Somalia,3,Both,27,Age-standardized,294,All causes,108,High body-mass index,3,Rate,2013,710.0944791832273,1122.5318649505975,323.3357910149696
1,All Population,2,DALYs (Disability-Adjusted Life Years),189,United Republic of Tanzania,3,Both,27,Age-standardized,294,All causes,108,High body-mass index,3,Rate,2013,1192.9683146006628,1763.87652622766,638.9818068272422
1,All Population,2,DALYs (Disability-Adjusted Life Years),369,Nauru,3,Both,27,Age-standardized,294,All causes,108,High body-mass index,3,Rate,2022,11915.902895153667,16247.280254064686,6402.344319956199
1,All Population,2,DALYs (Disability-Adjusted Life Years),196,South Africa,3,Both,27,Age-standardized,294,All causes,108,High body-mass index,3,Rate,2013,3484.229914658863,4940.114512345717,1922.7530273542266
1,All Population,2,DALYs (Disability-Adjusted Life Years),195,Namibia,3,Both,27,Age-standardized,294,All causes,108,High body-mass index,3,Rate,2013,1934.3306974452062,2917.605464549974,1024.5981951390645
1,All Population,2,DALYs (Disability-Adjusted Life Years),200,Benin,3,Both,27,Age-standardized,294,All causes,108,High body-mass index,3,Rate,2013,1326.6937482997353,2057.0440752976474,660.34827767588
1,All Population,2,DALYs (Disability-Adjusted Life Years),413,Tokelau,3,Both,27,Age-standardized,294,All causes,108,High body-mass index,3,Rate,2022,4887.561326499632,6650.341463953843,2560.4076506442925
1,All Population,2,DALYs (Disability-Adjusted Life Years),305,Bermuda,3,Both,27,Age-standardized,294,All causes,108,High body-mass index,3,Rate,2013,1349.3232749639785,2012.9949705687575,625.1744534521557
1,All Population,2,DALYs (Disability-Adjusted Life Years),204,Chad,3,Both,27,Age-standardized,294,All causes,108,High body-mass index,3,Rate,2013,1795.1471974688857,2870.97587222767,947.5543665247235
1,All Population,2,DALYs (Disability-Adjusted Life Years),385,Puerto Rico,3,Both,27,Age-standardized,294,All causes,108,High body-mass index,3,Rate,2022,2422.8195359399338,3337.134977693362,1321.5164756943943
1,All Population,2,DALYs (Disability-Adjusted Life Years),203,Cabo Verde,3,Both,27,Age-standardized,294,All causes,108,High body-mass index,3,Rate,2013,1310.7585674697857,1911.6988115939787,629.8386844569551
1,All Population,2,DALYs (Disability-Adjusted Life Years),208,Guinea,3,Both,27,Age-standardized,294,All causes,108,High body-mass index,3,Rate,2013,1318.9923030953535,1999.5712732126788,667.1407895661027
1,All Population,2,DALYs (Disability-Adjusted Life Years),207,Ghana,3,Both,27,Age-standardized,294,All causes,108,High body-mass index,3,Rate,2013,1886.2279707982877,2809.600469930327,1000.6995729056457
1,All Population,2,DALYs (Disability-Adjusted Life Years),211,Mali,3,Both,27,Age-standardized,294,All causes,108,High body-mass index,3,Rate,2013,1659.0165915026034,2555.412558846163,866.2021217049154
1,All Population,2,DALYs (Disability-Adjusted Life Years),212,Mauritania,3,Both,27,Age-standardized,294,All causes,108,High body-mass index,3,Rate,2013,2324.663255436115,3366.278637594513,1265.4608520880454
1,All Population,2,DALYs (Disability-Adjusted Life Years),216,Senegal,3,Both,27,Age-standardized,294,All causes,108,High body-mass index,3,Rate,2013,1246.0683022964906,1940.845057699845,611.4502776835092
1,All Population,2,DALYs (Disability-Adjusted Life Years),215,Sao Tome and Principe,3,Both,27,Age-standardized,294,All causes,108,High body-mass index,3,Rate,2013,1544.7723105526763,2368.1211782125574,770.785303216631
1,All Population,2,DALYs (Disability-Adjusted Life Years),374,Niue,3,Both,27,Age-standardized,294,All causes,108,High body-mass index,3,Rate,2013,5873.194907047718,8095.667108479733,3076.5774038958393
1,All Population,2,DALYs (Disability-Adjusted Life Years),393,Saint Kitts and Nevis,3,Both,27,Age-standardized,294,All causes,108,High body-mass index,3,Rate,2013,2516.115634828881,3640.9937133597846,1355.3065258725107
1,All Population,2,DALYs (Disability-Adjusted Life Years),416,Tuvalu,3,Both,27,Age-standardized,294,All causes,108,High body-mass index,3,Rate,2013,7514.615806002939,10516.299955577639,4005.742089534854
1,All Population,2,DALYs (Disability-Adjusted Life Years),435,South Sudan,3,Both,27,Age-standardized,294,All causes,108,High body-mass index,3,Rate,2013,969.454124578066,1478.622401260983,497.92255627032836
1,All Population,2,DALYs (Disability-Adjusted Life Years),320,Cook Islands,3,Both,27,Age-standardized,294,All causes,108,High body-mass index,3,Rate,2013,6476.576562838405,8461.66362081855,3731.8143826860514
1,All Population,2,DALYs (Disability-Adjusted Life Years),349,Greenland,3,Both,27,Age-standardized,294,All causes,108,High body-mass index,3,Rate,2013,2081.540304414082,3218.4127064017603,954.1744769065207
1,All Population,2,DALYs (Disability-Adjusted Life Years),367,Monaco,3,Both,27,Age-standardized,294,All causes,108,High body-mass index,3,Rate,2013,1398.1893069949242,2240.2277641873943,551.0925935594296
1,All Population,2,DALYs (Disability-Adjusted Life Years),522,Sudan,3,Both,27,Age-standardized,294,All causes,108,High body-mass index,3,Rate,2013,2668.9600372315267,3882.7740762908484,1344.1122810939125
1,All Population,2,DALYs (Disability-Adjusted Life Years),380,Palau,3,Both,27,Age-standardized,294,All causes,108,High body-mass index,3,Rate,2013,4755.8143751411035,6987.2567820551985,2326.2696950155328
1,All Population,2,DALYs (Disability-Adjusted Life Years),376,Northern Mariana Islands,3,Both,27,Age-standardized,294,All causes,108,High body-mass index,3,Rate,2013,4392.562860570922,6317.802802930697,2226.0443701015315
1,All Population,2,DALYs (Disability-Adjusted Life Years),396,San Marino,3,Both,27,Age-standardized,294,All causes,108,High body-mass index,3,Rate,2013,895.2896365810599,1504.3926730665944,340.4039855328606
1,All Population,2,DALYs (Disability-Adjusted Life Years),422,United States Virgin Islands,3,Both,27,Age-standardized,294,All causes,108,High body-mass index,3,Rate,2013,2505.7378377284053,3483.281803150221,1364.8216898063329
1,All Population,2,DALYs (Disability-Adjusted Life Years),15,Myanmar,3,Both,27,Age-standardized,294,All causes,108,High body-mass index,3,Rate,2023,1597.5090888188524,2475.9199200297076,801.0668839025753
1,All Population,2,DALYs (Disability-Adjusted Life Years),7,Democratic People's Republic of Korea,3,Both,27,Age-standardized,294,All causes,108,High body-mass index,3,Rate,2023,1337.5821162409097,2129.05331142935,678.7599777964701
1,All Population,2,DALYs (Disability-Adjusted Life Years),19,Timor-Leste,3,Both,27,Age-standardized,294,All causes,108,High body-mass index,3,Rate,2023,718.4543450788715,1141.3842614635876,363.85320059453795
1,All Population,2,DALYs (Disability-Adjusted Life Years),11,Indonesia,3,Both,27,Age-standardized,294,All causes,108,High body-mass index,3,Rate,2023,1384.8559099338463,2088.4488023105473,686.9407402002253
1,All Population,2,DALYs (Disability-Adjusted Life Years),27,Samoa,3,Both,27,Age-standardized,294,All causes,108,High body-mass index,3,Rate,2023,5085.606992935091,7065.415932520715,2668.6953592211785
1,All Population,2,DALYs (Disability-Adjusted Life Years),23,Kiribati,3,Both,27,Age-standardized,294,All causes,108,High body-mass index,3,Rate,2023,4373.728272807947,6083.112121421181,2236.3807811266297
1,All Population,2,DALYs (Disability-Adjusted Life Years),77,Cyprus,3,Both,27,Age-standardized,294,All causes,108,High body-mass index,3,Rate,2023,1569.918213457187,2483.3765373952747,662.7742905537798
1,All Population,2,DALYs (Disability-Adjusted Life Years),69,Singapore,3,Both,27,Age-standardized,294,All causes,108,High body-mass index,3,Rate,2023,845.4912549673853,1319.2893730478115,376.61645804869215
1,All Population,2,DALYs (Disability-Adjusted Life Years),81,Germany,3,Both,27,Age-standardized,294,All causes,108,High body-mass index,3,Rate,2023,1312.5981444077697,2081.5079354916847,535.6101752032548
1,All Population,2,DALYs (Disability-Adjusted Life Years),88,Malta,3,Both,27,Age-standardized,294,All causes,108,High body-mass index,3,Rate,2023,1305.9855943881116,2053.6852598328883,543.2737920117261
1,All Population,2,DALYs (Disability-Adjusted Life Years),92,Spain,3,Both,27,Age-standardized,294,All causes,108,High body-mass index,3,Rate,2023,1199.7320516096472,1887.110870265913,474.87575632031076
1,All Population,2,DALYs (Disability-Adjusted Life Years),119,Trinidad and Tobago,3,Both,27,Age-standardized,294,All causes,108,High body-mass index,3,Rate,2023,4276.961938104734,5932.6034629247115,2245.1136999026457
1,All Population,2,DALYs (Disability-Adjusted Life Years),123,Peru,3,Both,27,Age-standardized,294,All causes,108,High body-mass index,3,Rate,2023,1541.9874424054176,2250.2377955873158,755.7390031130318
1,All Population,2,DALYs (Disability-Adjusted Life Years),131,Nicaragua,3,Both,27,Age-standardized,294,All causes,108,High body-mass index,3,Rate,2023,2388.3301481756403,3308.522190607173,1250.900626113843
1,All Population,2,DALYs (Disability-Adjusted Life Years),115,Jamaica,3,Both,27,Age-standardized,294,All causes,108,High body-mass index,3,Rate,2023,2335.229649211118,3415.8613404966814,1153.5197811400426
1,All Population,2,DALYs (Disability-Adjusted Life Years),135,Brazil,3,Both,27,Age-standardized,294,All causes,108,High body-mass index,3,Rate,2023,1915.4852050621937,2862.340023624995,899.5803945709883
1,All Population,2,DALYs (Disability-Adjusted Life Years),108,Belize,3,Both,27,Age-standardized,294,All causes,108,High body-mass index,3,Rate,2023,3117.618475686759,4243.080683473204,1665.043493956148
1,All Population,2,DALYs (Disability-Adjusted Life Years),154,Tunisia,3,Both,27,Age-standardized,294,All causes,108,High body-mass index,3,Rate,2023,2625.6508517084458,3871.611100374467,1235.122207582358
1,All Population,2,DALYs (Disability-Adjusted Life Years),127,El Salvador,3,Both,27,Age-standardized,294,All causes,108,High body-mass index,3,Rate,2023,2860.5444395200934,4077.613811253351,1569.1028150179507
1,All Population,2,DALYs (Disability-Adjusted Life Years),165,Pakistan,3,Both,27,Age-standardized,294,All causes,108,High body-mass index,3,Rate,2023,1885.796383372147,2901.932280776029,947.8868520363909
1,All Population,2,DALYs (Disability-Adjusted Life Years),142,Iran (Islamic Republic of),3,Both,27,Age-standardized,294,All causes,108,High body-mass index,3,Rate,2023,2335.871516738136,3426.1722662652865,1137.110131015509
1,All Population,2,DALYs (Disability-Adjusted Life Years),162,Bhutan,3,Both,27,Age-standardized,294,All causes,108,High body-mass index,3,Rate,2023,1788.3277464236194,2690.2466778259395,924.6831870355747
1,All Population,2,DALYs (Disability-Adjusted Life Years),169,Central African Republic,3,Both,27,Age-standardized,294,All causes,108,High body-mass index,3,Rate,2023,2227.9345122267905,3587.673116919158,1179.9759633527615
1,All Population,2,DALYs (Disability-Adjusted Life Years),177,Djibouti,3,Both,27,Age-standardized,294,All causes,108,High body-mass index,3,Rate,2023,842.8364171055705,1324.4899162083352,392.9732723073537
1,All Population,2,DALYs (Disability-Adjusted Life Years),146,Lebanon,3,Both,27,Age-standardized,294,All causes,108,High body-mass index,3,Rate,2023,2393.220537903448,3476.7748747221535,1116.9273022590278
1,All Population,2,DALYs (Disability-Adjusted Life Years),150,Oman,3,Both,27,Age-standardized,294,All causes,108,High body-mass index,3,Rate,2023,3382.699790772395,4757.080330485439,1863.9533450529193
1,All Population,2,DALYs (Disability-Adjusted Life Years),181,Madagascar,3,Both,27,Age-standardized,294,All causes,108,High body-mass index,3,Rate,2023,1203.8671604791355,1792.7112711813422,649.9277967095601
1,All Population,2,DALYs (Disability-Adjusted Life Years),173,Gabon,3,Both,27,Age-standardized,294,All causes,108,High body-mass index,3,Rate,2023,2922.1623597580624,4146.587561115976,1762.6148634942913
1,All Population,2,DALYs (Disability-Adjusted Life Years),201,Burkina Faso,3,Both,27,Age-standardized,294,All causes,108,High body-mass index,3,Rate,2023,859.3272179028237,1249.4101180956197,423.535154496384
1,All Population,2,DALYs (Disability-Adjusted Life Years),193,Botswana,3,Both,27,Age-standardized,294,All causes,108,High body-mass index,3,Rate,2023,1935.3190346446881,2843.3868560261417,1046.6886788372592
1,All Population,2,DALYs (Disability-Adjusted Life Years),205,Côte d'Ivoire,3,Both,27,Age-standardized,294,All causes,108,High body-mass index,3,Rate,2023,1582.3794431870886,2302.7992352077363,895.1361655427514
1,All Population,2,DALYs (Disability-Adjusted Life Years),185,Rwanda,3,Both,27,Age-standardized,294,All causes,108,High body-mass index,3,Rate,2023,1153.5875693601986,1751.3759570526065,650.1049723806999
1,All Population,2,DALYs (Disability-Adjusted Life Years),217,Sierra Leone,3,Both,27,Age-standardized,294,All causes,108,High body-mass index,3,Rate,2023,1639.7063486824698,2491.565453662022,928.3096354016919
1,All Population,2,DALYs (Disability-Adjusted Life Years),213,Niger,3,Both,27,Age-standardized,294,All causes,108,High body-mass index,3,Rate,2023,1070.8355538118012,1697.0960467511834,547.7055634419361
1,All Population,2,DALYs (Disability-Adjusted Life Years),190,Uganda,3,Both,27,Age-standardized,294,All causes,108,High body-mass index,3,Rate,2023,1246.1381238350145,1901.5332943305727,683.0842532822323
1,All Population,2,DALYs (Disability-Adjusted Life Years),197,Eswatini,3,Both,27,Age-standardized,294,All causes,108,High body-mass index,3,Rate,2023,3235.145006077338,4446.11359675541,1833.7274876325432
1,All Population,2,DALYs (Disability-Adjusted Life Years),209,Guinea-Bissau,3,Both,27,Age-standardized,294,All causes,108,High body-mass index,3,Rate,2023,2114.2825991235263,3216.847157054223,1121.4206038906368
1,All Population,2,DALYs (Disability-Adjusted Life Years),305,Bermuda,3,Both,27,Age-standardized,294,All causes,108,High body-mass index,3,Rate,2023,1565.0788180720372,2335.204724897596,719.0181121220935
1,All Population,2,DALYs (Disability-Adjusted Life Years),422,United States Virgin Islands,3,Both,27,Age-standardized,294,All causes,108,High body-mass index,3,Rate,2023,2846.642425677059,3978.9612029768537,1682.613179959666
1,All Population,2,DALYs (Disability-Adjusted Life Years),374,Niue,3,Both,27,Age-standardized,294,All causes,108,High body-mass index,3,Rate,2023,5893.500862773784,8146.304593816335,3170.8588038441785
1,All Population,2,DALYs (Disability-Adjusted Life Years),393,Saint Kitts and Nevis,3,Both,27,Age-standardized,294,All causes,108,High body-mass index,3,Rate,2023,2837.169660652763,4074.2742010264246,1484.2143113756583
1,All Population,2,DALYs (Disability-Adjusted Life Years),7,Democratic People's Republic of Korea,3,Both,27,Age-standardized,294,All causes,108,High body-mass index,3,Rate,2013,1076.7756858651605,1793.2625446643012,523.8377773588016
1,All Population,2,DALYs (Disability-Adjusted Life Years),27,Samoa,3,Both,27,Age-standardized,294,All causes,108,High body-mass index,3,Rate,2013,4820.380468251858,6758.670935224321,2543.337026032579
1,All Population,2,DALYs (Disability-Adjusted Life Years),19,Timor-Leste,3,Both,27,Age-standardized,294,All causes,108,High body-mass index,3,Rate,2013,523.4583757215925,831.8561370967271,266.19635800720494
1,All Population,2,DALYs (Disability-Adjusted Life Years),15,Myanmar,3,Both,27,Age-standardized,294,All causes,108,High body-mass index,3,Rate,2013,1293.0199495035574,1964.1695167319267,617.544832799955
1,All Population,2,DALYs (Disability-Adjusted Life Years),23,Kiribati,3,Both,27,Age-standardized,294,All causes,108,High body-mass index,3,Rate,2013,4365.033144827182,6180.312850020514,2293.1248900998935
1,All Population,2,DALYs (Disability-Adjusted Life Years),11,Indonesia,3,Both,27,Age-standardized,294,All causes,108,High body-mass index,3,Rate,2013,1226.2088634582126,1901.1321637176923,598.2903235891371
1,All Population,2,DALYs (Disability-Adjusted Life Years),77,Cyprus,3,Both,27,Age-standardized,294,All causes,108,High body-mass index,3,Rate,2013,1599.765744617137,2518.003586407147,694.1374263963353
1,All Population,2,DALYs (Disability-Adjusted Life Years),69,Singapore,3,Both,27,Age-standardized,294,All causes,108,High body-mass index,3,Rate,2013,819.9668892301894,1258.8412162682323,364.33398208115193
1,All Population,2,DALYs (Disability-Adjusted Life Years),81,Germany,3,Both,27,Age-standardized,294,All causes,108,High body-mass index,3,Rate,2013,1355.6389021306504,2067.0295353346055,565.7096690924983
1,All Population,2,DALYs (Disability-Adjusted Life Years),88,Malta,3,Both,27,Age-standardized,294,All causes,108,High body-mass index,3,Rate,2013,1336.6445223156911,2171.4794818287933,546.10910850155
1,All Population,2,DALYs (Disability-Adjusted Life Years),119,Trinidad and Tobago,3,Both,27,Age-standardized,294,All causes,108,High body-mass index,3,Rate,2013,3755.0083795300143,5308.3775135434025,1930.8802872727001
1,All Population,2,DALYs (Disability-Adjusted Life Years),115,Jamaica,3,Both,27,Age-standardized,294,All causes,108,High body-mass index,3,Rate,2013,2023.2423382444372,3021.5204147856452,1053.0490668156874
1,All Population,2,DALYs (Disability-Adjusted Life Years),123,Peru,3,Both,27,Age-standardized,294,All causes,108,High body-mass index,3,Rate,2013,1156.7023278806182,1716.5282390091515,530.7059728616083
1,All Population,2,DALYs (Disability-Adjusted Life Years),108,Belize,3,Both,27,Age-standardized,294,All causes,108,High body-mass index,3,Rate,2013,2863.0839090903937,4006.481468882269,1573.6729828133175
1,All Population,2,DALYs (Disability-Adjusted Life Years),92,Spain,3,Both,27,Age-standardized,294,All causes,108,High body-mass index,3,Rate,2013,1183.8578406728584,1786.3699033998016,472.34777174054875
1,All Population,2,DALYs (Disability-Adjusted Life Years),131,Nicaragua,3,Both,27,Age-standardized,294,All causes,108,High body-mass index,3,Rate,2013,2277.483364132244,3194.401798813204,1202.0255245839298
1,All Population,2,DALYs (Disability-Adjusted Life Years),154,Tunisia,3,Both,27,Age-standardized,294,All causes,108,High body-mass index,3,Rate,2013,2383.515824912402,3561.2045300851964,1090.8497805876173
1,All Population,2,DALYs (Disability-Adjusted Life Years),142,Iran (Islamic Republic of),3,Both,27,Age-standardized,294,All causes,108,High body-mass index,3,Rate,2013,2201.668456711485,3180.1402210297847,1083.9851182718307
1,All Population,2,DALYs (Disability-Adjusted Life Years),135,Brazil,3,Both,27,Age-standardized,294,All causes,108,High body-mass index,3,Rate,2013,1824.831284688624,2659.4953246476102,869.5835765367243
1,All Population,2,DALYs (Disability-Adjusted Life Years),165,Pakistan,3,Both,27,Age-standardized,294,All causes,108,High body-mass index,3,Rate,2013,1692.9236352169287,2630.7081853822497,844.4079358582303
1,All Population,2,DALYs (Disability-Adjusted Life Years),127,El Salvador,3,Both,27,Age-standardized,294,All causes,108,High body-mass index,3,Rate,2013,2438.8186211010106,3380.137595812458,1252.8558962636296
1,All Population,2,DALYs (Disability-Adjusted Life Years),146,Lebanon,3,Both,27,Age-standardized,294,All causes,108,High body-mass index,3,Rate,2013,2099.0791655921157,3121.0550004176134,946.1777096869803
1,All Population,2,DALYs (Disability-Adjusted Life Years),162,Bhutan,3,Both,27,Age-standardized,294,All causes,108,High body-mass index,3,Rate,2013,1642.9026714839672,2454.8595620429223,806.7393262894363
1,All Population,2,DALYs (Disability-Adjusted Life Years),150,Oman,3,Both,27,Age-standardized,294,All causes,108,High body-mass index,3,Rate,2013,3307.844343298905,4691.348473419664,1796.7473162330728
1,All Population,2,DALYs (Disability-Adjusted Life Years),169,Central African Republic,3,Both,27,Age-standardized,294,All causes,108,High body-mass index,3,Rate,2013,1861.2543502307208,3096.7344688696694,972.3315033536385
1,All Population,2,DALYs (Disability-Adjusted Life Years),173,Gabon,3,Both,27,Age-standardized,294,All causes,108,High body-mass index,3,Rate,2013,2643.1594019815957,3784.016605650155,1499.83637536815
1,All Population,2,DALYs (Disability-Adjusted Life Years),177,Djibouti,3,Both,27,Age-standardized,294,All causes,108,High body-mass index,3,Rate,2013,670.9741440789447,1076.712773636364,306.17057534986805
1,All Population,2,DALYs (Disability-Adjusted Life Years),181,Madagascar,3,Both,27,Age-standardized,294,All causes,108,High body-mass index,3,Rate,2013,955.1175920775509,1425.4832787019982,485.79076678406716
1,All Population,2,DALYs (Disability-Adjusted Life Years),201,Burkina Faso,3,Both,27,Age-standardized,294,All causes,108,High body-mass index,3,Rate,2013,696.7531439456211,1079.4211103348016,327.89251424680816
1,All Population,2,DALYs (Disability-Adjusted Life Years),205,Côte d'Ivoire,3,Both,27,Age-standardized,294,All causes,108,High body-mass index,3,Rate,2013,1283.9318724259772,1915.50401161686,665.6931677639288
1,All Population,2,DALYs (Disability-Adjusted Life Years),217,Sierra Leone,3,Both,27,Age-standardized,294,All causes,108,High body-mass index,3,Rate,2013,1276.0583184934624,1930.35790308069,674.4689032483797
1,All Population,2,DALYs (Disability-Adjusted Life Years),209,Guinea-Bissau,3,Both,27,Age-standardized,294,All causes,108,High body-mass index,3,Rate,2013,1759.46089602158,2771.498475085925,905.3126008368359
1,All Population,2,DALYs (Disability-Adjusted Life Years),185,Rwanda,3,Both,27,Age-standardized,294,All causes,108,High body-mass index,3,Rate,2013,839.5751157849405,1317.2007257045586,446.40523926356656
1,All Population,2,DALYs (Disability-Adjusted Life Years),193,Botswana,3,Both,27,Age-standardized,294,All causes,108,High body-mass index,3,Rate,2013,1747.6763805535156,2747.6440552957915,865.5950074335799
1,All Population,2,DALYs (Disability-Adjusted Life Years),213,Niger,3,Both,27,Age-standardized,294,All causes,108,High body-mass index,3,Rate,2013,933.0352657440164,1464.0914503722677,435.75499475792134
1,All Population,2,DALYs (Disability-Adjusted Life Years),190,Uganda,3,Both,27,Age-standardized,294,All causes,108,High body-mass index,3,Rate,2013,1093.8577322558363,1683.822055234498,576.4732232765272
1,All Population,2,DALYs (Disability-Adjusted Life Years),197,Eswatini,3,Both,27,Age-standardized,294,All causes,108,High body-mass index,3,Rate,2013,3517.0530607076976,5005.919038625893,1958.2465235503794
1,All Population,2,DALYs (Disability-Adjusted Life Years),298,American Samoa,3,Both,27,Age-standardized,294,All causes,108,High body-mass index,3,Rate,2013,5981.574785220908,8302.795149643454,3122.839774588858
1,All Population,2,DALYs (Disability-Adjusted Life Years),351,Guam,3,Both,27,Age-standardized,294,All causes,108,High body-mass index,3,Rate,2013,2785.177401644669,3948.98886538241,1476.915311736525
1,All Population,2,DALYs (Disability-Adjusted Life Years),369,Nauru,3,Both,27,Age-standardized,294,All causes,108,High body-mass index,3,Rate,2013,11849.664751868495,16246.642951660515,6279.784420326355
1,All Population,2,DALYs (Disability-Adjusted Life Years),413,Tokelau,3,Both,27,Age-standardized,294,All causes,108,High body-mass index,3,Rate,2013,4932.852522941702,6882.397226387224,2583.794385014111
1,All Population,2,DALYs (Disability-Adjusted Life Years),385,Puerto Rico,3,Both,27,Age-standardized,294,All causes,108,High body-mass index,3,Rate,2013,2527.0419699826243,3466.352210928532,1321.7055345297276
